,FS_Method,N_Features,ML_Model,CV_RMSE_dev,Holdout_RMSE,Holdout_MAE,Holdout_R2,Pearson_r,Pearson_p,Sig,Best_Params,Features,Time_sec
1,MutualInfo_p90,8,SVR_Linear,0.5351,0.4931,0.3985,0.0812,0.295,8.53008718572875e-05,***,"{'model__epsilon': 0.5, 'model__C': 1.0}","humility_challenging, struggle_ratio, grind_capacity, stubbornness_index, impulsive_help_ratio, hint_dependency_gravity, adaptive_learning_capacity, Psych_Calculated_Risk_Growth",0.4
2,Spearman_gt0.20,1,KNN_Regressor,0.5518,0.5037,0.4119,0.0412,0.2237,0.0031848258952466954,**,"{'model__weights': 'uniform', 'model__p': 2, 'model__n_neighbors': 15}",sum_weighted_score,0.2
3,RF_Importance_p90,8,KNN_Regressor,0.5327,0.5084,0.4083,0.0231,0.2013,0.008098663427132344,**,"{'model__weights': 'distance', 'model__p': 1, 'model__n_neighbors': 15}","score_velocity, contemplation_index, time_diff_end_vs_start, time_diff_max_vs_avg, PCA_Dur_x_PCA_Hints, Comp_GBA_AoL_Anchored, Feat_Resilient_Explorer, Feat_Ego_vs_Capacity",0.3
4,Spearman_gt0.30,5,MLP_Regressor,0.5333,0.5061,0.4083,0.032,0.1969,0.009643934825196624,**,"{'model__learning_rate': 'constant', 'model__hidden_layer_sizes': (128,), 'model__alpha': 0.001, 'model__activation': 'tanh'}","sum_weighted_score, Feat_Ego_vs_Capacity, inter_exploratory_brilliance, Feat_Strategic_Growth, Psych_Calculated_Risk",7.0
5,Spearman_gt0.20,1,Lasso,0.527,0.5055,0.4112,0.0341,0.1964,0.009812293172542574,**,{'model__alpha': 0.001},sum_weighted_score,0.2
6,Spearman_gt0.20,1,PLSRegression,0.527,0.5055,0.4112,0.0341,0.1964,0.009812293172542574,**,{'model__n_components': 2},sum_weighted_score,0.1
7,Spearman_gt0.20,1,Ridge,0.5269,0.5056,0.4112,0.034,0.1964,0.009812293172542641,**,{'model__alpha': 10.0},sum_weighted_score,0.2
8,Spearman_gt0.20,1,ElasticNet,0.5269,0.5056,0.4112,0.034,0.1964,0.009812293172542574,**,"{'model__l1_ratio': 0.1, 'model__alpha': 0.01}",sum_weighted_score,0.2
9,Spearman_gt0.20,1,HuberRegressor,0.5269,0.5056,0.4113,0.0339,0.1964,0.009812293172542416,**,"{'model__epsilon': 1.35, 'model__alpha': 0.01}",sum_weighted_score,0.2
10,Spearman_gt0.20,1,SVR_Linear,0.5273,0.5065,0.4122,0.0303,0.1964,0.009812293172542386,**,"{'model__epsilon': 0.01, 'model__C': 10.0}",sum_weighted_score,0.2
11,Spearman_gt0.20,1,SVR_RBF,0.5269,0.5068,0.4124,0.0294,0.1963,0.009859667270062183,**,"{'model__gamma': 0.001, 'model__epsilon': 0.01, 'model__C': 10.0}",sum_weighted_score,0.6
12,Lasso_NonZero,28,CatBoost,0.5283,0.5071,0.4068,0.028,0.1839,0.01576366381283484,*,"{'model__learning_rate': 0.05, 'model__l2_leaf_reg': 5, 'model__iterations': 50, 'model__depth': 6}","struggle_ratio, grind_capacity, score_velocity, hint_reading_duration, hint_reliance_ratio, tuas_dominance, keypad_dominance, hesitation_penalty, hint_dependency_gravity, calculated_risk_taking, stubborn_failure_magnitude, time_diff_max_vs_avg, ratio_hint_time, inter_hint_x_skip, PCA_Dur_x_PCA_Hints, PCA_Dur_squared, Comp_Awareness_Limit, Psych_Deprivation_Fixation, Psych_Ego_Awareness, Psych_Calculated_Risk_Growth, ratio_struggle_time, ratio_score_per_hint, inter_obsessive_correction, inter_cowardice_penalty, Comp_GBA_AoL_Anchored, Feat_Strategic_Growth, Mutant_AoL_Resilience, Mutant_Omega_Curiosity",6.3
13,RF_Importance_p90,8,XGBoost,0.5398,0.5148,0.4105,-0.0015,0.181,0.017494381207336342,*,"{'model__subsample': 1.0, 'model__max_depth': 3, 'model__learning_rate': 0.05, 'model__colsample_bytree': 0.8}","score_velocity, contemplation_index, time_diff_end_vs_start, time_diff_max_vs_avg, PCA_Dur_x_PCA_Hints, Comp_GBA_AoL_Anchored, Feat_Resilient_Explorer, Feat_Ego_vs_Capacity",4.6
14,MutualInfo_p70,24,CatBoost,0.5287,0.5072,0.4055,0.0278,0.1761,0.02083526281167625,*,"{'model__learning_rate': 0.05, 'model__l2_leaf_reg': 1, 'model__iterations': 50, 'model__depth': 4}","humility_challenging, struggle_ratio, grind_capacity, boldness_score, engagement_persistence, stubbornness_index, impulsive_help_ratio, contemplation_index, star_efficiency, hint_dependency_gravity, frustration_breakdown_ratio, adaptive_learning_capacity, stubborn_failure_magnitude, time_diff_end_vs_start, ratio_redo_success, Comp_Joyous_Exploration, Comp_Awareness_Limit, Psych_Calculated_Risk, Psych_Learned_Helplessness, Psych_Calculated_Risk_Growth, inter_exploratory_brilliance, Feat_Ego_vs_Capacity, Feat_Strategic_Growth, Mutant_Ego_Death",4.8
15,Kendall_gt0.15,5,MLP_Regressor,0.5305,0.5083,0.4095,0.0236,0.1759,0.020972461456746982,*,"{'model__learning_rate': 'adaptive', 'model__hidden_layer_sizes': (128,), 'model__alpha': 0.0001, 'model__activation': 'tanh'}","sum_weighted_score, inter_exploratory_brilliance, Feat_Strategic_Growth, Feat_Ego_vs_Capacity, Psych_Calculated_Risk",6.7
16,Kendall_gt0.20,5,MLP_Regressor,0.5305,0.5083,0.4095,0.0236,0.1759,0.020972461456746982,*,"{'model__learning_rate': 'adaptive', 'model__hidden_layer_sizes': (128,), 'model__alpha': 0.0001, 'model__activation': 'tanh'}","sum_weighted_score, inter_exploratory_brilliance, Feat_Strategic_Growth, Feat_Ego_vs_Capacity, Psych_Calculated_Risk",6.9
17,Spearman_gt0.30,5,HuberRegressor,0.5285,0.5076,0.4102,0.0263,0.1751,0.02157949163971043,*,"{'model__epsilon': 1.35, 'model__alpha': 0.01}","sum_weighted_score, Feat_Ego_vs_Capacity, inter_exploratory_brilliance, Feat_Strategic_Growth, Psych_Calculated_Risk",0.3
18,Kendall_gt0.15,5,HuberRegressor,0.5285,0.5076,0.4102,0.0263,0.1751,0.02157949163971043,*,"{'model__epsilon': 1.35, 'model__alpha': 0.01}","sum_weighted_score, inter_exploratory_brilliance, Feat_Strategic_Growth, Feat_Ego_vs_Capacity, Psych_Calculated_Risk",0.3
19,Kendall_gt0.20,5,HuberRegressor,0.5285,0.5076,0.4102,0.0263,0.1751,0.02157949163971043,*,"{'model__epsilon': 1.35, 'model__alpha': 0.01}","sum_weighted_score, inter_exploratory_brilliance, Feat_Strategic_Growth, Feat_Ego_vs_Capacity, Psych_Calculated_Risk",0.2
20,RF_Importance_p90,8,CatBoost,0.5245,0.5078,0.4115,0.0254,0.1748,0.021802918072057507,*,"{'model__learning_rate': 0.05, 'model__l2_leaf_reg': 5, 'model__iterations': 50, 'model__depth': 6}","score_velocity, contemplation_index, time_diff_end_vs_start, time_diff_max_vs_avg, PCA_Dur_x_PCA_Hints, Comp_GBA_AoL_Anchored, Feat_Resilient_Explorer, Feat_Ego_vs_Capacity",3.8
21,RF_Importance_p90,8,RandomForest,0.5246,0.5089,0.4089,0.0213,0.172,0.02403594928423358,*,"{'model__n_estimators': 200, 'model__min_samples_split': 2, 'model__max_features': 'sqrt', 'model__max_depth': 5}","score_velocity, contemplation_index, time_diff_end_vs_start, time_diff_max_vs_avg, PCA_Dur_x_PCA_Hints, Comp_GBA_AoL_Anchored, Feat_Resilient_Explorer, Feat_Ego_vs_Capacity",4.5
22,Spearman_gt0.30,5,PLSRegression,0.5271,0.5084,0.4104,0.023,0.1691,0.02660840771192891,*,{'model__n_components': 2},"sum_weighted_score, Feat_Ego_vs_Capacity, inter_exploratory_brilliance, Feat_Strategic_Growth, Psych_Calculated_Risk",0.2
23,Kendall_gt0.15,5,PLSRegression,0.5271,0.5084,0.4104,0.023,0.1691,0.02660840771192864,*,{'model__n_components': 2},"sum_weighted_score, inter_exploratory_brilliance, Feat_Strategic_Growth, Feat_Ego_vs_Capacity, Psych_Calculated_Risk",0.1
24,Kendall_gt0.20,5,PLSRegression,0.5271,0.5084,0.4104,0.023,0.1691,0.02660840771192864,*,{'model__n_components': 2},"sum_weighted_score, inter_exploratory_brilliance, Feat_Strategic_Growth, Feat_Ego_vs_Capacity, Psych_Calculated_Risk",0.1
25,Spearman_gt0.20,1,MLP_Regressor,0.5262,0.5087,0.4145,0.0218,0.1658,0.029761359217624486,*,"{'model__learning_rate': 'adaptive', 'model__hidden_layer_sizes': (128,), 'model__alpha': 0.0001, 'model__activation': 'tanh'}",sum_weighted_score,3.8
26,Spearman_gt0.30,5,ElasticNet,0.5278,0.5087,0.4106,0.0218,0.1656,0.029935627083532926,*,"{'model__l1_ratio': 0.1, 'model__alpha': 0.01}","sum_weighted_score, Feat_Ego_vs_Capacity, inter_exploratory_brilliance, Feat_Strategic_Growth, Psych_Calculated_Risk",0.2
27,Kendall_gt0.15,5,ElasticNet,0.5278,0.5087,0.4106,0.0218,0.1656,0.0299265630002077,*,"{'model__l1_ratio': 0.1, 'model__alpha': 0.01}","sum_weighted_score, inter_exploratory_brilliance, Feat_Strategic_Growth, Feat_Ego_vs_Capacity, Psych_Calculated_Risk",0.2
28,Kendall_gt0.20,5,ElasticNet,0.5278,0.5087,0.4106,0.0218,0.1656,0.0299265630002077,*,"{'model__l1_ratio': 0.1, 'model__alpha': 0.01}","sum_weighted_score, inter_exploratory_brilliance, Feat_Strategic_Growth, Feat_Ego_vs_Capacity, Psych_Calculated_Risk",0.2
29,Spearman_gt0.30,5,Lasso,0.5281,0.509,0.4107,0.021,0.164,0.031583777374463294,*,{'model__alpha': 0.001},"sum_weighted_score, Feat_Ego_vs_Capacity, inter_exploratory_brilliance, Feat_Strategic_Growth, Psych_Calculated_Risk",0.3
30,Kendall_gt0.15,5,Lasso,0.5281,0.509,0.4107,0.021,0.164,0.03158042781518706,*,{'model__alpha': 0.001},"sum_weighted_score, inter_exploratory_brilliance, Feat_Strategic_Growth, Feat_Ego_vs_Capacity, Psych_Calculated_Risk",0.2
31,Kendall_gt0.20,5,Lasso,0.5281,0.509,0.4107,0.021,0.164,0.03158042781518706,*,{'model__alpha': 0.001},"sum_weighted_score, inter_exploratory_brilliance, Feat_Strategic_Growth, Feat_Ego_vs_Capacity, Psych_Calculated_Risk",0.2
32,MutualInfo_p90,8,ElasticNet,0.5297,0.509,0.4139,0.0208,0.1636,0.03195392471343183,*,"{'model__l1_ratio': 0.7, 'model__alpha': 0.01}","humility_challenging, struggle_ratio, grind_capacity, stubbornness_index, impulsive_help_ratio, hint_dependency_gravity, adaptive_learning_capacity, Psych_Calculated_Risk_Growth",0.3
33,RF_Importance_p80,16,CatBoost,0.5225,0.5097,0.4118,0.0182,0.1597,0.036337315119365894,*,"{'model__learning_rate': 0.05, 'model__l2_leaf_reg': 5, 'model__iterations': 50, 'model__depth': 6}","score_velocity, engagement_persistence, carefulness_index, contemplation_index, hyper_curiosity_index, time_diff_end_vs_start, time_diff_phase3_vs_phase1, time_diff_max_vs_avg, ratio_success_per_duration, PCA_Dur_x_PCA_Hints, ratio_struggle_time, inter_obsessive_correction, Comp_GBA_AoL_Anchored, Feat_Resilient_Explorer, Feat_Ego_vs_Capacity, Mutant_Ego_Death",6.4
34,MutualInfo_p70,24,RandomForest,0.5283,0.5096,0.4089,0.0186,0.1576,0.03892595417941624,*,"{'model__n_estimators': 100, 'model__min_samples_split': 2, 'model__max_features': 'sqrt', 'model__max_depth': 5}","humility_challenging, struggle_ratio, grind_capacity, boldness_score, engagement_persistence, stubbornness_index, impulsive_help_ratio, contemplation_index, star_efficiency, hint_dependency_gravity, frustration_breakdown_ratio, adaptive_learning_capacity, stubborn_failure_magnitude, time_diff_end_vs_start, ratio_redo_success, Comp_Joyous_Exploration, Comp_Awareness_Limit, Psych_Calculated_Risk, Psych_Learned_Helplessness, Psych_Calculated_Risk_Growth, inter_exploratory_brilliance, Feat_Ego_vs_Capacity, Feat_Strategic_Growth, Mutant_Ego_Death",4.3
35,Spearman_gt0.30,5,SVR_RBF,0.5272,0.5103,0.4123,0.0158,0.1557,0.04140934547786381,*,"{'model__gamma': 0.01, 'model__epsilon': 0.01, 'model__C': 0.1}","sum_weighted_score, Feat_Ego_vs_Capacity, inter_exploratory_brilliance, Feat_Strategic_Growth, Psych_Calculated_Risk",0.7
36,Kendall_gt0.15,5,SVR_RBF,0.5272,0.5103,0.4123,0.0158,0.1557,0.04140934547786381,*,"{'model__gamma': 0.01, 'model__epsilon': 0.01, 'model__C': 0.1}","sum_weighted_score, inter_exploratory_brilliance, Feat_Strategic_Growth, Feat_Ego_vs_Capacity, Psych_Calculated_Risk",0.7
37,Kendall_gt0.20,5,SVR_RBF,0.5272,0.5103,0.4123,0.0158,0.1557,0.04140934547786381,*,"{'model__gamma': 0.01, 'model__epsilon': 0.01, 'model__C': 0.1}","sum_weighted_score, inter_exploratory_brilliance, Feat_Strategic_Growth, Feat_Ego_vs_Capacity, Psych_Calculated_Risk",0.7
38,RF_Importance_p80,16,KNN_Regressor,0.5363,0.5161,0.4137,-0.0068,0.1512,0.04765221318069085,*,"{'model__weights': 'uniform', 'model__p': 2, 'model__n_neighbors': 15}","score_velocity, engagement_persistence, carefulness_index, contemplation_index, hyper_curiosity_index, time_diff_end_vs_start, time_diff_phase3_vs_phase1, time_diff_max_vs_avg, ratio_success_per_duration, PCA_Dur_x_PCA_Hints, ratio_struggle_time, inter_obsessive_correction, Comp_GBA_AoL_Anchored, Feat_Resilient_Explorer, Feat_Ego_vs_Capacity, Mutant_Ego_Death",0.4
39,Pearson_gt0.15,10,PLSRegression,0.5261,0.511,0.4135,0.0131,0.1507,0.04853287486466092,*,{'model__n_components': 2},"sum_weighted_score, score_velocity, Comp_Joyous_Exploration, Psych_Calculated_Risk, Psych_Calculated_Risk_Growth, inter_exploratory_brilliance, inter_obsessive_correction, Feat_Resilient_Explorer, Feat_Strategic_Growth, Mutant_Omega_Curiosity",0.2
40,Spearman_gt0.15,13,SVR_RBF,0.5274,0.5097,0.4115,0.0182,0.1485,0.051822725643155265,n.s.,"{'model__gamma': 'scale', 'model__epsilon': 0.5, 'model__C': 0.1}","sum_weighted_score, score_velocity, adaptive_learning_capacity, Comp_Joyous_Exploration, Psych_Calculated_Risk, Psych_Calculated_Risk_Growth, inter_exploratory_brilliance, inter_obsessive_correction, Feat_Resilient_Explorer, Feat_Ego_vs_Capacity, Feat_Strategic_Growth, Mutant_AoL_Resilience, Mutant_Omega_Curiosity",1.2
41,Kendall_gt0.10,13,SVR_RBF,0.5274,0.5097,0.4115,0.0182,0.1485,0.051822725643155265,n.s.,"{'model__gamma': 'scale', 'model__epsilon': 0.5, 'model__C': 0.1}","sum_weighted_score, score_velocity, adaptive_learning_capacity, Comp_Joyous_Exploration, Psych_Calculated_Risk, Psych_Calculated_Risk_Growth, inter_exploratory_brilliance, inter_obsessive_correction, Feat_Resilient_Explorer, Feat_Ego_vs_Capacity, Feat_Strategic_Growth, Mutant_AoL_Resilience, Mutant_Omega_Curiosity",1.0
42,MutualInfo_p90,8,Lasso,0.5295,0.5103,0.415,0.0159,0.1478,0.052971338970725805,n.s.,{'model__alpha': 0.01},"humility_challenging, struggle_ratio, grind_capacity, stubbornness_index, impulsive_help_ratio, hint_dependency_gravity, adaptive_learning_capacity, Psych_Calculated_Risk_Growth",0.2
43,Lasso_NonZero,28,SVR_RBF,0.526,0.5108,0.4078,0.0137,0.1475,0.053563130192413065,n.s.,"{'model__gamma': 'scale', 'model__epsilon': 0.5, 'model__C': 0.1}","struggle_ratio, grind_capacity, score_velocity, hint_reading_duration, hint_reliance_ratio, tuas_dominance, keypad_dominance, hesitation_penalty, hint_dependency_gravity, calculated_risk_taking, stubborn_failure_magnitude, time_diff_max_vs_avg, ratio_hint_time, inter_hint_x_skip, PCA_Dur_x_PCA_Hints, PCA_Dur_squared, Comp_Awareness_Limit, Psych_Deprivation_Fixation, Psych_Ego_Awareness, Psych_Calculated_Risk_Growth, ratio_struggle_time, ratio_score_per_hint, inter_obsessive_correction, inter_cowardice_penalty, Comp_GBA_AoL_Anchored, Feat_Strategic_Growth, Mutant_AoL_Resilience, Mutant_Omega_Curiosity",1.8
44,RFE_Ridge_Top30,30,SVR_Linear,0.5331,0.5196,0.4144,-0.0204,0.1458,0.0564051731516758,n.s.,"{'model__epsilon': 0.5, 'model__C': 1.0}","sum_weighted_score, humility_challenging, struggle_ratio, hard_challenge_efficiency, apathy_speed, engagement_persistence, carefulness_index, time_diff_phase3_vs_phase1, ratio_hint_time, ratio_success_per_duration, ratio_redo_success, PCA_Hints, Comp_Joyous_Exploration, Comp_Awareness_Limit, Psych_Calculated_Risk, Psych_Flow_Stamina, Psych_Ego_Awareness, Psych_Adaptability, Psych_Calculated_Risk_Growth, ratio_hint_per_star, ratio_struggle_time, PCA_Performance_Star, ratio_score_per_hint, inter_exploratory_brilliance, inter_obsessive_correction, Feat_Resilient_Explorer, Feat_Ego_vs_Capacity, Feat_Cognitive_Waste, Feat_Strategic_Growth, Mutant_Omega_Curiosity",0.7
45,Spearman_gt0.30,5,SVR_Linear,0.5302,0.5115,0.4114,0.0111,0.145,0.05768690144775191,n.s.,"{'model__epsilon': 0.5, 'model__C': 1.0}","sum_weighted_score, Feat_Ego_vs_Capacity, inter_exploratory_brilliance, Feat_Strategic_Growth, Psych_Calculated_Risk",0.3
46,Kendall_gt0.15,5,SVR_Linear,0.5302,0.5115,0.4114,0.0111,0.145,0.05768690144775151,n.s.,"{'model__epsilon': 0.5, 'model__C': 1.0}","sum_weighted_score, inter_exploratory_brilliance, Feat_Strategic_Growth, Feat_Ego_vs_Capacity, Psych_Calculated_Risk",0.3
47,Kendall_gt0.20,5,SVR_Linear,0.5302,0.5115,0.4114,0.0111,0.145,0.05768690144775151,n.s.,"{'model__epsilon': 0.5, 'model__C': 1.0}","sum_weighted_score, inter_exploratory_brilliance, Feat_Strategic_Growth, Feat_Ego_vs_Capacity, Psych_Calculated_Risk",0.3
48,RF_Importance_p80,16,RandomForest,0.5257,0.5121,0.4119,0.0087,0.1449,0.057882232833958006,n.s.,"{'model__n_estimators': 200, 'model__min_samples_split': 5, 'model__max_features': 'sqrt', 'model__max_depth': 5}","score_velocity, engagement_persistence, carefulness_index, contemplation_index, hyper_curiosity_index, time_diff_end_vs_start, time_diff_phase3_vs_phase1, time_diff_max_vs_avg, ratio_success_per_duration, PCA_Dur_x_PCA_Hints, ratio_struggle_time, inter_obsessive_correction, Comp_GBA_AoL_Anchored, Feat_Resilient_Explorer, Feat_Ego_vs_Capacity, Mutant_Ego_Death",4.8
49,Spearman_gt0.15,13,Ridge,0.5259,0.5106,0.4126,0.0144,0.143,0.0613803295066668,n.s.,{'model__alpha': 500.0},"sum_weighted_score, score_velocity, adaptive_learning_capacity, Comp_Joyous_Exploration, Psych_Calculated_Risk, Psych_Calculated_Risk_Growth, inter_exploratory_brilliance, inter_obsessive_correction, Feat_Resilient_Explorer, Feat_Ego_vs_Capacity, Feat_Strategic_Growth, Mutant_AoL_Resilience, Mutant_Omega_Curiosity",0.2
50,Kendall_gt0.10,13,Ridge,0.5259,0.5106,0.4126,0.0144,0.143,0.0613803295066668,n.s.,{'model__alpha': 500.0},"sum_weighted_score, score_velocity, adaptive_learning_capacity, Comp_Joyous_Exploration, Psych_Calculated_Risk, Psych_Calculated_Risk_Growth, inter_exploratory_brilliance, inter_obsessive_correction, Feat_Resilient_Explorer, Feat_Ego_vs_Capacity, Feat_Strategic_Growth, Mutant_AoL_Resilience, Mutant_Omega_Curiosity",0.2
51,MutualInfo_p80,16,ElasticNet,0.5297,0.5114,0.4141,0.0114,0.14,0.06699275051892269,n.s.,"{'model__l1_ratio': 0.7, 'model__alpha': 0.01}","humility_challenging, struggle_ratio, grind_capacity, boldness_score, engagement_persistence, stubbornness_index, impulsive_help_ratio, hint_dependency_gravity, adaptive_learning_capacity, stubborn_failure_magnitude, ratio_redo_success, Psych_Calculated_Risk, Psych_Calculated_Risk_Growth, inter_exploratory_brilliance, Feat_Ego_vs_Capacity, Feat_Strategic_Growth",0.4
52,RF_Importance_med,40,CatBoost,0.5272,0.5114,0.4119,0.0117,0.14,0.06708413639460374,n.s.,"{'model__learning_rate': 0.05, 'model__l2_leaf_reg': 3, 'model__iterations': 50, 'model__depth': 4}","sum_weighted_score, score_velocity, hard_challenge_efficiency, hint_reading_duration, engagement_persistence, carefulness_index, contemplation_index, keypad_dominance, exploration_efficiency, hyper_curiosity_index, adaptive_learning_capacity, time_diff_end_vs_start, time_diff_phase3_vs_phase1, time_diff_max_vs_avg, ratio_hint_time, ratio_success_per_duration, PCA_Hints, PCA_Dur_x_PCA_Hints, PCA_Dur_squared, Comp_Awareness_Limit, Psych_Calculated_Risk, Psych_Flow_Stamina, ratio_struggle_time, inter_sweet_victory, PCA_Performance_Star, HighOrd_Star_x_Effort, inter_exploratory_brilliance, inter_obsessive_correction, inter_cowardice_penalty, HighOrd_Score_x_PCAStar, HighOrd_Score_x_PCADuration, Comp_GBA_DS_Anchored, Comp_GBA_AoL_Anchored, Feat_Resilient_Explorer, Feat_Ego_vs_Capacity, Feat_Cognitive_Waste, Feat_Strategic_Growth, Mutant_AoL_Resilience, Mutant_Omega_Curiosity, Mutant_Ego_Death",10.2
53,Spearman_gt0.15,13,SVR_Linear,0.5309,0.5124,0.4117,0.0076,0.1383,0.07033696625998283,n.s.,"{'model__epsilon': 0.5, 'model__C': 1.0}","sum_weighted_score, score_velocity, adaptive_learning_capacity, Comp_Joyous_Exploration, Psych_Calculated_Risk, Psych_Calculated_Risk_Growth, inter_exploratory_brilliance, inter_obsessive_correction, Feat_Resilient_Explorer, Feat_Ego_vs_Capacity, Feat_Strategic_Growth, Mutant_AoL_Resilience, Mutant_Omega_Curiosity",0.7
54,Kendall_gt0.10,13,SVR_Linear,0.5309,0.5124,0.4117,0.0076,0.1383,0.07033696625998283,n.s.,"{'model__epsilon': 0.5, 'model__C': 1.0}","sum_weighted_score, score_velocity, adaptive_learning_capacity, Comp_Joyous_Exploration, Psych_Calculated_Risk, Psych_Calculated_Risk_Growth, inter_exploratory_brilliance, inter_obsessive_correction, Feat_Resilient_Explorer, Feat_Ego_vs_Capacity, Feat_Strategic_Growth, Mutant_AoL_Resilience, Mutant_Omega_Curiosity",0.4
55,Spearman_gt0.20,1,CatBoost,0.5317,0.5114,0.416,0.0114,0.1374,0.0723224789964492,n.s.,"{'model__learning_rate': 0.05, 'model__l2_leaf_reg': 3, 'model__iterations': 50, 'model__depth': 4}",sum_weighted_score,1.4
56,Pearson_gt0.15,10,SVR_RBF,0.5263,0.5121,0.4145,0.0089,0.1364,0.0743460040850367,n.s.,"{'model__gamma': 0.01, 'model__epsilon': 0.01, 'model__C': 0.1}","sum_weighted_score, score_velocity, Comp_Joyous_Exploration, Psych_Calculated_Risk, Psych_Calculated_Risk_Growth, inter_exploratory_brilliance, inter_obsessive_correction, Feat_Resilient_Explorer, Feat_Strategic_Growth, Mutant_Omega_Curiosity",0.8
57,RF_Importance_med,40,XGBoost,0.541,0.5207,0.4181,-0.0249,0.1363,0.07460136393624629,n.s.,"{'model__subsample': 0.8, 'model__max_depth': 3, 'model__learning_rate': 0.05, 'model__colsample_bytree': 0.8}","sum_weighted_score, score_velocity, hard_challenge_efficiency, hint_reading_duration, engagement_persistence, carefulness_index, contemplation_index, keypad_dominance, exploration_efficiency, hyper_curiosity_index, adaptive_learning_capacity, time_diff_end_vs_start, time_diff_phase3_vs_phase1, time_diff_max_vs_avg, ratio_hint_time, ratio_success_per_duration, PCA_Hints, PCA_Dur_x_PCA_Hints, PCA_Dur_squared, Comp_Awareness_Limit, Psych_Calculated_Risk, Psych_Flow_Stamina, ratio_struggle_time, inter_sweet_victory, PCA_Performance_Star, HighOrd_Star_x_Effort, inter_exploratory_brilliance, inter_obsessive_correction, inter_cowardice_penalty, HighOrd_Score_x_PCAStar, HighOrd_Score_x_PCADuration, Comp_GBA_DS_Anchored, Comp_GBA_AoL_Anchored, Feat_Resilient_Explorer, Feat_Ego_vs_Capacity, Feat_Cognitive_Waste, Feat_Strategic_Growth, Mutant_AoL_Resilience, Mutant_Omega_Curiosity, Mutant_Ego_Death",19.4
58,MutualInfo_p90,8,Ridge,0.5287,0.5118,0.4167,0.01,0.1335,0.08072630512829079,n.s.,{'model__alpha': 100.0},"humility_challenging, struggle_ratio, grind_capacity, stubbornness_index, impulsive_help_ratio, hint_dependency_gravity, adaptive_learning_capacity, Psych_Calculated_Risk_Growth",0.2
59,Spearman_gt0.15,13,HuberRegressor,0.5315,0.5138,0.4158,0.0023,0.1334,0.0810822125628333,n.s.,"{'model__epsilon': 2.0, 'model__alpha': 0.01}","sum_weighted_score, score_velocity, adaptive_learning_capacity, Comp_Joyous_Exploration, Psych_Calculated_Risk, Psych_Calculated_Risk_Growth, inter_exploratory_brilliance, inter_obsessive_correction, Feat_Resilient_Explorer, Feat_Ego_vs_Capacity, Feat_Strategic_Growth, Mutant_AoL_Resilience, Mutant_Omega_Curiosity",0.6
60,Kendall_gt0.10,13,HuberRegressor,0.5315,0.5138,0.4158,0.0023,0.1334,0.0810822125628333,n.s.,"{'model__epsilon': 2.0, 'model__alpha': 0.01}","sum_weighted_score, score_velocity, adaptive_learning_capacity, Comp_Joyous_Exploration, Psych_Calculated_Risk, Psych_Calculated_Risk_Growth, inter_exploratory_brilliance, inter_obsessive_correction, Feat_Resilient_Explorer, Feat_Ego_vs_Capacity, Feat_Strategic_Growth, Mutant_AoL_Resilience, Mutant_Omega_Curiosity",0.6
61,MutualInfo_p70,24,PLSRegression,0.5303,0.5149,0.4133,-0.0021,0.1316,0.08518575482470628,n.s.,{'model__n_components': 3},"humility_challenging, struggle_ratio, grind_capacity, boldness_score, engagement_persistence, stubbornness_index, impulsive_help_ratio, contemplation_index, star_efficiency, hint_dependency_gravity, frustration_breakdown_ratio, adaptive_learning_capacity, stubborn_failure_magnitude, time_diff_end_vs_start, ratio_redo_success, Comp_Joyous_Exploration, Comp_Awareness_Limit, Psych_Calculated_Risk, Psych_Learned_Helplessness, Psych_Calculated_Risk_Growth, inter_exploratory_brilliance, Feat_Ego_vs_Capacity, Feat_Strategic_Growth, Mutant_Ego_Death",0.3
62,MutualInfo_p90,8,HuberRegressor,0.5318,0.513,0.4167,0.0053,0.1315,0.08564045019713103,n.s.,"{'model__epsilon': 1.35, 'model__alpha': 0.0001}","humility_challenging, struggle_ratio, grind_capacity, stubbornness_index, impulsive_help_ratio, hint_dependency_gravity, adaptive_learning_capacity, Psych_Calculated_Risk_Growth",0.5
63,RFE_Ridge_Top30,30,SVR_RBF,0.5285,0.5118,0.4135,0.0099,0.1309,0.0869170010282323,n.s.,"{'model__gamma': 0.01, 'model__epsilon': 0.01, 'model__C': 0.1}","sum_weighted_score, humility_challenging, struggle_ratio, hard_challenge_efficiency, apathy_speed, engagement_persistence, carefulness_index, time_diff_phase3_vs_phase1, ratio_hint_time, ratio_success_per_duration, ratio_redo_success, PCA_Hints, Comp_Joyous_Exploration, Comp_Awareness_Limit, Psych_Calculated_Risk, Psych_Flow_Stamina, Psych_Ego_Awareness, Psych_Adaptability, Psych_Calculated_Risk_Growth, ratio_hint_per_star, ratio_struggle_time, PCA_Performance_Star, ratio_score_per_hint, inter_exploratory_brilliance, inter_obsessive_correction, Feat_Resilient_Explorer, Feat_Ego_vs_Capacity, Feat_Cognitive_Waste, Feat_Strategic_Growth, Mutant_Omega_Curiosity",1.8
64,MutualInfo_p80,16,Lasso,0.5297,0.5121,0.4153,0.0089,0.1299,0.08949845784230849,n.s.,{'model__alpha': 0.01},"humility_challenging, struggle_ratio, grind_capacity, boldness_score, engagement_persistence, stubbornness_index, impulsive_help_ratio, hint_dependency_gravity, adaptive_learning_capacity, stubborn_failure_magnitude, ratio_redo_success, Psych_Calculated_Risk, Psych_Calculated_Risk_Growth, inter_exploratory_brilliance, Feat_Ego_vs_Capacity, Feat_Strategic_Growth",0.3
65,Spearman_gt0.30,5,CatBoost,0.5282,0.5126,0.414,0.0068,0.1297,0.08984304541036224,n.s.,"{'model__learning_rate': 0.05, 'model__l2_leaf_reg': 1, 'model__iterations': 50, 'model__depth': 4}","sum_weighted_score, Feat_Ego_vs_Capacity, inter_exploratory_brilliance, Feat_Strategic_Growth, Psych_Calculated_Risk",2.7
66,Lasso_NonZero,28,RandomForest,0.5289,0.5137,0.413,0.0028,0.1291,0.09138493006378205,n.s.,"{'model__n_estimators': 200, 'model__min_samples_split': 2, 'model__max_features': 'sqrt', 'model__max_depth': 5}","struggle_ratio, grind_capacity, score_velocity, hint_reading_duration, hint_reliance_ratio, tuas_dominance, keypad_dominance, hesitation_penalty, hint_dependency_gravity, calculated_risk_taking, stubborn_failure_magnitude, time_diff_max_vs_avg, ratio_hint_time, inter_hint_x_skip, PCA_Dur_x_PCA_Hints, PCA_Dur_squared, Comp_Awareness_Limit, Psych_Deprivation_Fixation, Psych_Ego_Awareness, Psych_Calculated_Risk_Growth, ratio_struggle_time, ratio_score_per_hint, inter_obsessive_correction, inter_cowardice_penalty, Comp_GBA_AoL_Anchored, Feat_Strategic_Growth, Mutant_AoL_Resilience, Mutant_Omega_Curiosity",4.7
67,Pearson_gt0.15,10,Ridge,0.5252,0.5124,0.4135,0.0077,0.1271,0.09653137805502766,n.s.,{'model__alpha': 500.0},"sum_weighted_score, score_velocity, Comp_Joyous_Exploration, Psych_Calculated_Risk, Psych_Calculated_Risk_Growth, inter_exploratory_brilliance, inter_obsessive_correction, Feat_Resilient_Explorer, Feat_Strategic_Growth, Mutant_Omega_Curiosity",0.2
68,RF_Importance_med,40,KNN_Regressor,0.5387,0.5168,0.4154,-0.0095,0.1267,0.09761449442716585,n.s.,"{'model__weights': 'distance', 'model__p': 1, 'model__n_neighbors': 15}","sum_weighted_score, score_velocity, hard_challenge_efficiency, hint_reading_duration, engagement_persistence, carefulness_index, contemplation_index, keypad_dominance, exploration_efficiency, hyper_curiosity_index, adaptive_learning_capacity, time_diff_end_vs_start, time_diff_phase3_vs_phase1, time_diff_max_vs_avg, ratio_hint_time, ratio_success_per_duration, PCA_Hints, PCA_Dur_x_PCA_Hints, PCA_Dur_squared, Comp_Awareness_Limit, Psych_Calculated_Risk, Psych_Flow_Stamina, ratio_struggle_time, inter_sweet_victory, PCA_Performance_Star, HighOrd_Star_x_Effort, inter_exploratory_brilliance, inter_obsessive_correction, inter_cowardice_penalty, HighOrd_Score_x_PCAStar, HighOrd_Score_x_PCADuration, Comp_GBA_DS_Anchored, Comp_GBA_AoL_Anchored, Feat_Resilient_Explorer, Feat_Ego_vs_Capacity, Feat_Cognitive_Waste, Feat_Strategic_Growth, Mutant_AoL_Resilience, Mutant_Omega_Curiosity, Mutant_Ego_Death",0.7
69,MutualInfo_p80,16,PLSRegression,0.5281,0.5153,0.4171,-0.0036,0.1264,0.09847274590104463,n.s.,{'model__n_components': 3},"humility_challenging, struggle_ratio, grind_capacity, boldness_score, engagement_persistence, stubbornness_index, impulsive_help_ratio, hint_dependency_gravity, adaptive_learning_capacity, stubborn_failure_magnitude, ratio_redo_success, Psych_Calculated_Risk, Psych_Calculated_Risk_Growth, inter_exploratory_brilliance, Feat_Ego_vs_Capacity, Feat_Strategic_Growth",0.2
70,Spearman_gt0.15,13,CatBoost,0.5267,0.5126,0.4135,0.007,0.1263,0.09885573431527235,n.s.,"{'model__learning_rate': 0.05, 'model__l2_leaf_reg': 5, 'model__iterations': 50, 'model__depth': 6}","sum_weighted_score, score_velocity, adaptive_learning_capacity, Comp_Joyous_Exploration, Psych_Calculated_Risk, Psych_Calculated_Risk_Growth, inter_exploratory_brilliance, inter_obsessive_correction, Feat_Resilient_Explorer, Feat_Ego_vs_Capacity, Feat_Strategic_Growth, Mutant_AoL_Resilience, Mutant_Omega_Curiosity",4.6
71,Kendall_gt0.10,13,CatBoost,0.5267,0.5126,0.4135,0.007,0.1263,0.09885573431527235,n.s.,"{'model__learning_rate': 0.05, 'model__l2_leaf_reg': 5, 'model__iterations': 50, 'model__depth': 6}","sum_weighted_score, score_velocity, adaptive_learning_capacity, Comp_Joyous_Exploration, Psych_Calculated_Risk, Psych_Calculated_Risk_Growth, inter_exploratory_brilliance, inter_obsessive_correction, Feat_Resilient_Explorer, Feat_Ego_vs_Capacity, Feat_Strategic_Growth, Mutant_AoL_Resilience, Mutant_Omega_Curiosity",4.4
72,MutualInfo_p90,8,PLSRegression,0.5293,0.5136,0.4186,0.003,0.1263,0.09874062234764583,n.s.,{'model__n_components': 2},"humility_challenging, struggle_ratio, grind_capacity, stubbornness_index, impulsive_help_ratio, hint_dependency_gravity, adaptive_learning_capacity, Psych_Calculated_Risk_Growth",0.2
73,Pearson_gt0.20,5,PLSRegression,0.5258,0.5141,0.4142,0.0011,0.1257,0.10034069486887079,n.s.,{'model__n_components': 2},"inter_exploratory_brilliance, Feat_Strategic_Growth, Mutant_Omega_Curiosity, score_velocity, Feat_Resilient_Explorer",0.2
74,Pearson_gt0.30,5,PLSRegression,0.5258,0.5141,0.4142,0.0011,0.1257,0.10034069486887079,n.s.,{'model__n_components': 2},"inter_exploratory_brilliance, Feat_Strategic_Growth, Mutant_Omega_Curiosity, score_velocity, Feat_Resilient_Explorer",0.1
75,Pearson_gt0.15,10,HuberRegressor,0.5297,0.5145,0.4154,-0.0003,0.1249,0.10245164619634367,n.s.,"{'model__epsilon': 2.0, 'model__alpha': 0.01}","sum_weighted_score, score_velocity, Comp_Joyous_Exploration, Psych_Calculated_Risk, Psych_Calculated_Risk_Growth, inter_exploratory_brilliance, inter_obsessive_correction, Feat_Resilient_Explorer, Feat_Strategic_Growth, Mutant_Omega_Curiosity",0.5
76,RF_Importance_med,40,Lasso,0.5285,0.5141,0.4151,0.0012,0.1236,0.10634417367509698,n.s.,{'model__alpha': 0.01},"sum_weighted_score, score_velocity, hard_challenge_efficiency, hint_reading_duration, engagement_persistence, carefulness_index, contemplation_index, keypad_dominance, exploration_efficiency, hyper_curiosity_index, adaptive_learning_capacity, time_diff_end_vs_start, time_diff_phase3_vs_phase1, time_diff_max_vs_avg, ratio_hint_time, ratio_success_per_duration, PCA_Hints, PCA_Dur_x_PCA_Hints, PCA_Dur_squared, Comp_Awareness_Limit, Psych_Calculated_Risk, Psych_Flow_Stamina, ratio_struggle_time, inter_sweet_victory, PCA_Performance_Star, HighOrd_Star_x_Effort, inter_exploratory_brilliance, inter_obsessive_correction, inter_cowardice_penalty, HighOrd_Score_x_PCAStar, HighOrd_Score_x_PCADuration, Comp_GBA_DS_Anchored, Comp_GBA_AoL_Anchored, Feat_Resilient_Explorer, Feat_Ego_vs_Capacity, Feat_Cognitive_Waste, Feat_Strategic_Growth, Mutant_AoL_Resilience, Mutant_Omega_Curiosity, Mutant_Ego_Death",0.5
77,RF_Importance_p80,16,SVR_RBF,0.5281,0.512,0.4107,0.0091,0.1232,0.10725746272570288,n.s.,"{'model__gamma': 'scale', 'model__epsilon': 0.5, 'model__C': 0.1}","score_velocity, engagement_persistence, carefulness_index, contemplation_index, hyper_curiosity_index, time_diff_end_vs_start, time_diff_phase3_vs_phase1, time_diff_max_vs_avg, ratio_success_per_duration, PCA_Dur_x_PCA_Hints, ratio_struggle_time, inter_obsessive_correction, Comp_GBA_AoL_Anchored, Feat_Resilient_Explorer, Feat_Ego_vs_Capacity, Mutant_Ego_Death",1.2
78,MutualInfo_p70,24,ElasticNet,0.5314,0.5139,0.415,0.002,0.1225,0.10950927048285389,n.s.,"{'model__l1_ratio': 0.7, 'model__alpha': 0.01}","humility_challenging, struggle_ratio, grind_capacity, boldness_score, engagement_persistence, stubbornness_index, impulsive_help_ratio, contemplation_index, star_efficiency, hint_dependency_gravity, frustration_breakdown_ratio, adaptive_learning_capacity, stubborn_failure_magnitude, time_diff_end_vs_start, ratio_redo_success, Comp_Joyous_Exploration, Comp_Awareness_Limit, Psych_Calculated_Risk, Psych_Learned_Helplessness, Psych_Calculated_Risk_Growth, inter_exploratory_brilliance, Feat_Ego_vs_Capacity, Feat_Strategic_Growth, Mutant_Ego_Death",0.5
79,Spearman_gt0.30,5,Ridge,0.5261,0.5122,0.4133,0.0084,0.1216,0.11209579125504159,n.s.,{'model__alpha': 500.0},"sum_weighted_score, Feat_Ego_vs_Capacity, inter_exploratory_brilliance, Feat_Strategic_Growth, Psych_Calculated_Risk",0.3
80,Kendall_gt0.15,5,Ridge,0.5261,0.5122,0.4133,0.0084,0.1216,0.11209579125504159,n.s.,{'model__alpha': 500.0},"sum_weighted_score, inter_exploratory_brilliance, Feat_Strategic_Growth, Feat_Ego_vs_Capacity, Psych_Calculated_Risk",0.2
81,Kendall_gt0.20,5,Ridge,0.5261,0.5122,0.4133,0.0084,0.1216,0.11209579125504159,n.s.,{'model__alpha': 500.0},"sum_weighted_score, inter_exploratory_brilliance, Feat_Strategic_Growth, Feat_Ego_vs_Capacity, Psych_Calculated_Risk",0.2
82,RF_Importance_med,40,SVR_RBF,0.5304,0.5119,0.4148,0.0095,0.1211,0.11362884109918038,n.s.,"{'model__gamma': 0.001, 'model__epsilon': 0.1, 'model__C': 0.1}","sum_weighted_score, score_velocity, hard_challenge_efficiency, hint_reading_duration, engagement_persistence, carefulness_index, contemplation_index, keypad_dominance, exploration_efficiency, hyper_curiosity_index, adaptive_learning_capacity, time_diff_end_vs_start, time_diff_phase3_vs_phase1, time_diff_max_vs_avg, ratio_hint_time, ratio_success_per_duration, PCA_Hints, PCA_Dur_x_PCA_Hints, PCA_Dur_squared, Comp_Awareness_Limit, Psych_Calculated_Risk, Psych_Flow_Stamina, ratio_struggle_time, inter_sweet_victory, PCA_Performance_Star, HighOrd_Star_x_Effort, inter_exploratory_brilliance, inter_obsessive_correction, inter_cowardice_penalty, HighOrd_Score_x_PCAStar, HighOrd_Score_x_PCADuration, Comp_GBA_DS_Anchored, Comp_GBA_AoL_Anchored, Feat_Resilient_Explorer, Feat_Ego_vs_Capacity, Feat_Cognitive_Waste, Feat_Strategic_Growth, Mutant_AoL_Resilience, Mutant_Omega_Curiosity, Mutant_Ego_Death",2.0
83,Kendall_gt0.15,5,CatBoost,0.5287,0.5132,0.4146,0.0046,0.121,0.11383078249919873,n.s.,"{'model__learning_rate': 0.05, 'model__l2_leaf_reg': 3, 'model__iterations': 50, 'model__depth': 4}","sum_weighted_score, inter_exploratory_brilliance, Feat_Strategic_Growth, Feat_Ego_vs_Capacity, Psych_Calculated_Risk",2.9
84,Kendall_gt0.20,5,CatBoost,0.5287,0.5132,0.4146,0.0046,0.121,0.11383078249919873,n.s.,"{'model__learning_rate': 0.05, 'model__l2_leaf_reg': 3, 'model__iterations': 50, 'model__depth': 4}","sum_weighted_score, inter_exploratory_brilliance, Feat_Strategic_Growth, Feat_Ego_vs_Capacity, Psych_Calculated_Risk",3.1
85,Spearman_gt0.30,5,RandomForest,0.5357,0.5149,0.4138,-0.0022,0.1203,0.11592820482744623,n.s.,"{'model__n_estimators': 100, 'model__min_samples_split': 2, 'model__max_features': 'sqrt', 'model__max_depth': 5}","sum_weighted_score, Feat_Ego_vs_Capacity, inter_exploratory_brilliance, Feat_Strategic_Growth, Psych_Calculated_Risk",3.7
86,Kendall_gt0.15,5,RandomForest,0.5359,0.516,0.4166,-0.0063,0.12,0.11674174759939417,n.s.,"{'model__n_estimators': 200, 'model__min_samples_split': 5, 'model__max_features': 'sqrt', 'model__max_depth': 5}","sum_weighted_score, inter_exploratory_brilliance, Feat_Strategic_Growth, Feat_Ego_vs_Capacity, Psych_Calculated_Risk",4.1
87,Kendall_gt0.20,5,RandomForest,0.5359,0.516,0.4166,-0.0063,0.12,0.11674174759939417,n.s.,"{'model__n_estimators': 200, 'model__min_samples_split': 5, 'model__max_features': 'sqrt', 'model__max_depth': 5}","sum_weighted_score, inter_exploratory_brilliance, Feat_Strategic_Growth, Feat_Ego_vs_Capacity, Psych_Calculated_Risk",3.8
88,MutualInfo_p80,16,XGBoost,0.5426,0.5237,0.4195,-0.0364,0.1196,0.1181272867372854,n.s.,"{'model__subsample': 0.8, 'model__max_depth': 3, 'model__learning_rate': 0.05, 'model__colsample_bytree': 0.8}","humility_challenging, struggle_ratio, grind_capacity, boldness_score, engagement_persistence, stubbornness_index, impulsive_help_ratio, hint_dependency_gravity, adaptive_learning_capacity, stubborn_failure_magnitude, ratio_redo_success, Psych_Calculated_Risk, Psych_Calculated_Risk_Growth, inter_exploratory_brilliance, Feat_Ego_vs_Capacity, Feat_Strategic_Growth",4.2
89,MutualInfo_p80,16,CatBoost,0.5281,0.5131,0.4123,0.0048,0.1193,0.1191606296915641,n.s.,"{'model__learning_rate': 0.05, 'model__l2_leaf_reg': 1, 'model__iterations': 50, 'model__depth': 4}","humility_challenging, struggle_ratio, grind_capacity, boldness_score, engagement_persistence, stubbornness_index, impulsive_help_ratio, hint_dependency_gravity, adaptive_learning_capacity, stubborn_failure_magnitude, ratio_redo_success, Psych_Calculated_Risk, Psych_Calculated_Risk_Growth, inter_exploratory_brilliance, Feat_Ego_vs_Capacity, Feat_Strategic_Growth",3.6
90,Lasso_NonZero,28,XGBoost,0.5438,0.5272,0.4222,-0.0504,0.119,0.11996461216028347,n.s.,"{'model__subsample': 0.8, 'model__max_depth': 3, 'model__learning_rate': 0.05, 'model__colsample_bytree': 0.8}","struggle_ratio, grind_capacity, score_velocity, hint_reading_duration, hint_reliance_ratio, tuas_dominance, keypad_dominance, hesitation_penalty, hint_dependency_gravity, calculated_risk_taking, stubborn_failure_magnitude, time_diff_max_vs_avg, ratio_hint_time, inter_hint_x_skip, PCA_Dur_x_PCA_Hints, PCA_Dur_squared, Comp_Awareness_Limit, Psych_Deprivation_Fixation, Psych_Ego_Awareness, Psych_Calculated_Risk_Growth, ratio_struggle_time, ratio_score_per_hint, inter_obsessive_correction, inter_cowardice_penalty, Comp_GBA_AoL_Anchored, Feat_Strategic_Growth, Mutant_AoL_Resilience, Mutant_Omega_Curiosity",10.9
91,Spearman_gt0.15,13,ElasticNet,0.5267,0.5139,0.4142,0.0019,0.1189,0.1202481574565432,n.s.,"{'model__l1_ratio': 0.7, 'model__alpha': 0.01}","sum_weighted_score, score_velocity, adaptive_learning_capacity, Comp_Joyous_Exploration, Psych_Calculated_Risk, Psych_Calculated_Risk_Growth, inter_exploratory_brilliance, inter_obsessive_correction, Feat_Resilient_Explorer, Feat_Ego_vs_Capacity, Feat_Strategic_Growth, Mutant_AoL_Resilience, Mutant_Omega_Curiosity",0.3
92,Kendall_gt0.10,13,ElasticNet,0.5267,0.5139,0.4142,0.0019,0.1189,0.1202481574565432,n.s.,"{'model__l1_ratio': 0.7, 'model__alpha': 0.01}","sum_weighted_score, score_velocity, adaptive_learning_capacity, Comp_Joyous_Exploration, Psych_Calculated_Risk, Psych_Calculated_Risk_Growth, inter_exploratory_brilliance, inter_obsessive_correction, Feat_Resilient_Explorer, Feat_Ego_vs_Capacity, Feat_Strategic_Growth, Mutant_AoL_Resilience, Mutant_Omega_Curiosity",0.3
93,Spearman_gt0.20,1,RandomForest,0.5457,0.5169,0.4224,-0.0096,0.1188,0.12072441217509405,n.s.,"{'model__n_estimators': 200, 'model__min_samples_split': 5, 'model__max_features': 'sqrt', 'model__max_depth': 5}",sum_weighted_score,3.4
94,Spearman_gt0.15,13,PLSRegression,0.5283,0.5152,0.4143,-0.0032,0.1181,0.12278939882284517,n.s.,{'model__n_components': 3},"sum_weighted_score, score_velocity, adaptive_learning_capacity, Comp_Joyous_Exploration, Psych_Calculated_Risk, Psych_Calculated_Risk_Growth, inter_exploratory_brilliance, inter_obsessive_correction, Feat_Resilient_Explorer, Feat_Ego_vs_Capacity, Feat_Strategic_Growth, Mutant_AoL_Resilience, Mutant_Omega_Curiosity",0.2
95,Kendall_gt0.10,13,PLSRegression,0.5283,0.5152,0.4143,-0.0032,0.1181,0.12278939882284517,n.s.,{'model__n_components': 3},"sum_weighted_score, score_velocity, adaptive_learning_capacity, Comp_Joyous_Exploration, Psych_Calculated_Risk, Psych_Calculated_Risk_Growth, inter_exploratory_brilliance, inter_obsessive_correction, Feat_Resilient_Explorer, Feat_Ego_vs_Capacity, Feat_Strategic_Growth, Mutant_AoL_Resilience, Mutant_Omega_Curiosity",0.2
96,Spearman_gt0.15,13,MLP_Regressor,0.5437,0.5222,0.4188,-0.0308,0.1181,0.1227304545603709,n.s.,"{'model__learning_rate': 'constant', 'model__hidden_layer_sizes': (128,), 'model__alpha': 0.001, 'model__activation': 'tanh'}","sum_weighted_score, score_velocity, adaptive_learning_capacity, Comp_Joyous_Exploration, Psych_Calculated_Risk, Psych_Calculated_Risk_Growth, inter_exploratory_brilliance, inter_obsessive_correction, Feat_Resilient_Explorer, Feat_Ego_vs_Capacity, Feat_Strategic_Growth, Mutant_AoL_Resilience, Mutant_Omega_Curiosity",10.7
97,Kendall_gt0.10,13,MLP_Regressor,0.5437,0.5222,0.4188,-0.0308,0.1181,0.1227304545603709,n.s.,"{'model__learning_rate': 'constant', 'model__hidden_layer_sizes': (128,), 'model__alpha': 0.001, 'model__activation': 'tanh'}","sum_weighted_score, score_velocity, adaptive_learning_capacity, Comp_Joyous_Exploration, Psych_Calculated_Risk, Psych_Calculated_Risk_Growth, inter_exploratory_brilliance, inter_obsessive_correction, Feat_Resilient_Explorer, Feat_Ego_vs_Capacity, Feat_Strategic_Growth, Mutant_AoL_Resilience, Mutant_Omega_Curiosity",10.9
98,MutualInfo_p80,16,RandomForest,0.5281,0.5149,0.4134,-0.0019,0.1178,0.12372259940486795,n.s.,"{'model__n_estimators': 100, 'model__min_samples_split': 2, 'model__max_features': 'sqrt', 'model__max_depth': 5}","humility_challenging, struggle_ratio, grind_capacity, boldness_score, engagement_persistence, stubbornness_index, impulsive_help_ratio, hint_dependency_gravity, adaptive_learning_capacity, stubborn_failure_magnitude, ratio_redo_success, Psych_Calculated_Risk, Psych_Calculated_Risk_Growth, inter_exploratory_brilliance, Feat_Ego_vs_Capacity, Feat_Strategic_Growth",4.2
99,Spearman_gt0.15,13,RandomForest,0.531,0.5159,0.4144,-0.006,0.1174,0.12500983999812607,n.s.,"{'model__n_estimators': 200, 'model__min_samples_split': 2, 'model__max_features': 'sqrt', 'model__max_depth': 5}","sum_weighted_score, score_velocity, adaptive_learning_capacity, Comp_Joyous_Exploration, Psych_Calculated_Risk, Psych_Calculated_Risk_Growth, inter_exploratory_brilliance, inter_obsessive_correction, Feat_Resilient_Explorer, Feat_Ego_vs_Capacity, Feat_Strategic_Growth, Mutant_AoL_Resilience, Mutant_Omega_Curiosity",5.0
100,Kendall_gt0.10,13,RandomForest,0.531,0.5159,0.4144,-0.006,0.1174,0.12500983999812607,n.s.,"{'model__n_estimators': 200, 'model__min_samples_split': 2, 'model__max_features': 'sqrt', 'model__max_depth': 5}","sum_weighted_score, score_velocity, adaptive_learning_capacity, Comp_Joyous_Exploration, Psych_Calculated_Risk, Psych_Calculated_Risk_Growth, inter_exploratory_brilliance, inter_obsessive_correction, Feat_Resilient_Explorer, Feat_Ego_vs_Capacity, Feat_Strategic_Growth, Mutant_AoL_Resilience, Mutant_Omega_Curiosity",4.4
101,RFE_Ridge_Top20,20,CatBoost,0.5299,0.5134,0.4127,0.0036,0.1163,0.12867654730427677,n.s.,"{'model__learning_rate': 0.05, 'model__l2_leaf_reg': 5, 'model__iterations': 50, 'model__depth': 6}","struggle_ratio, apathy_speed, engagement_persistence, carefulness_index, time_diff_phase3_vs_phase1, ratio_hint_time, ratio_success_per_duration, ratio_redo_success, PCA_Hints, Comp_Joyous_Exploration, Comp_Awareness_Limit, Psych_Calculated_Risk, Psych_Ego_Awareness, Psych_Adaptability, Psych_Calculated_Risk_Growth, ratio_hint_per_star, PCA_Performance_Star, inter_exploratory_brilliance, Feat_Cognitive_Waste, Mutant_Omega_Curiosity",5.0
102,RFE_Ridge_Top30,30,CatBoost,0.529,0.5134,0.4134,0.0038,0.1155,0.1313717430942115,n.s.,"{'model__learning_rate': 0.05, 'model__l2_leaf_reg': 1, 'model__iterations': 50, 'model__depth': 4}","sum_weighted_score, humility_challenging, struggle_ratio, hard_challenge_efficiency, apathy_speed, engagement_persistence, carefulness_index, time_diff_phase3_vs_phase1, ratio_hint_time, ratio_success_per_duration, ratio_redo_success, PCA_Hints, Comp_Joyous_Exploration, Comp_Awareness_Limit, Psych_Calculated_Risk, Psych_Flow_Stamina, Psych_Ego_Awareness, Psych_Adaptability, Psych_Calculated_Risk_Growth, ratio_hint_per_star, ratio_struggle_time, PCA_Performance_Star, ratio_score_per_hint, inter_exploratory_brilliance, inter_obsessive_correction, Feat_Resilient_Explorer, Feat_Ego_vs_Capacity, Feat_Cognitive_Waste, Feat_Strategic_Growth, Mutant_Omega_Curiosity",6.9
103,RF_Importance_p80,16,XGBoost,0.5374,0.524,0.4212,-0.0377,0.1151,0.13281302942557535,n.s.,"{'model__subsample': 1.0, 'model__max_depth': 3, 'model__learning_rate': 0.05, 'model__colsample_bytree': 0.8}","score_velocity, engagement_persistence, carefulness_index, contemplation_index, hyper_curiosity_index, time_diff_end_vs_start, time_diff_phase3_vs_phase1, time_diff_max_vs_avg, ratio_success_per_duration, PCA_Dur_x_PCA_Hints, ratio_struggle_time, inter_obsessive_correction, Comp_GBA_AoL_Anchored, Feat_Resilient_Explorer, Feat_Ego_vs_Capacity, Mutant_Ego_Death",10.5
104,Spearman_gt0.15,13,Lasso,0.5266,0.514,0.4139,0.0014,0.1146,0.13437025347121687,n.s.,{'model__alpha': 0.01},"sum_weighted_score, score_velocity, adaptive_learning_capacity, Comp_Joyous_Exploration, Psych_Calculated_Risk, Psych_Calculated_Risk_Growth, inter_exploratory_brilliance, inter_obsessive_correction, Feat_Resilient_Explorer, Feat_Ego_vs_Capacity, Feat_Strategic_Growth, Mutant_AoL_Resilience, Mutant_Omega_Curiosity",0.2
105,Kendall_gt0.10,13,Lasso,0.5266,0.514,0.4139,0.0014,0.1146,0.13437025347121687,n.s.,{'model__alpha': 0.01},"sum_weighted_score, score_velocity, adaptive_learning_capacity, Comp_Joyous_Exploration, Psych_Calculated_Risk, Psych_Calculated_Risk_Growth, inter_exploratory_brilliance, inter_obsessive_correction, Feat_Resilient_Explorer, Feat_Ego_vs_Capacity, Feat_Strategic_Growth, Mutant_AoL_Resilience, Mutant_Omega_Curiosity",0.2
106,MutualInfo_p70,24,Lasso,0.5313,0.5139,0.4156,0.0017,0.1144,0.13511097619899232,n.s.,{'model__alpha': 0.01},"humility_challenging, struggle_ratio, grind_capacity, boldness_score, engagement_persistence, stubbornness_index, impulsive_help_ratio, contemplation_index, star_efficiency, hint_dependency_gravity, frustration_breakdown_ratio, adaptive_learning_capacity, stubborn_failure_magnitude, time_diff_end_vs_start, ratio_redo_success, Comp_Joyous_Exploration, Comp_Awareness_Limit, Psych_Calculated_Risk, Psych_Learned_Helplessness, Psych_Calculated_Risk_Growth, inter_exploratory_brilliance, Feat_Ego_vs_Capacity, Feat_Strategic_Growth, Mutant_Ego_Death",0.4
107,Spearman_gt0.15,13,XGBoost,0.5388,0.5232,0.421,-0.0345,0.1143,0.13547689207790842,n.s.,"{'model__subsample': 1.0, 'model__max_depth': 3, 'model__learning_rate': 0.05, 'model__colsample_bytree': 0.8}","sum_weighted_score, score_velocity, adaptive_learning_capacity, Comp_Joyous_Exploration, Psych_Calculated_Risk, Psych_Calculated_Risk_Growth, inter_exploratory_brilliance, inter_obsessive_correction, Feat_Resilient_Explorer, Feat_Ego_vs_Capacity, Feat_Strategic_Growth, Mutant_AoL_Resilience, Mutant_Omega_Curiosity",6.7
108,Kendall_gt0.10,13,XGBoost,0.5388,0.5232,0.421,-0.0345,0.1143,0.13547689207790842,n.s.,"{'model__subsample': 1.0, 'model__max_depth': 3, 'model__learning_rate': 0.05, 'model__colsample_bytree': 0.8}","sum_weighted_score, score_velocity, adaptive_learning_capacity, Comp_Joyous_Exploration, Psych_Calculated_Risk, Psych_Calculated_Risk_Growth, inter_exploratory_brilliance, inter_obsessive_correction, Feat_Resilient_Explorer, Feat_Ego_vs_Capacity, Feat_Strategic_Growth, Mutant_AoL_Resilience, Mutant_Omega_Curiosity",5.9
109,Spearman_gt0.30,5,KNN_Regressor,0.5397,0.5267,0.4233,-0.0484,0.113,0.13992931882488688,n.s.,"{'model__weights': 'uniform', 'model__p': 2, 'model__n_neighbors': 15}","sum_weighted_score, Feat_Ego_vs_Capacity, inter_exploratory_brilliance, Feat_Strategic_Growth, Psych_Calculated_Risk",0.3
110,Kendall_gt0.15,5,KNN_Regressor,0.5397,0.5267,0.4233,-0.0484,0.113,0.13992931882488688,n.s.,"{'model__weights': 'uniform', 'model__p': 2, 'model__n_neighbors': 15}","sum_weighted_score, inter_exploratory_brilliance, Feat_Strategic_Growth, Feat_Ego_vs_Capacity, Psych_Calculated_Risk",0.2
111,Kendall_gt0.20,5,KNN_Regressor,0.5397,0.5267,0.4233,-0.0484,0.113,0.13992931882488688,n.s.,"{'model__weights': 'uniform', 'model__p': 2, 'model__n_neighbors': 15}","sum_weighted_score, inter_exploratory_brilliance, Feat_Strategic_Growth, Feat_Ego_vs_Capacity, Psych_Calculated_Risk",0.2
112,RF_Importance_p90,8,SVR_RBF,0.5254,0.5127,0.4127,0.0067,0.1124,0.141969600418747,n.s.,"{'model__gamma': 'scale', 'model__epsilon': 0.5, 'model__C': 0.1}","score_velocity, contemplation_index, time_diff_end_vs_start, time_diff_max_vs_avg, PCA_Dur_x_PCA_Hints, Comp_GBA_AoL_Anchored, Feat_Resilient_Explorer, Feat_Ego_vs_Capacity",1.1
113,RF_Importance_med,40,Ridge,0.5282,0.5143,0.4156,0.0004,0.1123,0.14235029323555806,n.s.,{'model__alpha': 500.0},"sum_weighted_score, score_velocity, hard_challenge_efficiency, hint_reading_duration, engagement_persistence, carefulness_index, contemplation_index, keypad_dominance, exploration_efficiency, hyper_curiosity_index, adaptive_learning_capacity, time_diff_end_vs_start, time_diff_phase3_vs_phase1, time_diff_max_vs_avg, ratio_hint_time, ratio_success_per_duration, PCA_Hints, PCA_Dur_x_PCA_Hints, PCA_Dur_squared, Comp_Awareness_Limit, Psych_Calculated_Risk, Psych_Flow_Stamina, ratio_struggle_time, inter_sweet_victory, PCA_Performance_Star, HighOrd_Star_x_Effort, inter_exploratory_brilliance, inter_obsessive_correction, inter_cowardice_penalty, HighOrd_Score_x_PCAStar, HighOrd_Score_x_PCADuration, Comp_GBA_DS_Anchored, Comp_GBA_AoL_Anchored, Feat_Resilient_Explorer, Feat_Ego_vs_Capacity, Feat_Cognitive_Waste, Feat_Strategic_Growth, Mutant_AoL_Resilience, Mutant_Omega_Curiosity, Mutant_Ego_Death",0.4
114,RFE_Ridge_Top20,20,KNN_Regressor,0.5385,0.5226,0.4181,-0.032,0.1117,0.14471399429636772,n.s.,"{'model__weights': 'uniform', 'model__p': 2, 'model__n_neighbors': 15}","struggle_ratio, apathy_speed, engagement_persistence, carefulness_index, time_diff_phase3_vs_phase1, ratio_hint_time, ratio_success_per_duration, ratio_redo_success, PCA_Hints, Comp_Joyous_Exploration, Comp_Awareness_Limit, Psych_Calculated_Risk, Psych_Ego_Awareness, Psych_Adaptability, Psych_Calculated_Risk_Growth, ratio_hint_per_star, PCA_Performance_Star, inter_exploratory_brilliance, Feat_Cognitive_Waste, Mutant_Omega_Curiosity",0.4
115,MutualInfo_p70,24,XGBoost,0.5429,0.5259,0.4186,-0.0453,0.1116,0.1449924998313002,n.s.,"{'model__subsample': 0.8, 'model__max_depth': 3, 'model__learning_rate': 0.05, 'model__colsample_bytree': 0.8}","humility_challenging, struggle_ratio, grind_capacity, boldness_score, engagement_persistence, stubbornness_index, impulsive_help_ratio, contemplation_index, star_efficiency, hint_dependency_gravity, frustration_breakdown_ratio, adaptive_learning_capacity, stubborn_failure_magnitude, time_diff_end_vs_start, ratio_redo_success, Comp_Joyous_Exploration, Comp_Awareness_Limit, Psych_Calculated_Risk, Psych_Learned_Helplessness, Psych_Calculated_Risk_Growth, inter_exploratory_brilliance, Feat_Ego_vs_Capacity, Feat_Strategic_Growth, Mutant_Ego_Death",6.5
116,Pearson_gt0.15,10,ElasticNet,0.526,0.5152,0.4152,-0.0033,0.1106,0.1485448836680142,n.s.,"{'model__l1_ratio': 0.7, 'model__alpha': 0.01}","sum_weighted_score, score_velocity, Comp_Joyous_Exploration, Psych_Calculated_Risk, Psych_Calculated_Risk_Growth, inter_exploratory_brilliance, inter_obsessive_correction, Feat_Resilient_Explorer, Feat_Strategic_Growth, Mutant_Omega_Curiosity",0.3
117,MutualInfo_p80,16,Ridge,0.5277,0.5148,0.4171,-0.0017,0.1101,0.15061987670515137,n.s.,{'model__alpha': 100.0},"humility_challenging, struggle_ratio, grind_capacity, boldness_score, engagement_persistence, stubbornness_index, impulsive_help_ratio, hint_dependency_gravity, adaptive_learning_capacity, stubborn_failure_magnitude, ratio_redo_success, Psych_Calculated_Risk, Psych_Calculated_Risk_Growth, inter_exploratory_brilliance, Feat_Ego_vs_Capacity, Feat_Strategic_Growth",0.2
118,Pearson_gt0.20,5,RandomForest,0.5303,0.5175,0.4142,-0.0122,0.1094,0.15329201958548533,n.s.,"{'model__n_estimators': 100, 'model__min_samples_split': 2, 'model__max_features': 'sqrt', 'model__max_depth': 5}","inter_exploratory_brilliance, Feat_Strategic_Growth, Mutant_Omega_Curiosity, score_velocity, Feat_Resilient_Explorer",5.9
119,Pearson_gt0.30,5,RandomForest,0.5303,0.5175,0.4142,-0.0122,0.1094,0.15329201958548533,n.s.,"{'model__n_estimators': 100, 'model__min_samples_split': 2, 'model__max_features': 'sqrt', 'model__max_depth': 5}","inter_exploratory_brilliance, Feat_Strategic_Growth, Mutant_Omega_Curiosity, score_velocity, Feat_Resilient_Explorer",3.9
120,MutualInfo_p70,24,HuberRegressor,0.6792,0.5756,0.4665,-0.2523,0.1094,0.153071082893073,n.s.,"{'model__epsilon': 2.0, 'model__alpha': 0.01}","humility_challenging, struggle_ratio, grind_capacity, boldness_score, engagement_persistence, stubbornness_index, impulsive_help_ratio, contemplation_index, star_efficiency, hint_dependency_gravity, frustration_breakdown_ratio, adaptive_learning_capacity, stubborn_failure_magnitude, time_diff_end_vs_start, ratio_redo_success, Comp_Joyous_Exploration, Comp_Awareness_Limit, Psych_Calculated_Risk, Psych_Learned_Helplessness, Psych_Calculated_Risk_Growth, inter_exploratory_brilliance, Feat_Ego_vs_Capacity, Feat_Strategic_Growth, Mutant_Ego_Death",4.4
121,Pearson_gt0.15,10,SVR_Linear,0.5292,0.5153,0.4139,-0.0036,0.1089,0.1551153133039793,n.s.,"{'model__epsilon': 0.5, 'model__C': 1.0}","sum_weighted_score, score_velocity, Comp_Joyous_Exploration, Psych_Calculated_Risk, Psych_Calculated_Risk_Growth, inter_exploratory_brilliance, inter_obsessive_correction, Feat_Resilient_Explorer, Feat_Strategic_Growth, Mutant_Omega_Curiosity",0.3
122,RF_Importance_p80,16,Ridge,0.5275,0.5136,0.414,0.0032,0.1079,0.15871410027163413,n.s.,{'model__alpha': 500.0},"score_velocity, engagement_persistence, carefulness_index, contemplation_index, hyper_curiosity_index, time_diff_end_vs_start, time_diff_phase3_vs_phase1, time_diff_max_vs_avg, ratio_success_per_duration, PCA_Dur_x_PCA_Hints, ratio_struggle_time, inter_obsessive_correction, Comp_GBA_AoL_Anchored, Feat_Resilient_Explorer, Feat_Ego_vs_Capacity, Mutant_Ego_Death",0.3
123,Pearson_gt0.20,5,HuberRegressor,0.5265,0.5155,0.4148,-0.0044,0.1079,0.1587717883055973,n.s.,"{'model__epsilon': 1.5, 'model__alpha': 0.01}","inter_exploratory_brilliance, Feat_Strategic_Growth, Mutant_Omega_Curiosity, score_velocity, Feat_Resilient_Explorer",0.3
124,Pearson_gt0.30,5,HuberRegressor,0.5265,0.5155,0.4148,-0.0044,0.1079,0.1587717883055973,n.s.,"{'model__epsilon': 1.5, 'model__alpha': 0.01}","inter_exploratory_brilliance, Feat_Strategic_Growth, Mutant_Omega_Curiosity, score_velocity, Feat_Resilient_Explorer",0.3
125,Pearson_gt0.20,5,XGBoost,0.5407,0.5241,0.4207,-0.0381,0.1071,0.1618327953444779,n.s.,"{'model__subsample': 1.0, 'model__max_depth': 3, 'model__learning_rate': 0.05, 'model__colsample_bytree': 0.8}","inter_exploratory_brilliance, Feat_Strategic_Growth, Mutant_Omega_Curiosity, score_velocity, Feat_Resilient_Explorer",3.1
126,Pearson_gt0.30,5,XGBoost,0.5407,0.5241,0.4207,-0.0381,0.1071,0.1618327953444779,n.s.,"{'model__subsample': 1.0, 'model__max_depth': 3, 'model__learning_rate': 0.05, 'model__colsample_bytree': 0.8}","inter_exploratory_brilliance, Feat_Strategic_Growth, Mutant_Omega_Curiosity, score_velocity, Feat_Resilient_Explorer",2.8
127,Spearman_gt0.30,5,XGBoost,0.5513,0.52,0.4194,-0.0222,0.1061,0.16612318385626257,n.s.,"{'model__subsample': 1.0, 'model__max_depth': 3, 'model__learning_rate': 0.05, 'model__colsample_bytree': 0.8}","sum_weighted_score, Feat_Ego_vs_Capacity, inter_exploratory_brilliance, Feat_Strategic_Growth, Psych_Calculated_Risk",2.2
128,Spearman_gt0.15,13,KNN_Regressor,0.536,0.5256,0.4242,-0.0443,0.1056,0.16798136870897737,n.s.,"{'model__weights': 'uniform', 'model__p': 2, 'model__n_neighbors': 15}","sum_weighted_score, score_velocity, adaptive_learning_capacity, Comp_Joyous_Exploration, Psych_Calculated_Risk, Psych_Calculated_Risk_Growth, inter_exploratory_brilliance, inter_obsessive_correction, Feat_Resilient_Explorer, Feat_Ego_vs_Capacity, Feat_Strategic_Growth, Mutant_AoL_Resilience, Mutant_Omega_Curiosity",0.4
129,Kendall_gt0.10,13,KNN_Regressor,0.536,0.5256,0.4242,-0.0443,0.1056,0.16798136870897737,n.s.,"{'model__weights': 'uniform', 'model__p': 2, 'model__n_neighbors': 15}","sum_weighted_score, score_velocity, adaptive_learning_capacity, Comp_Joyous_Exploration, Psych_Calculated_Risk, Psych_Calculated_Risk_Growth, inter_exploratory_brilliance, inter_obsessive_correction, Feat_Resilient_Explorer, Feat_Ego_vs_Capacity, Feat_Strategic_Growth, Mutant_AoL_Resilience, Mutant_Omega_Curiosity",0.3
130,Pearson_gt0.15,10,Lasso,0.5259,0.5154,0.415,-0.0041,0.1055,0.16833095702545892,n.s.,{'model__alpha': 0.01},"sum_weighted_score, score_velocity, Comp_Joyous_Exploration, Psych_Calculated_Risk, Psych_Calculated_Risk_Growth, inter_exploratory_brilliance, inter_obsessive_correction, Feat_Resilient_Explorer, Feat_Strategic_Growth, Mutant_Omega_Curiosity",4.9
131,RF_Importance_med,40,RandomForest,0.5299,0.5168,0.416,-0.0092,0.1034,0.17704207039662515,n.s.,"{'model__n_estimators': 200, 'model__min_samples_split': 2, 'model__max_features': 'log2', 'model__max_depth': 5}","sum_weighted_score, score_velocity, hard_challenge_efficiency, hint_reading_duration, engagement_persistence, carefulness_index, contemplation_index, keypad_dominance, exploration_efficiency, hyper_curiosity_index, adaptive_learning_capacity, time_diff_end_vs_start, time_diff_phase3_vs_phase1, time_diff_max_vs_avg, ratio_hint_time, ratio_success_per_duration, PCA_Hints, PCA_Dur_x_PCA_Hints, PCA_Dur_squared, Comp_Awareness_Limit, Psych_Calculated_Risk, Psych_Flow_Stamina, ratio_struggle_time, inter_sweet_victory, PCA_Performance_Star, HighOrd_Star_x_Effort, inter_exploratory_brilliance, inter_obsessive_correction, inter_cowardice_penalty, HighOrd_Score_x_PCAStar, HighOrd_Score_x_PCADuration, Comp_GBA_DS_Anchored, Comp_GBA_AoL_Anchored, Feat_Resilient_Explorer, Feat_Ego_vs_Capacity, Feat_Cognitive_Waste, Feat_Strategic_Growth, Mutant_AoL_Resilience, Mutant_Omega_Curiosity, Mutant_Ego_Death",5.4
132,MutualInfo_p70,24,SVR_Linear,0.5939,0.6341,0.5088,-0.5195,0.1033,0.17740014525377337,n.s.,"{'model__epsilon': 0.5, 'model__C': 0.1}","humility_challenging, struggle_ratio, grind_capacity, boldness_score, engagement_persistence, stubbornness_index, impulsive_help_ratio, contemplation_index, star_efficiency, hint_dependency_gravity, frustration_breakdown_ratio, adaptive_learning_capacity, stubborn_failure_magnitude, time_diff_end_vs_start, ratio_redo_success, Comp_Joyous_Exploration, Comp_Awareness_Limit, Psych_Calculated_Risk, Psych_Learned_Helplessness, Psych_Calculated_Risk_Growth, inter_exploratory_brilliance, Feat_Ego_vs_Capacity, Feat_Strategic_Growth, Mutant_Ego_Death",1.0
133,RF_Importance_p90,8,Ridge,0.5258,0.514,0.4151,0.0016,0.1023,0.18186135800346448,n.s.,{'model__alpha': 500.0},"score_velocity, contemplation_index, time_diff_end_vs_start, time_diff_max_vs_avg, PCA_Dur_x_PCA_Hints, Comp_GBA_AoL_Anchored, Feat_Resilient_Explorer, Feat_Ego_vs_Capacity",0.2
134,Kendall_gt0.15,5,XGBoost,0.5512,0.5202,0.4208,-0.0227,0.1023,0.18175889685468055,n.s.,"{'model__subsample': 1.0, 'model__max_depth': 3, 'model__learning_rate': 0.05, 'model__colsample_bytree': 0.8}","sum_weighted_score, inter_exploratory_brilliance, Feat_Strategic_Growth, Feat_Ego_vs_Capacity, Psych_Calculated_Risk",2.3
135,Kendall_gt0.20,5,XGBoost,0.5512,0.5202,0.4208,-0.0227,0.1023,0.18175889685468055,n.s.,"{'model__subsample': 1.0, 'model__max_depth': 3, 'model__learning_rate': 0.05, 'model__colsample_bytree': 0.8}","sum_weighted_score, inter_exploratory_brilliance, Feat_Strategic_Growth, Feat_Ego_vs_Capacity, Psych_Calculated_Risk",2.6
136,RF_Importance_p80,16,Lasso,0.5287,0.5158,0.4147,-0.0054,0.1021,0.1825606473727858,n.s.,{'model__alpha': 0.01},"score_velocity, engagement_persistence, carefulness_index, contemplation_index, hyper_curiosity_index, time_diff_end_vs_start, time_diff_phase3_vs_phase1, time_diff_max_vs_avg, ratio_success_per_duration, PCA_Dur_x_PCA_Hints, ratio_struggle_time, inter_obsessive_correction, Comp_GBA_AoL_Anchored, Feat_Resilient_Explorer, Feat_Ego_vs_Capacity, Mutant_Ego_Death",0.3
137,Pearson_gt0.20,5,SVR_Linear,0.5261,0.5164,0.4141,-0.0077,0.1019,0.18335456548003753,n.s.,"{'model__epsilon': 0.5, 'model__C': 1.0}","inter_exploratory_brilliance, Feat_Strategic_Growth, Mutant_Omega_Curiosity, score_velocity, Feat_Resilient_Explorer",0.3
138,Pearson_gt0.30,5,SVR_Linear,0.5261,0.5164,0.4141,-0.0077,0.1019,0.18335456548003753,n.s.,"{'model__epsilon': 0.5, 'model__C': 1.0}","inter_exploratory_brilliance, Feat_Strategic_Growth, Mutant_Omega_Curiosity, score_velocity, Feat_Resilient_Explorer",0.3
139,RF_Importance_p80,16,HuberRegressor,0.5344,0.5179,0.4174,-0.0137,0.1015,0.1851198986804837,n.s.,"{'model__epsilon': 1.5, 'model__alpha': 0.01}","score_velocity, engagement_persistence, carefulness_index, contemplation_index, hyper_curiosity_index, time_diff_end_vs_start, time_diff_phase3_vs_phase1, time_diff_max_vs_avg, ratio_success_per_duration, PCA_Dur_x_PCA_Hints, ratio_struggle_time, inter_obsessive_correction, Comp_GBA_AoL_Anchored, Feat_Resilient_Explorer, Feat_Ego_vs_Capacity, Mutant_Ego_Death",0.6
140,RFE_Ridge_Top20,20,SVR_Linear,0.5272,0.524,0.4172,-0.0379,0.1009,0.18796269352384223,n.s.,"{'model__epsilon': 0.5, 'model__C': 1.0}","struggle_ratio, apathy_speed, engagement_persistence, carefulness_index, time_diff_phase3_vs_phase1, ratio_hint_time, ratio_success_per_duration, ratio_redo_success, PCA_Hints, Comp_Joyous_Exploration, Comp_Awareness_Limit, Psych_Calculated_Risk, Psych_Ego_Awareness, Psych_Adaptability, Psych_Calculated_Risk_Growth, ratio_hint_per_star, PCA_Performance_Star, inter_exploratory_brilliance, Feat_Cognitive_Waste, Mutant_Omega_Curiosity",0.6
141,MutualInfo_p90,8,RandomForest,0.5295,0.5157,0.4214,-0.005,0.0995,0.19403582729402702,n.s.,"{'model__n_estimators': 200, 'model__min_samples_split': 2, 'model__max_features': 'sqrt', 'model__max_depth': 5}","humility_challenging, struggle_ratio, grind_capacity, stubbornness_index, impulsive_help_ratio, hint_dependency_gravity, adaptive_learning_capacity, Psych_Calculated_Risk_Growth",3.7
142,Pearson_gt0.20,5,ElasticNet,0.5252,0.5166,0.4154,-0.0085,0.0984,0.19891326018808572,n.s.,"{'model__l1_ratio': 0.7, 'model__alpha': 0.01}","inter_exploratory_brilliance, Feat_Strategic_Growth, Mutant_Omega_Curiosity, score_velocity, Feat_Resilient_Explorer",0.3
143,Pearson_gt0.30,5,ElasticNet,0.5252,0.5166,0.4154,-0.0085,0.0984,0.19891326018808572,n.s.,"{'model__l1_ratio': 0.7, 'model__alpha': 0.01}","inter_exploratory_brilliance, Feat_Strategic_Growth, Mutant_Omega_Curiosity, score_velocity, Feat_Resilient_Explorer",0.2
144,RF_Importance_p90,8,SVR_Linear,0.5283,0.5209,0.4208,-0.0256,0.0978,0.20194055125584215,n.s.,"{'model__epsilon': 0.5, 'model__C': 10.0}","score_velocity, contemplation_index, time_diff_end_vs_start, time_diff_max_vs_avg, PCA_Dur_x_PCA_Hints, Comp_GBA_AoL_Anchored, Feat_Resilient_Explorer, Feat_Ego_vs_Capacity",0.5
145,Pearson_gt0.20,5,CatBoost,0.5275,0.5157,0.4153,-0.0053,0.0977,0.20243939619665877,n.s.,"{'model__learning_rate': 0.05, 'model__l2_leaf_reg': 3, 'model__iterations': 50, 'model__depth': 4}","inter_exploratory_brilliance, Feat_Strategic_Growth, Mutant_Omega_Curiosity, score_velocity, Feat_Resilient_Explorer",3.1
146,Pearson_gt0.30,5,CatBoost,0.5275,0.5157,0.4153,-0.0053,0.0977,0.20243939619665877,n.s.,"{'model__learning_rate': 0.05, 'model__l2_leaf_reg': 3, 'model__iterations': 50, 'model__depth': 4}","inter_exploratory_brilliance, Feat_Strategic_Growth, Mutant_Omega_Curiosity, score_velocity, Feat_Resilient_Explorer",3.2
147,RFE_Ridge_Top30,30,XGBoost,0.5405,0.527,0.422,-0.0498,0.0968,0.2064665275193967,n.s.,"{'model__subsample': 0.8, 'model__max_depth': 3, 'model__learning_rate': 0.05, 'model__colsample_bytree': 0.8}","sum_weighted_score, humility_challenging, struggle_ratio, hard_challenge_efficiency, apathy_speed, engagement_persistence, carefulness_index, time_diff_phase3_vs_phase1, ratio_hint_time, ratio_success_per_duration, ratio_redo_success, PCA_Hints, Comp_Joyous_Exploration, Comp_Awareness_Limit, Psych_Calculated_Risk, Psych_Flow_Stamina, Psych_Ego_Awareness, Psych_Adaptability, Psych_Calculated_Risk_Growth, ratio_hint_per_star, ratio_struggle_time, PCA_Performance_Star, ratio_score_per_hint, inter_exploratory_brilliance, inter_obsessive_correction, Feat_Resilient_Explorer, Feat_Ego_vs_Capacity, Feat_Cognitive_Waste, Feat_Strategic_Growth, Mutant_Omega_Curiosity",11.3
148,Pearson_gt0.20,5,Ridge,0.5247,0.5149,0.4139,-0.0022,0.0964,0.2085912005798726,n.s.,{'model__alpha': 500.0},"inter_exploratory_brilliance, Feat_Strategic_Growth, Mutant_Omega_Curiosity, score_velocity, Feat_Resilient_Explorer",0.2
149,Pearson_gt0.30,5,Ridge,0.5247,0.5149,0.4139,-0.0022,0.0964,0.2085912005798726,n.s.,{'model__alpha': 500.0},"inter_exploratory_brilliance, Feat_Strategic_Growth, Mutant_Omega_Curiosity, score_velocity, Feat_Resilient_Explorer",0.2
150,RFE_Ridge_Top20,20,XGBoost,0.5439,0.5259,0.4231,-0.0454,0.0961,0.20965647289483635,n.s.,"{'model__subsample': 0.8, 'model__max_depth': 3, 'model__learning_rate': 0.05, 'model__colsample_bytree': 0.8}","struggle_ratio, apathy_speed, engagement_persistence, carefulness_index, time_diff_phase3_vs_phase1, ratio_hint_time, ratio_success_per_duration, ratio_redo_success, PCA_Hints, Comp_Joyous_Exploration, Comp_Awareness_Limit, Psych_Calculated_Risk, Psych_Ego_Awareness, Psych_Adaptability, Psych_Calculated_Risk_Growth, ratio_hint_per_star, PCA_Performance_Star, inter_exploratory_brilliance, Feat_Cognitive_Waste, Mutant_Omega_Curiosity",7.1
151,RF_Importance_p80,16,MLP_Regressor,0.5576,0.5565,0.4405,-0.1705,0.0952,0.21424450129196657,n.s.,"{'model__learning_rate': 'constant', 'model__hidden_layer_sizes': (128,), 'model__alpha': 0.001, 'model__activation': 'tanh'}","score_velocity, engagement_persistence, carefulness_index, contemplation_index, hyper_curiosity_index, time_diff_end_vs_start, time_diff_phase3_vs_phase1, time_diff_max_vs_avg, ratio_success_per_duration, PCA_Dur_x_PCA_Hints, ratio_struggle_time, inter_obsessive_correction, Comp_GBA_AoL_Anchored, Feat_Resilient_Explorer, Feat_Ego_vs_Capacity, Mutant_Ego_Death",9.8
152,RF_Importance_p90,8,ElasticNet,0.5261,0.517,0.416,-0.01,0.0949,0.21568724884947768,n.s.,"{'model__l1_ratio': 0.7, 'model__alpha': 0.01}","score_velocity, contemplation_index, time_diff_end_vs_start, time_diff_max_vs_avg, PCA_Dur_x_PCA_Hints, Comp_GBA_AoL_Anchored, Feat_Resilient_Explorer, Feat_Ego_vs_Capacity",0.3
153,RF_Importance_p90,8,Lasso,0.526,0.5166,0.4156,-0.0087,0.0941,0.2194986061396494,n.s.,{'model__alpha': 0.01},"score_velocity, contemplation_index, time_diff_end_vs_start, time_diff_max_vs_avg, PCA_Dur_x_PCA_Hints, Comp_GBA_AoL_Anchored, Feat_Resilient_Explorer, Feat_Ego_vs_Capacity",0.2
154,Pearson_gt0.20,5,Lasso,0.5253,0.5167,0.4152,-0.009,0.0937,0.22163916754724286,n.s.,{'model__alpha': 0.01},"inter_exploratory_brilliance, Feat_Strategic_Growth, Mutant_Omega_Curiosity, score_velocity, Feat_Resilient_Explorer",0.2
155,Pearson_gt0.30,5,Lasso,0.5253,0.5167,0.4152,-0.009,0.0937,0.22163916754724286,n.s.,{'model__alpha': 0.01},"inter_exploratory_brilliance, Feat_Strategic_Growth, Mutant_Omega_Curiosity, score_velocity, Feat_Resilient_Explorer",0.2
156,Lasso_NonZero,28,Lasso,0.5275,0.5198,0.4165,-0.0213,0.093,0.2249196585744187,n.s.,{'model__alpha': 0.01},"struggle_ratio, grind_capacity, score_velocity, hint_reading_duration, hint_reliance_ratio, tuas_dominance, keypad_dominance, hesitation_penalty, hint_dependency_gravity, calculated_risk_taking, stubborn_failure_magnitude, time_diff_max_vs_avg, ratio_hint_time, inter_hint_x_skip, PCA_Dur_x_PCA_Hints, PCA_Dur_squared, Comp_Awareness_Limit, Psych_Deprivation_Fixation, Psych_Ego_Awareness, Psych_Calculated_Risk_Growth, ratio_struggle_time, ratio_score_per_hint, inter_obsessive_correction, inter_cowardice_penalty, Comp_GBA_AoL_Anchored, Feat_Strategic_Growth, Mutant_AoL_Resilience, Mutant_Omega_Curiosity",0.4
157,RFE_Ridge_Top20,20,SVR_RBF,0.5279,0.5155,0.4142,-0.0044,0.0928,0.2261878782137651,n.s.,"{'model__gamma': 'scale', 'model__epsilon': 0.5, 'model__C': 0.1}","struggle_ratio, apathy_speed, engagement_persistence, carefulness_index, time_diff_phase3_vs_phase1, ratio_hint_time, ratio_success_per_duration, ratio_redo_success, PCA_Hints, Comp_Joyous_Exploration, Comp_Awareness_Limit, Psych_Calculated_Risk, Psych_Ego_Awareness, Psych_Adaptability, Psych_Calculated_Risk_Growth, ratio_hint_per_star, PCA_Performance_Star, inter_exploratory_brilliance, Feat_Cognitive_Waste, Mutant_Omega_Curiosity",1.4
158,Pearson_gt0.20,5,SVR_RBF,0.5256,0.5175,0.4169,-0.0121,0.0918,0.2308457877125087,n.s.,"{'model__gamma': 0.001, 'model__epsilon': 0.01, 'model__C': 10.0}","inter_exploratory_brilliance, Feat_Strategic_Growth, Mutant_Omega_Curiosity, score_velocity, Feat_Resilient_Explorer",1.0
159,Pearson_gt0.30,5,SVR_RBF,0.5256,0.5175,0.4169,-0.0121,0.0918,0.2308457877125087,n.s.,"{'model__gamma': 0.001, 'model__epsilon': 0.01, 'model__C': 10.0}","inter_exploratory_brilliance, Feat_Strategic_Growth, Mutant_Omega_Curiosity, score_velocity, Feat_Resilient_Explorer",0.8
160,Pearson_gt0.15,10,RandomForest,0.5309,0.5185,0.4188,-0.0163,0.0918,0.23085058981442375,n.s.,"{'model__n_estimators': 100, 'model__min_samples_split': 2, 'model__max_features': 'sqrt', 'model__max_depth': 5}","sum_weighted_score, score_velocity, Comp_Joyous_Exploration, Psych_Calculated_Risk, Psych_Calculated_Risk_Growth, inter_exploratory_brilliance, inter_obsessive_correction, Feat_Resilient_Explorer, Feat_Strategic_Growth, Mutant_Omega_Curiosity",4.1
161,RF_Importance_p80,16,PLSRegression,0.5324,0.5201,0.4186,-0.0222,0.0907,0.23668954485786878,n.s.,{'model__n_components': 3},"score_velocity, engagement_persistence, carefulness_index, contemplation_index, hyper_curiosity_index, time_diff_end_vs_start, time_diff_phase3_vs_phase1, time_diff_max_vs_avg, ratio_success_per_duration, PCA_Dur_x_PCA_Hints, ratio_struggle_time, inter_obsessive_correction, Comp_GBA_AoL_Anchored, Feat_Resilient_Explorer, Feat_Ego_vs_Capacity, Mutant_Ego_Death",0.2
162,RF_Importance_p80,16,ElasticNet,0.5281,0.5146,0.4146,-0.0008,0.0902,0.23947887663569517,n.s.,"{'model__l1_ratio': 0.3, 'model__alpha': 0.1}","score_velocity, engagement_persistence, carefulness_index, contemplation_index, hyper_curiosity_index, time_diff_end_vs_start, time_diff_phase3_vs_phase1, time_diff_max_vs_avg, ratio_success_per_duration, PCA_Dur_x_PCA_Hints, ratio_struggle_time, inter_obsessive_correction, Comp_GBA_AoL_Anchored, Feat_Resilient_Explorer, Feat_Ego_vs_Capacity, Mutant_Ego_Death",0.4
163,RFE_Ridge_Top30,30,Ridge,0.5265,0.5217,0.4188,-0.0288,0.0898,0.24159659952364632,n.s.,{'model__alpha': 10.0},"sum_weighted_score, humility_challenging, struggle_ratio, hard_challenge_efficiency, apathy_speed, engagement_persistence, carefulness_index, time_diff_phase3_vs_phase1, ratio_hint_time, ratio_success_per_duration, ratio_redo_success, PCA_Hints, Comp_Joyous_Exploration, Comp_Awareness_Limit, Psych_Calculated_Risk, Psych_Flow_Stamina, Psych_Ego_Awareness, Psych_Adaptability, Psych_Calculated_Risk_Growth, ratio_hint_per_star, ratio_struggle_time, PCA_Performance_Star, ratio_score_per_hint, inter_exploratory_brilliance, inter_obsessive_correction, Feat_Resilient_Explorer, Feat_Ego_vs_Capacity, Feat_Cognitive_Waste, Feat_Strategic_Growth, Mutant_Omega_Curiosity",0.3
164,RF_Importance_p90,8,PLSRegression,0.527,0.5187,0.4172,-0.0167,0.0896,0.24248747230520157,n.s.,{'model__n_components': 3},"score_velocity, contemplation_index, time_diff_end_vs_start, time_diff_max_vs_avg, PCA_Dur_x_PCA_Hints, Comp_GBA_AoL_Anchored, Feat_Resilient_Explorer, Feat_Ego_vs_Capacity",0.2
165,RFE_Ridge_Top30,30,RandomForest,0.5283,0.5188,0.4192,-0.0173,0.0886,0.24792172197947324,n.s.,"{'model__n_estimators': 100, 'model__min_samples_split': 2, 'model__max_features': 'log2', 'model__max_depth': 5}","sum_weighted_score, humility_challenging, struggle_ratio, hard_challenge_efficiency, apathy_speed, engagement_persistence, carefulness_index, time_diff_phase3_vs_phase1, ratio_hint_time, ratio_success_per_duration, ratio_redo_success, PCA_Hints, Comp_Joyous_Exploration, Comp_Awareness_Limit, Psych_Calculated_Risk, Psych_Flow_Stamina, Psych_Ego_Awareness, Psych_Adaptability, Psych_Calculated_Risk_Growth, ratio_hint_per_star, ratio_struggle_time, PCA_Performance_Star, ratio_score_per_hint, inter_exploratory_brilliance, inter_obsessive_correction, Feat_Resilient_Explorer, Feat_Ego_vs_Capacity, Feat_Cognitive_Waste, Feat_Strategic_Growth, Mutant_Omega_Curiosity",4.5
166,Pearson_gt0.15,10,KNN_Regressor,0.5366,0.5289,0.4255,-0.0574,0.0863,0.2600456580998041,n.s.,"{'model__weights': 'uniform', 'model__p': 2, 'model__n_neighbors': 15}","sum_weighted_score, score_velocity, Comp_Joyous_Exploration, Psych_Calculated_Risk, Psych_Calculated_Risk_Growth, inter_exploratory_brilliance, inter_obsessive_correction, Feat_Resilient_Explorer, Feat_Strategic_Growth, Mutant_Omega_Curiosity",0.3
167,Pearson_gt0.15,10,XGBoost,0.5401,0.5298,0.4315,-0.0609,0.0855,0.26491358647292457,n.s.,"{'model__subsample': 1.0, 'model__max_depth': 3, 'model__learning_rate': 0.05, 'model__colsample_bytree': 0.8}","sum_weighted_score, score_velocity, Comp_Joyous_Exploration, Psych_Calculated_Risk, Psych_Calculated_Risk_Growth, inter_exploratory_brilliance, inter_obsessive_correction, Feat_Resilient_Explorer, Feat_Strategic_Growth, Mutant_Omega_Curiosity",5.4
168,RF_Importance_p90,8,HuberRegressor,0.5273,0.5188,0.4168,-0.0173,0.084,0.2731167037183913,n.s.,"{'model__epsilon': 2.0, 'model__alpha': 0.01}","score_velocity, contemplation_index, time_diff_end_vs_start, time_diff_max_vs_avg, PCA_Dur_x_PCA_Hints, Comp_GBA_AoL_Anchored, Feat_Resilient_Explorer, Feat_Ego_vs_Capacity",0.4
169,RFE_Ridge_Top30,30,PLSRegression,0.5317,0.5251,0.4243,-0.0421,0.0827,0.2808948390435459,n.s.,{'model__n_components': 5},"sum_weighted_score, humility_challenging, struggle_ratio, hard_challenge_efficiency, apathy_speed, engagement_persistence, carefulness_index, time_diff_phase3_vs_phase1, ratio_hint_time, ratio_success_per_duration, ratio_redo_success, PCA_Hints, Comp_Joyous_Exploration, Comp_Awareness_Limit, Psych_Calculated_Risk, Psych_Flow_Stamina, Psych_Ego_Awareness, Psych_Adaptability, Psych_Calculated_Risk_Growth, ratio_hint_per_star, ratio_struggle_time, PCA_Performance_Star, ratio_score_per_hint, inter_exploratory_brilliance, inter_obsessive_correction, Feat_Resilient_Explorer, Feat_Ego_vs_Capacity, Feat_Cognitive_Waste, Feat_Strategic_Growth, Mutant_Omega_Curiosity",0.4
170,Lasso_NonZero,28,KNN_Regressor,0.5394,0.5253,0.4213,-0.0431,0.0827,0.2808744740203125,n.s.,"{'model__weights': 'uniform', 'model__p': 2, 'model__n_neighbors': 15}","struggle_ratio, grind_capacity, score_velocity, hint_reading_duration, hint_reliance_ratio, tuas_dominance, keypad_dominance, hesitation_penalty, hint_dependency_gravity, calculated_risk_taking, stubborn_failure_magnitude, time_diff_max_vs_avg, ratio_hint_time, inter_hint_x_skip, PCA_Dur_x_PCA_Hints, PCA_Dur_squared, Comp_Awareness_Limit, Psych_Deprivation_Fixation, Psych_Ego_Awareness, Psych_Calculated_Risk_Growth, ratio_struggle_time, ratio_score_per_hint, inter_obsessive_correction, inter_cowardice_penalty, Comp_GBA_AoL_Anchored, Feat_Strategic_Growth, Mutant_AoL_Resilience, Mutant_Omega_Curiosity",0.6
171,RFE_Ridge_Top30,30,KNN_Regressor,0.5391,0.5281,0.4268,-0.0542,0.0827,0.28064208163344007,n.s.,"{'model__weights': 'distance', 'model__p': 1, 'model__n_neighbors': 15}","sum_weighted_score, humility_challenging, struggle_ratio, hard_challenge_efficiency, apathy_speed, engagement_persistence, carefulness_index, time_diff_phase3_vs_phase1, ratio_hint_time, ratio_success_per_duration, ratio_redo_success, PCA_Hints, Comp_Joyous_Exploration, Comp_Awareness_Limit, Psych_Calculated_Risk, Psych_Flow_Stamina, Psych_Ego_Awareness, Psych_Adaptability, Psych_Calculated_Risk_Growth, ratio_hint_per_star, ratio_struggle_time, PCA_Performance_Star, ratio_score_per_hint, inter_exploratory_brilliance, inter_obsessive_correction, Feat_Resilient_Explorer, Feat_Ego_vs_Capacity, Feat_Cognitive_Waste, Feat_Strategic_Growth, Mutant_Omega_Curiosity",0.7
172,RF_Importance_med,40,ElasticNet,0.5279,0.5149,0.4152,-0.0021,0.0824,0.2825297670998468,n.s.,"{'model__l1_ratio': 0.3, 'model__alpha': 0.1}","sum_weighted_score, score_velocity, hard_challenge_efficiency, hint_reading_duration, engagement_persistence, carefulness_index, contemplation_index, keypad_dominance, exploration_efficiency, hyper_curiosity_index, adaptive_learning_capacity, time_diff_end_vs_start, time_diff_phase3_vs_phase1, time_diff_max_vs_avg, ratio_hint_time, ratio_success_per_duration, PCA_Hints, PCA_Dur_x_PCA_Hints, PCA_Dur_squared, Comp_Awareness_Limit, Psych_Calculated_Risk, Psych_Flow_Stamina, ratio_struggle_time, inter_sweet_victory, PCA_Performance_Star, HighOrd_Star_x_Effort, inter_exploratory_brilliance, inter_obsessive_correction, inter_cowardice_penalty, HighOrd_Score_x_PCAStar, HighOrd_Score_x_PCADuration, Comp_GBA_DS_Anchored, Comp_GBA_AoL_Anchored, Feat_Resilient_Explorer, Feat_Ego_vs_Capacity, Feat_Cognitive_Waste, Feat_Strategic_Growth, Mutant_AoL_Resilience, Mutant_Omega_Curiosity, Mutant_Ego_Death",0.7
173,Pearson_gt0.15,10,CatBoost,0.528,0.5175,0.4191,-0.012,0.082,0.28470887826753527,n.s.,"{'model__learning_rate': 0.05, 'model__l2_leaf_reg': 5, 'model__iterations': 50, 'model__depth': 6}","sum_weighted_score, score_velocity, Comp_Joyous_Exploration, Psych_Calculated_Risk, Psych_Calculated_Risk_Growth, inter_exploratory_brilliance, inter_obsessive_correction, Feat_Resilient_Explorer, Feat_Strategic_Growth, Mutant_Omega_Curiosity",4.8
174,Spearman_gt0.20,1,XGBoost,0.5483,0.5237,0.4283,-0.0367,0.0808,0.29208496391796523,n.s.,"{'model__subsample': 1.0, 'model__max_depth': 3, 'model__learning_rate': 0.05, 'model__colsample_bytree': 1.0}",sum_weighted_score,1.0
175,RF_Importance_p90,8,MLP_Regressor,0.5311,0.5318,0.4302,-0.0687,0.0795,0.30016689053216417,n.s.,"{'model__learning_rate': 'constant', 'model__hidden_layer_sizes': (128,), 'model__alpha': 0.001, 'model__activation': 'tanh'}","score_velocity, contemplation_index, time_diff_end_vs_start, time_diff_max_vs_avg, PCA_Dur_x_PCA_Hints, Comp_GBA_AoL_Anchored, Feat_Resilient_Explorer, Feat_Ego_vs_Capacity",8.6
176,RFE_Ridge_Top20,20,RandomForest,0.5303,0.5198,0.4195,-0.0213,0.0775,0.312257327354024,n.s.,"{'model__n_estimators': 200, 'model__min_samples_split': 5, 'model__max_features': 'sqrt', 'model__max_depth': 5}","struggle_ratio, apathy_speed, engagement_persistence, carefulness_index, time_diff_phase3_vs_phase1, ratio_hint_time, ratio_success_per_duration, ratio_redo_success, PCA_Hints, Comp_Joyous_Exploration, Comp_Awareness_Limit, Psych_Calculated_Risk, Psych_Ego_Awareness, Psych_Adaptability, Psych_Calculated_Risk_Growth, ratio_hint_per_star, PCA_Performance_Star, inter_exploratory_brilliance, Feat_Cognitive_Waste, Mutant_Omega_Curiosity",4.6
177,RFE_Ridge_Top30,30,ElasticNet,0.5264,0.5227,0.4199,-0.0325,0.0769,0.3157415663266698,n.s.,"{'model__l1_ratio': 0.1, 'model__alpha': 0.01}","sum_weighted_score, humility_challenging, struggle_ratio, hard_challenge_efficiency, apathy_speed, engagement_persistence, carefulness_index, time_diff_phase3_vs_phase1, ratio_hint_time, ratio_success_per_duration, ratio_redo_success, PCA_Hints, Comp_Joyous_Exploration, Comp_Awareness_Limit, Psych_Calculated_Risk, Psych_Flow_Stamina, Psych_Ego_Awareness, Psych_Adaptability, Psych_Calculated_Risk_Growth, ratio_hint_per_star, ratio_struggle_time, PCA_Performance_Star, ratio_score_per_hint, inter_exploratory_brilliance, inter_obsessive_correction, Feat_Resilient_Explorer, Feat_Ego_vs_Capacity, Feat_Cognitive_Waste, Feat_Strategic_Growth, Mutant_Omega_Curiosity",0.5
178,MutualInfo_p70,24,Ridge,0.5293,0.5172,0.4182,-0.0109,0.0749,0.32873387023515804,n.s.,{'model__alpha': 500.0},"humility_challenging, struggle_ratio, grind_capacity, boldness_score, engagement_persistence, stubbornness_index, impulsive_help_ratio, contemplation_index, star_efficiency, hint_dependency_gravity, frustration_breakdown_ratio, adaptive_learning_capacity, stubborn_failure_magnitude, time_diff_end_vs_start, ratio_redo_success, Comp_Joyous_Exploration, Comp_Awareness_Limit, Psych_Calculated_Risk, Psych_Learned_Helplessness, Psych_Calculated_Risk_Growth, inter_exploratory_brilliance, Feat_Ego_vs_Capacity, Feat_Strategic_Growth, Mutant_Ego_Death",0.3
179,RF_Importance_med,40,PLSRegression,0.534,0.5212,0.4168,-0.0266,0.0747,0.3301822921412229,n.s.,{'model__n_components': 2},"sum_weighted_score, score_velocity, hard_challenge_efficiency, hint_reading_duration, engagement_persistence, carefulness_index, contemplation_index, keypad_dominance, exploration_efficiency, hyper_curiosity_index, adaptive_learning_capacity, time_diff_end_vs_start, time_diff_phase3_vs_phase1, time_diff_max_vs_avg, ratio_hint_time, ratio_success_per_duration, PCA_Hints, PCA_Dur_x_PCA_Hints, PCA_Dur_squared, Comp_Awareness_Limit, Psych_Calculated_Risk, Psych_Flow_Stamina, ratio_struggle_time, inter_sweet_victory, PCA_Performance_Star, HighOrd_Star_x_Effort, inter_exploratory_brilliance, inter_obsessive_correction, inter_cowardice_penalty, HighOrd_Score_x_PCAStar, HighOrd_Score_x_PCADuration, Comp_GBA_DS_Anchored, Comp_GBA_AoL_Anchored, Feat_Resilient_Explorer, Feat_Ego_vs_Capacity, Feat_Cognitive_Waste, Feat_Strategic_Growth, Mutant_AoL_Resilience, Mutant_Omega_Curiosity, Mutant_Ego_Death",0.4
180,MutualInfo_p90,8,CatBoost,0.5266,0.5196,0.4244,-0.0203,0.0729,0.34218479796790663,n.s.,"{'model__learning_rate': 0.05, 'model__l2_leaf_reg': 1, 'model__iterations': 50, 'model__depth': 6}","humility_challenging, struggle_ratio, grind_capacity, stubbornness_index, impulsive_help_ratio, hint_dependency_gravity, adaptive_learning_capacity, Psych_Calculated_Risk_Growth",2.4
181,MutualInfo_p90,8,XGBoost,0.5369,0.5265,0.4307,-0.0477,0.0727,0.34310145653260443,n.s.,"{'model__subsample': 0.8, 'model__max_depth': 3, 'model__learning_rate': 0.05, 'model__colsample_bytree': 0.8}","humility_challenging, struggle_ratio, grind_capacity, stubbornness_index, impulsive_help_ratio, hint_dependency_gravity, adaptive_learning_capacity, Psych_Calculated_Risk_Growth",2.1
182,MutualInfo_p70,24,SVR_RBF,0.5309,0.5168,0.4209,-0.0095,0.0682,0.37419229568345913,n.s.,"{'model__gamma': 0.001, 'model__epsilon': 0.1, 'model__C': 0.1}","humility_challenging, struggle_ratio, grind_capacity, boldness_score, engagement_persistence, stubbornness_index, impulsive_help_ratio, contemplation_index, star_efficiency, hint_dependency_gravity, frustration_breakdown_ratio, adaptive_learning_capacity, stubborn_failure_magnitude, time_diff_end_vs_start, ratio_redo_success, Comp_Joyous_Exploration, Comp_Awareness_Limit, Psych_Calculated_Risk, Psych_Learned_Helplessness, Psych_Calculated_Risk_Growth, inter_exploratory_brilliance, Feat_Ego_vs_Capacity, Feat_Strategic_Growth, Mutant_Ego_Death",1.6
183,RFE_Ridge_Top20,20,Ridge,0.5241,0.5239,0.42,-0.0372,0.0671,0.3818972739351282,n.s.,{'model__alpha': 10.0},"struggle_ratio, apathy_speed, engagement_persistence, carefulness_index, time_diff_phase3_vs_phase1, ratio_hint_time, ratio_success_per_duration, ratio_redo_success, PCA_Hints, Comp_Joyous_Exploration, Comp_Awareness_Limit, Psych_Calculated_Risk, Psych_Ego_Awareness, Psych_Adaptability, Psych_Calculated_Risk_Growth, ratio_hint_per_star, PCA_Performance_Star, inter_exploratory_brilliance, Feat_Cognitive_Waste, Mutant_Omega_Curiosity",0.3
184,RFE_Ridge_Top20,20,ElasticNet,0.5248,0.5237,0.4199,-0.0366,0.0636,0.4071858969418888,n.s.,"{'model__l1_ratio': 0.1, 'model__alpha': 0.01}","struggle_ratio, apathy_speed, engagement_persistence, carefulness_index, time_diff_phase3_vs_phase1, ratio_hint_time, ratio_success_per_duration, ratio_redo_success, PCA_Hints, Comp_Joyous_Exploration, Comp_Awareness_Limit, Psych_Calculated_Risk, Psych_Ego_Awareness, Psych_Adaptability, Psych_Calculated_Risk_Growth, ratio_hint_per_star, PCA_Performance_Star, inter_exploratory_brilliance, Feat_Cognitive_Waste, Mutant_Omega_Curiosity",0.4
185,RFE_Ridge_Top30,30,HuberRegressor,0.5344,0.5303,0.4266,-0.063,0.0623,0.4165703604752347,n.s.,"{'model__epsilon': 1.35, 'model__alpha': 0.01}","sum_weighted_score, humility_challenging, struggle_ratio, hard_challenge_efficiency, apathy_speed, engagement_persistence, carefulness_index, time_diff_phase3_vs_phase1, ratio_hint_time, ratio_success_per_duration, ratio_redo_success, PCA_Hints, Comp_Joyous_Exploration, Comp_Awareness_Limit, Psych_Calculated_Risk, Psych_Flow_Stamina, Psych_Ego_Awareness, Psych_Adaptability, Psych_Calculated_Risk_Growth, ratio_hint_per_star, ratio_struggle_time, PCA_Performance_Star, ratio_score_per_hint, inter_exploratory_brilliance, inter_obsessive_correction, Feat_Resilient_Explorer, Feat_Ego_vs_Capacity, Feat_Cognitive_Waste, Feat_Strategic_Growth, Mutant_Omega_Curiosity",1.2
186,RF_Importance_med,40,MLP_Regressor,0.6066,0.6923,0.5022,-0.8117,0.0615,0.4228870938093094,n.s.,"{'model__learning_rate': 'constant', 'model__hidden_layer_sizes': (128,), 'model__alpha': 0.001, 'model__activation': 'tanh'}","sum_weighted_score, score_velocity, hard_challenge_efficiency, hint_reading_duration, engagement_persistence, carefulness_index, contemplation_index, keypad_dominance, exploration_efficiency, hyper_curiosity_index, adaptive_learning_capacity, time_diff_end_vs_start, time_diff_phase3_vs_phase1, time_diff_max_vs_avg, ratio_hint_time, ratio_success_per_duration, PCA_Hints, PCA_Dur_x_PCA_Hints, PCA_Dur_squared, Comp_Awareness_Limit, Psych_Calculated_Risk, Psych_Flow_Stamina, ratio_struggle_time, inter_sweet_victory, PCA_Performance_Star, HighOrd_Star_x_Effort, inter_exploratory_brilliance, inter_obsessive_correction, inter_cowardice_penalty, HighOrd_Score_x_PCAStar, HighOrd_Score_x_PCADuration, Comp_GBA_DS_Anchored, Comp_GBA_AoL_Anchored, Feat_Resilient_Explorer, Feat_Ego_vs_Capacity, Feat_Cognitive_Waste, Feat_Strategic_Growth, Mutant_AoL_Resilience, Mutant_Omega_Curiosity, Mutant_Ego_Death",12.0
187,RFE_Ridge_Top30,30,Lasso,0.5272,0.5278,0.4245,-0.0529,0.0614,0.42341620065058283,n.s.,{'model__alpha': 0.001},"sum_weighted_score, humility_challenging, struggle_ratio, hard_challenge_efficiency, apathy_speed, engagement_persistence, carefulness_index, time_diff_phase3_vs_phase1, ratio_hint_time, ratio_success_per_duration, ratio_redo_success, PCA_Hints, Comp_Joyous_Exploration, Comp_Awareness_Limit, Psych_Calculated_Risk, Psych_Flow_Stamina, Psych_Ego_Awareness, Psych_Adaptability, Psych_Calculated_Risk_Growth, ratio_hint_per_star, ratio_struggle_time, PCA_Performance_Star, ratio_score_per_hint, inter_exploratory_brilliance, inter_obsessive_correction, Feat_Resilient_Explorer, Feat_Ego_vs_Capacity, Feat_Cognitive_Waste, Feat_Strategic_Growth, Mutant_Omega_Curiosity",0.4
188,Lasso_NonZero,28,Ridge,0.5268,0.5318,0.4234,-0.0688,0.0595,0.43797812341855175,n.s.,{'model__alpha': 100.0},"struggle_ratio, grind_capacity, score_velocity, hint_reading_duration, hint_reliance_ratio, tuas_dominance, keypad_dominance, hesitation_penalty, hint_dependency_gravity, calculated_risk_taking, stubborn_failure_magnitude, time_diff_max_vs_avg, ratio_hint_time, inter_hint_x_skip, PCA_Dur_x_PCA_Hints, PCA_Dur_squared, Comp_Awareness_Limit, Psych_Deprivation_Fixation, Psych_Ego_Awareness, Psych_Calculated_Risk_Growth, ratio_struggle_time, ratio_score_per_hint, inter_obsessive_correction, inter_cowardice_penalty, Comp_GBA_AoL_Anchored, Feat_Strategic_Growth, Mutant_AoL_Resilience, Mutant_Omega_Curiosity",0.4
189,MutualInfo_p80,16,KNN_Regressor,0.5374,0.5277,0.4248,-0.0525,0.0592,0.44008281782603725,n.s.,"{'model__weights': 'uniform', 'model__p': 2, 'model__n_neighbors': 15}","humility_challenging, struggle_ratio, grind_capacity, boldness_score, engagement_persistence, stubbornness_index, impulsive_help_ratio, hint_dependency_gravity, adaptive_learning_capacity, stubborn_failure_magnitude, ratio_redo_success, Psych_Calculated_Risk, Psych_Calculated_Risk_Growth, inter_exploratory_brilliance, Feat_Ego_vs_Capacity, Feat_Strategic_Growth",0.4
190,RFE_Ridge_Top20,20,PLSRegression,0.5275,0.5284,0.4216,-0.0553,0.0588,0.4434834638602737,n.s.,{'model__n_components': 5},"struggle_ratio, apathy_speed, engagement_persistence, carefulness_index, time_diff_phase3_vs_phase1, ratio_hint_time, ratio_success_per_duration, ratio_redo_success, PCA_Hints, Comp_Joyous_Exploration, Comp_Awareness_Limit, Psych_Calculated_Risk, Psych_Ego_Awareness, Psych_Adaptability, Psych_Calculated_Risk_Growth, ratio_hint_per_star, PCA_Performance_Star, inter_exploratory_brilliance, Feat_Cognitive_Waste, Mutant_Omega_Curiosity",0.3
191,RF_Importance_p80,16,SVR_Linear,0.532,0.5277,0.4234,-0.0524,0.0533,0.4873340976848976,n.s.,"{'model__epsilon': 0.5, 'model__C': 1.0}","score_velocity, engagement_persistence, carefulness_index, contemplation_index, hyper_curiosity_index, time_diff_end_vs_start, time_diff_phase3_vs_phase1, time_diff_max_vs_avg, ratio_success_per_duration, PCA_Dur_x_PCA_Hints, ratio_struggle_time, inter_obsessive_correction, Comp_GBA_AoL_Anchored, Feat_Resilient_Explorer, Feat_Ego_vs_Capacity, Mutant_Ego_Death",0.6
192,MutualInfo_p80,16,HuberRegressor,0.531,0.5277,0.425,-0.0524,0.0518,0.49970980855996405,n.s.,"{'model__epsilon': 1.5, 'model__alpha': 0.0001}","humility_challenging, struggle_ratio, grind_capacity, boldness_score, engagement_persistence, stubbornness_index, impulsive_help_ratio, hint_dependency_gravity, adaptive_learning_capacity, stubborn_failure_magnitude, ratio_redo_success, Psych_Calculated_Risk, Psych_Calculated_Risk_Growth, inter_exploratory_brilliance, Feat_Ego_vs_Capacity, Feat_Strategic_Growth",0.8
193,RFE_Ridge_Top20,20,Lasso,0.5253,0.5285,0.4234,-0.0555,0.0484,0.528760931210102,n.s.,{'model__alpha': 0.001},"struggle_ratio, apathy_speed, engagement_persistence, carefulness_index, time_diff_phase3_vs_phase1, ratio_hint_time, ratio_success_per_duration, ratio_redo_success, PCA_Hints, Comp_Joyous_Exploration, Comp_Awareness_Limit, Psych_Calculated_Risk, Psych_Ego_Awareness, Psych_Adaptability, Psych_Calculated_Risk_Growth, ratio_hint_per_star, PCA_Performance_Star, inter_exploratory_brilliance, Feat_Cognitive_Waste, Mutant_Omega_Curiosity",0.3
194,MutualInfo_p90,8,SVR_RBF,0.5297,0.5315,0.432,-0.0678,0.0469,0.5410387764452784,n.s.,"{'model__gamma': 0.01, 'model__epsilon': 0.01, 'model__C': 10.0}","humility_challenging, struggle_ratio, grind_capacity, stubbornness_index, impulsive_help_ratio, hint_dependency_gravity, adaptive_learning_capacity, Psych_Calculated_Risk_Growth",0.8
195,Pearson_gt0.20,5,KNN_Regressor,0.5374,0.5357,0.4323,-0.0848,0.0422,0.5827687020820939,n.s.,"{'model__weights': 'uniform', 'model__p': 1, 'model__n_neighbors': 15}","inter_exploratory_brilliance, Feat_Strategic_Growth, Mutant_Omega_Curiosity, score_velocity, Feat_Resilient_Explorer",0.4
196,Pearson_gt0.30,5,KNN_Regressor,0.5374,0.5357,0.4323,-0.0848,0.0422,0.5827687020820939,n.s.,"{'model__weights': 'uniform', 'model__p': 1, 'model__n_neighbors': 15}","inter_exploratory_brilliance, Feat_Strategic_Growth, Mutant_Omega_Curiosity, score_velocity, Feat_Resilient_Explorer",0.2
197,Lasso_NonZero,28,ElasticNet,0.5273,0.5504,0.4259,-0.1451,0.0418,0.5858099714383653,n.s.,"{'model__l1_ratio': 0.7, 'model__alpha': 0.01}","struggle_ratio, grind_capacity, score_velocity, hint_reading_duration, hint_reliance_ratio, tuas_dominance, keypad_dominance, hesitation_penalty, hint_dependency_gravity, calculated_risk_taking, stubborn_failure_magnitude, time_diff_max_vs_avg, ratio_hint_time, inter_hint_x_skip, PCA_Dur_x_PCA_Hints, PCA_Dur_squared, Comp_Awareness_Limit, Psych_Deprivation_Fixation, Psych_Ego_Awareness, Psych_Calculated_Risk_Growth, ratio_struggle_time, ratio_score_per_hint, inter_obsessive_correction, inter_cowardice_penalty, Comp_GBA_AoL_Anchored, Feat_Strategic_Growth, Mutant_AoL_Resilience, Mutant_Omega_Curiosity",0.6
198,MutualInfo_p90,8,KNN_Regressor,0.5455,0.5318,0.432,-0.0691,0.0409,0.5939531362399214,n.s.,"{'model__weights': 'uniform', 'model__p': 1, 'model__n_neighbors': 15}","humility_challenging, struggle_ratio, grind_capacity, stubbornness_index, impulsive_help_ratio, hint_dependency_gravity, adaptive_learning_capacity, Psych_Calculated_Risk_Growth",0.3
199,RF_Importance_med,40,SVR_Linear,0.5575,0.5526,0.4426,-0.154,0.0392,0.609673588947304,n.s.,"{'model__epsilon': 0.5, 'model__C': 1.0}","sum_weighted_score, score_velocity, hard_challenge_efficiency, hint_reading_duration, engagement_persistence, carefulness_index, contemplation_index, keypad_dominance, exploration_efficiency, hyper_curiosity_index, adaptive_learning_capacity, time_diff_end_vs_start, time_diff_phase3_vs_phase1, time_diff_max_vs_avg, ratio_hint_time, ratio_success_per_duration, PCA_Hints, PCA_Dur_x_PCA_Hints, PCA_Dur_squared, Comp_Awareness_Limit, Psych_Calculated_Risk, Psych_Flow_Stamina, ratio_struggle_time, inter_sweet_victory, PCA_Performance_Star, HighOrd_Star_x_Effort, inter_exploratory_brilliance, inter_obsessive_correction, inter_cowardice_penalty, HighOrd_Score_x_PCAStar, HighOrd_Score_x_PCADuration, Comp_GBA_DS_Anchored, Comp_GBA_AoL_Anchored, Feat_Resilient_Explorer, Feat_Ego_vs_Capacity, Feat_Cognitive_Waste, Feat_Strategic_Growth, Mutant_AoL_Resilience, Mutant_Omega_Curiosity, Mutant_Ego_Death",1.1
200,Pearson_gt0.20,5,MLP_Regressor,0.5348,0.5297,0.4201,-0.0604,0.0341,0.6566887862789423,n.s.,"{'model__learning_rate': 'constant', 'model__hidden_layer_sizes': (128,), 'model__alpha': 0.001, 'model__activation': 'tanh'}","inter_exploratory_brilliance, Feat_Strategic_Growth, Mutant_Omega_Curiosity, score_velocity, Feat_Resilient_Explorer",8.3
201,Pearson_gt0.30,5,MLP_Regressor,0.5348,0.5297,0.4201,-0.0604,0.0341,0.6566887862789423,n.s.,"{'model__learning_rate': 'constant', 'model__hidden_layer_sizes': (128,), 'model__alpha': 0.001, 'model__activation': 'tanh'}","inter_exploratory_brilliance, Feat_Strategic_Growth, Mutant_Omega_Curiosity, score_velocity, Feat_Resilient_Explorer",7.0
202,Lasso_NonZero,28,PLSRegression,0.5285,0.5554,0.4329,-0.1658,0.0334,0.6639237650382325,n.s.,{'model__n_components': 5},"struggle_ratio, grind_capacity, score_velocity, hint_reading_duration, hint_reliance_ratio, tuas_dominance, keypad_dominance, hesitation_penalty, hint_dependency_gravity, calculated_risk_taking, stubborn_failure_magnitude, time_diff_max_vs_avg, ratio_hint_time, inter_hint_x_skip, PCA_Dur_x_PCA_Hints, PCA_Dur_squared, Comp_Awareness_Limit, Psych_Deprivation_Fixation, Psych_Ego_Awareness, Psych_Calculated_Risk_Growth, ratio_struggle_time, ratio_score_per_hint, inter_obsessive_correction, inter_cowardice_penalty, Comp_GBA_AoL_Anchored, Feat_Strategic_Growth, Mutant_AoL_Resilience, Mutant_Omega_Curiosity",0.3
203,RF_Importance_med,40,HuberRegressor,0.5449,0.5475,0.4396,-0.1329,0.0321,0.676392224846282,n.s.,"{'model__epsilon': 2.0, 'model__alpha': 0.01}","sum_weighted_score, score_velocity, hard_challenge_efficiency, hint_reading_duration, engagement_persistence, carefulness_index, contemplation_index, keypad_dominance, exploration_efficiency, hyper_curiosity_index, adaptive_learning_capacity, time_diff_end_vs_start, time_diff_phase3_vs_phase1, time_diff_max_vs_avg, ratio_hint_time, ratio_success_per_duration, PCA_Hints, PCA_Dur_x_PCA_Hints, PCA_Dur_squared, Comp_Awareness_Limit, Psych_Calculated_Risk, Psych_Flow_Stamina, ratio_struggle_time, inter_sweet_victory, PCA_Performance_Star, HighOrd_Star_x_Effort, inter_exploratory_brilliance, inter_obsessive_correction, inter_cowardice_penalty, HighOrd_Score_x_PCAStar, HighOrd_Score_x_PCADuration, Comp_GBA_DS_Anchored, Comp_GBA_AoL_Anchored, Feat_Resilient_Explorer, Feat_Ego_vs_Capacity, Feat_Cognitive_Waste, Feat_Strategic_Growth, Mutant_AoL_Resilience, Mutant_Omega_Curiosity, Mutant_Ego_Death",2.1
204,MutualInfo_p80,16,SVR_Linear,0.5349,0.55,0.4347,-0.1434,0.0272,0.7228504826484005,n.s.,"{'model__epsilon': 0.5, 'model__C': 1.0}","humility_challenging, struggle_ratio, grind_capacity, boldness_score, engagement_persistence, stubbornness_index, impulsive_help_ratio, hint_dependency_gravity, adaptive_learning_capacity, stubborn_failure_magnitude, ratio_redo_success, Psych_Calculated_Risk, Psych_Calculated_Risk_Growth, inter_exploratory_brilliance, Feat_Ego_vs_Capacity, Feat_Strategic_Growth",0.6
205,RFE_Ridge_Top20,20,HuberRegressor,0.5262,0.5341,0.431,-0.0781,0.0235,0.7601021495026729,n.s.,"{'model__epsilon': 1.35, 'model__alpha': 0.01}","struggle_ratio, apathy_speed, engagement_persistence, carefulness_index, time_diff_phase3_vs_phase1, ratio_hint_time, ratio_success_per_duration, ratio_redo_success, PCA_Hints, Comp_Joyous_Exploration, Comp_Awareness_Limit, Psych_Calculated_Risk, Psych_Ego_Awareness, Psych_Adaptability, Psych_Calculated_Risk_Growth, ratio_hint_per_star, PCA_Performance_Star, inter_exploratory_brilliance, Feat_Cognitive_Waste, Mutant_Omega_Curiosity",0.7
206,MutualInfo_p70,24,KNN_Regressor,0.5351,0.5356,0.4283,-0.0844,0.0196,0.7985545332442245,n.s.,"{'model__weights': 'uniform', 'model__p': 2, 'model__n_neighbors': 15}","humility_challenging, struggle_ratio, grind_capacity, boldness_score, engagement_persistence, stubbornness_index, impulsive_help_ratio, contemplation_index, star_efficiency, hint_dependency_gravity, frustration_breakdown_ratio, adaptive_learning_capacity, stubborn_failure_magnitude, time_diff_end_vs_start, ratio_redo_success, Comp_Joyous_Exploration, Comp_Awareness_Limit, Psych_Calculated_Risk, Psych_Learned_Helplessness, Psych_Calculated_Risk_Growth, inter_exploratory_brilliance, Feat_Ego_vs_Capacity, Feat_Strategic_Growth, Mutant_Ego_Death",0.8
207,RFE_Ridge_Top20,20,MLP_Regressor,0.5581,0.5565,0.4431,-0.1706,0.0121,0.875064931640988,n.s.,"{'model__learning_rate': 'constant', 'model__hidden_layer_sizes': (128,), 'model__alpha': 0.001, 'model__activation': 'tanh'}","struggle_ratio, apathy_speed, engagement_persistence, carefulness_index, time_diff_phase3_vs_phase1, ratio_hint_time, ratio_success_per_duration, ratio_redo_success, PCA_Hints, Comp_Joyous_Exploration, Comp_Awareness_Limit, Psych_Calculated_Risk, Psych_Ego_Awareness, Psych_Adaptability, Psych_Calculated_Risk_Growth, ratio_hint_per_star, PCA_Performance_Star, inter_exploratory_brilliance, Feat_Cognitive_Waste, Mutant_Omega_Curiosity",10.3
208,MutualInfo_p90,8,MLP_Regressor,0.5328,0.5408,0.4422,-0.1056,0.0063,0.934953728065924,n.s.,"{'model__learning_rate': 'adaptive', 'model__hidden_layer_sizes': (64, 32), 'model__alpha': 0.01, 'model__activation': 'tanh'}","humility_challenging, struggle_ratio, grind_capacity, stubbornness_index, impulsive_help_ratio, hint_dependency_gravity, adaptive_learning_capacity, Psych_Calculated_Risk_Growth",7.7
209,Lasso_NonZero,28,MLP_Regressor,0.6075,0.6141,0.4883,-0.4254,0.0047,0.9508861958131319,n.s.,"{'model__learning_rate': 'constant', 'model__hidden_layer_sizes': (128,), 'model__alpha': 0.001, 'model__activation': 'tanh'}","struggle_ratio, grind_capacity, score_velocity, hint_reading_duration, hint_reliance_ratio, tuas_dominance, keypad_dominance, hesitation_penalty, hint_dependency_gravity, calculated_risk_taking, stubborn_failure_magnitude, time_diff_max_vs_avg, ratio_hint_time, inter_hint_x_skip, PCA_Dur_x_PCA_Hints, PCA_Dur_squared, Comp_Awareness_Limit, Psych_Deprivation_Fixation, Psych_Ego_Awareness, Psych_Calculated_Risk_Growth, ratio_struggle_time, ratio_score_per_hint, inter_obsessive_correction, inter_cowardice_penalty, Comp_GBA_AoL_Anchored, Feat_Strategic_Growth, Mutant_AoL_Resilience, Mutant_Omega_Curiosity",13.1
210,MutualInfo_p80,16,MLP_Regressor,0.5421,0.5557,0.4534,-0.1669,0.0022,0.9769002508377412,n.s.,"{'model__learning_rate': 'constant', 'model__hidden_layer_sizes': (128,), 'model__alpha': 0.001, 'model__activation': 'tanh'}","humility_challenging, struggle_ratio, grind_capacity, boldness_score, engagement_persistence, stubbornness_index, impulsive_help_ratio, hint_dependency_gravity, adaptive_learning_capacity, stubborn_failure_magnitude, ratio_redo_success, Psych_Calculated_Risk, Psych_Calculated_Risk_Growth, inter_exploratory_brilliance, Feat_Ego_vs_Capacity, Feat_Strategic_Growth",9.7
211,RFE_Ridge_Top30,30,MLP_Regressor,0.5651,0.5743,0.453,-0.2464,-0.0079,0.9178986152186892,n.s.,"{'model__learning_rate': 'adaptive', 'model__hidden_layer_sizes': (64, 32), 'model__alpha': 0.01, 'model__activation': 'tanh'}","sum_weighted_score, humility_challenging, struggle_ratio, hard_challenge_efficiency, apathy_speed, engagement_persistence, carefulness_index, time_diff_phase3_vs_phase1, ratio_hint_time, ratio_success_per_duration, ratio_redo_success, PCA_Hints, Comp_Joyous_Exploration, Comp_Awareness_Limit, Psych_Calculated_Risk, Psych_Flow_Stamina, Psych_Ego_Awareness, Psych_Adaptability, Psych_Calculated_Risk_Growth, ratio_hint_per_star, ratio_struggle_time, PCA_Performance_Star, ratio_score_per_hint, inter_exploratory_brilliance, inter_obsessive_correction, Feat_Resilient_Explorer, Feat_Ego_vs_Capacity, Feat_Cognitive_Waste, Feat_Strategic_Growth, Mutant_Omega_Curiosity",11.7
212,MutualInfo_p80,16,SVR_RBF,0.5291,0.5217,0.4234,-0.0287,-0.0121,0.8744861163292897,n.s.,"{'model__gamma': 0.001, 'model__epsilon': 0.1, 'model__C': 0.1}","humility_challenging, struggle_ratio, grind_capacity, boldness_score, engagement_persistence, stubbornness_index, impulsive_help_ratio, hint_dependency_gravity, adaptive_learning_capacity, stubborn_failure_magnitude, ratio_redo_success, Psych_Calculated_Risk, Psych_Calculated_Risk_Growth, inter_exploratory_brilliance, Feat_Ego_vs_Capacity, Feat_Strategic_Growth",1.1
213,Pearson_gt0.15,10,MLP_Regressor,0.5366,0.5371,0.4319,-0.0903,-0.0174,0.8211299966979185,n.s.,"{'model__learning_rate': 'adaptive', 'model__hidden_layer_sizes': (64, 32), 'model__alpha': 0.01, 'model__activation': 'tanh'}","sum_weighted_score, score_velocity, Comp_Joyous_Exploration, Psych_Calculated_Risk, Psych_Calculated_Risk_Growth, inter_exploratory_brilliance, inter_obsessive_correction, Feat_Resilient_Explorer, Feat_Strategic_Growth, Mutant_Omega_Curiosity",7.8
214,Lasso_NonZero,28,SVR_Linear,0.5346,1.1858,0.5132,-4.3147,-0.0174,0.820879365439223,n.s.,"{'model__epsilon': 0.5, 'model__C': 1.0}","struggle_ratio, grind_capacity, score_velocity, hint_reading_duration, hint_reliance_ratio, tuas_dominance, keypad_dominance, hesitation_penalty, hint_dependency_gravity, calculated_risk_taking, stubborn_failure_magnitude, time_diff_max_vs_avg, ratio_hint_time, inter_hint_x_skip, PCA_Dur_x_PCA_Hints, PCA_Dur_squared, Comp_Awareness_Limit, Psych_Deprivation_Fixation, Psych_Ego_Awareness, Psych_Calculated_Risk_Growth, ratio_struggle_time, ratio_score_per_hint, inter_obsessive_correction, inter_cowardice_penalty, Comp_GBA_AoL_Anchored, Feat_Strategic_Growth, Mutant_AoL_Resilience, Mutant_Omega_Curiosity",0.7
215,Lasso_NonZero,28,HuberRegressor,0.5297,0.9102,0.4808,-2.1309,-0.0186,0.8089090320689418,n.s.,"{'model__epsilon': 2.0, 'model__alpha': 0.01}","struggle_ratio, grind_capacity, score_velocity, hint_reading_duration, hint_reliance_ratio, tuas_dominance, keypad_dominance, hesitation_penalty, hint_dependency_gravity, calculated_risk_taking, stubborn_failure_magnitude, time_diff_max_vs_avg, ratio_hint_time, inter_hint_x_skip, PCA_Dur_x_PCA_Hints, PCA_Dur_squared, Comp_Awareness_Limit, Psych_Deprivation_Fixation, Psych_Ego_Awareness, Psych_Calculated_Risk_Growth, ratio_struggle_time, ratio_score_per_hint, inter_obsessive_correction, inter_cowardice_penalty, Comp_GBA_AoL_Anchored, Feat_Strategic_Growth, Mutant_AoL_Resilience, Mutant_Omega_Curiosity",0.8
216,MutualInfo_p70,24,MLP_Regressor,0.5709,0.5764,0.4624,-0.2556,-0.0434,0.5714876406741528,n.s.,"{'model__learning_rate': 'adaptive', 'model__hidden_layer_sizes': (64, 32), 'model__alpha': 0.01, 'model__activation': 'tanh'}","humility_challenging, struggle_ratio, grind_capacity, boldness_score, engagement_persistence, stubbornness_index, impulsive_help_ratio, contemplation_index, star_efficiency, hint_dependency_gravity, frustration_breakdown_ratio, adaptive_learning_capacity, stubborn_failure_magnitude, time_diff_end_vs_start, ratio_redo_success, Comp_Joyous_Exploration, Comp_Awareness_Limit, Psych_Calculated_Risk, Psych_Learned_Helplessness, Psych_Calculated_Risk_Growth, inter_exploratory_brilliance, Feat_Ego_vs_Capacity, Feat_Strategic_Growth, Mutant_Ego_Death",8.0
