,FS_Method,N_Features,ML_Model,CV_RMSE_dev,Holdout_RMSE,Holdout_MAE,Holdout_R2,Best_Params,Features,Time_sec
1,Pearson_gt0.20,12,SVR_RBF,0.6996,0.651,0.5209,0.1495,"{'model__gamma': 'scale', 'model__epsilon': 0.5, 'model__C': 0.1}","sum_weighted_score, humility_challenging, struggle_ratio, score_velocity, impulsive_help_ratio, ratio_redo_success, Psych_Calculated_Risk, inter_exploratory_brilliance, inter_obsessive_correction, inter_cowardice_penalty, Feat_Resilient_Explorer, Mutant_Omega_Curiosity",1.2
2,Kendall_gt0.20,11,SVR_RBF,0.6965,0.6512,0.5157,0.149,"{'model__gamma': 'scale', 'model__epsilon': 0.5, 'model__C': 0.1}","sum_weighted_score, humility_challenging, score_velocity, adaptive_learning_capacity, Psych_Calculated_Risk, inter_exploratory_brilliance, inter_obsessive_correction, inter_cowardice_penalty, Feat_Resilient_Explorer, Mutant_AoL_Resilience, Mutant_Omega_Curiosity",1.5
3,Pearson_gt0.15,21,SVR_RBF,0.6984,0.6526,0.518,0.1454,"{'model__gamma': 'scale', 'model__epsilon': 0.5, 'model__C': 0.1}","sum_weighted_score, humility_challenging, struggle_ratio, score_velocity, hard_challenge_efficiency, impulsive_help_ratio, ratio_redo_success, Comp_Joyous_Exploration, Comp_Awareness_Limit, Psych_Calculated_Risk, ratio_score_per_hint, inter_exploratory_brilliance, inter_obsessive_correction, inter_cowardice_penalty, Comp_GBA_DS_Anchored, Comp_GBA_AoL_Anchored, Feat_Resilient_Explorer, Feat_Ego_vs_Capacity, Feat_Strategic_Growth, Mutant_AoL_Resilience, Mutant_Omega_Curiosity",1.5
4,RFE_Ridge_Top30,30,CatBoost,0.6922,0.6538,0.5204,0.1422,"{'model__learning_rate': 0.05, 'model__l2_leaf_reg': 1, 'model__iterations': 50, 'model__depth': 4}","sum_weighted_score, struggle_ratio, score_velocity, boldness_score, hard_challenge_efficiency, hint_vs_skip_ratio, carefulness_index, tuas_dominance, star_efficiency, exploration_efficiency, time_diff_end_vs_start, time_diff_phase3_vs_phase1, time_diff_max_vs_avg, PCA_Duration, PCA_Hints, PCA_Dur_x_PCA_Hints, Comp_Joyous_Exploration, Psych_Calculated_Risk, Psych_Ego_Awareness, Psych_Impulsive_Quit, Psych_Adaptability, Psych_Calculated_Risk_Growth, ratio_struggle_time, inter_strategic_retreat, inter_exploratory_brilliance, inter_obsessive_correction, HighOrd_Score_x_PCADuration, Comp_GBA_DS_Anchored, Feat_Resilient_Explorer, Mutant_AoL_Resilience",10.3
5,Lasso_NonZero,37,SVR_RBF,0.7083,0.6539,0.5229,0.142,"{'model__gamma': 'scale', 'model__epsilon': 0.5, 'model__C': 0.1}","sum_weighted_score, struggle_ratio, grind_capacity, score_velocity, boldness_score, hard_challenge_efficiency, hint_vs_skip_ratio, engagement_persistence, impulsive_help_ratio, hint_reliance_ratio, carefulness_index, tuas_dominance, keypad_dominance, hesitation_penalty, hint_dependency_gravity, reckless_action_index, calculated_risk_taking, stubborn_failure_magnitude, time_diff_end_vs_start, time_diff_max_vs_avg, ratio_success_per_duration, inter_hint_x_skip, PCA_Duration, PCA_Dur_x_PCA_Hints, Comp_Awareness_Limit, Psych_Deprivation_Fixation, Psych_Ego_Awareness, Psych_Independent_Efficiency, ratio_hint_per_star, ratio_struggle_time, HighOrd_Star_x_Effort, inter_obsessive_correction, HighOrd_Score_x_PCAStar, Comp_GBA_AoL_Anchored, Feat_Cognitive_Waste, Mutant_AoL_Resilience, Mutant_Ego_Death",2.4
6,RFE_Ridge_Top20,20,SVR_RBF,0.6998,0.6546,0.5228,0.14,"{'model__gamma': 'scale', 'model__epsilon': 0.5, 'model__C': 0.1}","sum_weighted_score, struggle_ratio, boldness_score, hard_challenge_efficiency, carefulness_index, time_diff_max_vs_avg, PCA_Duration, Comp_Joyous_Exploration, Psych_Calculated_Risk, Psych_Ego_Awareness, Psych_Impulsive_Quit, Psych_Adaptability, Psych_Calculated_Risk_Growth, ratio_struggle_time, inter_strategic_retreat, inter_exploratory_brilliance, inter_obsessive_correction, HighOrd_Score_x_PCADuration, Comp_GBA_DS_Anchored, Feat_Resilient_Explorer",2.3
7,MutualInfo_p90,8,CatBoost,0.6951,0.6547,0.5195,0.1398,"{'model__learning_rate': 0.05, 'model__l2_leaf_reg': 3, 'model__iterations': 50, 'model__depth': 4}","humility_challenging, boldness_score, Comp_Joyous_Exploration, Psych_Calculated_Risk, Psych_Calculated_Risk_Growth, inter_obsessive_correction, Comp_GBA_AoL_Anchored, Mutant_AoL_Resilience",3.6
8,RFE_Ridge_Top20,20,RandomForest,0.6955,0.6552,0.527,0.1385,"{'model__n_estimators': 100, 'model__min_samples_split': 2, 'model__max_features': 'sqrt', 'model__max_depth': 5}","sum_weighted_score, struggle_ratio, boldness_score, hard_challenge_efficiency, carefulness_index, time_diff_max_vs_avg, PCA_Duration, Comp_Joyous_Exploration, Psych_Calculated_Risk, Psych_Ego_Awareness, Psych_Impulsive_Quit, Psych_Adaptability, Psych_Calculated_Risk_Growth, ratio_struggle_time, inter_strategic_retreat, inter_exploratory_brilliance, inter_obsessive_correction, HighOrd_Score_x_PCADuration, Comp_GBA_DS_Anchored, Feat_Resilient_Explorer",5.9
9,MutualInfo_p90,8,SVR_RBF,0.6991,0.6552,0.5171,0.1386,"{'model__gamma': 'scale', 'model__epsilon': 0.5, 'model__C': 0.1}","humility_challenging, boldness_score, Comp_Joyous_Exploration, Psych_Calculated_Risk, Psych_Calculated_Risk_Growth, inter_obsessive_correction, Comp_GBA_AoL_Anchored, Mutant_AoL_Resilience",0.9
10,MutualInfo_p80,16,SVR_RBF,0.6993,0.6555,0.5169,0.1379,"{'model__gamma': 'scale', 'model__epsilon': 0.5, 'model__C': 0.1}","sum_weighted_score, humility_challenging, boldness_score, hard_challenge_efficiency, adaptive_learning_capacity, Comp_Joyous_Exploration, Psych_Calculated_Risk, Psych_Calculated_Risk_Growth, inter_ambition_vs_reality, ratio_score_per_hint, inter_exploratory_brilliance, inter_obsessive_correction, inter_cowardice_penalty, Comp_GBA_AoL_Anchored, Feat_Resilient_Explorer, Mutant_AoL_Resilience",1.2
11,RFE_Ridge_Top30,30,RandomForest,0.6939,0.6562,0.5246,0.1358,"{'model__n_estimators': 200, 'model__min_samples_split': 2, 'model__max_features': 'log2', 'model__max_depth': 5}","sum_weighted_score, struggle_ratio, score_velocity, boldness_score, hard_challenge_efficiency, hint_vs_skip_ratio, carefulness_index, tuas_dominance, star_efficiency, exploration_efficiency, time_diff_end_vs_start, time_diff_phase3_vs_phase1, time_diff_max_vs_avg, PCA_Duration, PCA_Hints, PCA_Dur_x_PCA_Hints, Comp_Joyous_Exploration, Psych_Calculated_Risk, Psych_Ego_Awareness, Psych_Impulsive_Quit, Psych_Adaptability, Psych_Calculated_Risk_Growth, ratio_struggle_time, inter_strategic_retreat, inter_exploratory_brilliance, inter_obsessive_correction, HighOrd_Score_x_PCADuration, Comp_GBA_DS_Anchored, Feat_Resilient_Explorer, Mutant_AoL_Resilience",6.0
12,RFE_Ridge_Top30,30,SVR_RBF,0.7011,0.6562,0.5245,0.136,"{'model__gamma': 'scale', 'model__epsilon': 0.5, 'model__C': 0.1}","sum_weighted_score, struggle_ratio, score_velocity, boldness_score, hard_challenge_efficiency, hint_vs_skip_ratio, carefulness_index, tuas_dominance, star_efficiency, exploration_efficiency, time_diff_end_vs_start, time_diff_phase3_vs_phase1, time_diff_max_vs_avg, PCA_Duration, PCA_Hints, PCA_Dur_x_PCA_Hints, Comp_Joyous_Exploration, Psych_Calculated_Risk, Psych_Ego_Awareness, Psych_Impulsive_Quit, Psych_Adaptability, Psych_Calculated_Risk_Growth, ratio_struggle_time, inter_strategic_retreat, inter_exploratory_brilliance, inter_obsessive_correction, HighOrd_Score_x_PCADuration, Comp_GBA_DS_Anchored, Feat_Resilient_Explorer, Mutant_AoL_Resilience",2.2
13,Pearson_gt0.15,21,CatBoost,0.6929,0.6563,0.523,0.1356,"{'model__learning_rate': 0.05, 'model__l2_leaf_reg': 1, 'model__iterations': 50, 'model__depth': 4}","sum_weighted_score, humility_challenging, struggle_ratio, score_velocity, hard_challenge_efficiency, impulsive_help_ratio, ratio_redo_success, Comp_Joyous_Exploration, Comp_Awareness_Limit, Psych_Calculated_Risk, ratio_score_per_hint, inter_exploratory_brilliance, inter_obsessive_correction, inter_cowardice_penalty, Comp_GBA_DS_Anchored, Comp_GBA_AoL_Anchored, Feat_Resilient_Explorer, Feat_Ego_vs_Capacity, Feat_Strategic_Growth, Mutant_AoL_Resilience, Mutant_Omega_Curiosity",8.8
14,RF_Importance_med,40,RandomForest,0.6953,0.6563,0.5228,0.1357,"{'model__n_estimators': 200, 'model__min_samples_split': 2, 'model__max_features': 'log2', 'model__max_depth': 5}","sum_weighted_score, score_velocity, hard_challenge_efficiency, hint_reading_duration, hint_effectiveness, engagement_persistence, impulsive_help_ratio, carefulness_index, contemplation_index, exploration_efficiency, hyper_curiosity_index, adaptive_learning_capacity, time_diff_end_vs_start, time_diff_phase3_vs_phase1, time_diff_max_vs_avg, ratio_hint_time, ratio_success_per_duration, PCA_Duration, PCA_Hints, PCA_Dur_x_PCA_Hints, PCA_Dur_squared, Comp_Awareness_Limit, Psych_Flow_Stamina, Psych_Impulsive_Quit, ratio_struggle_time, inter_sweet_victory, PCA_Performance_Star, HighOrd_Star_x_Effort, inter_obsessive_correction, inter_cowardice_penalty, HighOrd_Score_x_PCAStar, HighOrd_Score_x_PCADuration, Comp_GBA_DS_Anchored, Comp_GBA_AoL_Anchored, Feat_Resilient_Explorer, Feat_Ego_vs_Capacity, Feat_Cognitive_Waste, Mutant_AoL_Resilience, Mutant_Omega_Curiosity, Mutant_Ego_Death",5.6
15,RF_Importance_p80,16,RandomForest,0.6937,0.657,0.5178,0.1339,"{'model__n_estimators': 200, 'model__min_samples_split': 2, 'model__max_features': 'sqrt', 'model__max_depth': 5}","sum_weighted_score, contemplation_index, time_diff_end_vs_start, time_diff_max_vs_avg, PCA_Hints, PCA_Dur_x_PCA_Hints, Psych_Flow_Stamina, ratio_struggle_time, inter_sweet_victory, HighOrd_Star_x_Effort, inter_obsessive_correction, Comp_GBA_DS_Anchored, Comp_GBA_AoL_Anchored, Feat_Resilient_Explorer, Mutant_AoL_Resilience, Mutant_Ego_Death",5.0
16,Pearson_gt0.20,12,KNN_Regressor,0.7089,0.6577,0.5291,0.132,"{'model__weights': 'uniform', 'model__p': 2, 'model__n_neighbors': 15}","sum_weighted_score, humility_challenging, struggle_ratio, score_velocity, impulsive_help_ratio, ratio_redo_success, Psych_Calculated_Risk, inter_exploratory_brilliance, inter_obsessive_correction, inter_cowardice_penalty, Feat_Resilient_Explorer, Mutant_Omega_Curiosity",0.5
17,RF_Importance_p80,16,CatBoost,0.6939,0.6578,0.5209,0.1316,"{'model__learning_rate': 0.05, 'model__l2_leaf_reg': 3, 'model__iterations': 50, 'model__depth': 4}","sum_weighted_score, contemplation_index, time_diff_end_vs_start, time_diff_max_vs_avg, PCA_Hints, PCA_Dur_x_PCA_Hints, Psych_Flow_Stamina, ratio_struggle_time, inter_sweet_victory, HighOrd_Star_x_Effort, inter_obsessive_correction, Comp_GBA_DS_Anchored, Comp_GBA_AoL_Anchored, Feat_Resilient_Explorer, Mutant_AoL_Resilience, Mutant_Ego_Death",6.4
18,Lasso_NonZero,37,RandomForest,0.6927,0.6578,0.5272,0.1316,"{'model__n_estimators': 200, 'model__min_samples_split': 2, 'model__max_features': 'sqrt', 'model__max_depth': 5}","sum_weighted_score, struggle_ratio, grind_capacity, score_velocity, boldness_score, hard_challenge_efficiency, hint_vs_skip_ratio, engagement_persistence, impulsive_help_ratio, hint_reliance_ratio, carefulness_index, tuas_dominance, keypad_dominance, hesitation_penalty, hint_dependency_gravity, reckless_action_index, calculated_risk_taking, stubborn_failure_magnitude, time_diff_end_vs_start, time_diff_max_vs_avg, ratio_success_per_duration, inter_hint_x_skip, PCA_Duration, PCA_Dur_x_PCA_Hints, Comp_Awareness_Limit, Psych_Deprivation_Fixation, Psych_Ego_Awareness, Psych_Independent_Efficiency, ratio_hint_per_star, ratio_struggle_time, HighOrd_Star_x_Effort, inter_obsessive_correction, HighOrd_Score_x_PCAStar, Comp_GBA_AoL_Anchored, Feat_Cognitive_Waste, Mutant_AoL_Resilience, Mutant_Ego_Death",5.4
19,Kendall_gt0.10,27,CatBoost,0.6927,0.6582,0.526,0.1307,"{'model__learning_rate': 0.05, 'model__l2_leaf_reg': 3, 'model__iterations': 50, 'model__depth': 4}","sum_weighted_score, humility_challenging, struggle_ratio, grind_capacity, score_velocity, stubbornness_index, impulsive_help_ratio, hint_reliance_ratio, hint_dependency_gravity, adaptive_learning_capacity, stubborn_failure_magnitude, ratio_redo_success, Comp_Joyous_Exploration, Comp_Awareness_Limit, Psych_Calculated_Risk, Psych_Ego_Awareness, ratio_score_per_hint, inter_exploratory_brilliance, inter_obsessive_correction, inter_cowardice_penalty, Comp_GBA_DS_Anchored, Comp_GBA_AoL_Anchored, Feat_Resilient_Explorer, Feat_Ego_vs_Capacity, Feat_Strategic_Growth, Mutant_AoL_Resilience, Mutant_Omega_Curiosity",7.7
20,Spearman_gt0.15,27,CatBoost,0.6927,0.6582,0.526,0.1307,"{'model__learning_rate': 0.05, 'model__l2_leaf_reg': 3, 'model__iterations': 50, 'model__depth': 4}","sum_weighted_score, humility_challenging, struggle_ratio, grind_capacity, score_velocity, stubbornness_index, impulsive_help_ratio, hint_reliance_ratio, hint_dependency_gravity, adaptive_learning_capacity, stubborn_failure_magnitude, ratio_redo_success, Comp_Joyous_Exploration, Comp_Awareness_Limit, Psych_Calculated_Risk, Psych_Ego_Awareness, ratio_score_per_hint, inter_exploratory_brilliance, inter_obsessive_correction, inter_cowardice_penalty, Comp_GBA_DS_Anchored, Comp_GBA_AoL_Anchored, Feat_Resilient_Explorer, Feat_Ego_vs_Capacity, Feat_Strategic_Growth, Mutant_AoL_Resilience, Mutant_Omega_Curiosity",8.8
21,MutualInfo_p90,8,RandomForest,0.699,0.6585,0.5178,0.13,"{'model__n_estimators': 200, 'model__min_samples_split': 5, 'model__max_features': 'sqrt', 'model__max_depth': 5}","humility_challenging, boldness_score, Comp_Joyous_Exploration, Psych_Calculated_Risk, Psych_Calculated_Risk_Growth, inter_obsessive_correction, Comp_GBA_AoL_Anchored, Mutant_AoL_Resilience",4.3
22,RF_Importance_med,40,CatBoost,0.6918,0.6586,0.5225,0.1295,"{'model__learning_rate': 0.05, 'model__l2_leaf_reg': 1, 'model__iterations': 50, 'model__depth': 4}","sum_weighted_score, score_velocity, hard_challenge_efficiency, hint_reading_duration, hint_effectiveness, engagement_persistence, impulsive_help_ratio, carefulness_index, contemplation_index, exploration_efficiency, hyper_curiosity_index, adaptive_learning_capacity, time_diff_end_vs_start, time_diff_phase3_vs_phase1, time_diff_max_vs_avg, ratio_hint_time, ratio_success_per_duration, PCA_Duration, PCA_Hints, PCA_Dur_x_PCA_Hints, PCA_Dur_squared, Comp_Awareness_Limit, Psych_Flow_Stamina, Psych_Impulsive_Quit, ratio_struggle_time, inter_sweet_victory, PCA_Performance_Star, HighOrd_Star_x_Effort, inter_obsessive_correction, inter_cowardice_penalty, HighOrd_Score_x_PCAStar, HighOrd_Score_x_PCADuration, Comp_GBA_DS_Anchored, Comp_GBA_AoL_Anchored, Feat_Resilient_Explorer, Feat_Ego_vs_Capacity, Feat_Cognitive_Waste, Mutant_AoL_Resilience, Mutant_Omega_Curiosity, Mutant_Ego_Death",11.7
23,Spearman_gt0.30,6,CatBoost,0.6954,0.6586,0.5243,0.1296,"{'model__learning_rate': 0.05, 'model__l2_leaf_reg': 3, 'model__iterations': 50, 'model__depth': 4}","sum_weighted_score, inter_obsessive_correction, inter_cowardice_penalty, Feat_Resilient_Explorer, Mutant_AoL_Resilience, Mutant_Omega_Curiosity",4.0
24,Kendall_gt0.20,11,RandomForest,0.6977,0.6593,0.5255,0.1277,"{'model__n_estimators': 200, 'model__min_samples_split': 5, 'model__max_features': 'sqrt', 'model__max_depth': 5}","sum_weighted_score, humility_challenging, score_velocity, adaptive_learning_capacity, Psych_Calculated_Risk, inter_exploratory_brilliance, inter_obsessive_correction, inter_cowardice_penalty, Feat_Resilient_Explorer, Mutant_AoL_Resilience, Mutant_Omega_Curiosity",5.8
25,Spearman_gt0.20,22,CatBoost,0.6913,0.6597,0.5246,0.1268,"{'model__learning_rate': 0.05, 'model__l2_leaf_reg': 3, 'model__iterations': 50, 'model__depth': 4}","sum_weighted_score, humility_challenging, struggle_ratio, grind_capacity, score_velocity, stubbornness_index, impulsive_help_ratio, adaptive_learning_capacity, ratio_redo_success, Psych_Calculated_Risk, Psych_Ego_Awareness, ratio_score_per_hint, inter_exploratory_brilliance, inter_obsessive_correction, inter_cowardice_penalty, Comp_GBA_DS_Anchored, Comp_GBA_AoL_Anchored, Feat_Resilient_Explorer, Feat_Ego_vs_Capacity, Feat_Strategic_Growth, Mutant_AoL_Resilience, Mutant_Omega_Curiosity",6.9
26,RF_Importance_med,40,Ridge,0.702,0.6597,0.5193,0.1266,{'model__alpha': 500.0},"sum_weighted_score, score_velocity, hard_challenge_efficiency, hint_reading_duration, hint_effectiveness, engagement_persistence, impulsive_help_ratio, carefulness_index, contemplation_index, exploration_efficiency, hyper_curiosity_index, adaptive_learning_capacity, time_diff_end_vs_start, time_diff_phase3_vs_phase1, time_diff_max_vs_avg, ratio_hint_time, ratio_success_per_duration, PCA_Duration, PCA_Hints, PCA_Dur_x_PCA_Hints, PCA_Dur_squared, Comp_Awareness_Limit, Psych_Flow_Stamina, Psych_Impulsive_Quit, ratio_struggle_time, inter_sweet_victory, PCA_Performance_Star, HighOrd_Star_x_Effort, inter_obsessive_correction, inter_cowardice_penalty, HighOrd_Score_x_PCAStar, HighOrd_Score_x_PCADuration, Comp_GBA_DS_Anchored, Comp_GBA_AoL_Anchored, Feat_Resilient_Explorer, Feat_Ego_vs_Capacity, Feat_Cognitive_Waste, Mutant_AoL_Resilience, Mutant_Omega_Curiosity, Mutant_Ego_Death",0.5
27,Lasso_NonZero,37,CatBoost,0.6918,0.6601,0.5308,0.1256,"{'model__learning_rate': 0.05, 'model__l2_leaf_reg': 3, 'model__iterations': 100, 'model__depth': 4}","sum_weighted_score, struggle_ratio, grind_capacity, score_velocity, boldness_score, hard_challenge_efficiency, hint_vs_skip_ratio, engagement_persistence, impulsive_help_ratio, hint_reliance_ratio, carefulness_index, tuas_dominance, keypad_dominance, hesitation_penalty, hint_dependency_gravity, reckless_action_index, calculated_risk_taking, stubborn_failure_magnitude, time_diff_end_vs_start, time_diff_max_vs_avg, ratio_success_per_duration, inter_hint_x_skip, PCA_Duration, PCA_Dur_x_PCA_Hints, Comp_Awareness_Limit, Psych_Deprivation_Fixation, Psych_Ego_Awareness, Psych_Independent_Efficiency, ratio_hint_per_star, ratio_struggle_time, HighOrd_Star_x_Effort, inter_obsessive_correction, HighOrd_Score_x_PCAStar, Comp_GBA_AoL_Anchored, Feat_Cognitive_Waste, Mutant_AoL_Resilience, Mutant_Ego_Death",10.3
28,MutualInfo_p80,16,CatBoost,0.6948,0.6605,0.5246,0.1245,"{'model__learning_rate': 0.05, 'model__l2_leaf_reg': 3, 'model__iterations': 50, 'model__depth': 4}","sum_weighted_score, humility_challenging, boldness_score, hard_challenge_efficiency, adaptive_learning_capacity, Comp_Joyous_Exploration, Psych_Calculated_Risk, Psych_Calculated_Risk_Growth, inter_ambition_vs_reality, ratio_score_per_hint, inter_exploratory_brilliance, inter_obsessive_correction, inter_cowardice_penalty, Comp_GBA_AoL_Anchored, Feat_Resilient_Explorer, Mutant_AoL_Resilience",5.4
29,RFE_Ridge_Top20,20,CatBoost,0.6934,0.6607,0.5243,0.1241,"{'model__learning_rate': 0.05, 'model__l2_leaf_reg': 5, 'model__iterations': 50, 'model__depth': 6}","sum_weighted_score, struggle_ratio, boldness_score, hard_challenge_efficiency, carefulness_index, time_diff_max_vs_avg, PCA_Duration, Comp_Joyous_Exploration, Psych_Calculated_Risk, Psych_Ego_Awareness, Psych_Impulsive_Quit, Psych_Adaptability, Psych_Calculated_Risk_Growth, ratio_struggle_time, inter_strategic_retreat, inter_exploratory_brilliance, inter_obsessive_correction, HighOrd_Score_x_PCADuration, Comp_GBA_DS_Anchored, Feat_Resilient_Explorer",7.0
30,Kendall_gt0.15,21,CatBoost,0.6907,0.6608,0.5276,0.1238,"{'model__learning_rate': 0.05, 'model__l2_leaf_reg': 3, 'model__iterations': 50, 'model__depth': 4}","sum_weighted_score, humility_challenging, struggle_ratio, grind_capacity, score_velocity, stubbornness_index, impulsive_help_ratio, adaptive_learning_capacity, ratio_redo_success, Psych_Calculated_Risk, Psych_Ego_Awareness, ratio_score_per_hint, inter_exploratory_brilliance, inter_obsessive_correction, inter_cowardice_penalty, Comp_GBA_AoL_Anchored, Feat_Resilient_Explorer, Feat_Ego_vs_Capacity, Feat_Strategic_Growth, Mutant_AoL_Resilience, Mutant_Omega_Curiosity",9.0
31,Pearson_gt0.15,21,Ridge,0.6994,0.6613,0.5227,0.1223,{'model__alpha': 100.0},"sum_weighted_score, humility_challenging, struggle_ratio, score_velocity, hard_challenge_efficiency, impulsive_help_ratio, ratio_redo_success, Comp_Joyous_Exploration, Comp_Awareness_Limit, Psych_Calculated_Risk, ratio_score_per_hint, inter_exploratory_brilliance, inter_obsessive_correction, inter_cowardice_penalty, Comp_GBA_DS_Anchored, Comp_GBA_AoL_Anchored, Feat_Resilient_Explorer, Feat_Ego_vs_Capacity, Feat_Strategic_Growth, Mutant_AoL_Resilience, Mutant_Omega_Curiosity",0.4
32,MutualInfo_p70,24,CatBoost,0.6938,0.6614,0.5255,0.1222,"{'model__learning_rate': 0.05, 'model__l2_leaf_reg': 3, 'model__iterations': 50, 'model__depth': 4}","sum_weighted_score, humility_challenging, boldness_score, hard_challenge_efficiency, stubbornness_index, impulsive_help_ratio, hint_reliance_ratio, adaptive_learning_capacity, ratio_redo_success, Comp_Joyous_Exploration, Comp_Awareness_Limit, Psych_Calculated_Risk, Psych_Calculated_Risk_Growth, inter_ambition_vs_reality, ratio_score_per_hint, inter_exploratory_brilliance, inter_obsessive_correction, inter_cowardice_penalty, Comp_GBA_AoL_Anchored, Feat_Resilient_Explorer, Feat_Ego_vs_Capacity, Feat_Strategic_Growth, Mutant_AoL_Resilience, Mutant_Omega_Curiosity",8.0
33,RF_Importance_med,40,SVR_RBF,0.7186,0.6614,0.5219,0.1221,"{'model__gamma': 0.01, 'model__epsilon': 0.01, 'model__C': 0.1}","sum_weighted_score, score_velocity, hard_challenge_efficiency, hint_reading_duration, hint_effectiveness, engagement_persistence, impulsive_help_ratio, carefulness_index, contemplation_index, exploration_efficiency, hyper_curiosity_index, adaptive_learning_capacity, time_diff_end_vs_start, time_diff_phase3_vs_phase1, time_diff_max_vs_avg, ratio_hint_time, ratio_success_per_duration, PCA_Duration, PCA_Hints, PCA_Dur_x_PCA_Hints, PCA_Dur_squared, Comp_Awareness_Limit, Psych_Flow_Stamina, Psych_Impulsive_Quit, ratio_struggle_time, inter_sweet_victory, PCA_Performance_Star, HighOrd_Star_x_Effort, inter_obsessive_correction, inter_cowardice_penalty, HighOrd_Score_x_PCAStar, HighOrd_Score_x_PCADuration, Comp_GBA_DS_Anchored, Comp_GBA_AoL_Anchored, Feat_Resilient_Explorer, Feat_Ego_vs_Capacity, Feat_Cognitive_Waste, Mutant_AoL_Resilience, Mutant_Omega_Curiosity, Mutant_Ego_Death",2.1
34,Kendall_gt0.20,11,CatBoost,0.6929,0.6614,0.5267,0.1222,"{'model__learning_rate': 0.05, 'model__l2_leaf_reg': 1, 'model__iterations': 50, 'model__depth': 4}","sum_weighted_score, humility_challenging, score_velocity, adaptive_learning_capacity, Psych_Calculated_Risk, inter_exploratory_brilliance, inter_obsessive_correction, inter_cowardice_penalty, Feat_Resilient_Explorer, Mutant_AoL_Resilience, Mutant_Omega_Curiosity",7.0
35,Kendall_gt0.15,21,RandomForest,0.6964,0.6617,0.5242,0.1213,"{'model__n_estimators': 100, 'model__min_samples_split': 2, 'model__max_features': 'sqrt', 'model__max_depth': 5}","sum_weighted_score, humility_challenging, struggle_ratio, grind_capacity, score_velocity, stubbornness_index, impulsive_help_ratio, adaptive_learning_capacity, ratio_redo_success, Psych_Calculated_Risk, Psych_Ego_Awareness, ratio_score_per_hint, inter_exploratory_brilliance, inter_obsessive_correction, inter_cowardice_penalty, Comp_GBA_AoL_Anchored, Feat_Resilient_Explorer, Feat_Ego_vs_Capacity, Feat_Strategic_Growth, Mutant_AoL_Resilience, Mutant_Omega_Curiosity",5.0
36,Pearson_gt0.20,12,CatBoost,0.692,0.6618,0.5307,0.1212,"{'model__learning_rate': 0.05, 'model__l2_leaf_reg': 5, 'model__iterations': 50, 'model__depth': 6}","sum_weighted_score, humility_challenging, struggle_ratio, score_velocity, impulsive_help_ratio, ratio_redo_success, Psych_Calculated_Risk, inter_exploratory_brilliance, inter_obsessive_correction, inter_cowardice_penalty, Feat_Resilient_Explorer, Mutant_Omega_Curiosity",5.2
37,RF_Importance_med,40,PLSRegression,0.6972,0.662,0.5277,0.1205,{'model__n_components': 2},"sum_weighted_score, score_velocity, hard_challenge_efficiency, hint_reading_duration, hint_effectiveness, engagement_persistence, impulsive_help_ratio, carefulness_index, contemplation_index, exploration_efficiency, hyper_curiosity_index, adaptive_learning_capacity, time_diff_end_vs_start, time_diff_phase3_vs_phase1, time_diff_max_vs_avg, ratio_hint_time, ratio_success_per_duration, PCA_Duration, PCA_Hints, PCA_Dur_x_PCA_Hints, PCA_Dur_squared, Comp_Awareness_Limit, Psych_Flow_Stamina, Psych_Impulsive_Quit, ratio_struggle_time, inter_sweet_victory, PCA_Performance_Star, HighOrd_Star_x_Effort, inter_obsessive_correction, inter_cowardice_penalty, HighOrd_Score_x_PCAStar, HighOrd_Score_x_PCADuration, Comp_GBA_DS_Anchored, Comp_GBA_AoL_Anchored, Feat_Resilient_Explorer, Feat_Ego_vs_Capacity, Feat_Cognitive_Waste, Mutant_AoL_Resilience, Mutant_Omega_Curiosity, Mutant_Ego_Death",0.4
38,Pearson_gt0.15,21,PLSRegression,0.7001,0.662,0.5269,0.1207,{'model__n_components': 2},"sum_weighted_score, humility_challenging, struggle_ratio, score_velocity, hard_challenge_efficiency, impulsive_help_ratio, ratio_redo_success, Comp_Joyous_Exploration, Comp_Awareness_Limit, Psych_Calculated_Risk, ratio_score_per_hint, inter_exploratory_brilliance, inter_obsessive_correction, inter_cowardice_penalty, Comp_GBA_DS_Anchored, Comp_GBA_AoL_Anchored, Feat_Resilient_Explorer, Feat_Ego_vs_Capacity, Feat_Strategic_Growth, Mutant_AoL_Resilience, Mutant_Omega_Curiosity",0.3
39,Pearson_gt0.20,12,Ridge,0.6985,0.6622,0.5279,0.1201,{'model__alpha': 10.0},"sum_weighted_score, humility_challenging, struggle_ratio, score_velocity, impulsive_help_ratio, ratio_redo_success, Psych_Calculated_Risk, inter_exploratory_brilliance, inter_obsessive_correction, inter_cowardice_penalty, Feat_Resilient_Explorer, Mutant_Omega_Curiosity",0.3
40,MutualInfo_p80,16,Ridge,0.6989,0.6626,0.5233,0.1189,{'model__alpha': 100.0},"sum_weighted_score, humility_challenging, boldness_score, hard_challenge_efficiency, adaptive_learning_capacity, Comp_Joyous_Exploration, Psych_Calculated_Risk, Psych_Calculated_Risk_Growth, inter_ambition_vs_reality, ratio_score_per_hint, inter_exploratory_brilliance, inter_obsessive_correction, inter_cowardice_penalty, Comp_GBA_AoL_Anchored, Feat_Resilient_Explorer, Mutant_AoL_Resilience",0.3
41,RFE_Ridge_Top30,30,Ridge,0.6929,0.6628,0.5285,0.1184,{'model__alpha': 100.0},"sum_weighted_score, struggle_ratio, score_velocity, boldness_score, hard_challenge_efficiency, hint_vs_skip_ratio, carefulness_index, tuas_dominance, star_efficiency, exploration_efficiency, time_diff_end_vs_start, time_diff_phase3_vs_phase1, time_diff_max_vs_avg, PCA_Duration, PCA_Hints, PCA_Dur_x_PCA_Hints, Comp_Joyous_Exploration, Psych_Calculated_Risk, Psych_Ego_Awareness, Psych_Impulsive_Quit, Psych_Adaptability, Psych_Calculated_Risk_Growth, ratio_struggle_time, inter_strategic_retreat, inter_exploratory_brilliance, inter_obsessive_correction, HighOrd_Score_x_PCADuration, Comp_GBA_DS_Anchored, Feat_Resilient_Explorer, Mutant_AoL_Resilience",0.4
42,MutualInfo_p70,24,RandomForest,0.6988,0.6628,0.524,0.1186,"{'model__n_estimators': 200, 'model__min_samples_split': 5, 'model__max_features': 'sqrt', 'model__max_depth': 5}","sum_weighted_score, humility_challenging, boldness_score, hard_challenge_efficiency, stubbornness_index, impulsive_help_ratio, hint_reliance_ratio, adaptive_learning_capacity, ratio_redo_success, Comp_Joyous_Exploration, Comp_Awareness_Limit, Psych_Calculated_Risk, Psych_Calculated_Risk_Growth, inter_ambition_vs_reality, ratio_score_per_hint, inter_exploratory_brilliance, inter_obsessive_correction, inter_cowardice_penalty, Comp_GBA_AoL_Anchored, Feat_Resilient_Explorer, Feat_Ego_vs_Capacity, Feat_Strategic_Growth, Mutant_AoL_Resilience, Mutant_Omega_Curiosity",7.6
43,Pearson_gt0.20,12,Lasso,0.698,0.6628,0.524,0.1186,{'model__alpha': 0.01},"sum_weighted_score, humility_challenging, struggle_ratio, score_velocity, impulsive_help_ratio, ratio_redo_success, Psych_Calculated_Risk, inter_exploratory_brilliance, inter_obsessive_correction, inter_cowardice_penalty, Feat_Resilient_Explorer, Mutant_Omega_Curiosity",0.3
44,Kendall_gt0.10,27,RandomForest,0.6958,0.6634,0.526,0.117,"{'model__n_estimators': 100, 'model__min_samples_split': 2, 'model__max_features': 'log2', 'model__max_depth': 5}","sum_weighted_score, humility_challenging, struggle_ratio, grind_capacity, score_velocity, stubbornness_index, impulsive_help_ratio, hint_reliance_ratio, hint_dependency_gravity, adaptive_learning_capacity, stubborn_failure_magnitude, ratio_redo_success, Comp_Joyous_Exploration, Comp_Awareness_Limit, Psych_Calculated_Risk, Psych_Ego_Awareness, ratio_score_per_hint, inter_exploratory_brilliance, inter_obsessive_correction, inter_cowardice_penalty, Comp_GBA_DS_Anchored, Comp_GBA_AoL_Anchored, Feat_Resilient_Explorer, Feat_Ego_vs_Capacity, Feat_Strategic_Growth, Mutant_AoL_Resilience, Mutant_Omega_Curiosity",5.2
45,Spearman_gt0.15,27,RandomForest,0.6958,0.6634,0.526,0.117,"{'model__n_estimators': 100, 'model__min_samples_split': 2, 'model__max_features': 'log2', 'model__max_depth': 5}","sum_weighted_score, humility_challenging, struggle_ratio, grind_capacity, score_velocity, stubbornness_index, impulsive_help_ratio, hint_reliance_ratio, hint_dependency_gravity, adaptive_learning_capacity, stubborn_failure_magnitude, ratio_redo_success, Comp_Joyous_Exploration, Comp_Awareness_Limit, Psych_Calculated_Risk, Psych_Ego_Awareness, ratio_score_per_hint, inter_exploratory_brilliance, inter_obsessive_correction, inter_cowardice_penalty, Comp_GBA_DS_Anchored, Comp_GBA_AoL_Anchored, Feat_Resilient_Explorer, Feat_Ego_vs_Capacity, Feat_Strategic_Growth, Mutant_AoL_Resilience, Mutant_Omega_Curiosity",5.4
46,Pearson_gt0.20,12,ElasticNet,0.6978,0.6635,0.5249,0.1166,"{'model__l1_ratio': 0.7, 'model__alpha': 0.01}","sum_weighted_score, humility_challenging, struggle_ratio, score_velocity, impulsive_help_ratio, ratio_redo_success, Psych_Calculated_Risk, inter_exploratory_brilliance, inter_obsessive_correction, inter_cowardice_penalty, Feat_Resilient_Explorer, Mutant_Omega_Curiosity",0.4
47,Pearson_gt0.15,21,ElasticNet,0.7019,0.6636,0.5245,0.1164,"{'model__l1_ratio': 0.7, 'model__alpha': 0.01}","sum_weighted_score, humility_challenging, struggle_ratio, score_velocity, hard_challenge_efficiency, impulsive_help_ratio, ratio_redo_success, Comp_Joyous_Exploration, Comp_Awareness_Limit, Psych_Calculated_Risk, ratio_score_per_hint, inter_exploratory_brilliance, inter_obsessive_correction, inter_cowardice_penalty, Comp_GBA_DS_Anchored, Comp_GBA_AoL_Anchored, Feat_Resilient_Explorer, Feat_Ego_vs_Capacity, Feat_Strategic_Growth, Mutant_AoL_Resilience, Mutant_Omega_Curiosity",0.5
48,Kendall_gt0.20,11,Lasso,0.697,0.6637,0.5228,0.1161,{'model__alpha': 0.01},"sum_weighted_score, humility_challenging, score_velocity, adaptive_learning_capacity, Psych_Calculated_Risk, inter_exploratory_brilliance, inter_obsessive_correction, inter_cowardice_penalty, Feat_Resilient_Explorer, Mutant_AoL_Resilience, Mutant_Omega_Curiosity",0.4
49,Pearson_gt0.15,21,Lasso,0.702,0.6638,0.5241,0.1157,{'model__alpha': 0.01},"sum_weighted_score, humility_challenging, struggle_ratio, score_velocity, hard_challenge_efficiency, impulsive_help_ratio, ratio_redo_success, Comp_Joyous_Exploration, Comp_Awareness_Limit, Psych_Calculated_Risk, ratio_score_per_hint, inter_exploratory_brilliance, inter_obsessive_correction, inter_cowardice_penalty, Comp_GBA_DS_Anchored, Comp_GBA_AoL_Anchored, Feat_Resilient_Explorer, Feat_Ego_vs_Capacity, Feat_Strategic_Growth, Mutant_AoL_Resilience, Mutant_Omega_Curiosity",6.0
50,Spearman_gt0.20,22,RandomForest,0.6943,0.664,0.5272,0.1154,"{'model__n_estimators': 200, 'model__min_samples_split': 2, 'model__max_features': 'sqrt', 'model__max_depth': 5}","sum_weighted_score, humility_challenging, struggle_ratio, grind_capacity, score_velocity, stubbornness_index, impulsive_help_ratio, adaptive_learning_capacity, ratio_redo_success, Psych_Calculated_Risk, Psych_Ego_Awareness, ratio_score_per_hint, inter_exploratory_brilliance, inter_obsessive_correction, inter_cowardice_penalty, Comp_GBA_DS_Anchored, Comp_GBA_AoL_Anchored, Feat_Resilient_Explorer, Feat_Ego_vs_Capacity, Feat_Strategic_Growth, Mutant_AoL_Resilience, Mutant_Omega_Curiosity",5.2
51,Pearson_gt0.15,21,RandomForest,0.6962,0.664,0.5272,0.1153,"{'model__n_estimators': 100, 'model__min_samples_split': 2, 'model__max_features': 'sqrt', 'model__max_depth': 5}","sum_weighted_score, humility_challenging, struggle_ratio, score_velocity, hard_challenge_efficiency, impulsive_help_ratio, ratio_redo_success, Comp_Joyous_Exploration, Comp_Awareness_Limit, Psych_Calculated_Risk, ratio_score_per_hint, inter_exploratory_brilliance, inter_obsessive_correction, inter_cowardice_penalty, Comp_GBA_DS_Anchored, Comp_GBA_AoL_Anchored, Feat_Resilient_Explorer, Feat_Ego_vs_Capacity, Feat_Strategic_Growth, Mutant_AoL_Resilience, Mutant_Omega_Curiosity",5.0
52,RF_Importance_p90,8,CatBoost,0.6957,0.6641,0.5265,0.1149,"{'model__learning_rate': 0.05, 'model__l2_leaf_reg': 3, 'model__iterations': 50, 'model__depth': 4}","sum_weighted_score, contemplation_index, time_diff_end_vs_start, time_diff_max_vs_avg, PCA_Dur_x_PCA_Hints, inter_obsessive_correction, Feat_Resilient_Explorer, Mutant_AoL_Resilience",4.4
53,Pearson_gt0.20,12,HuberRegressor,0.7013,0.6642,0.5308,0.1148,"{'model__epsilon': 2.0, 'model__alpha': 0.01}","sum_weighted_score, humility_challenging, struggle_ratio, score_velocity, impulsive_help_ratio, ratio_redo_success, Psych_Calculated_Risk, inter_exploratory_brilliance, inter_obsessive_correction, inter_cowardice_penalty, Feat_Resilient_Explorer, Mutant_Omega_Curiosity",0.5
54,MutualInfo_p70,24,KNN_Regressor,0.7133,0.6642,0.5261,0.1147,"{'model__weights': 'uniform', 'model__p': 2, 'model__n_neighbors': 15}","sum_weighted_score, humility_challenging, boldness_score, hard_challenge_efficiency, stubbornness_index, impulsive_help_ratio, hint_reliance_ratio, adaptive_learning_capacity, ratio_redo_success, Comp_Joyous_Exploration, Comp_Awareness_Limit, Psych_Calculated_Risk, Psych_Calculated_Risk_Growth, inter_ambition_vs_reality, ratio_score_per_hint, inter_exploratory_brilliance, inter_obsessive_correction, inter_cowardice_penalty, Comp_GBA_AoL_Anchored, Feat_Resilient_Explorer, Feat_Ego_vs_Capacity, Feat_Strategic_Growth, Mutant_AoL_Resilience, Mutant_Omega_Curiosity",0.6
55,RF_Importance_med,40,Lasso,0.7045,0.6643,0.5258,0.1143,{'model__alpha': 0.01},"sum_weighted_score, score_velocity, hard_challenge_efficiency, hint_reading_duration, hint_effectiveness, engagement_persistence, impulsive_help_ratio, carefulness_index, contemplation_index, exploration_efficiency, hyper_curiosity_index, adaptive_learning_capacity, time_diff_end_vs_start, time_diff_phase3_vs_phase1, time_diff_max_vs_avg, ratio_hint_time, ratio_success_per_duration, PCA_Duration, PCA_Hints, PCA_Dur_x_PCA_Hints, PCA_Dur_squared, Comp_Awareness_Limit, Psych_Flow_Stamina, Psych_Impulsive_Quit, ratio_struggle_time, inter_sweet_victory, PCA_Performance_Star, HighOrd_Star_x_Effort, inter_obsessive_correction, inter_cowardice_penalty, HighOrd_Score_x_PCAStar, HighOrd_Score_x_PCADuration, Comp_GBA_DS_Anchored, Comp_GBA_AoL_Anchored, Feat_Resilient_Explorer, Feat_Ego_vs_Capacity, Feat_Cognitive_Waste, Mutant_AoL_Resilience, Mutant_Omega_Curiosity, Mutant_Ego_Death",0.6
56,Kendall_gt0.20,11,ElasticNet,0.6967,0.6646,0.5237,0.1137,"{'model__l1_ratio': 0.7, 'model__alpha': 0.01}","sum_weighted_score, humility_challenging, score_velocity, adaptive_learning_capacity, Psych_Calculated_Risk, inter_exploratory_brilliance, inter_obsessive_correction, inter_cowardice_penalty, Feat_Resilient_Explorer, Mutant_AoL_Resilience, Mutant_Omega_Curiosity",0.7
57,Kendall_gt0.20,11,Ridge,0.6981,0.6646,0.5245,0.1138,{'model__alpha': 10.0},"sum_weighted_score, humility_challenging, score_velocity, adaptive_learning_capacity, Psych_Calculated_Risk, inter_exploratory_brilliance, inter_obsessive_correction, inter_cowardice_penalty, Feat_Resilient_Explorer, Mutant_AoL_Resilience, Mutant_Omega_Curiosity",0.4
58,Pearson_gt0.30,3,CatBoost,0.6928,0.6646,0.5294,0.1137,"{'model__learning_rate': 0.05, 'model__l2_leaf_reg': 3, 'model__iterations': 50, 'model__depth': 4}","sum_weighted_score, inter_obsessive_correction, Feat_Resilient_Explorer",3.6
59,MutualInfo_p80,16,Lasso,0.7004,0.6648,0.525,0.113,{'model__alpha': 0.01},"sum_weighted_score, humility_challenging, boldness_score, hard_challenge_efficiency, adaptive_learning_capacity, Comp_Joyous_Exploration, Psych_Calculated_Risk, Psych_Calculated_Risk_Growth, inter_ambition_vs_reality, ratio_score_per_hint, inter_exploratory_brilliance, inter_obsessive_correction, inter_cowardice_penalty, Comp_GBA_AoL_Anchored, Feat_Resilient_Explorer, Mutant_AoL_Resilience",0.3
60,Spearman_gt0.30,6,SVR_RBF,0.6951,0.6649,0.5272,0.1129,"{'model__gamma': 'scale', 'model__epsilon': 0.5, 'model__C': 0.1}","sum_weighted_score, inter_obsessive_correction, inter_cowardice_penalty, Feat_Resilient_Explorer, Mutant_AoL_Resilience, Mutant_Omega_Curiosity",0.9
61,RF_Importance_p80,16,PLSRegression,0.698,0.665,0.5253,0.1126,{'model__n_components': 2},"sum_weighted_score, contemplation_index, time_diff_end_vs_start, time_diff_max_vs_avg, PCA_Hints, PCA_Dur_x_PCA_Hints, Psych_Flow_Stamina, ratio_struggle_time, inter_sweet_victory, HighOrd_Star_x_Effort, inter_obsessive_correction, Comp_GBA_DS_Anchored, Comp_GBA_AoL_Anchored, Feat_Resilient_Explorer, Mutant_AoL_Resilience, Mutant_Ego_Death",0.2
62,Kendall_gt0.10,27,SVR_RBF,0.7073,0.6651,0.523,0.1123,"{'model__gamma': 0.01, 'model__epsilon': 0.1, 'model__C': 1.0}","sum_weighted_score, humility_challenging, struggle_ratio, grind_capacity, score_velocity, stubbornness_index, impulsive_help_ratio, hint_reliance_ratio, hint_dependency_gravity, adaptive_learning_capacity, stubborn_failure_magnitude, ratio_redo_success, Comp_Joyous_Exploration, Comp_Awareness_Limit, Psych_Calculated_Risk, Psych_Ego_Awareness, ratio_score_per_hint, inter_exploratory_brilliance, inter_obsessive_correction, inter_cowardice_penalty, Comp_GBA_DS_Anchored, Comp_GBA_AoL_Anchored, Feat_Resilient_Explorer, Feat_Ego_vs_Capacity, Feat_Strategic_Growth, Mutant_AoL_Resilience, Mutant_Omega_Curiosity",1.8
63,Spearman_gt0.15,27,SVR_RBF,0.7073,0.6651,0.523,0.1123,"{'model__gamma': 0.01, 'model__epsilon': 0.1, 'model__C': 1.0}","sum_weighted_score, humility_challenging, struggle_ratio, grind_capacity, score_velocity, stubbornness_index, impulsive_help_ratio, hint_reliance_ratio, hint_dependency_gravity, adaptive_learning_capacity, stubborn_failure_magnitude, ratio_redo_success, Comp_Joyous_Exploration, Comp_Awareness_Limit, Psych_Calculated_Risk, Psych_Ego_Awareness, ratio_score_per_hint, inter_exploratory_brilliance, inter_obsessive_correction, inter_cowardice_penalty, Comp_GBA_DS_Anchored, Comp_GBA_AoL_Anchored, Feat_Resilient_Explorer, Feat_Ego_vs_Capacity, Feat_Strategic_Growth, Mutant_AoL_Resilience, Mutant_Omega_Curiosity",1.8
64,RF_Importance_p90,8,RandomForest,0.6952,0.6653,0.5287,0.1119,"{'model__n_estimators': 200, 'model__min_samples_split': 5, 'model__max_features': 'sqrt', 'model__max_depth': 5}","sum_weighted_score, contemplation_index, time_diff_end_vs_start, time_diff_max_vs_avg, PCA_Dur_x_PCA_Hints, inter_obsessive_correction, Feat_Resilient_Explorer, Mutant_AoL_Resilience",4.6
65,Pearson_gt0.20,12,RandomForest,0.6944,0.6653,0.5328,0.1119,"{'model__n_estimators': 100, 'model__min_samples_split': 2, 'model__max_features': 'sqrt', 'model__max_depth': 5}","sum_weighted_score, humility_challenging, struggle_ratio, score_velocity, impulsive_help_ratio, ratio_redo_success, Psych_Calculated_Risk, inter_exploratory_brilliance, inter_obsessive_correction, inter_cowardice_penalty, Feat_Resilient_Explorer, Mutant_Omega_Curiosity",4.8
66,Pearson_gt0.20,12,PLSRegression,0.7,0.6654,0.5318,0.1116,{'model__n_components': 7},"sum_weighted_score, humility_challenging, struggle_ratio, score_velocity, impulsive_help_ratio, ratio_redo_success, Psych_Calculated_Risk, inter_exploratory_brilliance, inter_obsessive_correction, inter_cowardice_penalty, Feat_Resilient_Explorer, Mutant_Omega_Curiosity",0.2
67,MutualInfo_p80,16,RandomForest,0.6984,0.6655,0.5268,0.1113,"{'model__n_estimators': 200, 'model__min_samples_split': 5, 'model__max_features': 'sqrt', 'model__max_depth': 5}","sum_weighted_score, humility_challenging, boldness_score, hard_challenge_efficiency, adaptive_learning_capacity, Comp_Joyous_Exploration, Psych_Calculated_Risk, Psych_Calculated_Risk_Growth, inter_ambition_vs_reality, ratio_score_per_hint, inter_exploratory_brilliance, inter_obsessive_correction, inter_cowardice_penalty, Comp_GBA_AoL_Anchored, Feat_Resilient_Explorer, Mutant_AoL_Resilience",5.0
68,Spearman_gt0.30,6,RandomForest,0.7002,0.6655,0.5301,0.1113,"{'model__n_estimators': 200, 'model__min_samples_split': 5, 'model__max_features': 'sqrt', 'model__max_depth': 5}","sum_weighted_score, inter_obsessive_correction, inter_cowardice_penalty, Feat_Resilient_Explorer, Mutant_AoL_Resilience, Mutant_Omega_Curiosity",4.5
69,MutualInfo_p80,16,PLSRegression,0.7001,0.6655,0.524,0.1113,{'model__n_components': 3},"sum_weighted_score, humility_challenging, boldness_score, hard_challenge_efficiency, adaptive_learning_capacity, Comp_Joyous_Exploration, Psych_Calculated_Risk, Psych_Calculated_Risk_Growth, inter_ambition_vs_reality, ratio_score_per_hint, inter_exploratory_brilliance, inter_obsessive_correction, inter_cowardice_penalty, Comp_GBA_AoL_Anchored, Feat_Resilient_Explorer, Mutant_AoL_Resilience",0.2
70,RFE_Ridge_Top30,30,Lasso,0.6966,0.6657,0.5312,0.1107,{'model__alpha': 0.01},"sum_weighted_score, struggle_ratio, score_velocity, boldness_score, hard_challenge_efficiency, hint_vs_skip_ratio, carefulness_index, tuas_dominance, star_efficiency, exploration_efficiency, time_diff_end_vs_start, time_diff_phase3_vs_phase1, time_diff_max_vs_avg, PCA_Duration, PCA_Hints, PCA_Dur_x_PCA_Hints, Comp_Joyous_Exploration, Psych_Calculated_Risk, Psych_Ego_Awareness, Psych_Impulsive_Quit, Psych_Adaptability, Psych_Calculated_Risk_Growth, ratio_struggle_time, inter_strategic_retreat, inter_exploratory_brilliance, inter_obsessive_correction, HighOrd_Score_x_PCADuration, Comp_GBA_DS_Anchored, Feat_Resilient_Explorer, Mutant_AoL_Resilience",0.4
71,Kendall_gt0.20,11,HuberRegressor,0.7017,0.6657,0.5259,0.1107,"{'model__epsilon': 2.0, 'model__alpha': 0.01}","sum_weighted_score, humility_challenging, score_velocity, adaptive_learning_capacity, Psych_Calculated_Risk, inter_exploratory_brilliance, inter_obsessive_correction, inter_cowardice_penalty, Feat_Resilient_Explorer, Mutant_AoL_Resilience, Mutant_Omega_Curiosity",0.8
72,RF_Importance_p80,16,Ridge,0.6976,0.6662,0.5251,0.1093,{'model__alpha': 100.0},"sum_weighted_score, contemplation_index, time_diff_end_vs_start, time_diff_max_vs_avg, PCA_Hints, PCA_Dur_x_PCA_Hints, Psych_Flow_Stamina, ratio_struggle_time, inter_sweet_victory, HighOrd_Star_x_Effort, inter_obsessive_correction, Comp_GBA_DS_Anchored, Comp_GBA_AoL_Anchored, Feat_Resilient_Explorer, Mutant_AoL_Resilience, Mutant_Ego_Death",0.3
73,Kendall_gt0.15,21,SVR_RBF,0.7049,0.6662,0.5294,0.1095,"{'model__gamma': 0.01, 'model__epsilon': 0.1, 'model__C': 1.0}","sum_weighted_score, humility_challenging, struggle_ratio, grind_capacity, score_velocity, stubbornness_index, impulsive_help_ratio, adaptive_learning_capacity, ratio_redo_success, Psych_Calculated_Risk, Psych_Ego_Awareness, ratio_score_per_hint, inter_exploratory_brilliance, inter_obsessive_correction, inter_cowardice_penalty, Comp_GBA_AoL_Anchored, Feat_Resilient_Explorer, Feat_Ego_vs_Capacity, Feat_Strategic_Growth, Mutant_AoL_Resilience, Mutant_Omega_Curiosity",1.5
74,MutualInfo_p70,24,SVR_RBF,0.7045,0.6663,0.5225,0.1091,"{'model__gamma': 0.01, 'model__epsilon': 0.1, 'model__C': 1.0}","sum_weighted_score, humility_challenging, boldness_score, hard_challenge_efficiency, stubbornness_index, impulsive_help_ratio, hint_reliance_ratio, adaptive_learning_capacity, ratio_redo_success, Comp_Joyous_Exploration, Comp_Awareness_Limit, Psych_Calculated_Risk, Psych_Calculated_Risk_Growth, inter_ambition_vs_reality, ratio_score_per_hint, inter_exploratory_brilliance, inter_obsessive_correction, inter_cowardice_penalty, Comp_GBA_AoL_Anchored, Feat_Resilient_Explorer, Feat_Ego_vs_Capacity, Feat_Strategic_Growth, Mutant_AoL_Resilience, Mutant_Omega_Curiosity",2.0
75,RF_Importance_p90,8,HuberRegressor,0.6989,0.6664,0.528,0.1088,"{'model__epsilon': 2.0, 'model__alpha': 0.01}","sum_weighted_score, contemplation_index, time_diff_end_vs_start, time_diff_max_vs_avg, PCA_Dur_x_PCA_Hints, inter_obsessive_correction, Feat_Resilient_Explorer, Mutant_AoL_Resilience",0.4
76,RF_Importance_med,40,ElasticNet,0.7034,0.6665,0.5253,0.1085,"{'model__l1_ratio': 0.3, 'model__alpha': 0.1}","sum_weighted_score, score_velocity, hard_challenge_efficiency, hint_reading_duration, hint_effectiveness, engagement_persistence, impulsive_help_ratio, carefulness_index, contemplation_index, exploration_efficiency, hyper_curiosity_index, adaptive_learning_capacity, time_diff_end_vs_start, time_diff_phase3_vs_phase1, time_diff_max_vs_avg, ratio_hint_time, ratio_success_per_duration, PCA_Duration, PCA_Hints, PCA_Dur_x_PCA_Hints, PCA_Dur_squared, Comp_Awareness_Limit, Psych_Flow_Stamina, Psych_Impulsive_Quit, ratio_struggle_time, inter_sweet_victory, PCA_Performance_Star, HighOrd_Star_x_Effort, inter_obsessive_correction, inter_cowardice_penalty, HighOrd_Score_x_PCAStar, HighOrd_Score_x_PCADuration, Comp_GBA_DS_Anchored, Comp_GBA_AoL_Anchored, Feat_Resilient_Explorer, Feat_Ego_vs_Capacity, Feat_Cognitive_Waste, Mutant_AoL_Resilience, Mutant_Omega_Curiosity, Mutant_Ego_Death",0.8
77,Pearson_gt0.30,3,SVR_Linear,0.6986,0.6665,0.5219,0.1085,"{'model__epsilon': 0.5, 'model__C': 1.0}","sum_weighted_score, inter_obsessive_correction, Feat_Resilient_Explorer",0.2
78,MutualInfo_p80,16,ElasticNet,0.6993,0.6666,0.528,0.1084,"{'model__l1_ratio': 0.7, 'model__alpha': 0.01}","sum_weighted_score, humility_challenging, boldness_score, hard_challenge_efficiency, adaptive_learning_capacity, Comp_Joyous_Exploration, Psych_Calculated_Risk, Psych_Calculated_Risk_Growth, inter_ambition_vs_reality, ratio_score_per_hint, inter_exploratory_brilliance, inter_obsessive_correction, inter_cowardice_penalty, Comp_GBA_AoL_Anchored, Feat_Resilient_Explorer, Mutant_AoL_Resilience",0.4
79,Spearman_gt0.30,6,Lasso,0.6982,0.6667,0.524,0.108,{'model__alpha': 0.01},"sum_weighted_score, inter_obsessive_correction, inter_cowardice_penalty, Feat_Resilient_Explorer, Mutant_AoL_Resilience, Mutant_Omega_Curiosity",0.2
80,Pearson_gt0.20,12,SVR_Linear,0.7034,0.6667,0.5331,0.1082,"{'model__epsilon': 0.5, 'model__C': 1.0}","sum_weighted_score, humility_challenging, struggle_ratio, score_velocity, impulsive_help_ratio, ratio_redo_success, Psych_Calculated_Risk, inter_exploratory_brilliance, inter_obsessive_correction, inter_cowardice_penalty, Feat_Resilient_Explorer, Mutant_Omega_Curiosity",0.4
81,Pearson_gt0.30,3,Lasso,0.6975,0.6667,0.524,0.108,{'model__alpha': 0.01},"sum_weighted_score, inter_obsessive_correction, Feat_Resilient_Explorer",0.2
82,Pearson_gt0.30,3,HuberRegressor,0.6984,0.6668,0.5253,0.1078,"{'model__epsilon': 2.0, 'model__alpha': 0.01}","sum_weighted_score, inter_obsessive_correction, Feat_Resilient_Explorer",0.3
83,Pearson_gt0.30,3,PLSRegression,0.6979,0.6668,0.525,0.1079,{'model__n_components': 2},"sum_weighted_score, inter_obsessive_correction, Feat_Resilient_Explorer",0.2
84,Spearman_gt0.20,22,SVR_RBF,0.7051,0.6668,0.5302,0.1078,"{'model__gamma': 0.01, 'model__epsilon': 0.1, 'model__C': 1.0}","sum_weighted_score, humility_challenging, struggle_ratio, grind_capacity, score_velocity, stubbornness_index, impulsive_help_ratio, adaptive_learning_capacity, ratio_redo_success, Psych_Calculated_Risk, Psych_Ego_Awareness, ratio_score_per_hint, inter_exploratory_brilliance, inter_obsessive_correction, inter_cowardice_penalty, Comp_GBA_DS_Anchored, Comp_GBA_AoL_Anchored, Feat_Resilient_Explorer, Feat_Ego_vs_Capacity, Feat_Strategic_Growth, Mutant_AoL_Resilience, Mutant_Omega_Curiosity",1.5
85,RF_Importance_p90,8,Lasso,0.6984,0.6669,0.5283,0.1075,{'model__alpha': 0.01},"sum_weighted_score, contemplation_index, time_diff_end_vs_start, time_diff_max_vs_avg, PCA_Dur_x_PCA_Hints, inter_obsessive_correction, Feat_Resilient_Explorer, Mutant_AoL_Resilience",0.2
86,Spearman_gt0.30,6,ElasticNet,0.6989,0.667,0.524,0.1071,"{'model__l1_ratio': 0.7, 'model__alpha': 0.01}","sum_weighted_score, inter_obsessive_correction, inter_cowardice_penalty, Feat_Resilient_Explorer, Mutant_AoL_Resilience, Mutant_Omega_Curiosity",0.3
87,Pearson_gt0.30,3,ElasticNet,0.6976,0.667,0.524,0.1071,"{'model__l1_ratio': 0.7, 'model__alpha': 0.01}","sum_weighted_score, inter_obsessive_correction, Feat_Resilient_Explorer",0.3
88,Pearson_gt0.30,3,Ridge,0.6974,0.6671,0.5256,0.107,{'model__alpha': 10.0},"sum_weighted_score, inter_obsessive_correction, Feat_Resilient_Explorer",0.2
89,RF_Importance_p90,8,PLSRegression,0.6973,0.6671,0.5278,0.107,{'model__n_components': 3},"sum_weighted_score, contemplation_index, time_diff_end_vs_start, time_diff_max_vs_avg, PCA_Dur_x_PCA_Hints, inter_obsessive_correction, Feat_Resilient_Explorer, Mutant_AoL_Resilience",0.2
90,RFE_Ridge_Top20,20,Ridge,0.6929,0.6671,0.5326,0.1071,{'model__alpha': 100.0},"sum_weighted_score, struggle_ratio, boldness_score, hard_challenge_efficiency, carefulness_index, time_diff_max_vs_avg, PCA_Duration, Comp_Joyous_Exploration, Psych_Calculated_Risk, Psych_Ego_Awareness, Psych_Impulsive_Quit, Psych_Adaptability, Psych_Calculated_Risk_Growth, ratio_struggle_time, inter_strategic_retreat, inter_exploratory_brilliance, inter_obsessive_correction, HighOrd_Score_x_PCADuration, Comp_GBA_DS_Anchored, Feat_Resilient_Explorer",0.4
91,RF_Importance_p90,8,ElasticNet,0.6981,0.6672,0.5287,0.1068,"{'model__l1_ratio': 0.1, 'model__alpha': 0.01}","sum_weighted_score, contemplation_index, time_diff_end_vs_start, time_diff_max_vs_avg, PCA_Dur_x_PCA_Hints, inter_obsessive_correction, Feat_Resilient_Explorer, Mutant_AoL_Resilience",0.3
92,RF_Importance_p90,8,Ridge,0.6974,0.6672,0.5287,0.1067,{'model__alpha': 10.0},"sum_weighted_score, contemplation_index, time_diff_end_vs_start, time_diff_max_vs_avg, PCA_Dur_x_PCA_Hints, inter_obsessive_correction, Feat_Resilient_Explorer, Mutant_AoL_Resilience",0.2
93,Spearman_gt0.30,6,SVR_Linear,0.7011,0.6674,0.5234,0.1062,"{'model__epsilon': 0.5, 'model__C': 10.0}","sum_weighted_score, inter_obsessive_correction, inter_cowardice_penalty, Feat_Resilient_Explorer, Mutant_AoL_Resilience, Mutant_Omega_Curiosity",0.3
94,Kendall_gt0.15,21,PLSRegression,0.6996,0.6675,0.5305,0.1058,{'model__n_components': 2},"sum_weighted_score, humility_challenging, struggle_ratio, grind_capacity, score_velocity, stubbornness_index, impulsive_help_ratio, adaptive_learning_capacity, ratio_redo_success, Psych_Calculated_Risk, Psych_Ego_Awareness, ratio_score_per_hint, inter_exploratory_brilliance, inter_obsessive_correction, inter_cowardice_penalty, Comp_GBA_AoL_Anchored, Feat_Resilient_Explorer, Feat_Ego_vs_Capacity, Feat_Strategic_Growth, Mutant_AoL_Resilience, Mutant_Omega_Curiosity",0.3
95,Spearman_gt0.30,6,MLP_Regressor,0.6981,0.6676,0.5343,0.1057,"{'model__learning_rate': 'constant', 'model__hidden_layer_sizes': (128,), 'model__alpha': 0.001, 'model__activation': 'relu'}","sum_weighted_score, inter_obsessive_correction, inter_cowardice_penalty, Feat_Resilient_Explorer, Mutant_AoL_Resilience, Mutant_Omega_Curiosity",8.4
96,Pearson_gt0.30,3,SVR_RBF,0.6929,0.6677,0.5318,0.1053,"{'model__gamma': 'auto', 'model__epsilon': 0.5, 'model__C': 10.0}","sum_weighted_score, inter_obsessive_correction, Feat_Resilient_Explorer",0.8
97,Kendall_gt0.20,11,PLSRegression,0.6996,0.6683,0.5284,0.1037,{'model__n_components': 5},"sum_weighted_score, humility_challenging, score_velocity, adaptive_learning_capacity, Psych_Calculated_Risk, inter_exploratory_brilliance, inter_obsessive_correction, inter_cowardice_penalty, Feat_Resilient_Explorer, Mutant_AoL_Resilience, Mutant_Omega_Curiosity",0.3
98,RFE_Ridge_Top30,30,PLSRegression,0.6959,0.6683,0.5322,0.1039,{'model__n_components': 2},"sum_weighted_score, struggle_ratio, score_velocity, boldness_score, hard_challenge_efficiency, hint_vs_skip_ratio, carefulness_index, tuas_dominance, star_efficiency, exploration_efficiency, time_diff_end_vs_start, time_diff_phase3_vs_phase1, time_diff_max_vs_avg, PCA_Duration, PCA_Hints, PCA_Dur_x_PCA_Hints, Comp_Joyous_Exploration, Psych_Calculated_Risk, Psych_Ego_Awareness, Psych_Impulsive_Quit, Psych_Adaptability, Psych_Calculated_Risk_Growth, ratio_struggle_time, inter_strategic_retreat, inter_exploratory_brilliance, inter_obsessive_correction, HighOrd_Score_x_PCADuration, Comp_GBA_DS_Anchored, Feat_Resilient_Explorer, Mutant_AoL_Resilience",0.4
99,Pearson_gt0.30,3,MLP_Regressor,0.6943,0.6684,0.5378,0.1035,"{'model__learning_rate': 'constant', 'model__hidden_layer_sizes': (64, 32), 'model__alpha': 0.01, 'model__activation': 'relu'}","sum_weighted_score, inter_obsessive_correction, Feat_Resilient_Explorer",8.7
100,Spearman_gt0.20,22,PLSRegression,0.6992,0.6686,0.5317,0.103,{'model__n_components': 2},"sum_weighted_score, humility_challenging, struggle_ratio, grind_capacity, score_velocity, stubbornness_index, impulsive_help_ratio, adaptive_learning_capacity, ratio_redo_success, Psych_Calculated_Risk, Psych_Ego_Awareness, ratio_score_per_hint, inter_exploratory_brilliance, inter_obsessive_correction, inter_cowardice_penalty, Comp_GBA_DS_Anchored, Comp_GBA_AoL_Anchored, Feat_Resilient_Explorer, Feat_Ego_vs_Capacity, Feat_Strategic_Growth, Mutant_AoL_Resilience, Mutant_Omega_Curiosity",0.3
101,Spearman_gt0.30,6,Ridge,0.6991,0.6688,0.5257,0.1025,{'model__alpha': 10.0},"sum_weighted_score, inter_obsessive_correction, inter_cowardice_penalty, Feat_Resilient_Explorer, Mutant_AoL_Resilience, Mutant_Omega_Curiosity",0.3
102,RF_Importance_p80,16,ElasticNet,0.6995,0.6689,0.5269,0.102,"{'model__l1_ratio': 0.1, 'model__alpha': 0.01}","sum_weighted_score, contemplation_index, time_diff_end_vs_start, time_diff_max_vs_avg, PCA_Hints, PCA_Dur_x_PCA_Hints, Psych_Flow_Stamina, ratio_struggle_time, inter_sweet_victory, HighOrd_Star_x_Effort, inter_obsessive_correction, Comp_GBA_DS_Anchored, Comp_GBA_AoL_Anchored, Feat_Resilient_Explorer, Mutant_AoL_Resilience, Mutant_Ego_Death",0.4
103,Spearman_gt0.30,6,HuberRegressor,0.7001,0.6699,0.527,0.0995,"{'model__epsilon': 2.0, 'model__alpha': 0.01}","sum_weighted_score, inter_obsessive_correction, inter_cowardice_penalty, Feat_Resilient_Explorer, Mutant_AoL_Resilience, Mutant_Omega_Curiosity",0.3
104,Pearson_gt0.15,21,HuberRegressor,0.7083,0.67,0.5387,0.0993,"{'model__epsilon': 2.0, 'model__alpha': 0.01}","sum_weighted_score, humility_challenging, struggle_ratio, score_velocity, hard_challenge_efficiency, impulsive_help_ratio, ratio_redo_success, Comp_Joyous_Exploration, Comp_Awareness_Limit, Psych_Calculated_Risk, ratio_score_per_hint, inter_exploratory_brilliance, inter_obsessive_correction, inter_cowardice_penalty, Comp_GBA_DS_Anchored, Comp_GBA_AoL_Anchored, Feat_Resilient_Explorer, Feat_Ego_vs_Capacity, Feat_Strategic_Growth, Mutant_AoL_Resilience, Mutant_Omega_Curiosity",0.9
105,RFE_Ridge_Top30,30,XGBoost,0.7121,0.67,0.5341,0.0992,"{'model__subsample': 0.8, 'model__max_depth': 3, 'model__learning_rate': 0.05, 'model__colsample_bytree': 0.8}","sum_weighted_score, struggle_ratio, score_velocity, boldness_score, hard_challenge_efficiency, hint_vs_skip_ratio, carefulness_index, tuas_dominance, star_efficiency, exploration_efficiency, time_diff_end_vs_start, time_diff_phase3_vs_phase1, time_diff_max_vs_avg, PCA_Duration, PCA_Hints, PCA_Dur_x_PCA_Hints, Comp_Joyous_Exploration, Psych_Calculated_Risk, Psych_Ego_Awareness, Psych_Impulsive_Quit, Psych_Adaptability, Psych_Calculated_Risk_Growth, ratio_struggle_time, inter_strategic_retreat, inter_exploratory_brilliance, inter_obsessive_correction, HighOrd_Score_x_PCADuration, Comp_GBA_DS_Anchored, Feat_Resilient_Explorer, Mutant_AoL_Resilience",15.5
106,Pearson_gt0.15,21,SVR_Linear,0.7085,0.6702,0.5377,0.0987,"{'model__epsilon': 0.5, 'model__C': 1.0}","sum_weighted_score, humility_challenging, struggle_ratio, score_velocity, hard_challenge_efficiency, impulsive_help_ratio, ratio_redo_success, Comp_Joyous_Exploration, Comp_Awareness_Limit, Psych_Calculated_Risk, ratio_score_per_hint, inter_exploratory_brilliance, inter_obsessive_correction, inter_cowardice_penalty, Comp_GBA_DS_Anchored, Comp_GBA_AoL_Anchored, Feat_Resilient_Explorer, Feat_Ego_vs_Capacity, Feat_Strategic_Growth, Mutant_AoL_Resilience, Mutant_Omega_Curiosity",0.7
107,RF_Importance_p90,8,MLP_Regressor,0.7017,0.6705,0.5304,0.0978,"{'model__learning_rate': 'constant', 'model__hidden_layer_sizes': (64,), 'model__alpha': 0.01, 'model__activation': 'tanh'}","sum_weighted_score, contemplation_index, time_diff_end_vs_start, time_diff_max_vs_avg, PCA_Dur_x_PCA_Hints, inter_obsessive_correction, Feat_Resilient_Explorer, Mutant_AoL_Resilience",9.1
108,MutualInfo_p70,24,Ridge,0.6981,0.6708,0.5309,0.0971,{'model__alpha': 100.0},"sum_weighted_score, humility_challenging, boldness_score, hard_challenge_efficiency, stubbornness_index, impulsive_help_ratio, hint_reliance_ratio, adaptive_learning_capacity, ratio_redo_success, Comp_Joyous_Exploration, Comp_Awareness_Limit, Psych_Calculated_Risk, Psych_Calculated_Risk_Growth, inter_ambition_vs_reality, ratio_score_per_hint, inter_exploratory_brilliance, inter_obsessive_correction, inter_cowardice_penalty, Comp_GBA_AoL_Anchored, Feat_Resilient_Explorer, Feat_Ego_vs_Capacity, Feat_Strategic_Growth, Mutant_AoL_Resilience, Mutant_Omega_Curiosity",0.4
109,RFE_Ridge_Top20,20,ElasticNet,0.6941,0.6708,0.5385,0.0972,"{'model__l1_ratio': 0.1, 'model__alpha': 0.01}","sum_weighted_score, struggle_ratio, boldness_score, hard_challenge_efficiency, carefulness_index, time_diff_max_vs_avg, PCA_Duration, Comp_Joyous_Exploration, Psych_Calculated_Risk, Psych_Ego_Awareness, Psych_Impulsive_Quit, Psych_Adaptability, Psych_Calculated_Risk_Growth, ratio_struggle_time, inter_strategic_retreat, inter_exploratory_brilliance, inter_obsessive_correction, HighOrd_Score_x_PCADuration, Comp_GBA_DS_Anchored, Feat_Resilient_Explorer",0.7
110,Kendall_gt0.15,21,Ridge,0.6986,0.6709,0.529,0.0967,{'model__alpha': 100.0},"sum_weighted_score, humility_challenging, struggle_ratio, grind_capacity, score_velocity, stubbornness_index, impulsive_help_ratio, adaptive_learning_capacity, ratio_redo_success, Psych_Calculated_Risk, Psych_Ego_Awareness, ratio_score_per_hint, inter_exploratory_brilliance, inter_obsessive_correction, inter_cowardice_penalty, Comp_GBA_AoL_Anchored, Feat_Resilient_Explorer, Feat_Ego_vs_Capacity, Feat_Strategic_Growth, Mutant_AoL_Resilience, Mutant_Omega_Curiosity",0.3
111,Spearman_gt0.20,22,KNN_Regressor,0.7039,0.6709,0.5335,0.0967,"{'model__weights': 'uniform', 'model__p': 1, 'model__n_neighbors': 15}","sum_weighted_score, humility_challenging, struggle_ratio, grind_capacity, score_velocity, stubbornness_index, impulsive_help_ratio, adaptive_learning_capacity, ratio_redo_success, Psych_Calculated_Risk, Psych_Ego_Awareness, ratio_score_per_hint, inter_exploratory_brilliance, inter_obsessive_correction, inter_cowardice_penalty, Comp_GBA_DS_Anchored, Comp_GBA_AoL_Anchored, Feat_Resilient_Explorer, Feat_Ego_vs_Capacity, Feat_Strategic_Growth, Mutant_AoL_Resilience, Mutant_Omega_Curiosity",0.5
112,RFE_Ridge_Top30,30,ElasticNet,0.695,0.6709,0.5384,0.0968,"{'model__l1_ratio': 0.1, 'model__alpha': 0.01}","sum_weighted_score, struggle_ratio, score_velocity, boldness_score, hard_challenge_efficiency, hint_vs_skip_ratio, carefulness_index, tuas_dominance, star_efficiency, exploration_efficiency, time_diff_end_vs_start, time_diff_phase3_vs_phase1, time_diff_max_vs_avg, PCA_Duration, PCA_Hints, PCA_Dur_x_PCA_Hints, Comp_Joyous_Exploration, Psych_Calculated_Risk, Psych_Ego_Awareness, Psych_Impulsive_Quit, Psych_Adaptability, Psych_Calculated_Risk_Growth, ratio_struggle_time, inter_strategic_retreat, inter_exploratory_brilliance, inter_obsessive_correction, HighOrd_Score_x_PCADuration, Comp_GBA_DS_Anchored, Feat_Resilient_Explorer, Mutant_AoL_Resilience",0.8
113,Spearman_gt0.30,6,KNN_Regressor,0.7192,0.671,0.5407,0.0964,"{'model__weights': 'uniform', 'model__p': 2, 'model__n_neighbors': 15}","sum_weighted_score, inter_obsessive_correction, inter_cowardice_penalty, Feat_Resilient_Explorer, Mutant_AoL_Resilience, Mutant_Omega_Curiosity",0.3
114,MutualInfo_p80,16,KNN_Regressor,0.713,0.6717,0.537,0.0945,"{'model__weights': 'uniform', 'model__p': 2, 'model__n_neighbors': 15}","sum_weighted_score, humility_challenging, boldness_score, hard_challenge_efficiency, adaptive_learning_capacity, Comp_Joyous_Exploration, Psych_Calculated_Risk, Psych_Calculated_Risk_Growth, inter_ambition_vs_reality, ratio_score_per_hint, inter_exploratory_brilliance, inter_obsessive_correction, inter_cowardice_penalty, Comp_GBA_AoL_Anchored, Feat_Resilient_Explorer, Mutant_AoL_Resilience",0.4
115,RF_Importance_p80,16,Lasso,0.7,0.6717,0.5294,0.0948,{'model__alpha': 0.001},"sum_weighted_score, contemplation_index, time_diff_end_vs_start, time_diff_max_vs_avg, PCA_Hints, PCA_Dur_x_PCA_Hints, Psych_Flow_Stamina, ratio_struggle_time, inter_sweet_victory, HighOrd_Star_x_Effort, inter_obsessive_correction, Comp_GBA_DS_Anchored, Comp_GBA_AoL_Anchored, Feat_Resilient_Explorer, Mutant_AoL_Resilience, Mutant_Ego_Death",0.3
116,Lasso_NonZero,37,ElasticNet,0.6998,0.6718,0.5343,0.0944,"{'model__l1_ratio': 0.3, 'model__alpha': 0.1}","sum_weighted_score, struggle_ratio, grind_capacity, score_velocity, boldness_score, hard_challenge_efficiency, hint_vs_skip_ratio, engagement_persistence, impulsive_help_ratio, hint_reliance_ratio, carefulness_index, tuas_dominance, keypad_dominance, hesitation_penalty, hint_dependency_gravity, reckless_action_index, calculated_risk_taking, stubborn_failure_magnitude, time_diff_end_vs_start, time_diff_max_vs_avg, ratio_success_per_duration, inter_hint_x_skip, PCA_Duration, PCA_Dur_x_PCA_Hints, Comp_Awareness_Limit, Psych_Deprivation_Fixation, Psych_Ego_Awareness, Psych_Independent_Efficiency, ratio_hint_per_star, ratio_struggle_time, HighOrd_Star_x_Effort, inter_obsessive_correction, HighOrd_Score_x_PCAStar, Comp_GBA_AoL_Anchored, Feat_Cognitive_Waste, Mutant_AoL_Resilience, Mutant_Ego_Death",0.7
117,RF_Importance_p90,8,SVR_RBF,0.7032,0.672,0.5301,0.0938,"{'model__gamma': 0.01, 'model__epsilon': 0.1, 'model__C': 1.0}","sum_weighted_score, contemplation_index, time_diff_end_vs_start, time_diff_max_vs_avg, PCA_Dur_x_PCA_Hints, inter_obsessive_correction, Feat_Resilient_Explorer, Mutant_AoL_Resilience",1.0
118,Spearman_gt0.20,22,Ridge,0.6992,0.6721,0.5294,0.0935,{'model__alpha': 100.0},"sum_weighted_score, humility_challenging, struggle_ratio, grind_capacity, score_velocity, stubbornness_index, impulsive_help_ratio, adaptive_learning_capacity, ratio_redo_success, Psych_Calculated_Risk, Psych_Ego_Awareness, ratio_score_per_hint, inter_exploratory_brilliance, inter_obsessive_correction, inter_cowardice_penalty, Comp_GBA_DS_Anchored, Comp_GBA_AoL_Anchored, Feat_Resilient_Explorer, Feat_Ego_vs_Capacity, Feat_Strategic_Growth, Mutant_AoL_Resilience, Mutant_Omega_Curiosity",0.4
119,RF_Importance_p80,16,HuberRegressor,0.7011,0.6722,0.529,0.0933,"{'model__epsilon': 2.0, 'model__alpha': 0.01}","sum_weighted_score, contemplation_index, time_diff_end_vs_start, time_diff_max_vs_avg, PCA_Hints, PCA_Dur_x_PCA_Hints, Psych_Flow_Stamina, ratio_struggle_time, inter_sweet_victory, HighOrd_Star_x_Effort, inter_obsessive_correction, Comp_GBA_DS_Anchored, Comp_GBA_AoL_Anchored, Feat_Resilient_Explorer, Mutant_AoL_Resilience, Mutant_Ego_Death",0.8
120,MutualInfo_p70,24,ElasticNet,0.6999,0.6722,0.5327,0.0933,"{'model__l1_ratio': 0.7, 'model__alpha': 0.01}","sum_weighted_score, humility_challenging, boldness_score, hard_challenge_efficiency, stubbornness_index, impulsive_help_ratio, hint_reliance_ratio, adaptive_learning_capacity, ratio_redo_success, Comp_Joyous_Exploration, Comp_Awareness_Limit, Psych_Calculated_Risk, Psych_Calculated_Risk_Growth, inter_ambition_vs_reality, ratio_score_per_hint, inter_exploratory_brilliance, inter_obsessive_correction, inter_cowardice_penalty, Comp_GBA_AoL_Anchored, Feat_Resilient_Explorer, Feat_Ego_vs_Capacity, Feat_Strategic_Growth, Mutant_AoL_Resilience, Mutant_Omega_Curiosity",0.6
121,RFE_Ridge_Top20,20,PLSRegression,0.695,0.6723,0.5373,0.0931,{'model__n_components': 2},"sum_weighted_score, struggle_ratio, boldness_score, hard_challenge_efficiency, carefulness_index, time_diff_max_vs_avg, PCA_Duration, Comp_Joyous_Exploration, Psych_Calculated_Risk, Psych_Ego_Awareness, Psych_Impulsive_Quit, Psych_Adaptability, Psych_Calculated_Risk_Growth, ratio_struggle_time, inter_strategic_retreat, inter_exploratory_brilliance, inter_obsessive_correction, HighOrd_Score_x_PCADuration, Comp_GBA_DS_Anchored, Feat_Resilient_Explorer",0.4
122,Spearman_gt0.30,6,PLSRegression,0.6978,0.6724,0.5298,0.0928,{'model__n_components': 3},"sum_weighted_score, inter_obsessive_correction, inter_cowardice_penalty, Feat_Resilient_Explorer, Mutant_AoL_Resilience, Mutant_Omega_Curiosity",0.2
123,RF_Importance_p80,16,KNN_Regressor,0.7021,0.6724,0.5299,0.0928,"{'model__weights': 'uniform', 'model__p': 1, 'model__n_neighbors': 15}","sum_weighted_score, contemplation_index, time_diff_end_vs_start, time_diff_max_vs_avg, PCA_Hints, PCA_Dur_x_PCA_Hints, Psych_Flow_Stamina, ratio_struggle_time, inter_sweet_victory, HighOrd_Star_x_Effort, inter_obsessive_correction, Comp_GBA_DS_Anchored, Comp_GBA_AoL_Anchored, Feat_Resilient_Explorer, Mutant_AoL_Resilience, Mutant_Ego_Death",0.5
124,Kendall_gt0.10,27,Ridge,0.7005,0.6724,0.5307,0.0927,{'model__alpha': 100.0},"sum_weighted_score, humility_challenging, struggle_ratio, grind_capacity, score_velocity, stubbornness_index, impulsive_help_ratio, hint_reliance_ratio, hint_dependency_gravity, adaptive_learning_capacity, stubborn_failure_magnitude, ratio_redo_success, Comp_Joyous_Exploration, Comp_Awareness_Limit, Psych_Calculated_Risk, Psych_Ego_Awareness, ratio_score_per_hint, inter_exploratory_brilliance, inter_obsessive_correction, inter_cowardice_penalty, Comp_GBA_DS_Anchored, Comp_GBA_AoL_Anchored, Feat_Resilient_Explorer, Feat_Ego_vs_Capacity, Feat_Strategic_Growth, Mutant_AoL_Resilience, Mutant_Omega_Curiosity",0.4
125,Spearman_gt0.15,27,Ridge,0.7005,0.6724,0.5307,0.0927,{'model__alpha': 100.0},"sum_weighted_score, humility_challenging, struggle_ratio, grind_capacity, score_velocity, stubbornness_index, impulsive_help_ratio, hint_reliance_ratio, hint_dependency_gravity, adaptive_learning_capacity, stubborn_failure_magnitude, ratio_redo_success, Comp_Joyous_Exploration, Comp_Awareness_Limit, Psych_Calculated_Risk, Psych_Ego_Awareness, ratio_score_per_hint, inter_exploratory_brilliance, inter_obsessive_correction, inter_cowardice_penalty, Comp_GBA_DS_Anchored, Comp_GBA_AoL_Anchored, Feat_Resilient_Explorer, Feat_Ego_vs_Capacity, Feat_Strategic_Growth, Mutant_AoL_Resilience, Mutant_Omega_Curiosity",0.5
126,MutualInfo_p70,24,Lasso,0.7001,0.6724,0.5313,0.0926,{'model__alpha': 0.01},"sum_weighted_score, humility_challenging, boldness_score, hard_challenge_efficiency, stubbornness_index, impulsive_help_ratio, hint_reliance_ratio, adaptive_learning_capacity, ratio_redo_success, Comp_Joyous_Exploration, Comp_Awareness_Limit, Psych_Calculated_Risk, Psych_Calculated_Risk_Growth, inter_ambition_vs_reality, ratio_score_per_hint, inter_exploratory_brilliance, inter_obsessive_correction, inter_cowardice_penalty, Comp_GBA_AoL_Anchored, Feat_Resilient_Explorer, Feat_Ego_vs_Capacity, Feat_Strategic_Growth, Mutant_AoL_Resilience, Mutant_Omega_Curiosity",0.5
127,MutualInfo_p90,8,Lasso,0.6987,0.6728,0.5347,0.0916,{'model__alpha': 0.01},"humility_challenging, boldness_score, Comp_Joyous_Exploration, Psych_Calculated_Risk, Psych_Calculated_Risk_Growth, inter_obsessive_correction, Comp_GBA_AoL_Anchored, Mutant_AoL_Resilience",0.2
128,Kendall_gt0.20,11,SVR_Linear,0.7042,0.6728,0.531,0.0917,"{'model__epsilon': 0.5, 'model__C': 1.0}","sum_weighted_score, humility_challenging, score_velocity, adaptive_learning_capacity, Psych_Calculated_Risk, inter_exploratory_brilliance, inter_obsessive_correction, inter_cowardice_penalty, Feat_Resilient_Explorer, Mutant_AoL_Resilience, Mutant_Omega_Curiosity",0.8
129,Pearson_gt0.30,3,XGBoost,0.7132,0.673,0.5398,0.0912,"{'model__subsample': 1.0, 'model__max_depth': 3, 'model__learning_rate': 0.05, 'model__colsample_bytree': 0.8}","sum_weighted_score, inter_obsessive_correction, Feat_Resilient_Explorer",2.7
130,Spearman_gt0.15,27,ElasticNet,0.7018,0.6733,0.5312,0.0902,"{'model__l1_ratio': 0.3, 'model__alpha': 0.1}","sum_weighted_score, humility_challenging, struggle_ratio, grind_capacity, score_velocity, stubbornness_index, impulsive_help_ratio, hint_reliance_ratio, hint_dependency_gravity, adaptive_learning_capacity, stubborn_failure_magnitude, ratio_redo_success, Comp_Joyous_Exploration, Comp_Awareness_Limit, Psych_Calculated_Risk, Psych_Ego_Awareness, ratio_score_per_hint, inter_exploratory_brilliance, inter_obsessive_correction, inter_cowardice_penalty, Comp_GBA_DS_Anchored, Comp_GBA_AoL_Anchored, Feat_Resilient_Explorer, Feat_Ego_vs_Capacity, Feat_Strategic_Growth, Mutant_AoL_Resilience, Mutant_Omega_Curiosity",0.7
131,Kendall_gt0.10,27,ElasticNet,0.7018,0.6733,0.5312,0.0902,"{'model__l1_ratio': 0.3, 'model__alpha': 0.1}","sum_weighted_score, humility_challenging, struggle_ratio, grind_capacity, score_velocity, stubbornness_index, impulsive_help_ratio, hint_reliance_ratio, hint_dependency_gravity, adaptive_learning_capacity, stubborn_failure_magnitude, ratio_redo_success, Comp_Joyous_Exploration, Comp_Awareness_Limit, Psych_Calculated_Risk, Psych_Ego_Awareness, ratio_score_per_hint, inter_exploratory_brilliance, inter_obsessive_correction, inter_cowardice_penalty, Comp_GBA_DS_Anchored, Comp_GBA_AoL_Anchored, Feat_Resilient_Explorer, Feat_Ego_vs_Capacity, Feat_Strategic_Growth, Mutant_AoL_Resilience, Mutant_Omega_Curiosity",0.6
132,Pearson_gt0.20,12,XGBoost,0.7145,0.6738,0.5386,0.0891,"{'model__subsample': 0.8, 'model__max_depth': 3, 'model__learning_rate': 0.05, 'model__colsample_bytree': 0.8}","sum_weighted_score, humility_challenging, struggle_ratio, score_velocity, impulsive_help_ratio, ratio_redo_success, Psych_Calculated_Risk, inter_exploratory_brilliance, inter_obsessive_correction, inter_cowardice_penalty, Feat_Resilient_Explorer, Mutant_Omega_Curiosity",5.5
133,Spearman_gt0.15,27,KNN_Regressor,0.7059,0.6742,0.5311,0.0878,"{'model__weights': 'uniform', 'model__p': 1, 'model__n_neighbors': 15}","sum_weighted_score, humility_challenging, struggle_ratio, grind_capacity, score_velocity, stubbornness_index, impulsive_help_ratio, hint_reliance_ratio, hint_dependency_gravity, adaptive_learning_capacity, stubborn_failure_magnitude, ratio_redo_success, Comp_Joyous_Exploration, Comp_Awareness_Limit, Psych_Calculated_Risk, Psych_Ego_Awareness, ratio_score_per_hint, inter_exploratory_brilliance, inter_obsessive_correction, inter_cowardice_penalty, Comp_GBA_DS_Anchored, Comp_GBA_AoL_Anchored, Feat_Resilient_Explorer, Feat_Ego_vs_Capacity, Feat_Strategic_Growth, Mutant_AoL_Resilience, Mutant_Omega_Curiosity",0.6
134,Kendall_gt0.10,27,KNN_Regressor,0.7059,0.6742,0.5311,0.0878,"{'model__weights': 'uniform', 'model__p': 1, 'model__n_neighbors': 15}","sum_weighted_score, humility_challenging, struggle_ratio, grind_capacity, score_velocity, stubbornness_index, impulsive_help_ratio, hint_reliance_ratio, hint_dependency_gravity, adaptive_learning_capacity, stubborn_failure_magnitude, ratio_redo_success, Comp_Joyous_Exploration, Comp_Awareness_Limit, Psych_Calculated_Risk, Psych_Ego_Awareness, ratio_score_per_hint, inter_exploratory_brilliance, inter_obsessive_correction, inter_cowardice_penalty, Comp_GBA_DS_Anchored, Comp_GBA_AoL_Anchored, Feat_Resilient_Explorer, Feat_Ego_vs_Capacity, Feat_Strategic_Growth, Mutant_AoL_Resilience, Mutant_Omega_Curiosity",0.6
135,RFE_Ridge_Top20,20,Lasso,0.6954,0.6744,0.5417,0.0873,{'model__alpha': 0.001},"sum_weighted_score, struggle_ratio, boldness_score, hard_challenge_efficiency, carefulness_index, time_diff_max_vs_avg, PCA_Duration, Comp_Joyous_Exploration, Psych_Calculated_Risk, Psych_Ego_Awareness, Psych_Impulsive_Quit, Psych_Adaptability, Psych_Calculated_Risk_Growth, ratio_struggle_time, inter_strategic_retreat, inter_exploratory_brilliance, inter_obsessive_correction, HighOrd_Score_x_PCADuration, Comp_GBA_DS_Anchored, Feat_Resilient_Explorer",0.5
136,Kendall_gt0.20,11,XGBoost,0.711,0.6744,0.5433,0.0872,"{'model__subsample': 1.0, 'model__max_depth': 3, 'model__learning_rate': 0.05, 'model__colsample_bytree': 1.0}","sum_weighted_score, humility_challenging, score_velocity, adaptive_learning_capacity, Psych_Calculated_Risk, inter_exploratory_brilliance, inter_obsessive_correction, inter_cowardice_penalty, Feat_Resilient_Explorer, Mutant_AoL_Resilience, Mutant_Omega_Curiosity",7.0
137,Spearman_gt0.30,6,XGBoost,0.718,0.6745,0.5404,0.087,"{'model__subsample': 0.8, 'model__max_depth': 3, 'model__learning_rate': 0.05, 'model__colsample_bytree': 0.8}","sum_weighted_score, inter_obsessive_correction, inter_cowardice_penalty, Feat_Resilient_Explorer, Mutant_AoL_Resilience, Mutant_Omega_Curiosity",3.4
138,Kendall_gt0.10,27,Lasso,0.7018,0.6746,0.5324,0.0869,{'model__alpha': 0.01},"sum_weighted_score, humility_challenging, struggle_ratio, grind_capacity, score_velocity, stubbornness_index, impulsive_help_ratio, hint_reliance_ratio, hint_dependency_gravity, adaptive_learning_capacity, stubborn_failure_magnitude, ratio_redo_success, Comp_Joyous_Exploration, Comp_Awareness_Limit, Psych_Calculated_Risk, Psych_Ego_Awareness, ratio_score_per_hint, inter_exploratory_brilliance, inter_obsessive_correction, inter_cowardice_penalty, Comp_GBA_DS_Anchored, Comp_GBA_AoL_Anchored, Feat_Resilient_Explorer, Feat_Ego_vs_Capacity, Feat_Strategic_Growth, Mutant_AoL_Resilience, Mutant_Omega_Curiosity",0.5
139,Spearman_gt0.15,27,Lasso,0.7018,0.6746,0.5324,0.0869,{'model__alpha': 0.01},"sum_weighted_score, humility_challenging, struggle_ratio, grind_capacity, score_velocity, stubbornness_index, impulsive_help_ratio, hint_reliance_ratio, hint_dependency_gravity, adaptive_learning_capacity, stubborn_failure_magnitude, ratio_redo_success, Comp_Joyous_Exploration, Comp_Awareness_Limit, Psych_Calculated_Risk, Psych_Ego_Awareness, ratio_score_per_hint, inter_exploratory_brilliance, inter_obsessive_correction, inter_cowardice_penalty, Comp_GBA_DS_Anchored, Comp_GBA_AoL_Anchored, Feat_Resilient_Explorer, Feat_Ego_vs_Capacity, Feat_Strategic_Growth, Mutant_AoL_Resilience, Mutant_Omega_Curiosity",0.5
140,Spearman_gt0.20,22,Lasso,0.7011,0.6746,0.5324,0.0869,{'model__alpha': 0.01},"sum_weighted_score, humility_challenging, struggle_ratio, grind_capacity, score_velocity, stubbornness_index, impulsive_help_ratio, adaptive_learning_capacity, ratio_redo_success, Psych_Calculated_Risk, Psych_Ego_Awareness, ratio_score_per_hint, inter_exploratory_brilliance, inter_obsessive_correction, inter_cowardice_penalty, Comp_GBA_DS_Anchored, Comp_GBA_AoL_Anchored, Feat_Resilient_Explorer, Feat_Ego_vs_Capacity, Feat_Strategic_Growth, Mutant_AoL_Resilience, Mutant_Omega_Curiosity",0.4
141,MutualInfo_p90,8,Ridge,0.698,0.6746,0.5358,0.0868,{'model__alpha': 10.0},"humility_challenging, boldness_score, Comp_Joyous_Exploration, Psych_Calculated_Risk, Psych_Calculated_Risk_Growth, inter_obsessive_correction, Comp_GBA_AoL_Anchored, Mutant_AoL_Resilience",0.2
142,MutualInfo_p90,8,ElasticNet,0.6981,0.6747,0.5361,0.0865,"{'model__l1_ratio': 0.7, 'model__alpha': 0.01}","humility_challenging, boldness_score, Comp_Joyous_Exploration, Psych_Calculated_Risk, Psych_Calculated_Risk_Growth, inter_obsessive_correction, Comp_GBA_AoL_Anchored, Mutant_AoL_Resilience",0.3
143,Pearson_gt0.30,3,RandomForest,0.6971,0.6747,0.5365,0.0865,"{'model__n_estimators': 200, 'model__min_samples_split': 2, 'model__max_features': 'sqrt', 'model__max_depth': 5}","sum_weighted_score, inter_obsessive_correction, Feat_Resilient_Explorer",4.8
144,RFE_Ridge_Top30,30,SVR_Linear,0.7017,0.6748,0.5391,0.0862,"{'model__epsilon': 0.5, 'model__C': 10.0}","sum_weighted_score, struggle_ratio, score_velocity, boldness_score, hard_challenge_efficiency, hint_vs_skip_ratio, carefulness_index, tuas_dominance, star_efficiency, exploration_efficiency, time_diff_end_vs_start, time_diff_phase3_vs_phase1, time_diff_max_vs_avg, PCA_Duration, PCA_Hints, PCA_Dur_x_PCA_Hints, Comp_Joyous_Exploration, Psych_Calculated_Risk, Psych_Ego_Awareness, Psych_Impulsive_Quit, Psych_Adaptability, Psych_Calculated_Risk_Growth, ratio_struggle_time, inter_strategic_retreat, inter_exploratory_brilliance, inter_obsessive_correction, HighOrd_Score_x_PCADuration, Comp_GBA_DS_Anchored, Feat_Resilient_Explorer, Mutant_AoL_Resilience",0.9
145,Kendall_gt0.15,21,Lasso,0.6991,0.6749,0.5329,0.0859,{'model__alpha': 0.01},"sum_weighted_score, humility_challenging, struggle_ratio, grind_capacity, score_velocity, stubbornness_index, impulsive_help_ratio, adaptive_learning_capacity, ratio_redo_success, Psych_Calculated_Risk, Psych_Ego_Awareness, ratio_score_per_hint, inter_exploratory_brilliance, inter_obsessive_correction, inter_cowardice_penalty, Comp_GBA_AoL_Anchored, Feat_Resilient_Explorer, Feat_Ego_vs_Capacity, Feat_Strategic_Growth, Mutant_AoL_Resilience, Mutant_Omega_Curiosity",0.4
146,Spearman_gt0.20,22,ElasticNet,0.7013,0.6752,0.5332,0.0851,"{'model__l1_ratio': 0.7, 'model__alpha': 0.01}","sum_weighted_score, humility_challenging, struggle_ratio, grind_capacity, score_velocity, stubbornness_index, impulsive_help_ratio, adaptive_learning_capacity, ratio_redo_success, Psych_Calculated_Risk, Psych_Ego_Awareness, ratio_score_per_hint, inter_exploratory_brilliance, inter_obsessive_correction, inter_cowardice_penalty, Comp_GBA_DS_Anchored, Comp_GBA_AoL_Anchored, Feat_Resilient_Explorer, Feat_Ego_vs_Capacity, Feat_Strategic_Growth, Mutant_AoL_Resilience, Mutant_Omega_Curiosity",0.6
147,Pearson_gt0.15,21,KNN_Regressor,0.7106,0.6753,0.5372,0.0849,"{'model__weights': 'uniform', 'model__p': 1, 'model__n_neighbors': 15}","sum_weighted_score, humility_challenging, struggle_ratio, score_velocity, hard_challenge_efficiency, impulsive_help_ratio, ratio_redo_success, Comp_Joyous_Exploration, Comp_Awareness_Limit, Psych_Calculated_Risk, ratio_score_per_hint, inter_exploratory_brilliance, inter_obsessive_correction, inter_cowardice_penalty, Comp_GBA_DS_Anchored, Comp_GBA_AoL_Anchored, Feat_Resilient_Explorer, Feat_Ego_vs_Capacity, Feat_Strategic_Growth, Mutant_AoL_Resilience, Mutant_Omega_Curiosity",0.6
148,RFE_Ridge_Top30,30,HuberRegressor,0.7005,0.6754,0.5423,0.0847,"{'model__epsilon': 2.0, 'model__alpha': 0.01}","sum_weighted_score, struggle_ratio, score_velocity, boldness_score, hard_challenge_efficiency, hint_vs_skip_ratio, carefulness_index, tuas_dominance, star_efficiency, exploration_efficiency, time_diff_end_vs_start, time_diff_phase3_vs_phase1, time_diff_max_vs_avg, PCA_Duration, PCA_Hints, PCA_Dur_x_PCA_Hints, Comp_Joyous_Exploration, Psych_Calculated_Risk, Psych_Ego_Awareness, Psych_Impulsive_Quit, Psych_Adaptability, Psych_Calculated_Risk_Growth, ratio_struggle_time, inter_strategic_retreat, inter_exploratory_brilliance, inter_obsessive_correction, HighOrd_Score_x_PCADuration, Comp_GBA_DS_Anchored, Feat_Resilient_Explorer, Mutant_AoL_Resilience",1.0
149,Kendall_gt0.15,21,ElasticNet,0.6994,0.6754,0.5338,0.0847,"{'model__l1_ratio': 0.7, 'model__alpha': 0.01}","sum_weighted_score, humility_challenging, struggle_ratio, grind_capacity, score_velocity, stubbornness_index, impulsive_help_ratio, adaptive_learning_capacity, ratio_redo_success, Psych_Calculated_Risk, Psych_Ego_Awareness, ratio_score_per_hint, inter_exploratory_brilliance, inter_obsessive_correction, inter_cowardice_penalty, Comp_GBA_AoL_Anchored, Feat_Resilient_Explorer, Feat_Ego_vs_Capacity, Feat_Strategic_Growth, Mutant_AoL_Resilience, Mutant_Omega_Curiosity",0.5
150,RFE_Ridge_Top20,20,HuberRegressor,0.6972,0.6755,0.5419,0.0844,"{'model__epsilon': 2.0, 'model__alpha': 0.01}","sum_weighted_score, struggle_ratio, boldness_score, hard_challenge_efficiency, carefulness_index, time_diff_max_vs_avg, PCA_Duration, Comp_Joyous_Exploration, Psych_Calculated_Risk, Psych_Ego_Awareness, Psych_Impulsive_Quit, Psych_Adaptability, Psych_Calculated_Risk_Growth, ratio_struggle_time, inter_strategic_retreat, inter_exploratory_brilliance, inter_obsessive_correction, HighOrd_Score_x_PCADuration, Comp_GBA_DS_Anchored, Feat_Resilient_Explorer",0.9
151,RF_Importance_med,40,HuberRegressor,0.7215,0.6759,0.5405,0.0833,"{'model__epsilon': 2.0, 'model__alpha': 0.01}","sum_weighted_score, score_velocity, hard_challenge_efficiency, hint_reading_duration, hint_effectiveness, engagement_persistence, impulsive_help_ratio, carefulness_index, contemplation_index, exploration_efficiency, hyper_curiosity_index, adaptive_learning_capacity, time_diff_end_vs_start, time_diff_phase3_vs_phase1, time_diff_max_vs_avg, ratio_hint_time, ratio_success_per_duration, PCA_Duration, PCA_Hints, PCA_Dur_x_PCA_Hints, PCA_Dur_squared, Comp_Awareness_Limit, Psych_Flow_Stamina, Psych_Impulsive_Quit, ratio_struggle_time, inter_sweet_victory, PCA_Performance_Star, HighOrd_Star_x_Effort, inter_obsessive_correction, inter_cowardice_penalty, HighOrd_Score_x_PCAStar, HighOrd_Score_x_PCADuration, Comp_GBA_DS_Anchored, Comp_GBA_AoL_Anchored, Feat_Resilient_Explorer, Feat_Ego_vs_Capacity, Feat_Cognitive_Waste, Mutant_AoL_Resilience, Mutant_Omega_Curiosity, Mutant_Ego_Death",2.6
152,Kendall_gt0.15,21,KNN_Regressor,0.7036,0.6762,0.5377,0.0824,"{'model__weights': 'uniform', 'model__p': 2, 'model__n_neighbors': 15}","sum_weighted_score, humility_challenging, struggle_ratio, grind_capacity, score_velocity, stubbornness_index, impulsive_help_ratio, adaptive_learning_capacity, ratio_redo_success, Psych_Calculated_Risk, Psych_Ego_Awareness, ratio_score_per_hint, inter_exploratory_brilliance, inter_obsessive_correction, inter_cowardice_penalty, Comp_GBA_AoL_Anchored, Feat_Resilient_Explorer, Feat_Ego_vs_Capacity, Feat_Strategic_Growth, Mutant_AoL_Resilience, Mutant_Omega_Curiosity",0.5
153,RF_Importance_p90,8,KNN_Regressor,0.7079,0.6763,0.5338,0.0823,"{'model__weights': 'uniform', 'model__p': 1, 'model__n_neighbors': 15}","sum_weighted_score, contemplation_index, time_diff_end_vs_start, time_diff_max_vs_avg, PCA_Dur_x_PCA_Hints, inter_obsessive_correction, Feat_Resilient_Explorer, Mutant_AoL_Resilience",0.3
154,Kendall_gt0.15,21,HuberRegressor,0.7085,0.6777,0.5408,0.0784,"{'model__epsilon': 2.0, 'model__alpha': 0.01}","sum_weighted_score, humility_challenging, struggle_ratio, grind_capacity, score_velocity, stubbornness_index, impulsive_help_ratio, adaptive_learning_capacity, ratio_redo_success, Psych_Calculated_Risk, Psych_Ego_Awareness, ratio_score_per_hint, inter_exploratory_brilliance, inter_obsessive_correction, inter_cowardice_penalty, Comp_GBA_AoL_Anchored, Feat_Resilient_Explorer, Feat_Ego_vs_Capacity, Feat_Strategic_Growth, Mutant_AoL_Resilience, Mutant_Omega_Curiosity",2.0
155,RFE_Ridge_Top30,30,KNN_Regressor,0.7048,0.6785,0.5405,0.0763,"{'model__weights': 'uniform', 'model__p': 1, 'model__n_neighbors': 15}","sum_weighted_score, struggle_ratio, score_velocity, boldness_score, hard_challenge_efficiency, hint_vs_skip_ratio, carefulness_index, tuas_dominance, star_efficiency, exploration_efficiency, time_diff_end_vs_start, time_diff_phase3_vs_phase1, time_diff_max_vs_avg, PCA_Duration, PCA_Hints, PCA_Dur_x_PCA_Hints, Comp_Joyous_Exploration, Psych_Calculated_Risk, Psych_Ego_Awareness, Psych_Impulsive_Quit, Psych_Adaptability, Psych_Calculated_Risk_Growth, ratio_struggle_time, inter_strategic_retreat, inter_exploratory_brilliance, inter_obsessive_correction, HighOrd_Score_x_PCADuration, Comp_GBA_DS_Anchored, Feat_Resilient_Explorer, Mutant_AoL_Resilience",0.7
156,Spearman_gt0.20,22,HuberRegressor,0.7099,0.6786,0.5423,0.076,"{'model__epsilon': 2.0, 'model__alpha': 0.01}","sum_weighted_score, humility_challenging, struggle_ratio, grind_capacity, score_velocity, stubbornness_index, impulsive_help_ratio, adaptive_learning_capacity, ratio_redo_success, Psych_Calculated_Risk, Psych_Ego_Awareness, ratio_score_per_hint, inter_exploratory_brilliance, inter_obsessive_correction, inter_cowardice_penalty, Comp_GBA_DS_Anchored, Comp_GBA_AoL_Anchored, Feat_Resilient_Explorer, Feat_Ego_vs_Capacity, Feat_Strategic_Growth, Mutant_AoL_Resilience, Mutant_Omega_Curiosity",2.3
157,RF_Importance_p80,16,SVR_Linear,0.7052,0.6788,0.5341,0.0753,"{'model__epsilon': 0.5, 'model__C': 1.0}","sum_weighted_score, contemplation_index, time_diff_end_vs_start, time_diff_max_vs_avg, PCA_Hints, PCA_Dur_x_PCA_Hints, Psych_Flow_Stamina, ratio_struggle_time, inter_sweet_victory, HighOrd_Star_x_Effort, inter_obsessive_correction, Comp_GBA_DS_Anchored, Comp_GBA_AoL_Anchored, Feat_Resilient_Explorer, Mutant_AoL_Resilience, Mutant_Ego_Death",0.7
158,RFE_Ridge_Top20,20,KNN_Regressor,0.7051,0.6788,0.5389,0.0754,"{'model__weights': 'uniform', 'model__p': 1, 'model__n_neighbors': 15}","sum_weighted_score, struggle_ratio, boldness_score, hard_challenge_efficiency, carefulness_index, time_diff_max_vs_avg, PCA_Duration, Comp_Joyous_Exploration, Psych_Calculated_Risk, Psych_Ego_Awareness, Psych_Impulsive_Quit, Psych_Adaptability, Psych_Calculated_Risk_Growth, ratio_struggle_time, inter_strategic_retreat, inter_exploratory_brilliance, inter_obsessive_correction, HighOrd_Score_x_PCADuration, Comp_GBA_DS_Anchored, Feat_Resilient_Explorer",0.6
159,MutualInfo_p90,8,PLSRegression,0.6989,0.679,0.5389,0.0749,{'model__n_components': 5},"humility_challenging, boldness_score, Comp_Joyous_Exploration, Psych_Calculated_Risk, Psych_Calculated_Risk_Growth, inter_obsessive_correction, Comp_GBA_AoL_Anchored, Mutant_AoL_Resilience",0.2
160,MutualInfo_p70,24,MLP_Regressor,0.7278,0.6792,0.5359,0.0743,"{'model__learning_rate': 'adaptive', 'model__hidden_layer_sizes': (64, 32), 'model__alpha': 0.01, 'model__activation': 'tanh'}","sum_weighted_score, humility_challenging, boldness_score, hard_challenge_efficiency, stubbornness_index, impulsive_help_ratio, hint_reliance_ratio, adaptive_learning_capacity, ratio_redo_success, Comp_Joyous_Exploration, Comp_Awareness_Limit, Psych_Calculated_Risk, Psych_Calculated_Risk_Growth, inter_ambition_vs_reality, ratio_score_per_hint, inter_exploratory_brilliance, inter_obsessive_correction, inter_cowardice_penalty, Comp_GBA_AoL_Anchored, Feat_Resilient_Explorer, Feat_Ego_vs_Capacity, Feat_Strategic_Growth, Mutant_AoL_Resilience, Mutant_Omega_Curiosity",17.9
161,MutualInfo_p80,16,SVR_Linear,0.7031,0.6795,0.5379,0.0736,"{'model__epsilon': 0.5, 'model__C': 1.0}","sum_weighted_score, humility_challenging, boldness_score, hard_challenge_efficiency, adaptive_learning_capacity, Comp_Joyous_Exploration, Psych_Calculated_Risk, Psych_Calculated_Risk_Growth, inter_ambition_vs_reality, ratio_score_per_hint, inter_exploratory_brilliance, inter_obsessive_correction, inter_cowardice_penalty, Comp_GBA_AoL_Anchored, Feat_Resilient_Explorer, Mutant_AoL_Resilience",0.6
162,Spearman_gt0.20,22,XGBoost,0.7049,0.6801,0.5401,0.0718,"{'model__subsample': 1.0, 'model__max_depth': 3, 'model__learning_rate': 0.05, 'model__colsample_bytree': 0.8}","sum_weighted_score, humility_challenging, struggle_ratio, grind_capacity, score_velocity, stubbornness_index, impulsive_help_ratio, adaptive_learning_capacity, ratio_redo_success, Psych_Calculated_Risk, Psych_Ego_Awareness, ratio_score_per_hint, inter_exploratory_brilliance, inter_obsessive_correction, inter_cowardice_penalty, Comp_GBA_DS_Anchored, Comp_GBA_AoL_Anchored, Feat_Resilient_Explorer, Feat_Ego_vs_Capacity, Feat_Strategic_Growth, Mutant_AoL_Resilience, Mutant_Omega_Curiosity",8.9
163,RFE_Ridge_Top20,20,XGBoost,0.7136,0.6801,0.5479,0.0719,"{'model__subsample': 1.0, 'model__max_depth': 3, 'model__learning_rate': 0.05, 'model__colsample_bytree': 0.8}","sum_weighted_score, struggle_ratio, boldness_score, hard_challenge_efficiency, carefulness_index, time_diff_max_vs_avg, PCA_Duration, Comp_Joyous_Exploration, Psych_Calculated_Risk, Psych_Ego_Awareness, Psych_Impulsive_Quit, Psych_Adaptability, Psych_Calculated_Risk_Growth, ratio_struggle_time, inter_strategic_retreat, inter_exploratory_brilliance, inter_obsessive_correction, HighOrd_Score_x_PCADuration, Comp_GBA_DS_Anchored, Feat_Resilient_Explorer",9.6
164,MutualInfo_p80,16,HuberRegressor,0.7027,0.6802,0.5374,0.0715,"{'model__epsilon': 2.0, 'model__alpha': 0.01}","sum_weighted_score, humility_challenging, boldness_score, hard_challenge_efficiency, adaptive_learning_capacity, Comp_Joyous_Exploration, Psych_Calculated_Risk, Psych_Calculated_Risk_Growth, inter_ambition_vs_reality, ratio_score_per_hint, inter_exploratory_brilliance, inter_obsessive_correction, inter_cowardice_penalty, Comp_GBA_AoL_Anchored, Feat_Resilient_Explorer, Mutant_AoL_Resilience",0.7
165,RFE_Ridge_Top20,20,SVR_Linear,0.6966,0.6806,0.545,0.0704,"{'model__epsilon': 0.5, 'model__C': 1.0}","sum_weighted_score, struggle_ratio, boldness_score, hard_challenge_efficiency, carefulness_index, time_diff_max_vs_avg, PCA_Duration, Comp_Joyous_Exploration, Psych_Calculated_Risk, Psych_Ego_Awareness, Psych_Impulsive_Quit, Psych_Adaptability, Psych_Calculated_Risk_Growth, ratio_struggle_time, inter_strategic_retreat, inter_exploratory_brilliance, inter_obsessive_correction, HighOrd_Score_x_PCADuration, Comp_GBA_DS_Anchored, Feat_Resilient_Explorer",0.7
166,Pearson_gt0.20,12,MLP_Regressor,0.7087,0.6808,0.5488,0.0699,"{'model__learning_rate': 'adaptive', 'model__hidden_layer_sizes': (64, 32), 'model__alpha': 0.01, 'model__activation': 'tanh'}","sum_weighted_score, humility_challenging, struggle_ratio, score_velocity, impulsive_help_ratio, ratio_redo_success, Psych_Calculated_Risk, inter_exploratory_brilliance, inter_obsessive_correction, inter_cowardice_penalty, Feat_Resilient_Explorer, Mutant_Omega_Curiosity",11.6
167,MutualInfo_p90,8,MLP_Regressor,0.7074,0.6809,0.5417,0.0696,"{'model__learning_rate': 'adaptive', 'model__hidden_layer_sizes': (64, 32), 'model__alpha': 0.01, 'model__activation': 'tanh'}","humility_challenging, boldness_score, Comp_Joyous_Exploration, Psych_Calculated_Risk, Psych_Calculated_Risk_Growth, inter_obsessive_correction, Comp_GBA_AoL_Anchored, Mutant_AoL_Resilience",9.3
168,Lasso_NonZero,37,XGBoost,0.7112,0.6811,0.5388,0.0691,"{'model__subsample': 1.0, 'model__max_depth': 3, 'model__learning_rate': 0.05, 'model__colsample_bytree': 0.8}","sum_weighted_score, struggle_ratio, grind_capacity, score_velocity, boldness_score, hard_challenge_efficiency, hint_vs_skip_ratio, engagement_persistence, impulsive_help_ratio, hint_reliance_ratio, carefulness_index, tuas_dominance, keypad_dominance, hesitation_penalty, hint_dependency_gravity, reckless_action_index, calculated_risk_taking, stubborn_failure_magnitude, time_diff_end_vs_start, time_diff_max_vs_avg, ratio_success_per_duration, inter_hint_x_skip, PCA_Duration, PCA_Dur_x_PCA_Hints, Comp_Awareness_Limit, Psych_Deprivation_Fixation, Psych_Ego_Awareness, Psych_Independent_Efficiency, ratio_hint_per_star, ratio_struggle_time, HighOrd_Star_x_Effort, inter_obsessive_correction, HighOrd_Score_x_PCAStar, Comp_GBA_AoL_Anchored, Feat_Cognitive_Waste, Mutant_AoL_Resilience, Mutant_Ego_Death",14.1
169,RF_Importance_p90,8,SVR_Linear,0.7034,0.6812,0.5415,0.0689,"{'model__epsilon': 0.5, 'model__C': 0.1}","sum_weighted_score, contemplation_index, time_diff_end_vs_start, time_diff_max_vs_avg, PCA_Dur_x_PCA_Hints, inter_obsessive_correction, Feat_Resilient_Explorer, Mutant_AoL_Resilience",0.4
170,MutualInfo_p90,8,XGBoost,0.7071,0.6814,0.5355,0.0682,"{'model__subsample': 1.0, 'model__max_depth': 3, 'model__learning_rate': 0.05, 'model__colsample_bytree': 1.0}","humility_challenging, boldness_score, Comp_Joyous_Exploration, Psych_Calculated_Risk, Psych_Calculated_Risk_Growth, inter_obsessive_correction, Comp_GBA_AoL_Anchored, Mutant_AoL_Resilience",3.4
171,MutualInfo_p80,16,XGBoost,0.7107,0.6829,0.5461,0.0642,"{'model__subsample': 1.0, 'model__max_depth': 3, 'model__learning_rate': 0.05, 'model__colsample_bytree': 0.8}","sum_weighted_score, humility_challenging, boldness_score, hard_challenge_efficiency, adaptive_learning_capacity, Comp_Joyous_Exploration, Psych_Calculated_Risk, Psych_Calculated_Risk_Growth, inter_ambition_vs_reality, ratio_score_per_hint, inter_exploratory_brilliance, inter_obsessive_correction, inter_cowardice_penalty, Comp_GBA_AoL_Anchored, Feat_Resilient_Explorer, Mutant_AoL_Resilience",6.1
172,MutualInfo_p90,8,HuberRegressor,0.6999,0.6831,0.5401,0.0635,"{'model__epsilon': 2.0, 'model__alpha': 0.01}","humility_challenging, boldness_score, Comp_Joyous_Exploration, Psych_Calculated_Risk, Psych_Calculated_Risk_Growth, inter_obsessive_correction, Comp_GBA_AoL_Anchored, Mutant_AoL_Resilience",0.3
173,RF_Importance_med,40,SVR_Linear,0.7298,0.6835,0.5438,0.0626,"{'model__epsilon': 0.5, 'model__C': 1.0}","sum_weighted_score, score_velocity, hard_challenge_efficiency, hint_reading_duration, hint_effectiveness, engagement_persistence, impulsive_help_ratio, carefulness_index, contemplation_index, exploration_efficiency, hyper_curiosity_index, adaptive_learning_capacity, time_diff_end_vs_start, time_diff_phase3_vs_phase1, time_diff_max_vs_avg, ratio_hint_time, ratio_success_per_duration, PCA_Duration, PCA_Hints, PCA_Dur_x_PCA_Hints, PCA_Dur_squared, Comp_Awareness_Limit, Psych_Flow_Stamina, Psych_Impulsive_Quit, ratio_struggle_time, inter_sweet_victory, PCA_Performance_Star, HighOrd_Star_x_Effort, inter_obsessive_correction, inter_cowardice_penalty, HighOrd_Score_x_PCAStar, HighOrd_Score_x_PCADuration, Comp_GBA_DS_Anchored, Comp_GBA_AoL_Anchored, Feat_Resilient_Explorer, Feat_Ego_vs_Capacity, Feat_Cognitive_Waste, Mutant_AoL_Resilience, Mutant_Omega_Curiosity, Mutant_Ego_Death",1.5
174,Kendall_gt0.20,11,KNN_Regressor,0.716,0.6841,0.5476,0.061,"{'model__weights': 'uniform', 'model__p': 2, 'model__n_neighbors': 15}","sum_weighted_score, humility_challenging, score_velocity, adaptive_learning_capacity, Psych_Calculated_Risk, inter_exploratory_brilliance, inter_obsessive_correction, inter_cowardice_penalty, Feat_Resilient_Explorer, Mutant_AoL_Resilience, Mutant_Omega_Curiosity",0.6
175,RF_Importance_p80,16,SVR_RBF,0.7008,0.6846,0.5374,0.0595,"{'model__gamma': 0.001, 'model__epsilon': 0.01, 'model__C': 10.0}","sum_weighted_score, contemplation_index, time_diff_end_vs_start, time_diff_max_vs_avg, PCA_Hints, PCA_Dur_x_PCA_Hints, Psych_Flow_Stamina, ratio_struggle_time, inter_sweet_victory, HighOrd_Star_x_Effort, inter_obsessive_correction, Comp_GBA_DS_Anchored, Comp_GBA_AoL_Anchored, Feat_Resilient_Explorer, Mutant_AoL_Resilience, Mutant_Ego_Death",1.4
176,Kendall_gt0.10,27,XGBoost,0.7102,0.6847,0.5446,0.0592,"{'model__subsample': 1.0, 'model__max_depth': 3, 'model__learning_rate': 0.05, 'model__colsample_bytree': 0.8}","sum_weighted_score, humility_challenging, struggle_ratio, grind_capacity, score_velocity, stubbornness_index, impulsive_help_ratio, hint_reliance_ratio, hint_dependency_gravity, adaptive_learning_capacity, stubborn_failure_magnitude, ratio_redo_success, Comp_Joyous_Exploration, Comp_Awareness_Limit, Psych_Calculated_Risk, Psych_Ego_Awareness, ratio_score_per_hint, inter_exploratory_brilliance, inter_obsessive_correction, inter_cowardice_penalty, Comp_GBA_DS_Anchored, Comp_GBA_AoL_Anchored, Feat_Resilient_Explorer, Feat_Ego_vs_Capacity, Feat_Strategic_Growth, Mutant_AoL_Resilience, Mutant_Omega_Curiosity",10.4
177,Spearman_gt0.15,27,XGBoost,0.7102,0.6847,0.5446,0.0592,"{'model__subsample': 1.0, 'model__max_depth': 3, 'model__learning_rate': 0.05, 'model__colsample_bytree': 0.8}","sum_weighted_score, humility_challenging, struggle_ratio, grind_capacity, score_velocity, stubbornness_index, impulsive_help_ratio, hint_reliance_ratio, hint_dependency_gravity, adaptive_learning_capacity, stubborn_failure_magnitude, ratio_redo_success, Comp_Joyous_Exploration, Comp_Awareness_Limit, Psych_Calculated_Risk, Psych_Ego_Awareness, ratio_score_per_hint, inter_exploratory_brilliance, inter_obsessive_correction, inter_cowardice_penalty, Comp_GBA_DS_Anchored, Comp_GBA_AoL_Anchored, Feat_Resilient_Explorer, Feat_Ego_vs_Capacity, Feat_Strategic_Growth, Mutant_AoL_Resilience, Mutant_Omega_Curiosity",10.9
178,Lasso_NonZero,37,PLSRegression,0.692,0.6849,0.5453,0.0587,{'model__n_components': 2},"sum_weighted_score, struggle_ratio, grind_capacity, score_velocity, boldness_score, hard_challenge_efficiency, hint_vs_skip_ratio, engagement_persistence, impulsive_help_ratio, hint_reliance_ratio, carefulness_index, tuas_dominance, keypad_dominance, hesitation_penalty, hint_dependency_gravity, reckless_action_index, calculated_risk_taking, stubborn_failure_magnitude, time_diff_end_vs_start, time_diff_max_vs_avg, ratio_success_per_duration, inter_hint_x_skip, PCA_Duration, PCA_Dur_x_PCA_Hints, Comp_Awareness_Limit, Psych_Deprivation_Fixation, Psych_Ego_Awareness, Psych_Independent_Efficiency, ratio_hint_per_star, ratio_struggle_time, HighOrd_Star_x_Effort, inter_obsessive_correction, HighOrd_Score_x_PCAStar, Comp_GBA_AoL_Anchored, Feat_Cognitive_Waste, Mutant_AoL_Resilience, Mutant_Ego_Death",0.5
179,RF_Importance_med,40,KNN_Regressor,0.7101,0.6859,0.5371,0.056,"{'model__weights': 'uniform', 'model__p': 2, 'model__n_neighbors': 15}","sum_weighted_score, score_velocity, hard_challenge_efficiency, hint_reading_duration, hint_effectiveness, engagement_persistence, impulsive_help_ratio, carefulness_index, contemplation_index, exploration_efficiency, hyper_curiosity_index, adaptive_learning_capacity, time_diff_end_vs_start, time_diff_phase3_vs_phase1, time_diff_max_vs_avg, ratio_hint_time, ratio_success_per_duration, PCA_Duration, PCA_Hints, PCA_Dur_x_PCA_Hints, PCA_Dur_squared, Comp_Awareness_Limit, Psych_Flow_Stamina, Psych_Impulsive_Quit, ratio_struggle_time, inter_sweet_victory, PCA_Performance_Star, HighOrd_Star_x_Effort, inter_obsessive_correction, inter_cowardice_penalty, HighOrd_Score_x_PCAStar, HighOrd_Score_x_PCADuration, Comp_GBA_DS_Anchored, Comp_GBA_AoL_Anchored, Feat_Resilient_Explorer, Feat_Ego_vs_Capacity, Feat_Cognitive_Waste, Mutant_AoL_Resilience, Mutant_Omega_Curiosity, Mutant_Ego_Death",0.8
180,Pearson_gt0.15,21,XGBoost,0.7117,0.6868,0.5454,0.0535,"{'model__subsample': 1.0, 'model__max_depth': 3, 'model__learning_rate': 0.05, 'model__colsample_bytree': 0.8}","sum_weighted_score, humility_challenging, struggle_ratio, score_velocity, hard_challenge_efficiency, impulsive_help_ratio, ratio_redo_success, Comp_Joyous_Exploration, Comp_Awareness_Limit, Psych_Calculated_Risk, ratio_score_per_hint, inter_exploratory_brilliance, inter_obsessive_correction, inter_cowardice_penalty, Comp_GBA_DS_Anchored, Comp_GBA_AoL_Anchored, Feat_Resilient_Explorer, Feat_Ego_vs_Capacity, Feat_Strategic_Growth, Mutant_AoL_Resilience, Mutant_Omega_Curiosity",10.0
181,RF_Importance_p80,16,MLP_Regressor,0.7158,0.6872,0.5455,0.0524,"{'model__learning_rate': 'constant', 'model__hidden_layer_sizes': (128,), 'model__alpha': 0.001, 'model__activation': 'tanh'}","sum_weighted_score, contemplation_index, time_diff_end_vs_start, time_diff_max_vs_avg, PCA_Hints, PCA_Dur_x_PCA_Hints, Psych_Flow_Stamina, ratio_struggle_time, inter_sweet_victory, HighOrd_Star_x_Effort, inter_obsessive_correction, Comp_GBA_DS_Anchored, Comp_GBA_AoL_Anchored, Feat_Resilient_Explorer, Mutant_AoL_Resilience, Mutant_Ego_Death",11.1
182,MutualInfo_p70,24,XGBoost,0.7025,0.6873,0.5473,0.0522,"{'model__subsample': 1.0, 'model__max_depth': 3, 'model__learning_rate': 0.05, 'model__colsample_bytree': 1.0}","sum_weighted_score, humility_challenging, boldness_score, hard_challenge_efficiency, stubbornness_index, impulsive_help_ratio, hint_reliance_ratio, adaptive_learning_capacity, ratio_redo_success, Comp_Joyous_Exploration, Comp_Awareness_Limit, Psych_Calculated_Risk, Psych_Calculated_Risk_Growth, inter_ambition_vs_reality, ratio_score_per_hint, inter_exploratory_brilliance, inter_obsessive_correction, inter_cowardice_penalty, Comp_GBA_AoL_Anchored, Feat_Resilient_Explorer, Feat_Ego_vs_Capacity, Feat_Strategic_Growth, Mutant_AoL_Resilience, Mutant_Omega_Curiosity",11.6
183,RF_Importance_p80,16,XGBoost,0.701,0.6874,0.5386,0.0518,"{'model__subsample': 1.0, 'model__max_depth': 3, 'model__learning_rate': 0.05, 'model__colsample_bytree': 0.8}","sum_weighted_score, contemplation_index, time_diff_end_vs_start, time_diff_max_vs_avg, PCA_Hints, PCA_Dur_x_PCA_Hints, Psych_Flow_Stamina, ratio_struggle_time, inter_sweet_victory, HighOrd_Star_x_Effort, inter_obsessive_correction, Comp_GBA_DS_Anchored, Comp_GBA_AoL_Anchored, Feat_Resilient_Explorer, Mutant_AoL_Resilience, Mutant_Ego_Death",9.7
184,Spearman_gt0.20,22,MLP_Regressor,0.723,0.6878,0.5445,0.0508,"{'model__learning_rate': 'adaptive', 'model__hidden_layer_sizes': (64, 32), 'model__alpha': 0.01, 'model__activation': 'tanh'}","sum_weighted_score, humility_challenging, struggle_ratio, grind_capacity, score_velocity, stubbornness_index, impulsive_help_ratio, adaptive_learning_capacity, ratio_redo_success, Psych_Calculated_Risk, Psych_Ego_Awareness, ratio_score_per_hint, inter_exploratory_brilliance, inter_obsessive_correction, inter_cowardice_penalty, Comp_GBA_DS_Anchored, Comp_GBA_AoL_Anchored, Feat_Resilient_Explorer, Feat_Ego_vs_Capacity, Feat_Strategic_Growth, Mutant_AoL_Resilience, Mutant_Omega_Curiosity",12.8
185,Kendall_gt0.20,11,MLP_Regressor,0.7101,0.6884,0.544,0.0491,"{'model__learning_rate': 'constant', 'model__hidden_layer_sizes': (128,), 'model__alpha': 0.001, 'model__activation': 'tanh'}","sum_weighted_score, humility_challenging, score_velocity, adaptive_learning_capacity, Psych_Calculated_Risk, inter_exploratory_brilliance, inter_obsessive_correction, inter_cowardice_penalty, Feat_Resilient_Explorer, Mutant_AoL_Resilience, Mutant_Omega_Curiosity",13.1
186,Kendall_gt0.15,21,XGBoost,0.7072,0.6885,0.5477,0.0487,"{'model__subsample': 1.0, 'model__max_depth': 3, 'model__learning_rate': 0.05, 'model__colsample_bytree': 1.0}","sum_weighted_score, humility_challenging, struggle_ratio, grind_capacity, score_velocity, stubbornness_index, impulsive_help_ratio, adaptive_learning_capacity, ratio_redo_success, Psych_Calculated_Risk, Psych_Ego_Awareness, ratio_score_per_hint, inter_exploratory_brilliance, inter_obsessive_correction, inter_cowardice_penalty, Comp_GBA_AoL_Anchored, Feat_Resilient_Explorer, Feat_Ego_vs_Capacity, Feat_Strategic_Growth, Mutant_AoL_Resilience, Mutant_Omega_Curiosity",8.9
187,RF_Importance_p90,8,XGBoost,0.7049,0.689,0.5373,0.0474,"{'model__subsample': 1.0, 'model__max_depth': 3, 'model__learning_rate': 0.05, 'model__colsample_bytree': 0.8}","sum_weighted_score, contemplation_index, time_diff_end_vs_start, time_diff_max_vs_avg, PCA_Dur_x_PCA_Hints, inter_obsessive_correction, Feat_Resilient_Explorer, Mutant_AoL_Resilience",5.0
188,MutualInfo_p90,8,KNN_Regressor,0.7164,0.6898,0.5543,0.0453,"{'model__weights': 'uniform', 'model__p': 2, 'model__n_neighbors': 15}","humility_challenging, boldness_score, Comp_Joyous_Exploration, Psych_Calculated_Risk, Psych_Calculated_Risk_Growth, inter_obsessive_correction, Comp_GBA_AoL_Anchored, Mutant_AoL_Resilience",0.4
189,Lasso_NonZero,37,KNN_Regressor,0.7068,0.6913,0.5543,0.0409,"{'model__weights': 'uniform', 'model__p': 1, 'model__n_neighbors': 15}","sum_weighted_score, struggle_ratio, grind_capacity, score_velocity, boldness_score, hard_challenge_efficiency, hint_vs_skip_ratio, engagement_persistence, impulsive_help_ratio, hint_reliance_ratio, carefulness_index, tuas_dominance, keypad_dominance, hesitation_penalty, hint_dependency_gravity, reckless_action_index, calculated_risk_taking, stubborn_failure_magnitude, time_diff_end_vs_start, time_diff_max_vs_avg, ratio_success_per_duration, inter_hint_x_skip, PCA_Duration, PCA_Dur_x_PCA_Hints, Comp_Awareness_Limit, Psych_Deprivation_Fixation, Psych_Ego_Awareness, Psych_Independent_Efficiency, ratio_hint_per_star, ratio_struggle_time, HighOrd_Star_x_Effort, inter_obsessive_correction, HighOrd_Score_x_PCAStar, Comp_GBA_AoL_Anchored, Feat_Cognitive_Waste, Mutant_AoL_Resilience, Mutant_Ego_Death",0.7
190,MutualInfo_p90,8,SVR_Linear,0.7022,0.6913,0.5431,0.041,"{'model__epsilon': 0.5, 'model__C': 10.0}","humility_challenging, boldness_score, Comp_Joyous_Exploration, Psych_Calculated_Risk, Psych_Calculated_Risk_Growth, inter_obsessive_correction, Comp_GBA_AoL_Anchored, Mutant_AoL_Resilience",0.3
191,Pearson_gt0.30,3,KNN_Regressor,0.7117,0.6925,0.5509,0.0377,"{'model__weights': 'uniform', 'model__p': 2, 'model__n_neighbors': 15}","sum_weighted_score, inter_obsessive_correction, Feat_Resilient_Explorer",0.3
192,Spearman_gt0.20,22,SVR_Linear,0.7124,0.6926,0.552,0.0373,"{'model__epsilon': 0.5, 'model__C': 1.0}","sum_weighted_score, humility_challenging, struggle_ratio, grind_capacity, score_velocity, stubbornness_index, impulsive_help_ratio, adaptive_learning_capacity, ratio_redo_success, Psych_Calculated_Risk, Psych_Ego_Awareness, ratio_score_per_hint, inter_exploratory_brilliance, inter_obsessive_correction, inter_cowardice_penalty, Comp_GBA_DS_Anchored, Comp_GBA_AoL_Anchored, Feat_Resilient_Explorer, Feat_Ego_vs_Capacity, Feat_Strategic_Growth, Mutant_AoL_Resilience, Mutant_Omega_Curiosity",0.9
193,Kendall_gt0.15,21,SVR_Linear,0.7128,0.6929,0.5519,0.0366,"{'model__epsilon': 0.5, 'model__C': 1.0}","sum_weighted_score, humility_challenging, struggle_ratio, grind_capacity, score_velocity, stubbornness_index, impulsive_help_ratio, adaptive_learning_capacity, ratio_redo_success, Psych_Calculated_Risk, Psych_Ego_Awareness, ratio_score_per_hint, inter_exploratory_brilliance, inter_obsessive_correction, inter_cowardice_penalty, Comp_GBA_AoL_Anchored, Feat_Resilient_Explorer, Feat_Ego_vs_Capacity, Feat_Strategic_Growth, Mutant_AoL_Resilience, Mutant_Omega_Curiosity",1.0
194,RF_Importance_med,40,XGBoost,0.7122,0.6957,0.5557,0.0289,"{'model__subsample': 1.0, 'model__max_depth': 3, 'model__learning_rate': 0.05, 'model__colsample_bytree': 0.8}","sum_weighted_score, score_velocity, hard_challenge_efficiency, hint_reading_duration, hint_effectiveness, engagement_persistence, impulsive_help_ratio, carefulness_index, contemplation_index, exploration_efficiency, hyper_curiosity_index, adaptive_learning_capacity, time_diff_end_vs_start, time_diff_phase3_vs_phase1, time_diff_max_vs_avg, ratio_hint_time, ratio_success_per_duration, PCA_Duration, PCA_Hints, PCA_Dur_x_PCA_Hints, PCA_Dur_squared, Comp_Awareness_Limit, Psych_Flow_Stamina, Psych_Impulsive_Quit, ratio_struggle_time, inter_sweet_victory, PCA_Performance_Star, HighOrd_Star_x_Effort, inter_obsessive_correction, inter_cowardice_penalty, HighOrd_Score_x_PCAStar, HighOrd_Score_x_PCADuration, Comp_GBA_DS_Anchored, Comp_GBA_AoL_Anchored, Feat_Resilient_Explorer, Feat_Ego_vs_Capacity, Feat_Cognitive_Waste, Mutant_AoL_Resilience, Mutant_Omega_Curiosity, Mutant_Ego_Death",21.3
195,Kendall_gt0.15,21,MLP_Regressor,0.7264,0.6963,0.553,0.027,"{'model__learning_rate': 'constant', 'model__hidden_layer_sizes': (128,), 'model__alpha': 0.001, 'model__activation': 'tanh'}","sum_weighted_score, humility_challenging, struggle_ratio, grind_capacity, score_velocity, stubbornness_index, impulsive_help_ratio, adaptive_learning_capacity, ratio_redo_success, Psych_Calculated_Risk, Psych_Ego_Awareness, ratio_score_per_hint, inter_exploratory_brilliance, inter_obsessive_correction, inter_cowardice_penalty, Comp_GBA_AoL_Anchored, Feat_Resilient_Explorer, Feat_Ego_vs_Capacity, Feat_Strategic_Growth, Mutant_AoL_Resilience, Mutant_Omega_Curiosity",12.2
196,Lasso_NonZero,37,SVR_Linear,0.7145,0.6974,0.5525,0.0239,"{'model__epsilon': 0.5, 'model__C': 1.0}","sum_weighted_score, struggle_ratio, grind_capacity, score_velocity, boldness_score, hard_challenge_efficiency, hint_vs_skip_ratio, engagement_persistence, impulsive_help_ratio, hint_reliance_ratio, carefulness_index, tuas_dominance, keypad_dominance, hesitation_penalty, hint_dependency_gravity, reckless_action_index, calculated_risk_taking, stubborn_failure_magnitude, time_diff_end_vs_start, time_diff_max_vs_avg, ratio_success_per_duration, inter_hint_x_skip, PCA_Duration, PCA_Dur_x_PCA_Hints, Comp_Awareness_Limit, Psych_Deprivation_Fixation, Psych_Ego_Awareness, Psych_Independent_Efficiency, ratio_hint_per_star, ratio_struggle_time, HighOrd_Star_x_Effort, inter_obsessive_correction, HighOrd_Score_x_PCAStar, Comp_GBA_AoL_Anchored, Feat_Cognitive_Waste, Mutant_AoL_Resilience, Mutant_Ego_Death",1.0
197,Pearson_gt0.15,21,MLP_Regressor,0.7328,0.7058,0.5505,0.0004,"{'model__learning_rate': 'constant', 'model__hidden_layer_sizes': (128,), 'model__alpha': 0.001, 'model__activation': 'tanh'}","sum_weighted_score, humility_challenging, struggle_ratio, score_velocity, hard_challenge_efficiency, impulsive_help_ratio, ratio_redo_success, Comp_Joyous_Exploration, Comp_Awareness_Limit, Psych_Calculated_Risk, ratio_score_per_hint, inter_exploratory_brilliance, inter_obsessive_correction, inter_cowardice_penalty, Comp_GBA_DS_Anchored, Comp_GBA_AoL_Anchored, Feat_Resilient_Explorer, Feat_Ego_vs_Capacity, Feat_Strategic_Growth, Mutant_AoL_Resilience, Mutant_Omega_Curiosity",12.1
198,Kendall_gt0.10,27,PLSRegression,0.6998,0.717,0.5498,-0.0316,{'model__n_components': 3},"sum_weighted_score, humility_challenging, struggle_ratio, grind_capacity, score_velocity, stubbornness_index, impulsive_help_ratio, hint_reliance_ratio, hint_dependency_gravity, adaptive_learning_capacity, stubborn_failure_magnitude, ratio_redo_success, Comp_Joyous_Exploration, Comp_Awareness_Limit, Psych_Calculated_Risk, Psych_Ego_Awareness, ratio_score_per_hint, inter_exploratory_brilliance, inter_obsessive_correction, inter_cowardice_penalty, Comp_GBA_DS_Anchored, Comp_GBA_AoL_Anchored, Feat_Resilient_Explorer, Feat_Ego_vs_Capacity, Feat_Strategic_Growth, Mutant_AoL_Resilience, Mutant_Omega_Curiosity",0.3
199,Spearman_gt0.15,27,PLSRegression,0.6998,0.717,0.5498,-0.0316,{'model__n_components': 3},"sum_weighted_score, humility_challenging, struggle_ratio, grind_capacity, score_velocity, stubbornness_index, impulsive_help_ratio, hint_reliance_ratio, hint_dependency_gravity, adaptive_learning_capacity, stubborn_failure_magnitude, ratio_redo_success, Comp_Joyous_Exploration, Comp_Awareness_Limit, Psych_Calculated_Risk, Psych_Ego_Awareness, ratio_score_per_hint, inter_exploratory_brilliance, inter_obsessive_correction, inter_cowardice_penalty, Comp_GBA_DS_Anchored, Comp_GBA_AoL_Anchored, Feat_Resilient_Explorer, Feat_Ego_vs_Capacity, Feat_Strategic_Growth, Mutant_AoL_Resilience, Mutant_Omega_Curiosity",0.4
200,Lasso_NonZero,37,Lasso,0.7035,0.7219,0.5491,-0.0457,{'model__alpha': 0.01},"sum_weighted_score, struggle_ratio, grind_capacity, score_velocity, boldness_score, hard_challenge_efficiency, hint_vs_skip_ratio, engagement_persistence, impulsive_help_ratio, hint_reliance_ratio, carefulness_index, tuas_dominance, keypad_dominance, hesitation_penalty, hint_dependency_gravity, reckless_action_index, calculated_risk_taking, stubborn_failure_magnitude, time_diff_end_vs_start, time_diff_max_vs_avg, ratio_success_per_duration, inter_hint_x_skip, PCA_Duration, PCA_Dur_x_PCA_Hints, Comp_Awareness_Limit, Psych_Deprivation_Fixation, Psych_Ego_Awareness, Psych_Independent_Efficiency, ratio_hint_per_star, ratio_struggle_time, HighOrd_Star_x_Effort, inter_obsessive_correction, HighOrd_Score_x_PCAStar, Comp_GBA_AoL_Anchored, Feat_Cognitive_Waste, Mutant_AoL_Resilience, Mutant_Ego_Death",0.5
201,RFE_Ridge_Top20,20,MLP_Regressor,0.7232,0.7238,0.5744,-0.0513,"{'model__learning_rate': 'adaptive', 'model__hidden_layer_sizes': (64, 32), 'model__alpha': 0.01, 'model__activation': 'tanh'}","sum_weighted_score, struggle_ratio, boldness_score, hard_challenge_efficiency, carefulness_index, time_diff_max_vs_avg, PCA_Duration, Comp_Joyous_Exploration, Psych_Calculated_Risk, Psych_Ego_Awareness, Psych_Impulsive_Quit, Psych_Adaptability, Psych_Calculated_Risk_Growth, ratio_struggle_time, inter_strategic_retreat, inter_exploratory_brilliance, inter_obsessive_correction, HighOrd_Score_x_PCADuration, Comp_GBA_DS_Anchored, Feat_Resilient_Explorer",14.3
202,MutualInfo_p70,24,PLSRegression,0.6987,0.7258,0.5522,-0.0572,{'model__n_components': 3},"sum_weighted_score, humility_challenging, boldness_score, hard_challenge_efficiency, stubbornness_index, impulsive_help_ratio, hint_reliance_ratio, adaptive_learning_capacity, ratio_redo_success, Comp_Joyous_Exploration, Comp_Awareness_Limit, Psych_Calculated_Risk, Psych_Calculated_Risk_Growth, inter_ambition_vs_reality, ratio_score_per_hint, inter_exploratory_brilliance, inter_obsessive_correction, inter_cowardice_penalty, Comp_GBA_AoL_Anchored, Feat_Resilient_Explorer, Feat_Ego_vs_Capacity, Feat_Strategic_Growth, Mutant_AoL_Resilience, Mutant_Omega_Curiosity",0.4
203,MutualInfo_p80,16,MLP_Regressor,0.7238,0.7355,0.5513,-0.0856,"{'model__learning_rate': 'constant', 'model__hidden_layer_sizes': (128,), 'model__alpha': 0.001, 'model__activation': 'tanh'}","sum_weighted_score, humility_challenging, boldness_score, hard_challenge_efficiency, adaptive_learning_capacity, Comp_Joyous_Exploration, Psych_Calculated_Risk, Psych_Calculated_Risk_Growth, inter_ambition_vs_reality, ratio_score_per_hint, inter_exploratory_brilliance, inter_obsessive_correction, inter_cowardice_penalty, Comp_GBA_AoL_Anchored, Feat_Resilient_Explorer, Mutant_AoL_Resilience",11.1
204,Kendall_gt0.10,27,MLP_Regressor,0.7455,0.737,0.5661,-0.0899,"{'model__learning_rate': 'constant', 'model__hidden_layer_sizes': (128,), 'model__alpha': 0.001, 'model__activation': 'tanh'}","sum_weighted_score, humility_challenging, struggle_ratio, grind_capacity, score_velocity, stubbornness_index, impulsive_help_ratio, hint_reliance_ratio, hint_dependency_gravity, adaptive_learning_capacity, stubborn_failure_magnitude, ratio_redo_success, Comp_Joyous_Exploration, Comp_Awareness_Limit, Psych_Calculated_Risk, Psych_Ego_Awareness, ratio_score_per_hint, inter_exploratory_brilliance, inter_obsessive_correction, inter_cowardice_penalty, Comp_GBA_DS_Anchored, Comp_GBA_AoL_Anchored, Feat_Resilient_Explorer, Feat_Ego_vs_Capacity, Feat_Strategic_Growth, Mutant_AoL_Resilience, Mutant_Omega_Curiosity",13.1
205,Spearman_gt0.15,27,MLP_Regressor,0.7455,0.737,0.5661,-0.0899,"{'model__learning_rate': 'constant', 'model__hidden_layer_sizes': (128,), 'model__alpha': 0.001, 'model__activation': 'tanh'}","sum_weighted_score, humility_challenging, struggle_ratio, grind_capacity, score_velocity, stubbornness_index, impulsive_help_ratio, hint_reliance_ratio, hint_dependency_gravity, adaptive_learning_capacity, stubborn_failure_magnitude, ratio_redo_success, Comp_Joyous_Exploration, Comp_Awareness_Limit, Psych_Calculated_Risk, Psych_Ego_Awareness, ratio_score_per_hint, inter_exploratory_brilliance, inter_obsessive_correction, inter_cowardice_penalty, Comp_GBA_DS_Anchored, Comp_GBA_AoL_Anchored, Feat_Resilient_Explorer, Feat_Ego_vs_Capacity, Feat_Strategic_Growth, Mutant_AoL_Resilience, Mutant_Omega_Curiosity",13.4
206,RFE_Ridge_Top30,30,MLP_Regressor,0.7605,0.7546,0.5977,-0.1427,"{'model__learning_rate': 'adaptive', 'model__hidden_layer_sizes': (64, 32), 'model__alpha': 0.01, 'model__activation': 'tanh'}","sum_weighted_score, struggle_ratio, score_velocity, boldness_score, hard_challenge_efficiency, hint_vs_skip_ratio, carefulness_index, tuas_dominance, star_efficiency, exploration_efficiency, time_diff_end_vs_start, time_diff_phase3_vs_phase1, time_diff_max_vs_avg, PCA_Duration, PCA_Hints, PCA_Dur_x_PCA_Hints, Comp_Joyous_Exploration, Psych_Calculated_Risk, Psych_Ego_Awareness, Psych_Impulsive_Quit, Psych_Adaptability, Psych_Calculated_Risk_Growth, ratio_struggle_time, inter_strategic_retreat, inter_exploratory_brilliance, inter_obsessive_correction, HighOrd_Score_x_PCADuration, Comp_GBA_DS_Anchored, Feat_Resilient_Explorer, Mutant_AoL_Resilience",16.2
207,MutualInfo_p70,24,HuberRegressor,0.7088,0.7902,0.5632,-0.2529,"{'model__epsilon': 2.0, 'model__alpha': 0.01}","sum_weighted_score, humility_challenging, boldness_score, hard_challenge_efficiency, stubbornness_index, impulsive_help_ratio, hint_reliance_ratio, adaptive_learning_capacity, ratio_redo_success, Comp_Joyous_Exploration, Comp_Awareness_Limit, Psych_Calculated_Risk, Psych_Calculated_Risk_Growth, inter_ambition_vs_reality, ratio_score_per_hint, inter_exploratory_brilliance, inter_obsessive_correction, inter_cowardice_penalty, Comp_GBA_AoL_Anchored, Feat_Resilient_Explorer, Feat_Ego_vs_Capacity, Feat_Strategic_Growth, Mutant_AoL_Resilience, Mutant_Omega_Curiosity",2.8
208,Lasso_NonZero,37,MLP_Regressor,0.8016,0.7956,0.6361,-0.2701,"{'model__learning_rate': 'constant', 'model__hidden_layer_sizes': (64,), 'model__alpha': 0.01, 'model__activation': 'tanh'}","sum_weighted_score, struggle_ratio, grind_capacity, score_velocity, boldness_score, hard_challenge_efficiency, hint_vs_skip_ratio, engagement_persistence, impulsive_help_ratio, hint_reliance_ratio, carefulness_index, tuas_dominance, keypad_dominance, hesitation_penalty, hint_dependency_gravity, reckless_action_index, calculated_risk_taking, stubborn_failure_magnitude, time_diff_end_vs_start, time_diff_max_vs_avg, ratio_success_per_duration, inter_hint_x_skip, PCA_Duration, PCA_Dur_x_PCA_Hints, Comp_Awareness_Limit, Psych_Deprivation_Fixation, Psych_Ego_Awareness, Psych_Independent_Efficiency, ratio_hint_per_star, ratio_struggle_time, HighOrd_Star_x_Effort, inter_obsessive_correction, HighOrd_Score_x_PCAStar, Comp_GBA_AoL_Anchored, Feat_Cognitive_Waste, Mutant_AoL_Resilience, Mutant_Ego_Death",13.8
209,Lasso_NonZero,37,Ridge,0.6955,0.7974,0.5615,-0.276,{'model__alpha': 500.0},"sum_weighted_score, struggle_ratio, grind_capacity, score_velocity, boldness_score, hard_challenge_efficiency, hint_vs_skip_ratio, engagement_persistence, impulsive_help_ratio, hint_reliance_ratio, carefulness_index, tuas_dominance, keypad_dominance, hesitation_penalty, hint_dependency_gravity, reckless_action_index, calculated_risk_taking, stubborn_failure_magnitude, time_diff_end_vs_start, time_diff_max_vs_avg, ratio_success_per_duration, inter_hint_x_skip, PCA_Duration, PCA_Dur_x_PCA_Hints, Comp_Awareness_Limit, Psych_Deprivation_Fixation, Psych_Ego_Awareness, Psych_Independent_Efficiency, ratio_hint_per_star, ratio_struggle_time, HighOrd_Star_x_Effort, inter_obsessive_correction, HighOrd_Score_x_PCAStar, Comp_GBA_AoL_Anchored, Feat_Cognitive_Waste, Mutant_AoL_Resilience, Mutant_Ego_Death",0.5
210,Kendall_gt0.10,27,HuberRegressor,0.7153,0.798,0.5732,-0.2778,"{'model__epsilon': 2.0, 'model__alpha': 0.01}","sum_weighted_score, humility_challenging, struggle_ratio, grind_capacity, score_velocity, stubbornness_index, impulsive_help_ratio, hint_reliance_ratio, hint_dependency_gravity, adaptive_learning_capacity, stubborn_failure_magnitude, ratio_redo_success, Comp_Joyous_Exploration, Comp_Awareness_Limit, Psych_Calculated_Risk, Psych_Ego_Awareness, ratio_score_per_hint, inter_exploratory_brilliance, inter_obsessive_correction, inter_cowardice_penalty, Comp_GBA_DS_Anchored, Comp_GBA_AoL_Anchored, Feat_Resilient_Explorer, Feat_Ego_vs_Capacity, Feat_Strategic_Growth, Mutant_AoL_Resilience, Mutant_Omega_Curiosity",2.7
211,Spearman_gt0.15,27,HuberRegressor,0.7153,0.798,0.5732,-0.2778,"{'model__epsilon': 2.0, 'model__alpha': 0.01}","sum_weighted_score, humility_challenging, struggle_ratio, grind_capacity, score_velocity, stubbornness_index, impulsive_help_ratio, hint_reliance_ratio, hint_dependency_gravity, adaptive_learning_capacity, stubborn_failure_magnitude, ratio_redo_success, Comp_Joyous_Exploration, Comp_Awareness_Limit, Psych_Calculated_Risk, Psych_Ego_Awareness, ratio_score_per_hint, inter_exploratory_brilliance, inter_obsessive_correction, inter_cowardice_penalty, Comp_GBA_DS_Anchored, Comp_GBA_AoL_Anchored, Feat_Resilient_Explorer, Feat_Ego_vs_Capacity, Feat_Strategic_Growth, Mutant_AoL_Resilience, Mutant_Omega_Curiosity",3.0
212,RF_Importance_med,40,MLP_Regressor,0.7789,0.8014,0.6234,-0.2886,"{'model__learning_rate': 'constant', 'model__hidden_layer_sizes': (128,), 'model__alpha': 0.001, 'model__activation': 'tanh'}","sum_weighted_score, score_velocity, hard_challenge_efficiency, hint_reading_duration, hint_effectiveness, engagement_persistence, impulsive_help_ratio, carefulness_index, contemplation_index, exploration_efficiency, hyper_curiosity_index, adaptive_learning_capacity, time_diff_end_vs_start, time_diff_phase3_vs_phase1, time_diff_max_vs_avg, ratio_hint_time, ratio_success_per_duration, PCA_Duration, PCA_Hints, PCA_Dur_x_PCA_Hints, PCA_Dur_squared, Comp_Awareness_Limit, Psych_Flow_Stamina, Psych_Impulsive_Quit, ratio_struggle_time, inter_sweet_victory, PCA_Performance_Star, HighOrd_Star_x_Effort, inter_obsessive_correction, inter_cowardice_penalty, HighOrd_Score_x_PCAStar, HighOrd_Score_x_PCADuration, Comp_GBA_DS_Anchored, Comp_GBA_AoL_Anchored, Feat_Resilient_Explorer, Feat_Ego_vs_Capacity, Feat_Cognitive_Waste, Mutant_AoL_Resilience, Mutant_Omega_Curiosity, Mutant_Ego_Death",14.1
213,MutualInfo_p70,24,SVR_Linear,0.7037,0.8689,0.5751,-0.5149,"{'model__epsilon': 0.5, 'model__C': 1.0}","sum_weighted_score, humility_challenging, boldness_score, hard_challenge_efficiency, stubbornness_index, impulsive_help_ratio, hint_reliance_ratio, adaptive_learning_capacity, ratio_redo_success, Comp_Joyous_Exploration, Comp_Awareness_Limit, Psych_Calculated_Risk, Psych_Calculated_Risk_Growth, inter_ambition_vs_reality, ratio_score_per_hint, inter_exploratory_brilliance, inter_obsessive_correction, inter_cowardice_penalty, Comp_GBA_AoL_Anchored, Feat_Resilient_Explorer, Feat_Ego_vs_Capacity, Feat_Strategic_Growth, Mutant_AoL_Resilience, Mutant_Omega_Curiosity",1.3
214,Lasso_NonZero,37,HuberRegressor,0.7159,0.8773,0.5757,-0.5444,"{'model__epsilon': 2.0, 'model__alpha': 0.01}","sum_weighted_score, struggle_ratio, grind_capacity, score_velocity, boldness_score, hard_challenge_efficiency, hint_vs_skip_ratio, engagement_persistence, impulsive_help_ratio, hint_reliance_ratio, carefulness_index, tuas_dominance, keypad_dominance, hesitation_penalty, hint_dependency_gravity, reckless_action_index, calculated_risk_taking, stubborn_failure_magnitude, time_diff_end_vs_start, time_diff_max_vs_avg, ratio_success_per_duration, inter_hint_x_skip, PCA_Duration, PCA_Dur_x_PCA_Hints, Comp_Awareness_Limit, Psych_Deprivation_Fixation, Psych_Ego_Awareness, Psych_Independent_Efficiency, ratio_hint_per_star, ratio_struggle_time, HighOrd_Star_x_Effort, inter_obsessive_correction, HighOrd_Score_x_PCAStar, Comp_GBA_AoL_Anchored, Feat_Cognitive_Waste, Mutant_AoL_Resilience, Mutant_Ego_Death",1.2
215,Kendall_gt0.10,27,SVR_Linear,0.7168,0.9028,0.6034,-0.6354,"{'model__epsilon': 0.5, 'model__C': 1.0}","sum_weighted_score, humility_challenging, struggle_ratio, grind_capacity, score_velocity, stubbornness_index, impulsive_help_ratio, hint_reliance_ratio, hint_dependency_gravity, adaptive_learning_capacity, stubborn_failure_magnitude, ratio_redo_success, Comp_Joyous_Exploration, Comp_Awareness_Limit, Psych_Calculated_Risk, Psych_Ego_Awareness, ratio_score_per_hint, inter_exploratory_brilliance, inter_obsessive_correction, inter_cowardice_penalty, Comp_GBA_DS_Anchored, Comp_GBA_AoL_Anchored, Feat_Resilient_Explorer, Feat_Ego_vs_Capacity, Feat_Strategic_Growth, Mutant_AoL_Resilience, Mutant_Omega_Curiosity",0.9
216,Spearman_gt0.15,27,SVR_Linear,0.7168,0.9028,0.6034,-0.6354,"{'model__epsilon': 0.5, 'model__C': 1.0}","sum_weighted_score, humility_challenging, struggle_ratio, grind_capacity, score_velocity, stubbornness_index, impulsive_help_ratio, hint_reliance_ratio, hint_dependency_gravity, adaptive_learning_capacity, stubborn_failure_magnitude, ratio_redo_success, Comp_Joyous_Exploration, Comp_Awareness_Limit, Psych_Calculated_Risk, Psych_Ego_Awareness, ratio_score_per_hint, inter_exploratory_brilliance, inter_obsessive_correction, inter_cowardice_penalty, Comp_GBA_DS_Anchored, Comp_GBA_AoL_Anchored, Feat_Resilient_Explorer, Feat_Ego_vs_Capacity, Feat_Strategic_Growth, Mutant_AoL_Resilience, Mutant_Omega_Curiosity",1.0
