,FS_Method,N_Features,ML_Model,CV_RMSE_dev,Holdout_RMSE,Holdout_MAE,Holdout_R2,Best_Params,Features,Time_sec
1,Spearman_gt0.20,16,KNN_Regressor,1.045,1.0621,0.8574,0.0761,"{'model__weights': 'uniform', 'model__p': 1, 'model__n_neighbors': 15}","sum_weighted_score, struggle_ratio, score_velocity, boldness_score, adaptive_learning_capacity, Comp_Joyous_Exploration, Psych_Calculated_Risk, ratio_score_per_hint, inter_exploratory_brilliance, inter_obsessive_correction, inter_cowardice_penalty, Feat_Resilient_Explorer, Feat_Ego_vs_Capacity, Feat_Strategic_Growth, Mutant_AoL_Resilience, Mutant_Omega_Curiosity",0.8
2,Pearson_gt0.15,22,SVR_RBF,1.0283,1.0674,0.8558,0.0669,"{'model__gamma': 'scale', 'model__epsilon': 0.5, 'model__C': 0.1}","sum_weighted_score, humility_challenging, struggle_ratio, score_velocity, boldness_score, hint_reliance_ratio, carefulness_index, adaptive_learning_capacity, ratio_redo_success, Comp_Joyous_Exploration, Comp_Awareness_Limit, Psych_Calculated_Risk, ratio_score_per_hint, inter_exploratory_brilliance, inter_obsessive_correction, inter_cowardice_penalty, Comp_GBA_DS_Anchored, Feat_Resilient_Explorer, Feat_Ego_vs_Capacity, Feat_Strategic_Growth, Mutant_AoL_Resilience, Mutant_Omega_Curiosity",2.4
3,Kendall_gt0.20,7,SVR_Linear,1.025,1.0687,0.8501,0.0646,"{'model__epsilon': 0.5, 'model__C': 10.0}","sum_weighted_score, Psych_Calculated_Risk, inter_exploratory_brilliance, inter_obsessive_correction, Feat_Resilient_Explorer, Mutant_AoL_Resilience, Mutant_Omega_Curiosity",0.3
4,Kendall_gt0.15,16,CatBoost,1.0192,1.07,0.8553,0.0623,"{'model__learning_rate': 0.05, 'model__l2_leaf_reg': 1, 'model__iterations': 50, 'model__depth': 4}","sum_weighted_score, struggle_ratio, score_velocity, stubbornness_index, adaptive_learning_capacity, Comp_Joyous_Exploration, Psych_Calculated_Risk, ratio_score_per_hint, inter_exploratory_brilliance, inter_obsessive_correction, inter_cowardice_penalty, Feat_Resilient_Explorer, Feat_Ego_vs_Capacity, Feat_Strategic_Growth, Mutant_AoL_Resilience, Mutant_Omega_Curiosity",7.7
5,Kendall_gt0.15,16,KNN_Regressor,1.0432,1.0718,0.854,0.0592,"{'model__weights': 'uniform', 'model__p': 1, 'model__n_neighbors': 15}","sum_weighted_score, struggle_ratio, score_velocity, stubbornness_index, adaptive_learning_capacity, Comp_Joyous_Exploration, Psych_Calculated_Risk, ratio_score_per_hint, inter_exploratory_brilliance, inter_obsessive_correction, inter_cowardice_penalty, Feat_Resilient_Explorer, Feat_Ego_vs_Capacity, Feat_Strategic_Growth, Mutant_AoL_Resilience, Mutant_Omega_Curiosity",0.5
6,Spearman_gt0.20,16,SVR_RBF,1.0229,1.0719,0.8644,0.0589,"{'model__gamma': 0.01, 'model__epsilon': 0.1, 'model__C': 1.0}","sum_weighted_score, struggle_ratio, score_velocity, boldness_score, adaptive_learning_capacity, Comp_Joyous_Exploration, Psych_Calculated_Risk, ratio_score_per_hint, inter_exploratory_brilliance, inter_obsessive_correction, inter_cowardice_penalty, Feat_Resilient_Explorer, Feat_Ego_vs_Capacity, Feat_Strategic_Growth, Mutant_AoL_Resilience, Mutant_Omega_Curiosity",1.6
7,Spearman_gt0.20,16,CatBoost,1.0203,1.0727,0.8598,0.0576,"{'model__learning_rate': 0.05, 'model__l2_leaf_reg': 1, 'model__iterations': 50, 'model__depth': 4}","sum_weighted_score, struggle_ratio, score_velocity, boldness_score, adaptive_learning_capacity, Comp_Joyous_Exploration, Psych_Calculated_Risk, ratio_score_per_hint, inter_exploratory_brilliance, inter_obsessive_correction, inter_cowardice_penalty, Feat_Resilient_Explorer, Feat_Ego_vs_Capacity, Feat_Strategic_Growth, Mutant_AoL_Resilience, Mutant_Omega_Curiosity",9.1
8,RF_Importance_med,40,SVR_RBF,1.0336,1.0729,0.8601,0.0572,"{'model__gamma': 'scale', 'model__epsilon': 0.5, 'model__C': 0.1}","sum_weighted_score, struggle_ratio, score_velocity, hard_challenge_efficiency, hint_reading_duration, engagement_persistence, carefulness_index, contemplation_index, exploration_efficiency, hyper_curiosity_index, adaptive_learning_capacity, time_diff_end_vs_start, time_diff_phase3_vs_phase1, time_diff_max_vs_avg, ratio_hint_time, ratio_success_per_duration, PCA_Duration, PCA_Hints, PCA_Dur_x_PCA_Hints, PCA_Dur_squared, Comp_Awareness_Limit, Psych_Calculated_Risk, Psych_Flow_Stamina, ratio_struggle_time, inter_sweet_victory, HighOrd_Star_x_Effort, ratio_score_per_hint, inter_obsessive_correction, inter_cowardice_penalty, HighOrd_Score_x_PCAStar, HighOrd_Score_x_PCADuration, Comp_GBA_DS_Anchored, Comp_GBA_AoL_Anchored, Feat_Resilient_Explorer, Feat_Ego_vs_Capacity, Feat_Cognitive_Waste, Feat_Strategic_Growth, Mutant_AoL_Resilience, Mutant_Omega_Curiosity, Mutant_Ego_Death",3.5
9,Spearman_gt0.20,16,ElasticNet,1.0198,1.0746,0.8583,0.0543,"{'model__l1_ratio': 0.3, 'model__alpha': 0.1}","sum_weighted_score, struggle_ratio, score_velocity, boldness_score, adaptive_learning_capacity, Comp_Joyous_Exploration, Psych_Calculated_Risk, ratio_score_per_hint, inter_exploratory_brilliance, inter_obsessive_correction, inter_cowardice_penalty, Feat_Resilient_Explorer, Feat_Ego_vs_Capacity, Feat_Strategic_Growth, Mutant_AoL_Resilience, Mutant_Omega_Curiosity",0.7
10,MutualInfo_p90,8,SVR_Linear,1.0202,1.0756,0.8583,0.0524,"{'model__epsilon': 0.01, 'model__C': 10.0}","sum_weighted_score, humility_challenging, boldness_score, Psych_Calculated_Risk, Psych_Calculated_Risk_Growth, inter_exploratory_brilliance, inter_obsessive_correction, HighOrd_Score_x_PCADuration",0.8
11,MutualInfo_p80,16,SVR_Linear,1.0263,1.0757,0.8605,0.0523,"{'model__epsilon': 0.5, 'model__C': 1.0}","sum_weighted_score, humility_challenging, boldness_score, hard_challenge_efficiency, Comp_Joyous_Exploration, Psych_Calculated_Risk, Psych_Calculated_Risk_Growth, inter_exploratory_brilliance, inter_obsessive_correction, HighOrd_Score_x_PCAStar, HighOrd_Score_x_PCADuration, Feat_Resilient_Explorer, Feat_Ego_vs_Capacity, Mutant_AoL_Resilience, Mutant_Omega_Curiosity, Mutant_Ego_Death",1.0
12,Kendall_gt0.10,31,KNN_Regressor,1.0549,1.0757,0.8656,0.0522,"{'model__weights': 'distance', 'model__p': 1, 'model__n_neighbors': 15}","sum_weighted_score, humility_challenging, struggle_ratio, grind_capacity, score_velocity, boldness_score, stagnation_ratio, stubbornness_index, delayed_gratification_hint, hint_reliance_ratio, carefulness_index, hint_dependency_gravity, calculated_risk_taking, adaptive_learning_capacity, stubborn_failure_magnitude, ratio_redo_success, Comp_Joyous_Exploration, Psych_Calculated_Risk, Psych_Ego_Awareness, Psych_Calculated_Risk_Growth, inter_ambition_vs_reality, ratio_score_per_hint, inter_exploratory_brilliance, inter_obsessive_correction, inter_cowardice_penalty, Comp_GBA_AoL_Anchored, Feat_Resilient_Explorer, Feat_Ego_vs_Capacity, Feat_Strategic_Growth, Mutant_AoL_Resilience, Mutant_Omega_Curiosity",1.1
13,RF_Importance_p90,8,SVR_RBF,1.0184,1.0759,0.8571,0.052,"{'model__gamma': 0.001, 'model__epsilon': 0.01, 'model__C': 10.0}","sum_weighted_score, time_diff_end_vs_start, time_diff_max_vs_avg, PCA_Dur_x_PCA_Hints, inter_obsessive_correction, Comp_GBA_AoL_Anchored, Mutant_AoL_Resilience, Mutant_Omega_Curiosity",2.1
14,MutualInfo_p80,16,SVR_RBF,1.0244,1.0762,0.8633,0.0515,"{'model__gamma': 0.001, 'model__epsilon': 0.01, 'model__C': 10.0}","sum_weighted_score, humility_challenging, boldness_score, hard_challenge_efficiency, Comp_Joyous_Exploration, Psych_Calculated_Risk, Psych_Calculated_Risk_Growth, inter_exploratory_brilliance, inter_obsessive_correction, HighOrd_Score_x_PCAStar, HighOrd_Score_x_PCADuration, Feat_Resilient_Explorer, Feat_Ego_vs_Capacity, Mutant_AoL_Resilience, Mutant_Omega_Curiosity, Mutant_Ego_Death",2.8
15,Kendall_gt0.15,16,SVR_RBF,1.0299,1.0766,0.8655,0.0507,"{'model__gamma': 0.001, 'model__epsilon': 0.01, 'model__C': 10.0}","sum_weighted_score, struggle_ratio, score_velocity, stubbornness_index, adaptive_learning_capacity, Comp_Joyous_Exploration, Psych_Calculated_Risk, ratio_score_per_hint, inter_exploratory_brilliance, inter_obsessive_correction, inter_cowardice_penalty, Feat_Resilient_Explorer, Feat_Ego_vs_Capacity, Feat_Strategic_Growth, Mutant_AoL_Resilience, Mutant_Omega_Curiosity",1.3
16,Pearson_gt0.20,10,CatBoost,1.0151,1.0768,0.8602,0.0503,"{'model__learning_rate': 0.05, 'model__l2_leaf_reg': 1, 'model__iterations': 50, 'model__depth': 4}","sum_weighted_score, struggle_ratio, score_velocity, Comp_Joyous_Exploration, Psych_Calculated_Risk, inter_exploratory_brilliance, inter_obsessive_correction, Feat_Resilient_Explorer, Feat_Strategic_Growth, Mutant_Omega_Curiosity",8.0
17,Pearson_gt0.30,6,RandomForest,1.0359,1.0769,0.8659,0.0502,"{'model__n_estimators': 100, 'model__min_samples_split': 2, 'model__max_features': 'sqrt', 'model__max_depth': 5}","sum_weighted_score, Psych_Calculated_Risk, inter_exploratory_brilliance, inter_obsessive_correction, Feat_Resilient_Explorer, Mutant_Omega_Curiosity",8.7
18,RFE_Ridge_Top20,20,CatBoost,1.0255,1.0772,0.8639,0.0497,"{'model__learning_rate': 0.05, 'model__l2_leaf_reg': 1, 'model__iterations': 50, 'model__depth': 4}","sum_weighted_score, struggle_ratio, apathy_speed, hint_reading_duration, impulsive_help_ratio, star_efficiency, exploration_efficiency, ratio_hint_time, ratio_redo_success, PCA_Hints, Psych_Adaptability, Psych_Calculated_Risk_Growth, ratio_struggle_time, inter_ambition_vs_reality, PCA_Performance_Star, inter_exploratory_brilliance, Comp_GBA_DS_Anchored, Feat_Resilient_Explorer, Feat_Strategic_Growth, Mutant_Omega_Curiosity",9.6
19,RF_Importance_p90,8,SVR_Linear,1.0262,1.0774,0.8614,0.0494,"{'model__epsilon': 0.5, 'model__C': 10.0}","sum_weighted_score, time_diff_end_vs_start, time_diff_max_vs_avg, PCA_Dur_x_PCA_Hints, inter_obsessive_correction, Comp_GBA_AoL_Anchored, Mutant_AoL_Resilience, Mutant_Omega_Curiosity",0.5
20,Pearson_gt0.30,6,CatBoost,1.0209,1.0778,0.8611,0.0486,"{'model__learning_rate': 0.05, 'model__l2_leaf_reg': 3, 'model__iterations': 50, 'model__depth': 4}","sum_weighted_score, Psych_Calculated_Risk, inter_exploratory_brilliance, inter_obsessive_correction, Feat_Resilient_Explorer, Mutant_Omega_Curiosity",5.0
21,Kendall_gt0.20,7,PLSRegression,1.0216,1.0779,0.855,0.0483,{'model__n_components': 5},"sum_weighted_score, Psych_Calculated_Risk, inter_exploratory_brilliance, inter_obsessive_correction, Feat_Resilient_Explorer, Mutant_AoL_Resilience, Mutant_Omega_Curiosity",0.2
22,MutualInfo_p70,24,CatBoost,1.0213,1.0779,0.8589,0.0484,"{'model__learning_rate': 0.05, 'model__l2_leaf_reg': 1, 'model__iterations': 50, 'model__depth': 4}","sum_weighted_score, humility_challenging, boldness_score, hard_challenge_efficiency, exploration_efficiency, frustration_breakdown_ratio, stubborn_failure_magnitude, time_diff_max_vs_avg, PCA_Dur_x_PCA_Hints, Comp_Joyous_Exploration, Psych_Calculated_Risk, Psych_Calculated_Risk_Growth, ratio_score_per_hint, inter_exploratory_brilliance, inter_obsessive_correction, HighOrd_Score_x_PCAStar, HighOrd_Score_x_PCADuration, Feat_Resilient_Explorer, Feat_Ego_vs_Capacity, Feat_Cognitive_Waste, Feat_Strategic_Growth, Mutant_AoL_Resilience, Mutant_Omega_Curiosity, Mutant_Ego_Death",14.2
23,Spearman_gt0.30,6,RandomForest,1.0326,1.0782,0.8647,0.0478,"{'model__n_estimators': 200, 'model__min_samples_split': 2, 'model__max_features': 'sqrt', 'model__max_depth': 5}","sum_weighted_score, Psych_Calculated_Risk, inter_obsessive_correction, Feat_Resilient_Explorer, Mutant_AoL_Resilience, Mutant_Omega_Curiosity",6.3
24,MutualInfo_p80,16,HuberRegressor,1.0273,1.0786,0.8614,0.0472,"{'model__epsilon': 2.0, 'model__alpha': 0.01}","sum_weighted_score, humility_challenging, boldness_score, hard_challenge_efficiency, Comp_Joyous_Exploration, Psych_Calculated_Risk, Psych_Calculated_Risk_Growth, inter_exploratory_brilliance, inter_obsessive_correction, HighOrd_Score_x_PCAStar, HighOrd_Score_x_PCADuration, Feat_Resilient_Explorer, Feat_Ego_vs_Capacity, Mutant_AoL_Resilience, Mutant_Omega_Curiosity, Mutant_Ego_Death",1.2
25,Spearman_gt0.30,6,SVR_Linear,1.0211,1.0787,0.8592,0.047,"{'model__epsilon': 0.01, 'model__C': 10.0}","sum_weighted_score, Psych_Calculated_Risk, inter_obsessive_correction, Feat_Resilient_Explorer, Mutant_AoL_Resilience, Mutant_Omega_Curiosity",0.4
26,MutualInfo_p70,24,Ridge,1.0194,1.0789,0.8667,0.0466,{'model__alpha': 500.0},"sum_weighted_score, humility_challenging, boldness_score, hard_challenge_efficiency, exploration_efficiency, frustration_breakdown_ratio, stubborn_failure_magnitude, time_diff_max_vs_avg, PCA_Dur_x_PCA_Hints, Comp_Joyous_Exploration, Psych_Calculated_Risk, Psych_Calculated_Risk_Growth, ratio_score_per_hint, inter_exploratory_brilliance, inter_obsessive_correction, HighOrd_Score_x_PCAStar, HighOrd_Score_x_PCADuration, Feat_Resilient_Explorer, Feat_Ego_vs_Capacity, Feat_Cognitive_Waste, Feat_Strategic_Growth, Mutant_AoL_Resilience, Mutant_Omega_Curiosity, Mutant_Ego_Death",0.9
27,Pearson_gt0.15,22,CatBoost,1.0189,1.079,0.8636,0.0465,"{'model__learning_rate': 0.05, 'model__l2_leaf_reg': 3, 'model__iterations': 50, 'model__depth': 4}","sum_weighted_score, humility_challenging, struggle_ratio, score_velocity, boldness_score, hint_reliance_ratio, carefulness_index, adaptive_learning_capacity, ratio_redo_success, Comp_Joyous_Exploration, Comp_Awareness_Limit, Psych_Calculated_Risk, ratio_score_per_hint, inter_exploratory_brilliance, inter_obsessive_correction, inter_cowardice_penalty, Comp_GBA_DS_Anchored, Feat_Resilient_Explorer, Feat_Ego_vs_Capacity, Feat_Strategic_Growth, Mutant_AoL_Resilience, Mutant_Omega_Curiosity",13.5
28,Spearman_gt0.15,25,CatBoost,1.0222,1.079,0.86,0.0464,"{'model__learning_rate': 0.05, 'model__l2_leaf_reg': 5, 'model__iterations': 50, 'model__depth': 6}","sum_weighted_score, struggle_ratio, grind_capacity, score_velocity, boldness_score, stagnation_ratio, stubbornness_index, hint_reliance_ratio, carefulness_index, hint_dependency_gravity, adaptive_learning_capacity, ratio_redo_success, Comp_Joyous_Exploration, Psych_Calculated_Risk, Psych_Ego_Awareness, Psych_Calculated_Risk_Growth, ratio_score_per_hint, inter_exploratory_brilliance, inter_obsessive_correction, inter_cowardice_penalty, Feat_Resilient_Explorer, Feat_Ego_vs_Capacity, Feat_Strategic_Growth, Mutant_AoL_Resilience, Mutant_Omega_Curiosity",13.9
29,Pearson_gt0.20,10,RandomForest,1.0269,1.079,0.8664,0.0464,"{'model__n_estimators': 200, 'model__min_samples_split': 2, 'model__max_features': 'sqrt', 'model__max_depth': 5}","sum_weighted_score, struggle_ratio, score_velocity, Comp_Joyous_Exploration, Psych_Calculated_Risk, inter_exploratory_brilliance, inter_obsessive_correction, Feat_Resilient_Explorer, Feat_Strategic_Growth, Mutant_Omega_Curiosity",7.9
30,Kendall_gt0.20,7,HuberRegressor,1.0224,1.0791,0.8553,0.0463,"{'model__epsilon': 2.0, 'model__alpha': 0.01}","sum_weighted_score, Psych_Calculated_Risk, inter_exploratory_brilliance, inter_obsessive_correction, Feat_Resilient_Explorer, Mutant_AoL_Resilience, Mutant_Omega_Curiosity",0.4
31,Pearson_gt0.20,10,Ridge,1.0168,1.0794,0.8653,0.0458,{'model__alpha': 100.0},"sum_weighted_score, struggle_ratio, score_velocity, Comp_Joyous_Exploration, Psych_Calculated_Risk, inter_exploratory_brilliance, inter_obsessive_correction, Feat_Resilient_Explorer, Feat_Strategic_Growth, Mutant_Omega_Curiosity",0.4
32,MutualInfo_p90,8,SVR_RBF,1.0188,1.0794,0.8668,0.0457,"{'model__gamma': 0.001, 'model__epsilon': 0.01, 'model__C': 10.0}","sum_weighted_score, humility_challenging, boldness_score, Psych_Calculated_Risk, Psych_Calculated_Risk_Growth, inter_exploratory_brilliance, inter_obsessive_correction, HighOrd_Score_x_PCADuration",1.4
33,RF_Importance_p90,8,HuberRegressor,1.0239,1.0797,0.8582,0.0452,"{'model__epsilon': 2.0, 'model__alpha': 0.01}","sum_weighted_score, time_diff_end_vs_start, time_diff_max_vs_avg, PCA_Dur_x_PCA_Hints, inter_obsessive_correction, Comp_GBA_AoL_Anchored, Mutant_AoL_Resilience, Mutant_Omega_Curiosity",0.5
34,MutualInfo_p80,16,Ridge,1.0184,1.0799,0.8646,0.0448,{'model__alpha': 100.0},"sum_weighted_score, humility_challenging, boldness_score, hard_challenge_efficiency, Comp_Joyous_Exploration, Psych_Calculated_Risk, Psych_Calculated_Risk_Growth, inter_exploratory_brilliance, inter_obsessive_correction, HighOrd_Score_x_PCAStar, HighOrd_Score_x_PCADuration, Feat_Resilient_Explorer, Feat_Ego_vs_Capacity, Mutant_AoL_Resilience, Mutant_Omega_Curiosity, Mutant_Ego_Death",0.8
35,Spearman_gt0.30,6,CatBoost,1.0199,1.08,0.86,0.0446,"{'model__learning_rate': 0.05, 'model__l2_leaf_reg': 3, 'model__iterations': 50, 'model__depth': 4}","sum_weighted_score, Psych_Calculated_Risk, inter_obsessive_correction, Feat_Resilient_Explorer, Mutant_AoL_Resilience, Mutant_Omega_Curiosity",9.0
36,Pearson_gt0.30,6,SVR_Linear,1.0232,1.0803,0.8593,0.0442,"{'model__epsilon': 0.1, 'model__C': 10.0}","sum_weighted_score, Psych_Calculated_Risk, inter_exploratory_brilliance, inter_obsessive_correction, Feat_Resilient_Explorer, Mutant_Omega_Curiosity",0.4
37,RF_Importance_med,40,Ridge,1.0161,1.0804,0.8646,0.044,{'model__alpha': 500.0},"sum_weighted_score, struggle_ratio, score_velocity, hard_challenge_efficiency, hint_reading_duration, engagement_persistence, carefulness_index, contemplation_index, exploration_efficiency, hyper_curiosity_index, adaptive_learning_capacity, time_diff_end_vs_start, time_diff_phase3_vs_phase1, time_diff_max_vs_avg, ratio_hint_time, ratio_success_per_duration, PCA_Duration, PCA_Hints, PCA_Dur_x_PCA_Hints, PCA_Dur_squared, Comp_Awareness_Limit, Psych_Calculated_Risk, Psych_Flow_Stamina, ratio_struggle_time, inter_sweet_victory, HighOrd_Star_x_Effort, ratio_score_per_hint, inter_obsessive_correction, inter_cowardice_penalty, HighOrd_Score_x_PCAStar, HighOrd_Score_x_PCADuration, Comp_GBA_DS_Anchored, Comp_GBA_AoL_Anchored, Feat_Resilient_Explorer, Feat_Ego_vs_Capacity, Feat_Cognitive_Waste, Feat_Strategic_Growth, Mutant_AoL_Resilience, Mutant_Omega_Curiosity, Mutant_Ego_Death",0.9
38,Pearson_gt0.15,22,KNN_Regressor,1.0436,1.0805,0.8712,0.0438,"{'model__weights': 'distance', 'model__p': 1, 'model__n_neighbors': 15}","sum_weighted_score, humility_challenging, struggle_ratio, score_velocity, boldness_score, hint_reliance_ratio, carefulness_index, adaptive_learning_capacity, ratio_redo_success, Comp_Joyous_Exploration, Comp_Awareness_Limit, Psych_Calculated_Risk, ratio_score_per_hint, inter_exploratory_brilliance, inter_obsessive_correction, inter_cowardice_penalty, Comp_GBA_DS_Anchored, Feat_Resilient_Explorer, Feat_Ego_vs_Capacity, Feat_Strategic_Growth, Mutant_AoL_Resilience, Mutant_Omega_Curiosity",1.2
39,Kendall_gt0.15,16,Ridge,1.019,1.0807,0.868,0.0434,{'model__alpha': 100.0},"sum_weighted_score, struggle_ratio, score_velocity, stubbornness_index, adaptive_learning_capacity, Comp_Joyous_Exploration, Psych_Calculated_Risk, ratio_score_per_hint, inter_exploratory_brilliance, inter_obsessive_correction, inter_cowardice_penalty, Feat_Resilient_Explorer, Feat_Ego_vs_Capacity, Feat_Strategic_Growth, Mutant_AoL_Resilience, Mutant_Omega_Curiosity",0.3
40,RF_Importance_p90,8,Lasso,1.02,1.0807,0.8581,0.0435,{'model__alpha': 0.01},"sum_weighted_score, time_diff_end_vs_start, time_diff_max_vs_avg, PCA_Dur_x_PCA_Hints, inter_obsessive_correction, Comp_GBA_AoL_Anchored, Mutant_AoL_Resilience, Mutant_Omega_Curiosity",0.5
41,RF_Importance_med,40,ElasticNet,1.0185,1.081,0.8658,0.0429,"{'model__l1_ratio': 0.3, 'model__alpha': 0.1}","sum_weighted_score, struggle_ratio, score_velocity, hard_challenge_efficiency, hint_reading_duration, engagement_persistence, carefulness_index, contemplation_index, exploration_efficiency, hyper_curiosity_index, adaptive_learning_capacity, time_diff_end_vs_start, time_diff_phase3_vs_phase1, time_diff_max_vs_avg, ratio_hint_time, ratio_success_per_duration, PCA_Duration, PCA_Hints, PCA_Dur_x_PCA_Hints, PCA_Dur_squared, Comp_Awareness_Limit, Psych_Calculated_Risk, Psych_Flow_Stamina, ratio_struggle_time, inter_sweet_victory, HighOrd_Star_x_Effort, ratio_score_per_hint, inter_obsessive_correction, inter_cowardice_penalty, HighOrd_Score_x_PCAStar, HighOrd_Score_x_PCADuration, Comp_GBA_DS_Anchored, Comp_GBA_AoL_Anchored, Feat_Resilient_Explorer, Feat_Ego_vs_Capacity, Feat_Cognitive_Waste, Feat_Strategic_Growth, Mutant_AoL_Resilience, Mutant_Omega_Curiosity, Mutant_Ego_Death",1.4
42,Spearman_gt0.20,16,Ridge,1.0187,1.081,0.8685,0.0429,{'model__alpha': 100.0},"sum_weighted_score, struggle_ratio, score_velocity, boldness_score, adaptive_learning_capacity, Comp_Joyous_Exploration, Psych_Calculated_Risk, ratio_score_per_hint, inter_exploratory_brilliance, inter_obsessive_correction, inter_cowardice_penalty, Feat_Resilient_Explorer, Feat_Ego_vs_Capacity, Feat_Strategic_Growth, Mutant_AoL_Resilience, Mutant_Omega_Curiosity",0.4
43,Pearson_gt0.30,6,HuberRegressor,1.0217,1.0811,0.8569,0.0427,"{'model__epsilon': 2.0, 'model__alpha': 0.01}","sum_weighted_score, Psych_Calculated_Risk, inter_exploratory_brilliance, inter_obsessive_correction, Feat_Resilient_Explorer, Mutant_Omega_Curiosity",0.6
44,RFE_Ridge_Top30,30,PLSRegression,1.0177,1.0811,0.866,0.0428,{'model__n_components': 2},"sum_weighted_score, humility_challenging, struggle_ratio, score_velocity, boldness_score, hard_challenge_efficiency, apathy_speed, hint_reading_duration, engagement_persistence, impulsive_help_ratio, carefulness_index, star_efficiency, exploration_efficiency, time_diff_max_vs_avg, ratio_hint_time, ratio_redo_success, PCA_Hints, Comp_Joyous_Exploration, Psych_Adaptability, Psych_Calculated_Risk_Growth, ratio_struggle_time, inter_ambition_vs_reality, PCA_Performance_Star, inter_exploratory_brilliance, HighOrd_Score_x_PCAStar, HighOrd_Score_x_PCADuration, Comp_GBA_DS_Anchored, Feat_Resilient_Explorer, Feat_Strategic_Growth, Mutant_Omega_Curiosity",0.4
45,RF_Importance_p90,8,ElasticNet,1.0194,1.0811,0.8614,0.0427,"{'model__l1_ratio': 0.3, 'model__alpha': 0.1}","sum_weighted_score, time_diff_end_vs_start, time_diff_max_vs_avg, PCA_Dur_x_PCA_Hints, inter_obsessive_correction, Comp_GBA_AoL_Anchored, Mutant_AoL_Resilience, Mutant_Omega_Curiosity",0.6
46,MutualInfo_p80,16,CatBoost,1.0256,1.0812,0.8608,0.0426,"{'model__learning_rate': 0.05, 'model__l2_leaf_reg': 1, 'model__iterations': 50, 'model__depth': 4}","sum_weighted_score, humility_challenging, boldness_score, hard_challenge_efficiency, Comp_Joyous_Exploration, Psych_Calculated_Risk, Psych_Calculated_Risk_Growth, inter_exploratory_brilliance, inter_obsessive_correction, HighOrd_Score_x_PCAStar, HighOrd_Score_x_PCADuration, Feat_Resilient_Explorer, Feat_Ego_vs_Capacity, Mutant_AoL_Resilience, Mutant_Omega_Curiosity, Mutant_Ego_Death",10.5
47,Kendall_gt0.15,16,Lasso,1.0198,1.0814,0.868,0.0423,{'model__alpha': 0.01},"sum_weighted_score, struggle_ratio, score_velocity, stubbornness_index, adaptive_learning_capacity, Comp_Joyous_Exploration, Psych_Calculated_Risk, ratio_score_per_hint, inter_exploratory_brilliance, inter_obsessive_correction, inter_cowardice_penalty, Feat_Resilient_Explorer, Feat_Ego_vs_Capacity, Feat_Strategic_Growth, Mutant_AoL_Resilience, Mutant_Omega_Curiosity",0.4
48,Kendall_gt0.20,7,CatBoost,1.021,1.0814,0.8628,0.0423,"{'model__learning_rate': 0.05, 'model__l2_leaf_reg': 1, 'model__iterations': 50, 'model__depth': 4}","sum_weighted_score, Psych_Calculated_Risk, inter_exploratory_brilliance, inter_obsessive_correction, Feat_Resilient_Explorer, Mutant_AoL_Resilience, Mutant_Omega_Curiosity",8.4
49,RF_Importance_p90,8,Ridge,1.0188,1.0815,0.8604,0.0421,{'model__alpha': 100.0},"sum_weighted_score, time_diff_end_vs_start, time_diff_max_vs_avg, PCA_Dur_x_PCA_Hints, inter_obsessive_correction, Comp_GBA_AoL_Anchored, Mutant_AoL_Resilience, Mutant_Omega_Curiosity",0.4
50,Kendall_gt0.20,7,ElasticNet,1.019,1.0818,0.863,0.0414,"{'model__l1_ratio': 0.3, 'model__alpha': 0.1}","sum_weighted_score, Psych_Calculated_Risk, inter_exploratory_brilliance, inter_obsessive_correction, Feat_Resilient_Explorer, Mutant_AoL_Resilience, Mutant_Omega_Curiosity",0.4
51,Spearman_gt0.30,6,MLP_Regressor,1.0202,1.0818,0.8622,0.0415,"{'model__learning_rate': 'constant', 'model__hidden_layer_sizes': (128,), 'model__alpha': 0.001, 'model__activation': 'tanh'}","sum_weighted_score, Psych_Calculated_Risk, inter_obsessive_correction, Feat_Resilient_Explorer, Mutant_AoL_Resilience, Mutant_Omega_Curiosity",13.0
52,Pearson_gt0.30,6,ElasticNet,1.0189,1.0818,0.863,0.0415,"{'model__l1_ratio': 0.3, 'model__alpha': 0.1}","sum_weighted_score, Psych_Calculated_Risk, inter_exploratory_brilliance, inter_obsessive_correction, Feat_Resilient_Explorer, Mutant_Omega_Curiosity",0.4
53,Spearman_gt0.30,6,ElasticNet,1.0189,1.0818,0.863,0.0414,"{'model__l1_ratio': 0.3, 'model__alpha': 0.1}","sum_weighted_score, Psych_Calculated_Risk, inter_obsessive_correction, Feat_Resilient_Explorer, Mutant_AoL_Resilience, Mutant_Omega_Curiosity",0.4
54,Spearman_gt0.20,16,Lasso,1.0197,1.082,0.8688,0.0411,{'model__alpha': 0.01},"sum_weighted_score, struggle_ratio, score_velocity, boldness_score, adaptive_learning_capacity, Comp_Joyous_Exploration, Psych_Calculated_Risk, ratio_score_per_hint, inter_exploratory_brilliance, inter_obsessive_correction, inter_cowardice_penalty, Feat_Resilient_Explorer, Feat_Ego_vs_Capacity, Feat_Strategic_Growth, Mutant_AoL_Resilience, Mutant_Omega_Curiosity",0.5
55,MutualInfo_p90,8,HuberRegressor,1.0213,1.0821,0.8621,0.0409,"{'model__epsilon': 2.0, 'model__alpha': 0.01}","sum_weighted_score, humility_challenging, boldness_score, Psych_Calculated_Risk, Psych_Calculated_Risk_Growth, inter_exploratory_brilliance, inter_obsessive_correction, HighOrd_Score_x_PCADuration",0.6
56,Pearson_gt0.30,6,PLSRegression,1.021,1.0822,0.859,0.0407,{'model__n_components': 3},"sum_weighted_score, Psych_Calculated_Risk, inter_exploratory_brilliance, inter_obsessive_correction, Feat_Resilient_Explorer, Mutant_Omega_Curiosity",0.4
57,Kendall_gt0.10,31,CatBoost,1.0194,1.0823,0.8631,0.0406,"{'model__learning_rate': 0.05, 'model__l2_leaf_reg': 3, 'model__iterations': 50, 'model__depth': 4}","sum_weighted_score, humility_challenging, struggle_ratio, grind_capacity, score_velocity, boldness_score, stagnation_ratio, stubbornness_index, delayed_gratification_hint, hint_reliance_ratio, carefulness_index, hint_dependency_gravity, calculated_risk_taking, adaptive_learning_capacity, stubborn_failure_magnitude, ratio_redo_success, Comp_Joyous_Exploration, Psych_Calculated_Risk, Psych_Ego_Awareness, Psych_Calculated_Risk_Growth, inter_ambition_vs_reality, ratio_score_per_hint, inter_exploratory_brilliance, inter_obsessive_correction, inter_cowardice_penalty, Comp_GBA_AoL_Anchored, Feat_Resilient_Explorer, Feat_Ego_vs_Capacity, Feat_Strategic_Growth, Mutant_AoL_Resilience, Mutant_Omega_Curiosity",11.6
58,Pearson_gt0.20,10,Lasso,1.0183,1.0823,0.8681,0.0406,{'model__alpha': 0.01},"sum_weighted_score, struggle_ratio, score_velocity, Comp_Joyous_Exploration, Psych_Calculated_Risk, inter_exploratory_brilliance, inter_obsessive_correction, Feat_Resilient_Explorer, Feat_Strategic_Growth, Mutant_Omega_Curiosity",0.3
59,MutualInfo_p80,16,ElasticNet,1.018,1.0826,0.8678,0.0401,"{'model__l1_ratio': 0.3, 'model__alpha': 0.1}","sum_weighted_score, humility_challenging, boldness_score, hard_challenge_efficiency, Comp_Joyous_Exploration, Psych_Calculated_Risk, Psych_Calculated_Risk_Growth, inter_exploratory_brilliance, inter_obsessive_correction, HighOrd_Score_x_PCAStar, HighOrd_Score_x_PCADuration, Feat_Resilient_Explorer, Feat_Ego_vs_Capacity, Mutant_AoL_Resilience, Mutant_Omega_Curiosity, Mutant_Ego_Death",0.9
60,Kendall_gt0.15,16,HuberRegressor,1.0224,1.083,0.8707,0.0393,"{'model__epsilon': 2.0, 'model__alpha': 0.01}","sum_weighted_score, struggle_ratio, score_velocity, stubbornness_index, adaptive_learning_capacity, Comp_Joyous_Exploration, Psych_Calculated_Risk, ratio_score_per_hint, inter_exploratory_brilliance, inter_obsessive_correction, inter_cowardice_penalty, Feat_Resilient_Explorer, Feat_Ego_vs_Capacity, Feat_Strategic_Growth, Mutant_AoL_Resilience, Mutant_Omega_Curiosity",1.9
61,Kendall_gt0.20,7,Lasso,1.0192,1.083,0.8614,0.0395,{'model__alpha': 0.01},"sum_weighted_score, Psych_Calculated_Risk, inter_exploratory_brilliance, inter_obsessive_correction, Feat_Resilient_Explorer, Mutant_AoL_Resilience, Mutant_Omega_Curiosity",0.3
62,Kendall_gt0.20,7,RandomForest,1.0378,1.083,0.8693,0.0394,"{'model__n_estimators': 200, 'model__min_samples_split': 5, 'model__max_features': 'sqrt', 'model__max_depth': 5}","sum_weighted_score, Psych_Calculated_Risk, inter_exploratory_brilliance, inter_obsessive_correction, Feat_Resilient_Explorer, Mutant_AoL_Resilience, Mutant_Omega_Curiosity",5.6
63,Pearson_gt0.30,6,Lasso,1.0192,1.083,0.8614,0.0395,{'model__alpha': 0.01},"sum_weighted_score, Psych_Calculated_Risk, inter_exploratory_brilliance, inter_obsessive_correction, Feat_Resilient_Explorer, Mutant_Omega_Curiosity",0.3
64,Spearman_gt0.30,6,Lasso,1.0191,1.083,0.8614,0.0395,{'model__alpha': 0.01},"sum_weighted_score, Psych_Calculated_Risk, inter_obsessive_correction, Feat_Resilient_Explorer, Mutant_AoL_Resilience, Mutant_Omega_Curiosity",0.3
65,MutualInfo_p70,24,PLSRegression,1.02,1.083,0.865,0.0394,{'model__n_components': 2},"sum_weighted_score, humility_challenging, boldness_score, hard_challenge_efficiency, exploration_efficiency, frustration_breakdown_ratio, stubborn_failure_magnitude, time_diff_max_vs_avg, PCA_Dur_x_PCA_Hints, Comp_Joyous_Exploration, Psych_Calculated_Risk, Psych_Calculated_Risk_Growth, ratio_score_per_hint, inter_exploratory_brilliance, inter_obsessive_correction, HighOrd_Score_x_PCAStar, HighOrd_Score_x_PCADuration, Feat_Resilient_Explorer, Feat_Ego_vs_Capacity, Feat_Cognitive_Waste, Feat_Strategic_Growth, Mutant_AoL_Resilience, Mutant_Omega_Curiosity, Mutant_Ego_Death",0.5
66,Spearman_gt0.30,6,HuberRegressor,1.0212,1.0832,0.8608,0.039,"{'model__epsilon': 2.0, 'model__alpha': 0.01}","sum_weighted_score, Psych_Calculated_Risk, inter_obsessive_correction, Feat_Resilient_Explorer, Mutant_AoL_Resilience, Mutant_Omega_Curiosity",0.4
67,MutualInfo_p70,24,ElasticNet,1.0193,1.0833,0.8693,0.0389,"{'model__l1_ratio': 0.3, 'model__alpha': 0.1}","sum_weighted_score, humility_challenging, boldness_score, hard_challenge_efficiency, exploration_efficiency, frustration_breakdown_ratio, stubborn_failure_magnitude, time_diff_max_vs_avg, PCA_Dur_x_PCA_Hints, Comp_Joyous_Exploration, Psych_Calculated_Risk, Psych_Calculated_Risk_Growth, ratio_score_per_hint, inter_exploratory_brilliance, inter_obsessive_correction, HighOrd_Score_x_PCAStar, HighOrd_Score_x_PCADuration, Feat_Resilient_Explorer, Feat_Ego_vs_Capacity, Feat_Cognitive_Waste, Feat_Strategic_Growth, Mutant_AoL_Resilience, Mutant_Omega_Curiosity, Mutant_Ego_Death",1.0
68,Pearson_gt0.30,6,SVR_RBF,1.0196,1.0835,0.8648,0.0385,"{'model__gamma': 0.001, 'model__epsilon': 0.01, 'model__C': 10.0}","sum_weighted_score, Psych_Calculated_Risk, inter_exploratory_brilliance, inter_obsessive_correction, Feat_Resilient_Explorer, Mutant_Omega_Curiosity",1.3
69,Spearman_gt0.20,16,HuberRegressor,1.0248,1.0836,0.8721,0.0383,"{'model__epsilon': 2.0, 'model__alpha': 0.01}","sum_weighted_score, struggle_ratio, score_velocity, boldness_score, adaptive_learning_capacity, Comp_Joyous_Exploration, Psych_Calculated_Risk, ratio_score_per_hint, inter_exploratory_brilliance, inter_obsessive_correction, inter_cowardice_penalty, Feat_Resilient_Explorer, Feat_Ego_vs_Capacity, Feat_Strategic_Growth, Mutant_AoL_Resilience, Mutant_Omega_Curiosity",1.1
70,Kendall_gt0.20,7,SVR_RBF,1.02,1.0838,0.8644,0.038,"{'model__gamma': 0.001, 'model__epsilon': 0.01, 'model__C': 10.0}","sum_weighted_score, Psych_Calculated_Risk, inter_exploratory_brilliance, inter_obsessive_correction, Feat_Resilient_Explorer, Mutant_AoL_Resilience, Mutant_Omega_Curiosity",1.1
71,RF_Importance_p80,16,ElasticNet,1.0186,1.0838,0.863,0.038,"{'model__l1_ratio': 0.3, 'model__alpha': 0.1}","sum_weighted_score, carefulness_index, contemplation_index, time_diff_end_vs_start, time_diff_max_vs_avg, ratio_success_per_duration, PCA_Dur_x_PCA_Hints, Psych_Flow_Stamina, ratio_struggle_time, HighOrd_Star_x_Effort, inter_obsessive_correction, Comp_GBA_AoL_Anchored, Feat_Resilient_Explorer, Feat_Ego_vs_Capacity, Mutant_AoL_Resilience, Mutant_Omega_Curiosity",0.8
72,RF_Importance_p90,8,CatBoost,1.019,1.0839,0.8635,0.0377,"{'model__learning_rate': 0.05, 'model__l2_leaf_reg': 5, 'model__iterations': 50, 'model__depth': 6}","sum_weighted_score, time_diff_end_vs_start, time_diff_max_vs_avg, PCA_Dur_x_PCA_Hints, inter_obsessive_correction, Comp_GBA_AoL_Anchored, Mutant_AoL_Resilience, Mutant_Omega_Curiosity",6.9
73,Spearman_gt0.20,16,PLSRegression,1.019,1.0839,0.8706,0.0377,{'model__n_components': 3},"sum_weighted_score, struggle_ratio, score_velocity, boldness_score, adaptive_learning_capacity, Comp_Joyous_Exploration, Psych_Calculated_Risk, ratio_score_per_hint, inter_exploratory_brilliance, inter_obsessive_correction, inter_cowardice_penalty, Feat_Resilient_Explorer, Feat_Ego_vs_Capacity, Feat_Strategic_Growth, Mutant_AoL_Resilience, Mutant_Omega_Curiosity",0.4
74,Pearson_gt0.20,10,ElasticNet,1.018,1.0839,0.8698,0.0378,"{'model__l1_ratio': 0.7, 'model__alpha': 0.01}","sum_weighted_score, struggle_ratio, score_velocity, Comp_Joyous_Exploration, Psych_Calculated_Risk, inter_exploratory_brilliance, inter_obsessive_correction, Feat_Resilient_Explorer, Feat_Strategic_Growth, Mutant_Omega_Curiosity",0.5
75,MutualInfo_p90,8,Ridge,1.0177,1.084,0.8692,0.0377,{'model__alpha': 100.0},"sum_weighted_score, humility_challenging, boldness_score, Psych_Calculated_Risk, Psych_Calculated_Risk_Growth, inter_exploratory_brilliance, inter_obsessive_correction, HighOrd_Score_x_PCADuration",0.4
76,MutualInfo_p90,8,ElasticNet,1.017,1.084,0.8693,0.0375,"{'model__l1_ratio': 0.3, 'model__alpha': 0.1}","sum_weighted_score, humility_challenging, boldness_score, Psych_Calculated_Risk, Psych_Calculated_Risk_Growth, inter_exploratory_brilliance, inter_obsessive_correction, HighOrd_Score_x_PCADuration",0.5
77,Spearman_gt0.30,6,SVR_RBF,1.0192,1.084,0.8648,0.0375,"{'model__gamma': 0.001, 'model__epsilon': 0.01, 'model__C': 10.0}","sum_weighted_score, Psych_Calculated_Risk, inter_obsessive_correction, Feat_Resilient_Explorer, Mutant_AoL_Resilience, Mutant_Omega_Curiosity",1.1
78,Kendall_gt0.15,16,PLSRegression,1.0196,1.0843,0.871,0.0371,{'model__n_components': 10},"sum_weighted_score, struggle_ratio, score_velocity, stubbornness_index, adaptive_learning_capacity, Comp_Joyous_Exploration, Psych_Calculated_Risk, ratio_score_per_hint, inter_exploratory_brilliance, inter_obsessive_correction, inter_cowardice_penalty, Feat_Resilient_Explorer, Feat_Ego_vs_Capacity, Feat_Strategic_Growth, Mutant_AoL_Resilience, Mutant_Omega_Curiosity",0.3
79,MutualInfo_p80,16,Lasso,1.0198,1.0845,0.8664,0.0368,{'model__alpha': 0.01},"sum_weighted_score, humility_challenging, boldness_score, hard_challenge_efficiency, Comp_Joyous_Exploration, Psych_Calculated_Risk, Psych_Calculated_Risk_Growth, inter_exploratory_brilliance, inter_obsessive_correction, HighOrd_Score_x_PCAStar, HighOrd_Score_x_PCADuration, Feat_Resilient_Explorer, Feat_Ego_vs_Capacity, Mutant_AoL_Resilience, Mutant_Omega_Curiosity, Mutant_Ego_Death",0.6
80,RFE_Ridge_Top20,20,SVR_RBF,1.0214,1.0845,0.8698,0.0367,"{'model__gamma': 0.001, 'model__epsilon': 0.01, 'model__C': 10.0}","sum_weighted_score, struggle_ratio, apathy_speed, hint_reading_duration, impulsive_help_ratio, star_efficiency, exploration_efficiency, ratio_hint_time, ratio_redo_success, PCA_Hints, Psych_Adaptability, Psych_Calculated_Risk_Growth, ratio_struggle_time, inter_ambition_vs_reality, PCA_Performance_Star, inter_exploratory_brilliance, Comp_GBA_DS_Anchored, Feat_Resilient_Explorer, Feat_Strategic_Growth, Mutant_Omega_Curiosity",2.7
81,RFE_Ridge_Top20,20,Ridge,1.014,1.0846,0.8679,0.0365,{'model__alpha': 100.0},"sum_weighted_score, struggle_ratio, apathy_speed, hint_reading_duration, impulsive_help_ratio, star_efficiency, exploration_efficiency, ratio_hint_time, ratio_redo_success, PCA_Hints, Psych_Adaptability, Psych_Calculated_Risk_Growth, ratio_struggle_time, inter_ambition_vs_reality, PCA_Performance_Star, inter_exploratory_brilliance, Comp_GBA_DS_Anchored, Feat_Resilient_Explorer, Feat_Strategic_Growth, Mutant_Omega_Curiosity",0.5
82,Kendall_gt0.15,16,ElasticNet,1.0196,1.0846,0.8721,0.0366,"{'model__l1_ratio': 0.1, 'model__alpha': 0.01}","sum_weighted_score, struggle_ratio, score_velocity, stubbornness_index, adaptive_learning_capacity, Comp_Joyous_Exploration, Psych_Calculated_Risk, ratio_score_per_hint, inter_exploratory_brilliance, inter_obsessive_correction, inter_cowardice_penalty, Feat_Resilient_Explorer, Feat_Ego_vs_Capacity, Feat_Strategic_Growth, Mutant_AoL_Resilience, Mutant_Omega_Curiosity",0.6
83,Spearman_gt0.20,16,RandomForest,1.0294,1.0847,0.8745,0.0363,"{'model__n_estimators': 200, 'model__min_samples_split': 5, 'model__max_features': 'sqrt', 'model__max_depth': 5}","sum_weighted_score, struggle_ratio, score_velocity, boldness_score, adaptive_learning_capacity, Comp_Joyous_Exploration, Psych_Calculated_Risk, ratio_score_per_hint, inter_exploratory_brilliance, inter_obsessive_correction, inter_cowardice_penalty, Feat_Resilient_Explorer, Feat_Ego_vs_Capacity, Feat_Strategic_Growth, Mutant_AoL_Resilience, Mutant_Omega_Curiosity",8.7
84,Kendall_gt0.20,7,MLP_Regressor,1.0218,1.0849,0.8646,0.036,"{'model__learning_rate': 'constant', 'model__hidden_layer_sizes': (128,), 'model__alpha': 0.001, 'model__activation': 'tanh'}","sum_weighted_score, Psych_Calculated_Risk, inter_exploratory_brilliance, inter_obsessive_correction, Feat_Resilient_Explorer, Mutant_AoL_Resilience, Mutant_Omega_Curiosity",11.4
85,RF_Importance_med,40,KNN_Regressor,1.0409,1.0849,0.875,0.0361,"{'model__weights': 'uniform', 'model__p': 1, 'model__n_neighbors': 15}","sum_weighted_score, struggle_ratio, score_velocity, hard_challenge_efficiency, hint_reading_duration, engagement_persistence, carefulness_index, contemplation_index, exploration_efficiency, hyper_curiosity_index, adaptive_learning_capacity, time_diff_end_vs_start, time_diff_phase3_vs_phase1, time_diff_max_vs_avg, ratio_hint_time, ratio_success_per_duration, PCA_Duration, PCA_Hints, PCA_Dur_x_PCA_Hints, PCA_Dur_squared, Comp_Awareness_Limit, Psych_Calculated_Risk, Psych_Flow_Stamina, ratio_struggle_time, inter_sweet_victory, HighOrd_Star_x_Effort, ratio_score_per_hint, inter_obsessive_correction, inter_cowardice_penalty, HighOrd_Score_x_PCAStar, HighOrd_Score_x_PCADuration, Comp_GBA_DS_Anchored, Comp_GBA_AoL_Anchored, Feat_Resilient_Explorer, Feat_Ego_vs_Capacity, Feat_Cognitive_Waste, Feat_Strategic_Growth, Mutant_AoL_Resilience, Mutant_Omega_Curiosity, Mutant_Ego_Death",1.2
86,RF_Importance_p90,8,PLSRegression,1.0213,1.0849,0.8636,0.0361,{'model__n_components': 2},"sum_weighted_score, time_diff_end_vs_start, time_diff_max_vs_avg, PCA_Dur_x_PCA_Hints, inter_obsessive_correction, Comp_GBA_AoL_Anchored, Mutant_AoL_Resilience, Mutant_Omega_Curiosity",0.3
87,MutualInfo_p90,8,Lasso,1.017,1.0849,0.8665,0.0359,{'model__alpha': 0.01},"sum_weighted_score, humility_challenging, boldness_score, Psych_Calculated_Risk, Psych_Calculated_Risk_Growth, inter_exploratory_brilliance, inter_obsessive_correction, HighOrd_Score_x_PCADuration",0.4
88,MutualInfo_p80,16,PLSRegression,1.0183,1.085,0.865,0.0357,{'model__n_components': 2},"sum_weighted_score, humility_challenging, boldness_score, hard_challenge_efficiency, Comp_Joyous_Exploration, Psych_Calculated_Risk, Psych_Calculated_Risk_Growth, inter_exploratory_brilliance, inter_obsessive_correction, HighOrd_Score_x_PCAStar, HighOrd_Score_x_PCADuration, Feat_Resilient_Explorer, Feat_Ego_vs_Capacity, Mutant_AoL_Resilience, Mutant_Omega_Curiosity, Mutant_Ego_Death",0.5
89,MutualInfo_p70,24,Lasso,1.0227,1.0852,0.8661,0.0355,{'model__alpha': 0.01},"sum_weighted_score, humility_challenging, boldness_score, hard_challenge_efficiency, exploration_efficiency, frustration_breakdown_ratio, stubborn_failure_magnitude, time_diff_max_vs_avg, PCA_Dur_x_PCA_Hints, Comp_Joyous_Exploration, Psych_Calculated_Risk, Psych_Calculated_Risk_Growth, ratio_score_per_hint, inter_exploratory_brilliance, inter_obsessive_correction, HighOrd_Score_x_PCAStar, HighOrd_Score_x_PCADuration, Feat_Resilient_Explorer, Feat_Ego_vs_Capacity, Feat_Cognitive_Waste, Feat_Strategic_Growth, Mutant_AoL_Resilience, Mutant_Omega_Curiosity, Mutant_Ego_Death",1.5
90,MutualInfo_p90,8,RandomForest,1.0313,1.0853,0.8663,0.0353,"{'model__n_estimators': 200, 'model__min_samples_split': 2, 'model__max_features': 'sqrt', 'model__max_depth': 5}","sum_weighted_score, humility_challenging, boldness_score, Psych_Calculated_Risk, Psych_Calculated_Risk_Growth, inter_exploratory_brilliance, inter_obsessive_correction, HighOrd_Score_x_PCADuration",6.2
91,RFE_Ridge_Top30,30,CatBoost,1.0224,1.0855,0.8639,0.035,"{'model__learning_rate': 0.05, 'model__l2_leaf_reg': 1, 'model__iterations': 50, 'model__depth': 4}","sum_weighted_score, humility_challenging, struggle_ratio, score_velocity, boldness_score, hard_challenge_efficiency, apathy_speed, hint_reading_duration, engagement_persistence, impulsive_help_ratio, carefulness_index, star_efficiency, exploration_efficiency, time_diff_max_vs_avg, ratio_hint_time, ratio_redo_success, PCA_Hints, Comp_Joyous_Exploration, Psych_Adaptability, Psych_Calculated_Risk_Growth, ratio_struggle_time, inter_ambition_vs_reality, PCA_Performance_Star, inter_exploratory_brilliance, HighOrd_Score_x_PCAStar, HighOrd_Score_x_PCADuration, Comp_GBA_DS_Anchored, Feat_Resilient_Explorer, Feat_Strategic_Growth, Mutant_Omega_Curiosity",14.5
92,Pearson_gt0.30,6,Ridge,1.0178,1.0858,0.8656,0.0343,{'model__alpha': 100.0},"sum_weighted_score, Psych_Calculated_Risk, inter_exploratory_brilliance, inter_obsessive_correction, Feat_Resilient_Explorer, Mutant_Omega_Curiosity",0.3
93,Spearman_gt0.30,6,PLSRegression,1.0192,1.0858,0.8637,0.0343,{'model__n_components': 3},"sum_weighted_score, Psych_Calculated_Risk, inter_obsessive_correction, Feat_Resilient_Explorer, Mutant_AoL_Resilience, Mutant_Omega_Curiosity",0.2
94,Pearson_gt0.30,6,XGBoost,1.0607,1.0858,0.879,0.0344,"{'model__subsample': 0.8, 'model__max_depth': 3, 'model__learning_rate': 0.05, 'model__colsample_bytree': 0.8}","sum_weighted_score, Psych_Calculated_Risk, inter_exploratory_brilliance, inter_obsessive_correction, Feat_Resilient_Explorer, Mutant_Omega_Curiosity",4.6
95,MutualInfo_p90,8,CatBoost,1.0227,1.0861,0.8602,0.0338,"{'model__learning_rate': 0.05, 'model__l2_leaf_reg': 3, 'model__iterations': 50, 'model__depth': 4}","sum_weighted_score, humility_challenging, boldness_score, Psych_Calculated_Risk, Psych_Calculated_Risk_Growth, inter_exploratory_brilliance, inter_obsessive_correction, HighOrd_Score_x_PCADuration",5.4
96,Kendall_gt0.10,31,RandomForest,1.0299,1.0863,0.8707,0.0334,"{'model__n_estimators': 200, 'model__min_samples_split': 5, 'model__max_features': 'sqrt', 'model__max_depth': 5}","sum_weighted_score, humility_challenging, struggle_ratio, grind_capacity, score_velocity, boldness_score, stagnation_ratio, stubbornness_index, delayed_gratification_hint, hint_reliance_ratio, carefulness_index, hint_dependency_gravity, calculated_risk_taking, adaptive_learning_capacity, stubborn_failure_magnitude, ratio_redo_success, Comp_Joyous_Exploration, Psych_Calculated_Risk, Psych_Ego_Awareness, Psych_Calculated_Risk_Growth, inter_ambition_vs_reality, ratio_score_per_hint, inter_exploratory_brilliance, inter_obsessive_correction, inter_cowardice_penalty, Comp_GBA_AoL_Anchored, Feat_Resilient_Explorer, Feat_Ego_vs_Capacity, Feat_Strategic_Growth, Mutant_AoL_Resilience, Mutant_Omega_Curiosity",6.9
97,Spearman_gt0.30,6,Ridge,1.0172,1.0863,0.8655,0.0335,{'model__alpha': 100.0},"sum_weighted_score, Psych_Calculated_Risk, inter_obsessive_correction, Feat_Resilient_Explorer, Mutant_AoL_Resilience, Mutant_Omega_Curiosity",0.3
98,RFE_Ridge_Top20,20,Lasso,1.0165,1.0863,0.8704,0.0334,{'model__alpha': 0.01},"sum_weighted_score, struggle_ratio, apathy_speed, hint_reading_duration, impulsive_help_ratio, star_efficiency, exploration_efficiency, ratio_hint_time, ratio_redo_success, PCA_Hints, Psych_Adaptability, Psych_Calculated_Risk_Growth, ratio_struggle_time, inter_ambition_vs_reality, PCA_Performance_Star, inter_exploratory_brilliance, Comp_GBA_DS_Anchored, Feat_Resilient_Explorer, Feat_Strategic_Growth, Mutant_Omega_Curiosity",0.5
99,Pearson_gt0.20,10,SVR_Linear,1.0208,1.0864,0.8672,0.0333,"{'model__epsilon': 0.5, 'model__C': 10.0}","sum_weighted_score, struggle_ratio, score_velocity, Comp_Joyous_Exploration, Psych_Calculated_Risk, inter_exploratory_brilliance, inter_obsessive_correction, Feat_Resilient_Explorer, Feat_Strategic_Growth, Mutant_Omega_Curiosity",1.1
100,Kendall_gt0.20,7,Ridge,1.0181,1.0867,0.8661,0.0328,{'model__alpha': 100.0},"sum_weighted_score, Psych_Calculated_Risk, inter_exploratory_brilliance, inter_obsessive_correction, Feat_Resilient_Explorer, Mutant_AoL_Resilience, Mutant_Omega_Curiosity",0.2
101,Pearson_gt0.20,10,PLSRegression,1.0182,1.0867,0.8735,0.0329,{'model__n_components': 3},"sum_weighted_score, struggle_ratio, score_velocity, Comp_Joyous_Exploration, Psych_Calculated_Risk, inter_exploratory_brilliance, inter_obsessive_correction, Feat_Resilient_Explorer, Feat_Strategic_Growth, Mutant_Omega_Curiosity",0.3
102,Spearman_gt0.15,25,KNN_Regressor,1.0483,1.0869,0.8746,0.0325,"{'model__weights': 'distance', 'model__p': 1, 'model__n_neighbors': 15}","sum_weighted_score, struggle_ratio, grind_capacity, score_velocity, boldness_score, stagnation_ratio, stubbornness_index, hint_reliance_ratio, carefulness_index, hint_dependency_gravity, adaptive_learning_capacity, ratio_redo_success, Comp_Joyous_Exploration, Psych_Calculated_Risk, Psych_Ego_Awareness, Psych_Calculated_Risk_Growth, ratio_score_per_hint, inter_exploratory_brilliance, inter_obsessive_correction, inter_cowardice_penalty, Feat_Resilient_Explorer, Feat_Ego_vs_Capacity, Feat_Strategic_Growth, Mutant_AoL_Resilience, Mutant_Omega_Curiosity",0.9
103,RF_Importance_p80,16,Lasso,1.0203,1.087,0.8603,0.0323,{'model__alpha': 0.01},"sum_weighted_score, carefulness_index, contemplation_index, time_diff_end_vs_start, time_diff_max_vs_avg, ratio_success_per_duration, PCA_Dur_x_PCA_Hints, Psych_Flow_Stamina, ratio_struggle_time, HighOrd_Star_x_Effort, inter_obsessive_correction, Comp_GBA_AoL_Anchored, Feat_Resilient_Explorer, Feat_Ego_vs_Capacity, Mutant_AoL_Resilience, Mutant_Omega_Curiosity",0.4
104,RF_Importance_p80,16,CatBoost,1.0216,1.0871,0.8719,0.032,"{'model__learning_rate': 0.05, 'model__l2_leaf_reg': 5, 'model__iterations': 50, 'model__depth': 6}","sum_weighted_score, carefulness_index, contemplation_index, time_diff_end_vs_start, time_diff_max_vs_avg, ratio_success_per_duration, PCA_Dur_x_PCA_Hints, Psych_Flow_Stamina, ratio_struggle_time, HighOrd_Star_x_Effort, inter_obsessive_correction, Comp_GBA_AoL_Anchored, Feat_Resilient_Explorer, Feat_Ego_vs_Capacity, Mutant_AoL_Resilience, Mutant_Omega_Curiosity",11.0
105,RFE_Ridge_Top30,30,SVR_RBF,1.0266,1.0875,0.8762,0.0313,"{'model__gamma': 0.001, 'model__epsilon': 0.01, 'model__C': 10.0}","sum_weighted_score, humility_challenging, struggle_ratio, score_velocity, boldness_score, hard_challenge_efficiency, apathy_speed, hint_reading_duration, engagement_persistence, impulsive_help_ratio, carefulness_index, star_efficiency, exploration_efficiency, time_diff_max_vs_avg, ratio_hint_time, ratio_redo_success, PCA_Hints, Comp_Joyous_Exploration, Psych_Adaptability, Psych_Calculated_Risk_Growth, ratio_struggle_time, inter_ambition_vs_reality, PCA_Performance_Star, inter_exploratory_brilliance, HighOrd_Score_x_PCAStar, HighOrd_Score_x_PCADuration, Comp_GBA_DS_Anchored, Feat_Resilient_Explorer, Feat_Strategic_Growth, Mutant_Omega_Curiosity",2.8
106,MutualInfo_p90,8,PLSRegression,1.018,1.0875,0.8687,0.0313,{'model__n_components': 2},"sum_weighted_score, humility_challenging, boldness_score, Psych_Calculated_Risk, Psych_Calculated_Risk_Growth, inter_exploratory_brilliance, inter_obsessive_correction, HighOrd_Score_x_PCADuration",0.4
107,Kendall_gt0.15,16,RandomForest,1.0268,1.0878,0.8753,0.0308,"{'model__n_estimators': 200, 'model__min_samples_split': 2, 'model__max_features': 'sqrt', 'model__max_depth': 5}","sum_weighted_score, struggle_ratio, score_velocity, stubbornness_index, adaptive_learning_capacity, Comp_Joyous_Exploration, Psych_Calculated_Risk, ratio_score_per_hint, inter_exploratory_brilliance, inter_obsessive_correction, inter_cowardice_penalty, Feat_Resilient_Explorer, Feat_Ego_vs_Capacity, Feat_Strategic_Growth, Mutant_AoL_Resilience, Mutant_Omega_Curiosity",8.1
108,Kendall_gt0.10,31,SVR_RBF,1.045,1.088,0.8802,0.0305,"{'model__gamma': 'scale', 'model__epsilon': 0.01, 'model__C': 10.0}","sum_weighted_score, humility_challenging, struggle_ratio, grind_capacity, score_velocity, boldness_score, stagnation_ratio, stubbornness_index, delayed_gratification_hint, hint_reliance_ratio, carefulness_index, hint_dependency_gravity, calculated_risk_taking, adaptive_learning_capacity, stubborn_failure_magnitude, ratio_redo_success, Comp_Joyous_Exploration, Psych_Calculated_Risk, Psych_Ego_Awareness, Psych_Calculated_Risk_Growth, inter_ambition_vs_reality, ratio_score_per_hint, inter_exploratory_brilliance, inter_obsessive_correction, inter_cowardice_penalty, Comp_GBA_AoL_Anchored, Feat_Resilient_Explorer, Feat_Ego_vs_Capacity, Feat_Strategic_Growth, Mutant_AoL_Resilience, Mutant_Omega_Curiosity",4.9
109,RFE_Ridge_Top20,20,PLSRegression,1.018,1.0882,0.873,0.0301,{'model__n_components': 2},"sum_weighted_score, struggle_ratio, apathy_speed, hint_reading_duration, impulsive_help_ratio, star_efficiency, exploration_efficiency, ratio_hint_time, ratio_redo_success, PCA_Hints, Psych_Adaptability, Psych_Calculated_Risk_Growth, ratio_struggle_time, inter_ambition_vs_reality, PCA_Performance_Star, inter_exploratory_brilliance, Comp_GBA_DS_Anchored, Feat_Resilient_Explorer, Feat_Strategic_Growth, Mutant_Omega_Curiosity",0.5
110,Kendall_gt0.20,7,XGBoost,1.0645,1.0883,0.8754,0.03,"{'model__subsample': 1.0, 'model__max_depth': 3, 'model__learning_rate': 0.05, 'model__colsample_bytree': 0.8}","sum_weighted_score, Psych_Calculated_Risk, inter_exploratory_brilliance, inter_obsessive_correction, Feat_Resilient_Explorer, Mutant_AoL_Resilience, Mutant_Omega_Curiosity",6.8
111,RF_Importance_med,40,CatBoost,1.0213,1.0885,0.8651,0.0296,"{'model__learning_rate': 0.05, 'model__l2_leaf_reg': 3, 'model__iterations': 50, 'model__depth': 4}","sum_weighted_score, struggle_ratio, score_velocity, hard_challenge_efficiency, hint_reading_duration, engagement_persistence, carefulness_index, contemplation_index, exploration_efficiency, hyper_curiosity_index, adaptive_learning_capacity, time_diff_end_vs_start, time_diff_phase3_vs_phase1, time_diff_max_vs_avg, ratio_hint_time, ratio_success_per_duration, PCA_Duration, PCA_Hints, PCA_Dur_x_PCA_Hints, PCA_Dur_squared, Comp_Awareness_Limit, Psych_Calculated_Risk, Psych_Flow_Stamina, ratio_struggle_time, inter_sweet_victory, HighOrd_Star_x_Effort, ratio_score_per_hint, inter_obsessive_correction, inter_cowardice_penalty, HighOrd_Score_x_PCAStar, HighOrd_Score_x_PCADuration, Comp_GBA_DS_Anchored, Comp_GBA_AoL_Anchored, Feat_Resilient_Explorer, Feat_Ego_vs_Capacity, Feat_Cognitive_Waste, Feat_Strategic_Growth, Mutant_AoL_Resilience, Mutant_Omega_Curiosity, Mutant_Ego_Death",23.0
112,Pearson_gt0.20,10,SVR_RBF,1.0214,1.0887,0.8649,0.0292,"{'model__gamma': 'scale', 'model__epsilon': 0.01, 'model__C': 1.0}","sum_weighted_score, struggle_ratio, score_velocity, Comp_Joyous_Exploration, Psych_Calculated_Risk, inter_exploratory_brilliance, inter_obsessive_correction, Feat_Resilient_Explorer, Feat_Strategic_Growth, Mutant_Omega_Curiosity",1.5
113,RF_Importance_p90,8,RandomForest,1.0235,1.089,0.8681,0.0287,"{'model__n_estimators': 200, 'model__min_samples_split': 2, 'model__max_features': 'sqrt', 'model__max_depth': 5}","sum_weighted_score, time_diff_end_vs_start, time_diff_max_vs_avg, PCA_Dur_x_PCA_Hints, inter_obsessive_correction, Comp_GBA_AoL_Anchored, Mutant_AoL_Resilience, Mutant_Omega_Curiosity",7.5
114,Kendall_gt0.15,16,SVR_Linear,1.0233,1.0894,0.8713,0.0279,"{'model__epsilon': 0.5, 'model__C': 1.0}","sum_weighted_score, struggle_ratio, score_velocity, stubbornness_index, adaptive_learning_capacity, Comp_Joyous_Exploration, Psych_Calculated_Risk, ratio_score_per_hint, inter_exploratory_brilliance, inter_obsessive_correction, inter_cowardice_penalty, Feat_Resilient_Explorer, Feat_Ego_vs_Capacity, Feat_Strategic_Growth, Mutant_AoL_Resilience, Mutant_Omega_Curiosity",1.1
115,Spearman_gt0.30,6,XGBoost,1.0558,1.0895,0.88,0.0279,"{'model__subsample': 1.0, 'model__max_depth': 3, 'model__learning_rate': 0.05, 'model__colsample_bytree': 0.8}","sum_weighted_score, Psych_Calculated_Risk, inter_obsessive_correction, Feat_Resilient_Explorer, Mutant_AoL_Resilience, Mutant_Omega_Curiosity",5.5
116,RF_Importance_p90,8,MLP_Regressor,1.0219,1.0895,0.8581,0.0278,"{'model__learning_rate': 'constant', 'model__hidden_layer_sizes': (128,), 'model__alpha': 0.001, 'model__activation': 'tanh'}","sum_weighted_score, time_diff_end_vs_start, time_diff_max_vs_avg, PCA_Dur_x_PCA_Hints, inter_obsessive_correction, Comp_GBA_AoL_Anchored, Mutant_AoL_Resilience, Mutant_Omega_Curiosity",16.8
117,RF_Importance_p80,16,HuberRegressor,1.0278,1.0895,0.8622,0.0279,"{'model__epsilon': 2.0, 'model__alpha': 0.01}","sum_weighted_score, carefulness_index, contemplation_index, time_diff_end_vs_start, time_diff_max_vs_avg, ratio_success_per_duration, PCA_Dur_x_PCA_Hints, Psych_Flow_Stamina, ratio_struggle_time, HighOrd_Star_x_Effort, inter_obsessive_correction, Comp_GBA_AoL_Anchored, Feat_Resilient_Explorer, Feat_Ego_vs_Capacity, Mutant_AoL_Resilience, Mutant_Omega_Curiosity",0.9
118,RFE_Ridge_Top20,20,ElasticNet,1.0166,1.0897,0.8714,0.0274,"{'model__l1_ratio': 0.7, 'model__alpha': 0.01}","sum_weighted_score, struggle_ratio, apathy_speed, hint_reading_duration, impulsive_help_ratio, star_efficiency, exploration_efficiency, ratio_hint_time, ratio_redo_success, PCA_Hints, Psych_Adaptability, Psych_Calculated_Risk_Growth, ratio_struggle_time, inter_ambition_vs_reality, PCA_Performance_Star, inter_exploratory_brilliance, Comp_GBA_DS_Anchored, Feat_Resilient_Explorer, Feat_Strategic_Growth, Mutant_Omega_Curiosity",0.7
119,Pearson_gt0.20,10,HuberRegressor,1.0202,1.09,0.8747,0.0269,"{'model__epsilon': 2.0, 'model__alpha': 0.01}","sum_weighted_score, struggle_ratio, score_velocity, Comp_Joyous_Exploration, Psych_Calculated_Risk, inter_exploratory_brilliance, inter_obsessive_correction, Feat_Resilient_Explorer, Feat_Strategic_Growth, Mutant_Omega_Curiosity",0.5
120,MutualInfo_p70,24,HuberRegressor,1.0313,1.0902,0.8708,0.0265,"{'model__epsilon': 2.0, 'model__alpha': 0.01}","sum_weighted_score, humility_challenging, boldness_score, hard_challenge_efficiency, exploration_efficiency, frustration_breakdown_ratio, stubborn_failure_magnitude, time_diff_max_vs_avg, PCA_Dur_x_PCA_Hints, Comp_Joyous_Exploration, Psych_Calculated_Risk, Psych_Calculated_Risk_Growth, ratio_score_per_hint, inter_exploratory_brilliance, inter_obsessive_correction, HighOrd_Score_x_PCAStar, HighOrd_Score_x_PCADuration, Feat_Resilient_Explorer, Feat_Ego_vs_Capacity, Feat_Cognitive_Waste, Feat_Strategic_Growth, Mutant_AoL_Resilience, Mutant_Omega_Curiosity, Mutant_Ego_Death",2.3
121,Spearman_gt0.20,16,SVR_Linear,1.021,1.0906,0.876,0.0258,"{'model__epsilon': 0.5, 'model__C': 10.0}","sum_weighted_score, struggle_ratio, score_velocity, boldness_score, adaptive_learning_capacity, Comp_Joyous_Exploration, Psych_Calculated_Risk, ratio_score_per_hint, inter_exploratory_brilliance, inter_obsessive_correction, inter_cowardice_penalty, Feat_Resilient_Explorer, Feat_Ego_vs_Capacity, Feat_Strategic_Growth, Mutant_AoL_Resilience, Mutant_Omega_Curiosity",0.8
122,RFE_Ridge_Top30,30,Ridge,1.014,1.091,0.8762,0.0251,{'model__alpha': 100.0},"sum_weighted_score, humility_challenging, struggle_ratio, score_velocity, boldness_score, hard_challenge_efficiency, apathy_speed, hint_reading_duration, engagement_persistence, impulsive_help_ratio, carefulness_index, star_efficiency, exploration_efficiency, time_diff_max_vs_avg, ratio_hint_time, ratio_redo_success, PCA_Hints, Comp_Joyous_Exploration, Psych_Adaptability, Psych_Calculated_Risk_Growth, ratio_struggle_time, inter_ambition_vs_reality, PCA_Performance_Star, inter_exploratory_brilliance, HighOrd_Score_x_PCAStar, HighOrd_Score_x_PCADuration, Comp_GBA_DS_Anchored, Feat_Resilient_Explorer, Feat_Strategic_Growth, Mutant_Omega_Curiosity",0.7
123,MutualInfo_p90,8,KNN_Regressor,1.0435,1.0912,0.8777,0.0247,"{'model__weights': 'uniform', 'model__p': 1, 'model__n_neighbors': 15}","sum_weighted_score, humility_challenging, boldness_score, Psych_Calculated_Risk, Psych_Calculated_Risk_Growth, inter_exploratory_brilliance, inter_obsessive_correction, HighOrd_Score_x_PCADuration",0.5
124,MutualInfo_p70,24,SVR_Linear,1.0333,1.0916,0.8667,0.0241,"{'model__epsilon': 0.5, 'model__C': 1.0}","sum_weighted_score, humility_challenging, boldness_score, hard_challenge_efficiency, exploration_efficiency, frustration_breakdown_ratio, stubborn_failure_magnitude, time_diff_max_vs_avg, PCA_Dur_x_PCA_Hints, Comp_Joyous_Exploration, Psych_Calculated_Risk, Psych_Calculated_Risk_Growth, ratio_score_per_hint, inter_exploratory_brilliance, inter_obsessive_correction, HighOrd_Score_x_PCAStar, HighOrd_Score_x_PCADuration, Feat_Resilient_Explorer, Feat_Ego_vs_Capacity, Feat_Cognitive_Waste, Feat_Strategic_Growth, Mutant_AoL_Resilience, Mutant_Omega_Curiosity, Mutant_Ego_Death",0.9
125,RF_Importance_p80,16,Ridge,1.0191,1.092,0.8683,0.0234,{'model__alpha': 100.0},"sum_weighted_score, carefulness_index, contemplation_index, time_diff_end_vs_start, time_diff_max_vs_avg, ratio_success_per_duration, PCA_Dur_x_PCA_Hints, Psych_Flow_Stamina, ratio_struggle_time, HighOrd_Star_x_Effort, inter_obsessive_correction, Comp_GBA_AoL_Anchored, Feat_Resilient_Explorer, Feat_Ego_vs_Capacity, Mutant_AoL_Resilience, Mutant_Omega_Curiosity",0.5
126,Spearman_gt0.15,25,RandomForest,1.0302,1.0921,0.8759,0.0231,"{'model__n_estimators': 100, 'model__min_samples_split': 2, 'model__max_features': 'log2', 'model__max_depth': 5}","sum_weighted_score, struggle_ratio, grind_capacity, score_velocity, boldness_score, stagnation_ratio, stubbornness_index, hint_reliance_ratio, carefulness_index, hint_dependency_gravity, adaptive_learning_capacity, ratio_redo_success, Comp_Joyous_Exploration, Psych_Calculated_Risk, Psych_Ego_Awareness, Psych_Calculated_Risk_Growth, ratio_score_per_hint, inter_exploratory_brilliance, inter_obsessive_correction, inter_cowardice_penalty, Feat_Resilient_Explorer, Feat_Ego_vs_Capacity, Feat_Strategic_Growth, Mutant_AoL_Resilience, Mutant_Omega_Curiosity",7.2
127,RFE_Ridge_Top30,30,RandomForest,1.0268,1.0924,0.8739,0.0226,"{'model__n_estimators': 200, 'model__min_samples_split': 5, 'model__max_features': 'sqrt', 'model__max_depth': 5}","sum_weighted_score, humility_challenging, struggle_ratio, score_velocity, boldness_score, hard_challenge_efficiency, apathy_speed, hint_reading_duration, engagement_persistence, impulsive_help_ratio, carefulness_index, star_efficiency, exploration_efficiency, time_diff_max_vs_avg, ratio_hint_time, ratio_redo_success, PCA_Hints, Comp_Joyous_Exploration, Psych_Adaptability, Psych_Calculated_Risk_Growth, ratio_struggle_time, inter_ambition_vs_reality, PCA_Performance_Star, inter_exploratory_brilliance, HighOrd_Score_x_PCAStar, HighOrd_Score_x_PCADuration, Comp_GBA_DS_Anchored, Feat_Resilient_Explorer, Feat_Strategic_Growth, Mutant_Omega_Curiosity",7.8
128,Pearson_gt0.30,6,MLP_Regressor,1.019,1.0924,0.8699,0.0226,"{'model__learning_rate': 'adaptive', 'model__hidden_layer_sizes': (128,), 'model__alpha': 0.0001, 'model__activation': 'tanh'}","sum_weighted_score, Psych_Calculated_Risk, inter_exploratory_brilliance, inter_obsessive_correction, Feat_Resilient_Explorer, Mutant_Omega_Curiosity",15.0
129,Pearson_gt0.15,22,RandomForest,1.027,1.0927,0.8791,0.022,"{'model__n_estimators': 200, 'model__min_samples_split': 5, 'model__max_features': 'sqrt', 'model__max_depth': 5}","sum_weighted_score, humility_challenging, struggle_ratio, score_velocity, boldness_score, hint_reliance_ratio, carefulness_index, adaptive_learning_capacity, ratio_redo_success, Comp_Joyous_Exploration, Comp_Awareness_Limit, Psych_Calculated_Risk, ratio_score_per_hint, inter_exploratory_brilliance, inter_obsessive_correction, inter_cowardice_penalty, Comp_GBA_DS_Anchored, Feat_Resilient_Explorer, Feat_Ego_vs_Capacity, Feat_Strategic_Growth, Mutant_AoL_Resilience, Mutant_Omega_Curiosity",6.3
130,Pearson_gt0.30,6,KNN_Regressor,1.0419,1.0928,0.8763,0.0219,"{'model__weights': 'uniform', 'model__p': 1, 'model__n_neighbors': 15}","sum_weighted_score, Psych_Calculated_Risk, inter_exploratory_brilliance, inter_obsessive_correction, Feat_Resilient_Explorer, Mutant_Omega_Curiosity",0.5
131,RF_Importance_med,40,RandomForest,1.025,1.093,0.8709,0.0215,"{'model__n_estimators': 200, 'model__min_samples_split': 2, 'model__max_features': 'log2', 'model__max_depth': 5}","sum_weighted_score, struggle_ratio, score_velocity, hard_challenge_efficiency, hint_reading_duration, engagement_persistence, carefulness_index, contemplation_index, exploration_efficiency, hyper_curiosity_index, adaptive_learning_capacity, time_diff_end_vs_start, time_diff_phase3_vs_phase1, time_diff_max_vs_avg, ratio_hint_time, ratio_success_per_duration, PCA_Duration, PCA_Hints, PCA_Dur_x_PCA_Hints, PCA_Dur_squared, Comp_Awareness_Limit, Psych_Calculated_Risk, Psych_Flow_Stamina, ratio_struggle_time, inter_sweet_victory, HighOrd_Star_x_Effort, ratio_score_per_hint, inter_obsessive_correction, inter_cowardice_penalty, HighOrd_Score_x_PCAStar, HighOrd_Score_x_PCADuration, Comp_GBA_DS_Anchored, Comp_GBA_AoL_Anchored, Feat_Resilient_Explorer, Feat_Ego_vs_Capacity, Feat_Cognitive_Waste, Feat_Strategic_Growth, Mutant_AoL_Resilience, Mutant_Omega_Curiosity, Mutant_Ego_Death",9.7
132,RF_Importance_med,40,PLSRegression,1.0208,1.0938,0.8718,0.0201,{'model__n_components': 2},"sum_weighted_score, struggle_ratio, score_velocity, hard_challenge_efficiency, hint_reading_duration, engagement_persistence, carefulness_index, contemplation_index, exploration_efficiency, hyper_curiosity_index, adaptive_learning_capacity, time_diff_end_vs_start, time_diff_phase3_vs_phase1, time_diff_max_vs_avg, ratio_hint_time, ratio_success_per_duration, PCA_Duration, PCA_Hints, PCA_Dur_x_PCA_Hints, PCA_Dur_squared, Comp_Awareness_Limit, Psych_Calculated_Risk, Psych_Flow_Stamina, ratio_struggle_time, inter_sweet_victory, HighOrd_Star_x_Effort, ratio_score_per_hint, inter_obsessive_correction, inter_cowardice_penalty, HighOrd_Score_x_PCAStar, HighOrd_Score_x_PCADuration, Comp_GBA_DS_Anchored, Comp_GBA_AoL_Anchored, Feat_Resilient_Explorer, Feat_Ego_vs_Capacity, Feat_Cognitive_Waste, Feat_Strategic_Growth, Mutant_AoL_Resilience, Mutant_Omega_Curiosity, Mutant_Ego_Death",0.8
133,MutualInfo_p80,16,RandomForest,1.0331,1.0948,0.8748,0.0183,"{'model__n_estimators': 200, 'model__min_samples_split': 5, 'model__max_features': 'sqrt', 'model__max_depth': 5}","sum_weighted_score, humility_challenging, boldness_score, hard_challenge_efficiency, Comp_Joyous_Exploration, Psych_Calculated_Risk, Psych_Calculated_Risk_Growth, inter_exploratory_brilliance, inter_obsessive_correction, HighOrd_Score_x_PCAStar, HighOrd_Score_x_PCADuration, Feat_Resilient_Explorer, Feat_Ego_vs_Capacity, Mutant_AoL_Resilience, Mutant_Omega_Curiosity, Mutant_Ego_Death",7.8
134,Pearson_gt0.20,10,XGBoost,1.06,1.0953,0.8852,0.0175,"{'model__subsample': 1.0, 'model__max_depth': 3, 'model__learning_rate': 0.05, 'model__colsample_bytree': 0.8}","sum_weighted_score, struggle_ratio, score_velocity, Comp_Joyous_Exploration, Psych_Calculated_Risk, inter_exploratory_brilliance, inter_obsessive_correction, Feat_Resilient_Explorer, Feat_Strategic_Growth, Mutant_Omega_Curiosity",7.2
135,RFE_Ridge_Top20,20,RandomForest,1.0246,1.0969,0.8788,0.0145,"{'model__n_estimators': 200, 'model__min_samples_split': 5, 'model__max_features': 'sqrt', 'model__max_depth': 5}","sum_weighted_score, struggle_ratio, apathy_speed, hint_reading_duration, impulsive_help_ratio, star_efficiency, exploration_efficiency, ratio_hint_time, ratio_redo_success, PCA_Hints, Psych_Adaptability, Psych_Calculated_Risk_Growth, ratio_struggle_time, inter_ambition_vs_reality, PCA_Performance_Star, inter_exploratory_brilliance, Comp_GBA_DS_Anchored, Feat_Resilient_Explorer, Feat_Strategic_Growth, Mutant_Omega_Curiosity",7.7
136,Spearman_gt0.30,6,KNN_Regressor,1.0373,1.0978,0.8708,0.013,"{'model__weights': 'uniform', 'model__p': 2, 'model__n_neighbors': 15}","sum_weighted_score, Psych_Calculated_Risk, inter_obsessive_correction, Feat_Resilient_Explorer, Mutant_AoL_Resilience, Mutant_Omega_Curiosity",0.4
137,RF_Importance_p80,16,SVR_Linear,1.0314,1.0979,0.8726,0.0127,"{'model__epsilon': 0.5, 'model__C': 0.1}","sum_weighted_score, carefulness_index, contemplation_index, time_diff_end_vs_start, time_diff_max_vs_avg, ratio_success_per_duration, PCA_Dur_x_PCA_Hints, Psych_Flow_Stamina, ratio_struggle_time, HighOrd_Star_x_Effort, inter_obsessive_correction, Comp_GBA_AoL_Anchored, Feat_Resilient_Explorer, Feat_Ego_vs_Capacity, Mutant_AoL_Resilience, Mutant_Omega_Curiosity",1.9
138,RF_Importance_med,40,Lasso,1.0207,1.0981,0.88,0.0124,{'model__alpha': 0.01},"sum_weighted_score, struggle_ratio, score_velocity, hard_challenge_efficiency, hint_reading_duration, engagement_persistence, carefulness_index, contemplation_index, exploration_efficiency, hyper_curiosity_index, adaptive_learning_capacity, time_diff_end_vs_start, time_diff_phase3_vs_phase1, time_diff_max_vs_avg, ratio_hint_time, ratio_success_per_duration, PCA_Duration, PCA_Hints, PCA_Dur_x_PCA_Hints, PCA_Dur_squared, Comp_Awareness_Limit, Psych_Calculated_Risk, Psych_Flow_Stamina, ratio_struggle_time, inter_sweet_victory, HighOrd_Star_x_Effort, ratio_score_per_hint, inter_obsessive_correction, inter_cowardice_penalty, HighOrd_Score_x_PCAStar, HighOrd_Score_x_PCADuration, Comp_GBA_DS_Anchored, Comp_GBA_AoL_Anchored, Feat_Resilient_Explorer, Feat_Ego_vs_Capacity, Feat_Cognitive_Waste, Feat_Strategic_Growth, Mutant_AoL_Resilience, Mutant_Omega_Curiosity, Mutant_Ego_Death",0.8
139,MutualInfo_p80,16,KNN_Regressor,1.0513,1.0988,0.883,0.0111,"{'model__weights': 'uniform', 'model__p': 2, 'model__n_neighbors': 15}","sum_weighted_score, humility_challenging, boldness_score, hard_challenge_efficiency, Comp_Joyous_Exploration, Psych_Calculated_Risk, Psych_Calculated_Risk_Growth, inter_exploratory_brilliance, inter_obsessive_correction, HighOrd_Score_x_PCAStar, HighOrd_Score_x_PCADuration, Feat_Resilient_Explorer, Feat_Ego_vs_Capacity, Mutant_AoL_Resilience, Mutant_Omega_Curiosity, Mutant_Ego_Death",1.1
140,RF_Importance_p80,16,PLSRegression,1.019,1.0989,0.874,0.011,{'model__n_components': 2},"sum_weighted_score, carefulness_index, contemplation_index, time_diff_end_vs_start, time_diff_max_vs_avg, ratio_success_per_duration, PCA_Dur_x_PCA_Hints, Psych_Flow_Stamina, ratio_struggle_time, HighOrd_Star_x_Effort, inter_obsessive_correction, Comp_GBA_AoL_Anchored, Feat_Resilient_Explorer, Feat_Ego_vs_Capacity, Mutant_AoL_Resilience, Mutant_Omega_Curiosity",0.3
141,MutualInfo_p70,24,RandomForest,1.0269,1.0991,0.8772,0.0105,"{'model__n_estimators': 200, 'model__min_samples_split': 5, 'model__max_features': 'sqrt', 'model__max_depth': 5}","sum_weighted_score, humility_challenging, boldness_score, hard_challenge_efficiency, exploration_efficiency, frustration_breakdown_ratio, stubborn_failure_magnitude, time_diff_max_vs_avg, PCA_Dur_x_PCA_Hints, Comp_Joyous_Exploration, Psych_Calculated_Risk, Psych_Calculated_Risk_Growth, ratio_score_per_hint, inter_exploratory_brilliance, inter_obsessive_correction, HighOrd_Score_x_PCAStar, HighOrd_Score_x_PCADuration, Feat_Resilient_Explorer, Feat_Ego_vs_Capacity, Feat_Cognitive_Waste, Feat_Strategic_Growth, Mutant_AoL_Resilience, Mutant_Omega_Curiosity, Mutant_Ego_Death",11.2
142,RF_Importance_p90,8,KNN_Regressor,1.0256,1.1003,0.8692,0.0084,"{'model__weights': 'uniform', 'model__p': 1, 'model__n_neighbors': 15}","sum_weighted_score, time_diff_end_vs_start, time_diff_max_vs_avg, PCA_Dur_x_PCA_Hints, inter_obsessive_correction, Comp_GBA_AoL_Anchored, Mutant_AoL_Resilience, Mutant_Omega_Curiosity",0.4
143,RF_Importance_p80,16,RandomForest,1.0286,1.1003,0.8797,0.0084,"{'model__n_estimators': 200, 'model__min_samples_split': 2, 'model__max_features': 'sqrt', 'model__max_depth': 5}","sum_weighted_score, carefulness_index, contemplation_index, time_diff_end_vs_start, time_diff_max_vs_avg, ratio_success_per_duration, PCA_Dur_x_PCA_Hints, Psych_Flow_Stamina, ratio_struggle_time, HighOrd_Star_x_Effort, inter_obsessive_correction, Comp_GBA_AoL_Anchored, Feat_Resilient_Explorer, Feat_Ego_vs_Capacity, Mutant_AoL_Resilience, Mutant_Omega_Curiosity",10.4
144,RFE_Ridge_Top30,30,KNN_Regressor,1.0383,1.1009,0.8816,0.0074,"{'model__weights': 'uniform', 'model__p': 1, 'model__n_neighbors': 15}","sum_weighted_score, humility_challenging, struggle_ratio, score_velocity, boldness_score, hard_challenge_efficiency, apathy_speed, hint_reading_duration, engagement_persistence, impulsive_help_ratio, carefulness_index, star_efficiency, exploration_efficiency, time_diff_max_vs_avg, ratio_hint_time, ratio_redo_success, PCA_Hints, Comp_Joyous_Exploration, Psych_Adaptability, Psych_Calculated_Risk_Growth, ratio_struggle_time, inter_ambition_vs_reality, PCA_Performance_Star, inter_exploratory_brilliance, HighOrd_Score_x_PCAStar, HighOrd_Score_x_PCADuration, Comp_GBA_DS_Anchored, Feat_Resilient_Explorer, Feat_Strategic_Growth, Mutant_Omega_Curiosity",0.8
145,RFE_Ridge_Top20,20,SVR_Linear,1.0215,1.1009,0.8752,0.0074,"{'model__epsilon': 0.5, 'model__C': 1.0}","sum_weighted_score, struggle_ratio, apathy_speed, hint_reading_duration, impulsive_help_ratio, star_efficiency, exploration_efficiency, ratio_hint_time, ratio_redo_success, PCA_Hints, Psych_Adaptability, Psych_Calculated_Risk_Growth, ratio_struggle_time, inter_ambition_vs_reality, PCA_Performance_Star, inter_exploratory_brilliance, Comp_GBA_DS_Anchored, Feat_Resilient_Explorer, Feat_Strategic_Growth, Mutant_Omega_Curiosity",1.2
146,RFE_Ridge_Top30,30,Lasso,1.0161,1.1012,0.8867,0.0068,{'model__alpha': 0.01},"sum_weighted_score, humility_challenging, struggle_ratio, score_velocity, boldness_score, hard_challenge_efficiency, apathy_speed, hint_reading_duration, engagement_persistence, impulsive_help_ratio, carefulness_index, star_efficiency, exploration_efficiency, time_diff_max_vs_avg, ratio_hint_time, ratio_redo_success, PCA_Hints, Comp_Joyous_Exploration, Psych_Adaptability, Psych_Calculated_Risk_Growth, ratio_struggle_time, inter_ambition_vs_reality, PCA_Performance_Star, inter_exploratory_brilliance, HighOrd_Score_x_PCAStar, HighOrd_Score_x_PCADuration, Comp_GBA_DS_Anchored, Feat_Resilient_Explorer, Feat_Strategic_Growth, Mutant_Omega_Curiosity",0.8
147,Kendall_gt0.20,7,KNN_Regressor,1.036,1.1029,0.8804,0.0037,"{'model__weights': 'uniform', 'model__p': 2, 'model__n_neighbors': 15}","sum_weighted_score, Psych_Calculated_Risk, inter_exploratory_brilliance, inter_obsessive_correction, Feat_Resilient_Explorer, Mutant_AoL_Resilience, Mutant_Omega_Curiosity",0.4
148,RF_Importance_p80,16,SVR_RBF,1.0263,1.1033,0.8768,0.003,"{'model__gamma': 0.01, 'model__epsilon': 0.1, 'model__C': 1.0}","sum_weighted_score, carefulness_index, contemplation_index, time_diff_end_vs_start, time_diff_max_vs_avg, ratio_success_per_duration, PCA_Dur_x_PCA_Hints, Psych_Flow_Stamina, ratio_struggle_time, HighOrd_Star_x_Effort, inter_obsessive_correction, Comp_GBA_AoL_Anchored, Feat_Resilient_Explorer, Feat_Ego_vs_Capacity, Mutant_AoL_Resilience, Mutant_Omega_Curiosity",2.5
149,Lasso_NonZero,36,CatBoost,1.0236,1.1036,0.8845,0.0026,"{'model__learning_rate': 0.05, 'model__l2_leaf_reg': 3, 'model__iterations': 100, 'model__depth': 4}","struggle_ratio, grind_capacity, hint_reading_duration, engagement_persistence, impulsive_help_ratio, hint_reliance_ratio, carefulness_index, keypad_dominance, hesitation_penalty, exploration_efficiency, hint_dependency_gravity, calculated_risk_taking, stubborn_failure_magnitude, time_diff_end_vs_start, time_diff_max_vs_avg, ratio_success_per_duration, inter_hint_x_skip, PCA_Dur_x_PCA_Hints, PCA_Dur_squared, Psych_Flow_Stamina, Psych_Ego_Awareness, Psych_Impulsive_Quit, Psych_Independent_Efficiency, Psych_Calculated_Risk_Growth, ratio_struggle_time, inter_ambition_vs_reality, HighOrd_Star_x_Effort, inter_obsessive_correction, inter_cowardice_penalty, HighOrd_Score_x_PCAStar, Comp_GBA_AoL_Anchored, Feat_Ego_vs_Capacity, Feat_Strategic_Growth, Mutant_AoL_Resilience, Mutant_Omega_Curiosity, Mutant_Ego_Death",13.8
150,Lasso_NonZero,36,RandomForest,1.0205,1.1036,0.8815,0.0025,"{'model__n_estimators': 200, 'model__min_samples_split': 2, 'model__max_features': 'log2', 'model__max_depth': 5}","struggle_ratio, grind_capacity, hint_reading_duration, engagement_persistence, impulsive_help_ratio, hint_reliance_ratio, carefulness_index, keypad_dominance, hesitation_penalty, exploration_efficiency, hint_dependency_gravity, calculated_risk_taking, stubborn_failure_magnitude, time_diff_end_vs_start, time_diff_max_vs_avg, ratio_success_per_duration, inter_hint_x_skip, PCA_Dur_x_PCA_Hints, PCA_Dur_squared, Psych_Flow_Stamina, Psych_Ego_Awareness, Psych_Impulsive_Quit, Psych_Independent_Efficiency, Psych_Calculated_Risk_Growth, ratio_struggle_time, inter_ambition_vs_reality, HighOrd_Star_x_Effort, inter_obsessive_correction, inter_cowardice_penalty, HighOrd_Score_x_PCAStar, Comp_GBA_AoL_Anchored, Feat_Ego_vs_Capacity, Feat_Strategic_Growth, Mutant_AoL_Resilience, Mutant_Omega_Curiosity, Mutant_Ego_Death",10.2
151,Kendall_gt0.15,16,XGBoost,1.0613,1.1039,0.8856,0.0019,"{'model__subsample': 1.0, 'model__max_depth': 3, 'model__learning_rate': 0.05, 'model__colsample_bytree': 0.8}","sum_weighted_score, struggle_ratio, score_velocity, stubbornness_index, adaptive_learning_capacity, Comp_Joyous_Exploration, Psych_Calculated_Risk, ratio_score_per_hint, inter_exploratory_brilliance, inter_obsessive_correction, inter_cowardice_penalty, Feat_Resilient_Explorer, Feat_Ego_vs_Capacity, Feat_Strategic_Growth, Mutant_AoL_Resilience, Mutant_Omega_Curiosity",9.2
152,Kendall_gt0.10,31,PLSRegression,1.0286,1.105,0.8742,-0.0,{'model__n_components': 2},"sum_weighted_score, humility_challenging, struggle_ratio, grind_capacity, score_velocity, boldness_score, stagnation_ratio, stubbornness_index, delayed_gratification_hint, hint_reliance_ratio, carefulness_index, hint_dependency_gravity, calculated_risk_taking, adaptive_learning_capacity, stubborn_failure_magnitude, ratio_redo_success, Comp_Joyous_Exploration, Psych_Calculated_Risk, Psych_Ego_Awareness, Psych_Calculated_Risk_Growth, inter_ambition_vs_reality, ratio_score_per_hint, inter_exploratory_brilliance, inter_obsessive_correction, inter_cowardice_penalty, Comp_GBA_AoL_Anchored, Feat_Resilient_Explorer, Feat_Ego_vs_Capacity, Feat_Strategic_Growth, Mutant_AoL_Resilience, Mutant_Omega_Curiosity",0.7
153,RFE_Ridge_Top30,30,ElasticNet,1.0175,1.1065,0.8899,-0.0027,"{'model__l1_ratio': 0.7, 'model__alpha': 0.01}","sum_weighted_score, humility_challenging, struggle_ratio, score_velocity, boldness_score, hard_challenge_efficiency, apathy_speed, hint_reading_duration, engagement_persistence, impulsive_help_ratio, carefulness_index, star_efficiency, exploration_efficiency, time_diff_max_vs_avg, ratio_hint_time, ratio_redo_success, PCA_Hints, Comp_Joyous_Exploration, Psych_Adaptability, Psych_Calculated_Risk_Growth, ratio_struggle_time, inter_ambition_vs_reality, PCA_Performance_Star, inter_exploratory_brilliance, HighOrd_Score_x_PCAStar, HighOrd_Score_x_PCADuration, Comp_GBA_DS_Anchored, Feat_Resilient_Explorer, Feat_Strategic_Growth, Mutant_Omega_Curiosity",1.1
154,Spearman_gt0.15,25,SVR_RBF,1.0461,1.1065,0.8886,-0.0027,"{'model__gamma': 'scale', 'model__epsilon': 0.1, 'model__C': 100.0}","sum_weighted_score, struggle_ratio, grind_capacity, score_velocity, boldness_score, stagnation_ratio, stubbornness_index, hint_reliance_ratio, carefulness_index, hint_dependency_gravity, adaptive_learning_capacity, ratio_redo_success, Comp_Joyous_Exploration, Psych_Calculated_Risk, Psych_Ego_Awareness, Psych_Calculated_Risk_Growth, ratio_score_per_hint, inter_exploratory_brilliance, inter_obsessive_correction, inter_cowardice_penalty, Feat_Resilient_Explorer, Feat_Ego_vs_Capacity, Feat_Strategic_Growth, Mutant_AoL_Resilience, Mutant_Omega_Curiosity",2.9
155,RFE_Ridge_Top20,20,KNN_Regressor,1.0431,1.1066,0.8855,-0.0029,"{'model__weights': 'uniform', 'model__p': 1, 'model__n_neighbors': 15}","sum_weighted_score, struggle_ratio, apathy_speed, hint_reading_duration, impulsive_help_ratio, star_efficiency, exploration_efficiency, ratio_hint_time, ratio_redo_success, PCA_Hints, Psych_Adaptability, Psych_Calculated_Risk_Growth, ratio_struggle_time, inter_ambition_vs_reality, PCA_Performance_Star, inter_exploratory_brilliance, Comp_GBA_DS_Anchored, Feat_Resilient_Explorer, Feat_Strategic_Growth, Mutant_Omega_Curiosity",1.1
156,MutualInfo_p90,8,MLP_Regressor,1.0236,1.1067,0.8777,-0.0031,"{'model__learning_rate': 'constant', 'model__hidden_layer_sizes': (128,), 'model__alpha': 0.001, 'model__activation': 'tanh'}","sum_weighted_score, humility_challenging, boldness_score, Psych_Calculated_Risk, Psych_Calculated_Risk_Growth, inter_exploratory_brilliance, inter_obsessive_correction, HighOrd_Score_x_PCADuration",20.0
157,Spearman_gt0.15,25,PLSRegression,1.0297,1.1068,0.8813,-0.0033,{'model__n_components': 2},"sum_weighted_score, struggle_ratio, grind_capacity, score_velocity, boldness_score, stagnation_ratio, stubbornness_index, hint_reliance_ratio, carefulness_index, hint_dependency_gravity, adaptive_learning_capacity, ratio_redo_success, Comp_Joyous_Exploration, Psych_Calculated_Risk, Psych_Ego_Awareness, Psych_Calculated_Risk_Growth, ratio_score_per_hint, inter_exploratory_brilliance, inter_obsessive_correction, inter_cowardice_penalty, Feat_Resilient_Explorer, Feat_Ego_vs_Capacity, Feat_Strategic_Growth, Mutant_AoL_Resilience, Mutant_Omega_Curiosity",0.5
158,Pearson_gt0.20,10,KNN_Regressor,1.0314,1.107,0.8734,-0.0036,"{'model__weights': 'uniform', 'model__p': 2, 'model__n_neighbors': 15}","sum_weighted_score, struggle_ratio, score_velocity, Comp_Joyous_Exploration, Psych_Calculated_Risk, inter_exploratory_brilliance, inter_obsessive_correction, Feat_Resilient_Explorer, Feat_Strategic_Growth, Mutant_Omega_Curiosity",0.5
159,Spearman_gt0.20,16,XGBoost,1.0626,1.1075,0.8903,-0.0046,"{'model__subsample': 1.0, 'model__max_depth': 3, 'model__learning_rate': 0.05, 'model__colsample_bytree': 0.8}","sum_weighted_score, struggle_ratio, score_velocity, boldness_score, adaptive_learning_capacity, Comp_Joyous_Exploration, Psych_Calculated_Risk, ratio_score_per_hint, inter_exploratory_brilliance, inter_obsessive_correction, inter_cowardice_penalty, Feat_Resilient_Explorer, Feat_Ego_vs_Capacity, Feat_Strategic_Growth, Mutant_AoL_Resilience, Mutant_Omega_Curiosity",11.2
160,MutualInfo_p70,24,SVR_RBF,1.0252,1.1077,0.8836,-0.0049,"{'model__gamma': 0.01, 'model__epsilon': 0.1, 'model__C': 1.0}","sum_weighted_score, humility_challenging, boldness_score, hard_challenge_efficiency, exploration_efficiency, frustration_breakdown_ratio, stubborn_failure_magnitude, time_diff_max_vs_avg, PCA_Dur_x_PCA_Hints, Comp_Joyous_Exploration, Psych_Calculated_Risk, Psych_Calculated_Risk_Growth, ratio_score_per_hint, inter_exploratory_brilliance, inter_obsessive_correction, HighOrd_Score_x_PCAStar, HighOrd_Score_x_PCADuration, Feat_Resilient_Explorer, Feat_Ego_vs_Capacity, Feat_Cognitive_Waste, Feat_Strategic_Growth, Mutant_AoL_Resilience, Mutant_Omega_Curiosity, Mutant_Ego_Death",3.6
161,RFE_Ridge_Top20,20,HuberRegressor,1.0233,1.1093,0.8784,-0.0079,"{'model__epsilon': 2.0, 'model__alpha': 0.01}","sum_weighted_score, struggle_ratio, apathy_speed, hint_reading_duration, impulsive_help_ratio, star_efficiency, exploration_efficiency, ratio_hint_time, ratio_redo_success, PCA_Hints, Psych_Adaptability, Psych_Calculated_Risk_Growth, ratio_struggle_time, inter_ambition_vs_reality, PCA_Performance_Star, inter_exploratory_brilliance, Comp_GBA_DS_Anchored, Feat_Resilient_Explorer, Feat_Strategic_Growth, Mutant_Omega_Curiosity",1.1
162,MutualInfo_p70,24,KNN_Regressor,1.0386,1.1099,0.8984,-0.009,"{'model__weights': 'uniform', 'model__p': 2, 'model__n_neighbors': 15}","sum_weighted_score, humility_challenging, boldness_score, hard_challenge_efficiency, exploration_efficiency, frustration_breakdown_ratio, stubborn_failure_magnitude, time_diff_max_vs_avg, PCA_Dur_x_PCA_Hints, Comp_Joyous_Exploration, Psych_Calculated_Risk, Psych_Calculated_Risk_Growth, ratio_score_per_hint, inter_exploratory_brilliance, inter_obsessive_correction, HighOrd_Score_x_PCAStar, HighOrd_Score_x_PCADuration, Feat_Resilient_Explorer, Feat_Ego_vs_Capacity, Feat_Cognitive_Waste, Feat_Strategic_Growth, Mutant_AoL_Resilience, Mutant_Omega_Curiosity, Mutant_Ego_Death",0.9
163,Pearson_gt0.15,22,PLSRegression,1.0219,1.1108,0.8856,-0.0107,{'model__n_components': 2},"sum_weighted_score, humility_challenging, struggle_ratio, score_velocity, boldness_score, hint_reliance_ratio, carefulness_index, adaptive_learning_capacity, ratio_redo_success, Comp_Joyous_Exploration, Comp_Awareness_Limit, Psych_Calculated_Risk, ratio_score_per_hint, inter_exploratory_brilliance, inter_obsessive_correction, inter_cowardice_penalty, Comp_GBA_DS_Anchored, Feat_Resilient_Explorer, Feat_Ego_vs_Capacity, Feat_Strategic_Growth, Mutant_AoL_Resilience, Mutant_Omega_Curiosity",0.5
164,RF_Importance_p90,8,XGBoost,1.0479,1.1131,0.8899,-0.0149,"{'model__subsample': 0.8, 'model__max_depth': 3, 'model__learning_rate': 0.05, 'model__colsample_bytree': 0.8}","sum_weighted_score, time_diff_end_vs_start, time_diff_max_vs_avg, PCA_Dur_x_PCA_Hints, inter_obsessive_correction, Comp_GBA_AoL_Anchored, Mutant_AoL_Resilience, Mutant_Omega_Curiosity",8.6
165,RF_Importance_p80,16,KNN_Regressor,1.0438,1.1144,0.8895,-0.0171,"{'model__weights': 'uniform', 'model__p': 2, 'model__n_neighbors': 15}","sum_weighted_score, carefulness_index, contemplation_index, time_diff_end_vs_start, time_diff_max_vs_avg, ratio_success_per_duration, PCA_Dur_x_PCA_Hints, Psych_Flow_Stamina, ratio_struggle_time, HighOrd_Star_x_Effort, inter_obsessive_correction, Comp_GBA_AoL_Anchored, Feat_Resilient_Explorer, Feat_Ego_vs_Capacity, Mutant_AoL_Resilience, Mutant_Omega_Curiosity",0.7
166,MutualInfo_p90,8,XGBoost,1.0606,1.1151,0.8959,-0.0184,"{'model__subsample': 1.0, 'model__max_depth': 3, 'model__learning_rate': 0.05, 'model__colsample_bytree': 0.8}","sum_weighted_score, humility_challenging, boldness_score, Psych_Calculated_Risk, Psych_Calculated_Risk_Growth, inter_exploratory_brilliance, inter_obsessive_correction, HighOrd_Score_x_PCADuration",6.5
167,RFE_Ridge_Top20,20,XGBoost,1.0594,1.1153,0.9,-0.0189,"{'model__subsample': 1.0, 'model__max_depth': 3, 'model__learning_rate': 0.05, 'model__colsample_bytree': 0.8}","sum_weighted_score, struggle_ratio, apathy_speed, hint_reading_duration, impulsive_help_ratio, star_efficiency, exploration_efficiency, ratio_hint_time, ratio_redo_success, PCA_Hints, Psych_Adaptability, Psych_Calculated_Risk_Growth, ratio_struggle_time, inter_ambition_vs_reality, PCA_Performance_Star, inter_exploratory_brilliance, Comp_GBA_DS_Anchored, Feat_Resilient_Explorer, Feat_Strategic_Growth, Mutant_Omega_Curiosity",12.3
168,RF_Importance_p80,16,XGBoost,1.0635,1.1159,0.8969,-0.0199,"{'model__subsample': 0.8, 'model__max_depth': 3, 'model__learning_rate': 0.05, 'model__colsample_bytree': 0.8}","sum_weighted_score, carefulness_index, contemplation_index, time_diff_end_vs_start, time_diff_max_vs_avg, ratio_success_per_duration, PCA_Dur_x_PCA_Hints, Psych_Flow_Stamina, ratio_struggle_time, HighOrd_Star_x_Effort, inter_obsessive_correction, Comp_GBA_AoL_Anchored, Feat_Resilient_Explorer, Feat_Ego_vs_Capacity, Mutant_AoL_Resilience, Mutant_Omega_Curiosity",14.4
169,Spearman_gt0.20,16,MLP_Regressor,1.0237,1.116,0.8814,-0.02,"{'model__learning_rate': 'constant', 'model__hidden_layer_sizes': (64,), 'model__alpha': 0.01, 'model__activation': 'tanh'}","sum_weighted_score, struggle_ratio, score_velocity, boldness_score, adaptive_learning_capacity, Comp_Joyous_Exploration, Psych_Calculated_Risk, ratio_score_per_hint, inter_exploratory_brilliance, inter_obsessive_correction, inter_cowardice_penalty, Feat_Resilient_Explorer, Feat_Ego_vs_Capacity, Feat_Strategic_Growth, Mutant_AoL_Resilience, Mutant_Omega_Curiosity",21.3
170,RF_Importance_med,40,XGBoost,1.0624,1.1172,0.8834,-0.0223,"{'model__subsample': 0.8, 'model__max_depth': 3, 'model__learning_rate': 0.05, 'model__colsample_bytree': 0.8}","sum_weighted_score, struggle_ratio, score_velocity, hard_challenge_efficiency, hint_reading_duration, engagement_persistence, carefulness_index, contemplation_index, exploration_efficiency, hyper_curiosity_index, adaptive_learning_capacity, time_diff_end_vs_start, time_diff_phase3_vs_phase1, time_diff_max_vs_avg, ratio_hint_time, ratio_success_per_duration, PCA_Duration, PCA_Hints, PCA_Dur_x_PCA_Hints, PCA_Dur_squared, Comp_Awareness_Limit, Psych_Calculated_Risk, Psych_Flow_Stamina, ratio_struggle_time, inter_sweet_victory, HighOrd_Star_x_Effort, ratio_score_per_hint, inter_obsessive_correction, inter_cowardice_penalty, HighOrd_Score_x_PCAStar, HighOrd_Score_x_PCADuration, Comp_GBA_DS_Anchored, Comp_GBA_AoL_Anchored, Feat_Resilient_Explorer, Feat_Ego_vs_Capacity, Feat_Cognitive_Waste, Feat_Strategic_Growth, Mutant_AoL_Resilience, Mutant_Omega_Curiosity, Mutant_Ego_Death",37.0
171,Spearman_gt0.15,25,XGBoost,1.0592,1.1187,0.8997,-0.0249,"{'model__subsample': 0.8, 'model__max_depth': 3, 'model__learning_rate': 0.05, 'model__colsample_bytree': 0.8}","sum_weighted_score, struggle_ratio, grind_capacity, score_velocity, boldness_score, stagnation_ratio, stubbornness_index, hint_reliance_ratio, carefulness_index, hint_dependency_gravity, adaptive_learning_capacity, ratio_redo_success, Comp_Joyous_Exploration, Psych_Calculated_Risk, Psych_Ego_Awareness, Psych_Calculated_Risk_Growth, ratio_score_per_hint, inter_exploratory_brilliance, inter_obsessive_correction, inter_cowardice_penalty, Feat_Resilient_Explorer, Feat_Ego_vs_Capacity, Feat_Strategic_Growth, Mutant_AoL_Resilience, Mutant_Omega_Curiosity",14.2
172,MutualInfo_p80,16,MLP_Regressor,1.0352,1.1193,0.8918,-0.0262,"{'model__learning_rate': 'constant', 'model__hidden_layer_sizes': (128,), 'model__alpha': 0.001, 'model__activation': 'tanh'}","sum_weighted_score, humility_challenging, boldness_score, hard_challenge_efficiency, Comp_Joyous_Exploration, Psych_Calculated_Risk, Psych_Calculated_Risk_Growth, inter_exploratory_brilliance, inter_obsessive_correction, HighOrd_Score_x_PCAStar, HighOrd_Score_x_PCADuration, Feat_Resilient_Explorer, Feat_Ego_vs_Capacity, Mutant_AoL_Resilience, Mutant_Omega_Curiosity, Mutant_Ego_Death",19.9
173,Lasso_NonZero,36,KNN_Regressor,1.0382,1.1208,0.9143,-0.0289,"{'model__weights': 'uniform', 'model__p': 2, 'model__n_neighbors': 15}","struggle_ratio, grind_capacity, hint_reading_duration, engagement_persistence, impulsive_help_ratio, hint_reliance_ratio, carefulness_index, keypad_dominance, hesitation_penalty, exploration_efficiency, hint_dependency_gravity, calculated_risk_taking, stubborn_failure_magnitude, time_diff_end_vs_start, time_diff_max_vs_avg, ratio_success_per_duration, inter_hint_x_skip, PCA_Dur_x_PCA_Hints, PCA_Dur_squared, Psych_Flow_Stamina, Psych_Ego_Awareness, Psych_Impulsive_Quit, Psych_Independent_Efficiency, Psych_Calculated_Risk_Growth, ratio_struggle_time, inter_ambition_vs_reality, HighOrd_Star_x_Effort, inter_obsessive_correction, inter_cowardice_penalty, HighOrd_Score_x_PCAStar, Comp_GBA_AoL_Anchored, Feat_Ego_vs_Capacity, Feat_Strategic_Growth, Mutant_AoL_Resilience, Mutant_Omega_Curiosity, Mutant_Ego_Death",1.4
174,MutualInfo_p80,16,XGBoost,1.0708,1.1222,0.8937,-0.0314,"{'model__subsample': 1.0, 'model__max_depth': 3, 'model__learning_rate': 0.05, 'model__colsample_bytree': 0.8}","sum_weighted_score, humility_challenging, boldness_score, hard_challenge_efficiency, Comp_Joyous_Exploration, Psych_Calculated_Risk, Psych_Calculated_Risk_Growth, inter_exploratory_brilliance, inter_obsessive_correction, HighOrd_Score_x_PCAStar, HighOrd_Score_x_PCADuration, Feat_Resilient_Explorer, Feat_Ego_vs_Capacity, Mutant_AoL_Resilience, Mutant_Omega_Curiosity, Mutant_Ego_Death",12.3
175,RFE_Ridge_Top30,30,SVR_Linear,1.0318,1.1227,0.894,-0.0324,"{'model__epsilon': 0.5, 'model__C': 1.0}","sum_weighted_score, humility_challenging, struggle_ratio, score_velocity, boldness_score, hard_challenge_efficiency, apathy_speed, hint_reading_duration, engagement_persistence, impulsive_help_ratio, carefulness_index, star_efficiency, exploration_efficiency, time_diff_max_vs_avg, ratio_hint_time, ratio_redo_success, PCA_Hints, Comp_Joyous_Exploration, Psych_Adaptability, Psych_Calculated_Risk_Growth, ratio_struggle_time, inter_ambition_vs_reality, PCA_Performance_Star, inter_exploratory_brilliance, HighOrd_Score_x_PCAStar, HighOrd_Score_x_PCADuration, Comp_GBA_DS_Anchored, Feat_Resilient_Explorer, Feat_Strategic_Growth, Mutant_Omega_Curiosity",1.6
176,Pearson_gt0.15,22,XGBoost,1.0517,1.1263,0.901,-0.039,"{'model__subsample': 1.0, 'model__max_depth': 3, 'model__learning_rate': 0.05, 'model__colsample_bytree': 0.8}","sum_weighted_score, humility_challenging, struggle_ratio, score_velocity, boldness_score, hint_reliance_ratio, carefulness_index, adaptive_learning_capacity, ratio_redo_success, Comp_Joyous_Exploration, Comp_Awareness_Limit, Psych_Calculated_Risk, ratio_score_per_hint, inter_exploratory_brilliance, inter_obsessive_correction, inter_cowardice_penalty, Comp_GBA_DS_Anchored, Feat_Resilient_Explorer, Feat_Ego_vs_Capacity, Feat_Strategic_Growth, Mutant_AoL_Resilience, Mutant_Omega_Curiosity",12.4
177,Kendall_gt0.15,16,MLP_Regressor,1.0283,1.1274,0.883,-0.0409,"{'model__learning_rate': 'constant', 'model__hidden_layer_sizes': (128,), 'model__alpha': 0.001, 'model__activation': 'tanh'}","sum_weighted_score, struggle_ratio, score_velocity, stubbornness_index, adaptive_learning_capacity, Comp_Joyous_Exploration, Psych_Calculated_Risk, ratio_score_per_hint, inter_exploratory_brilliance, inter_obsessive_correction, inter_cowardice_penalty, Feat_Resilient_Explorer, Feat_Ego_vs_Capacity, Feat_Strategic_Growth, Mutant_AoL_Resilience, Mutant_Omega_Curiosity",17.6
178,Pearson_gt0.15,22,MLP_Regressor,1.0393,1.13,0.8876,-0.0458,"{'model__learning_rate': 'constant', 'model__hidden_layer_sizes': (64,), 'model__alpha': 0.01, 'model__activation': 'tanh'}","sum_weighted_score, humility_challenging, struggle_ratio, score_velocity, boldness_score, hint_reliance_ratio, carefulness_index, adaptive_learning_capacity, ratio_redo_success, Comp_Joyous_Exploration, Comp_Awareness_Limit, Psych_Calculated_Risk, ratio_score_per_hint, inter_exploratory_brilliance, inter_obsessive_correction, inter_cowardice_penalty, Comp_GBA_DS_Anchored, Feat_Resilient_Explorer, Feat_Ego_vs_Capacity, Feat_Strategic_Growth, Mutant_AoL_Resilience, Mutant_Omega_Curiosity",16.2
179,Lasso_NonZero,36,XGBoost,1.0589,1.1302,0.8958,-0.0462,"{'model__subsample': 1.0, 'model__max_depth': 3, 'model__learning_rate': 0.05, 'model__colsample_bytree': 0.8}","struggle_ratio, grind_capacity, hint_reading_duration, engagement_persistence, impulsive_help_ratio, hint_reliance_ratio, carefulness_index, keypad_dominance, hesitation_penalty, exploration_efficiency, hint_dependency_gravity, calculated_risk_taking, stubborn_failure_magnitude, time_diff_end_vs_start, time_diff_max_vs_avg, ratio_success_per_duration, inter_hint_x_skip, PCA_Dur_x_PCA_Hints, PCA_Dur_squared, Psych_Flow_Stamina, Psych_Ego_Awareness, Psych_Impulsive_Quit, Psych_Independent_Efficiency, Psych_Calculated_Risk_Growth, ratio_struggle_time, inter_ambition_vs_reality, HighOrd_Star_x_Effort, inter_obsessive_correction, inter_cowardice_penalty, HighOrd_Score_x_PCAStar, Comp_GBA_AoL_Anchored, Feat_Ego_vs_Capacity, Feat_Strategic_Growth, Mutant_AoL_Resilience, Mutant_Omega_Curiosity, Mutant_Ego_Death",22.0
180,RF_Importance_med,40,SVR_Linear,1.0389,1.1305,0.906,-0.0467,"{'model__epsilon': 0.5, 'model__C': 1.0}","sum_weighted_score, struggle_ratio, score_velocity, hard_challenge_efficiency, hint_reading_duration, engagement_persistence, carefulness_index, contemplation_index, exploration_efficiency, hyper_curiosity_index, adaptive_learning_capacity, time_diff_end_vs_start, time_diff_phase3_vs_phase1, time_diff_max_vs_avg, ratio_hint_time, ratio_success_per_duration, PCA_Duration, PCA_Hints, PCA_Dur_x_PCA_Hints, PCA_Dur_squared, Comp_Awareness_Limit, Psych_Calculated_Risk, Psych_Flow_Stamina, ratio_struggle_time, inter_sweet_victory, HighOrd_Star_x_Effort, ratio_score_per_hint, inter_obsessive_correction, inter_cowardice_penalty, HighOrd_Score_x_PCAStar, HighOrd_Score_x_PCADuration, Comp_GBA_DS_Anchored, Comp_GBA_AoL_Anchored, Feat_Resilient_Explorer, Feat_Ego_vs_Capacity, Feat_Cognitive_Waste, Feat_Strategic_Growth, Mutant_AoL_Resilience, Mutant_Omega_Curiosity, Mutant_Ego_Death",2.5
181,Kendall_gt0.10,31,XGBoost,1.0618,1.1317,0.9029,-0.049,"{'model__subsample': 0.8, 'model__max_depth': 3, 'model__learning_rate': 0.05, 'model__colsample_bytree': 0.8}","sum_weighted_score, humility_challenging, struggle_ratio, grind_capacity, score_velocity, boldness_score, stagnation_ratio, stubbornness_index, delayed_gratification_hint, hint_reliance_ratio, carefulness_index, hint_dependency_gravity, calculated_risk_taking, adaptive_learning_capacity, stubborn_failure_magnitude, ratio_redo_success, Comp_Joyous_Exploration, Psych_Calculated_Risk, Psych_Ego_Awareness, Psych_Calculated_Risk_Growth, inter_ambition_vs_reality, ratio_score_per_hint, inter_exploratory_brilliance, inter_obsessive_correction, inter_cowardice_penalty, Comp_GBA_AoL_Anchored, Feat_Resilient_Explorer, Feat_Ego_vs_Capacity, Feat_Strategic_Growth, Mutant_AoL_Resilience, Mutant_Omega_Curiosity",16.7
182,MutualInfo_p70,24,XGBoost,1.0609,1.1341,0.8998,-0.0535,"{'model__subsample': 1.0, 'model__max_depth': 3, 'model__learning_rate': 0.05, 'model__colsample_bytree': 0.8}","sum_weighted_score, humility_challenging, boldness_score, hard_challenge_efficiency, exploration_efficiency, frustration_breakdown_ratio, stubborn_failure_magnitude, time_diff_max_vs_avg, PCA_Dur_x_PCA_Hints, Comp_Joyous_Exploration, Psych_Calculated_Risk, Psych_Calculated_Risk_Growth, ratio_score_per_hint, inter_exploratory_brilliance, inter_obsessive_correction, HighOrd_Score_x_PCAStar, HighOrd_Score_x_PCADuration, Feat_Resilient_Explorer, Feat_Ego_vs_Capacity, Feat_Cognitive_Waste, Feat_Strategic_Growth, Mutant_AoL_Resilience, Mutant_Omega_Curiosity, Mutant_Ego_Death",19.7
183,Spearman_gt0.15,25,ElasticNet,1.0257,1.1383,0.8849,-0.0613,"{'model__l1_ratio': 0.3, 'model__alpha': 0.1}","sum_weighted_score, struggle_ratio, grind_capacity, score_velocity, boldness_score, stagnation_ratio, stubbornness_index, hint_reliance_ratio, carefulness_index, hint_dependency_gravity, adaptive_learning_capacity, ratio_redo_success, Comp_Joyous_Exploration, Psych_Calculated_Risk, Psych_Ego_Awareness, Psych_Calculated_Risk_Growth, ratio_score_per_hint, inter_exploratory_brilliance, inter_obsessive_correction, inter_cowardice_penalty, Feat_Resilient_Explorer, Feat_Ego_vs_Capacity, Feat_Strategic_Growth, Mutant_AoL_Resilience, Mutant_Omega_Curiosity",0.8
184,RF_Importance_p80,16,MLP_Regressor,1.0373,1.1406,0.9035,-0.0656,"{'model__learning_rate': 'constant', 'model__hidden_layer_sizes': (128,), 'model__alpha': 0.001, 'model__activation': 'tanh'}","sum_weighted_score, carefulness_index, contemplation_index, time_diff_end_vs_start, time_diff_max_vs_avg, ratio_success_per_duration, PCA_Dur_x_PCA_Hints, Psych_Flow_Stamina, ratio_struggle_time, HighOrd_Star_x_Effort, inter_obsessive_correction, Comp_GBA_AoL_Anchored, Feat_Resilient_Explorer, Feat_Ego_vs_Capacity, Mutant_AoL_Resilience, Mutant_Omega_Curiosity",21.4
185,RFE_Ridge_Top30,30,HuberRegressor,1.0278,1.1414,0.911,-0.067,"{'model__epsilon': 2.0, 'model__alpha': 0.01}","sum_weighted_score, humility_challenging, struggle_ratio, score_velocity, boldness_score, hard_challenge_efficiency, apathy_speed, hint_reading_duration, engagement_persistence, impulsive_help_ratio, carefulness_index, star_efficiency, exploration_efficiency, time_diff_max_vs_avg, ratio_hint_time, ratio_redo_success, PCA_Hints, Comp_Joyous_Exploration, Psych_Adaptability, Psych_Calculated_Risk_Growth, ratio_struggle_time, inter_ambition_vs_reality, PCA_Performance_Star, inter_exploratory_brilliance, HighOrd_Score_x_PCAStar, HighOrd_Score_x_PCADuration, Comp_GBA_DS_Anchored, Feat_Resilient_Explorer, Feat_Strategic_Growth, Mutant_Omega_Curiosity",3.4
186,RF_Importance_med,40,HuberRegressor,1.0409,1.1436,0.9202,-0.0712,"{'model__epsilon': 2.0, 'model__alpha': 0.01}","sum_weighted_score, struggle_ratio, score_velocity, hard_challenge_efficiency, hint_reading_duration, engagement_persistence, carefulness_index, contemplation_index, exploration_efficiency, hyper_curiosity_index, adaptive_learning_capacity, time_diff_end_vs_start, time_diff_phase3_vs_phase1, time_diff_max_vs_avg, ratio_hint_time, ratio_success_per_duration, PCA_Duration, PCA_Hints, PCA_Dur_x_PCA_Hints, PCA_Dur_squared, Comp_Awareness_Limit, Psych_Calculated_Risk, Psych_Flow_Stamina, ratio_struggle_time, inter_sweet_victory, HighOrd_Star_x_Effort, ratio_score_per_hint, inter_obsessive_correction, inter_cowardice_penalty, HighOrd_Score_x_PCAStar, HighOrd_Score_x_PCADuration, Comp_GBA_DS_Anchored, Comp_GBA_AoL_Anchored, Feat_Resilient_Explorer, Feat_Ego_vs_Capacity, Feat_Cognitive_Waste, Feat_Strategic_Growth, Mutant_AoL_Resilience, Mutant_Omega_Curiosity, Mutant_Ego_Death",4.6
187,Pearson_gt0.20,10,MLP_Regressor,1.0172,1.144,0.8878,-0.072,"{'model__learning_rate': 'constant', 'model__hidden_layer_sizes': (64,), 'model__alpha': 0.01, 'model__activation': 'tanh'}","sum_weighted_score, struggle_ratio, score_velocity, Comp_Joyous_Exploration, Psych_Calculated_Risk, inter_exploratory_brilliance, inter_obsessive_correction, Feat_Resilient_Explorer, Feat_Strategic_Growth, Mutant_Omega_Curiosity",19.4
188,Lasso_NonZero,36,SVR_RBF,1.0325,1.144,0.9254,-0.072,"{'model__gamma': 0.01, 'model__epsilon': 0.1, 'model__C': 1.0}","struggle_ratio, grind_capacity, hint_reading_duration, engagement_persistence, impulsive_help_ratio, hint_reliance_ratio, carefulness_index, keypad_dominance, hesitation_penalty, exploration_efficiency, hint_dependency_gravity, calculated_risk_taking, stubborn_failure_magnitude, time_diff_end_vs_start, time_diff_max_vs_avg, ratio_success_per_duration, inter_hint_x_skip, PCA_Dur_x_PCA_Hints, PCA_Dur_squared, Psych_Flow_Stamina, Psych_Ego_Awareness, Psych_Impulsive_Quit, Psych_Independent_Efficiency, Psych_Calculated_Risk_Growth, ratio_struggle_time, inter_ambition_vs_reality, HighOrd_Star_x_Effort, inter_obsessive_correction, inter_cowardice_penalty, HighOrd_Score_x_PCAStar, Comp_GBA_AoL_Anchored, Feat_Ego_vs_Capacity, Feat_Strategic_Growth, Mutant_AoL_Resilience, Mutant_Omega_Curiosity, Mutant_Ego_Death",4.6
189,Kendall_gt0.10,31,ElasticNet,1.0262,1.1453,0.8861,-0.0743,"{'model__l1_ratio': 0.3, 'model__alpha': 0.1}","sum_weighted_score, humility_challenging, struggle_ratio, grind_capacity, score_velocity, boldness_score, stagnation_ratio, stubbornness_index, delayed_gratification_hint, hint_reliance_ratio, carefulness_index, hint_dependency_gravity, calculated_risk_taking, adaptive_learning_capacity, stubborn_failure_magnitude, ratio_redo_success, Comp_Joyous_Exploration, Psych_Calculated_Risk, Psych_Ego_Awareness, Psych_Calculated_Risk_Growth, inter_ambition_vs_reality, ratio_score_per_hint, inter_exploratory_brilliance, inter_obsessive_correction, inter_cowardice_penalty, Comp_GBA_AoL_Anchored, Feat_Resilient_Explorer, Feat_Ego_vs_Capacity, Feat_Strategic_Growth, Mutant_AoL_Resilience, Mutant_Omega_Curiosity",2.6
190,RFE_Ridge_Top30,30,XGBoost,1.0651,1.1531,0.9242,-0.089,"{'model__subsample': 1.0, 'model__max_depth': 3, 'model__learning_rate': 0.05, 'model__colsample_bytree': 1.0}","sum_weighted_score, humility_challenging, struggle_ratio, score_velocity, boldness_score, hard_challenge_efficiency, apathy_speed, hint_reading_duration, engagement_persistence, impulsive_help_ratio, carefulness_index, star_efficiency, exploration_efficiency, time_diff_max_vs_avg, ratio_hint_time, ratio_redo_success, PCA_Hints, Comp_Joyous_Exploration, Psych_Adaptability, Psych_Calculated_Risk_Growth, ratio_struggle_time, inter_ambition_vs_reality, PCA_Performance_Star, inter_exploratory_brilliance, HighOrd_Score_x_PCAStar, HighOrd_Score_x_PCADuration, Comp_GBA_DS_Anchored, Feat_Resilient_Explorer, Feat_Strategic_Growth, Mutant_Omega_Curiosity",24.1
191,Kendall_gt0.10,31,Ridge,1.0277,1.1542,0.8892,-0.091,{'model__alpha': 500.0},"sum_weighted_score, humility_challenging, struggle_ratio, grind_capacity, score_velocity, boldness_score, stagnation_ratio, stubbornness_index, delayed_gratification_hint, hint_reliance_ratio, carefulness_index, hint_dependency_gravity, calculated_risk_taking, adaptive_learning_capacity, stubborn_failure_magnitude, ratio_redo_success, Comp_Joyous_Exploration, Psych_Calculated_Risk, Psych_Ego_Awareness, Psych_Calculated_Risk_Growth, inter_ambition_vs_reality, ratio_score_per_hint, inter_exploratory_brilliance, inter_obsessive_correction, inter_cowardice_penalty, Comp_GBA_AoL_Anchored, Feat_Resilient_Explorer, Feat_Ego_vs_Capacity, Feat_Strategic_Growth, Mutant_AoL_Resilience, Mutant_Omega_Curiosity",1.1
192,RFE_Ridge_Top20,20,MLP_Regressor,1.0367,1.1552,0.9337,-0.0929,"{'model__learning_rate': 'constant', 'model__hidden_layer_sizes': (128,), 'model__alpha': 0.001, 'model__activation': 'tanh'}","sum_weighted_score, struggle_ratio, apathy_speed, hint_reading_duration, impulsive_help_ratio, star_efficiency, exploration_efficiency, ratio_hint_time, ratio_redo_success, PCA_Hints, Psych_Adaptability, Psych_Calculated_Risk_Growth, ratio_struggle_time, inter_ambition_vs_reality, PCA_Performance_Star, inter_exploratory_brilliance, Comp_GBA_DS_Anchored, Feat_Resilient_Explorer, Feat_Strategic_Growth, Mutant_Omega_Curiosity",19.5
193,Lasso_NonZero,36,PLSRegression,1.0201,1.1608,0.9172,-0.1037,{'model__n_components': 2},"struggle_ratio, grind_capacity, hint_reading_duration, engagement_persistence, impulsive_help_ratio, hint_reliance_ratio, carefulness_index, keypad_dominance, hesitation_penalty, exploration_efficiency, hint_dependency_gravity, calculated_risk_taking, stubborn_failure_magnitude, time_diff_end_vs_start, time_diff_max_vs_avg, ratio_success_per_duration, inter_hint_x_skip, PCA_Dur_x_PCA_Hints, PCA_Dur_squared, Psych_Flow_Stamina, Psych_Ego_Awareness, Psych_Impulsive_Quit, Psych_Independent_Efficiency, Psych_Calculated_Risk_Growth, ratio_struggle_time, inter_ambition_vs_reality, HighOrd_Star_x_Effort, inter_obsessive_correction, inter_cowardice_penalty, HighOrd_Score_x_PCAStar, Comp_GBA_AoL_Anchored, Feat_Ego_vs_Capacity, Feat_Strategic_Growth, Mutant_AoL_Resilience, Mutant_Omega_Curiosity, Mutant_Ego_Death",0.6
194,MutualInfo_p70,24,MLP_Regressor,1.0526,1.1937,0.9294,-0.1671,"{'model__learning_rate': 'constant', 'model__hidden_layer_sizes': (128,), 'model__alpha': 0.001, 'model__activation': 'tanh'}","sum_weighted_score, humility_challenging, boldness_score, hard_challenge_efficiency, exploration_efficiency, frustration_breakdown_ratio, stubborn_failure_magnitude, time_diff_max_vs_avg, PCA_Dur_x_PCA_Hints, Comp_Joyous_Exploration, Psych_Calculated_Risk, Psych_Calculated_Risk_Growth, ratio_score_per_hint, inter_exploratory_brilliance, inter_obsessive_correction, HighOrd_Score_x_PCAStar, HighOrd_Score_x_PCADuration, Feat_Resilient_Explorer, Feat_Ego_vs_Capacity, Feat_Cognitive_Waste, Feat_Strategic_Growth, Mutant_AoL_Resilience, Mutant_Omega_Curiosity, Mutant_Ego_Death",22.5
195,Spearman_gt0.15,25,MLP_Regressor,1.062,1.2262,0.9591,-0.2314,"{'model__learning_rate': 'adaptive', 'model__hidden_layer_sizes': (128,), 'model__alpha': 0.0001, 'model__activation': 'tanh'}","sum_weighted_score, struggle_ratio, grind_capacity, score_velocity, boldness_score, stagnation_ratio, stubbornness_index, hint_reliance_ratio, carefulness_index, hint_dependency_gravity, adaptive_learning_capacity, ratio_redo_success, Comp_Joyous_Exploration, Psych_Calculated_Risk, Psych_Ego_Awareness, Psych_Calculated_Risk_Growth, ratio_score_per_hint, inter_exploratory_brilliance, inter_obsessive_correction, inter_cowardice_penalty, Feat_Resilient_Explorer, Feat_Ego_vs_Capacity, Feat_Strategic_Growth, Mutant_AoL_Resilience, Mutant_Omega_Curiosity",17.3
196,Lasso_NonZero,36,ElasticNet,1.0205,1.2365,0.9209,-0.2523,"{'model__l1_ratio': 0.3, 'model__alpha': 0.1}","struggle_ratio, grind_capacity, hint_reading_duration, engagement_persistence, impulsive_help_ratio, hint_reliance_ratio, carefulness_index, keypad_dominance, hesitation_penalty, exploration_efficiency, hint_dependency_gravity, calculated_risk_taking, stubborn_failure_magnitude, time_diff_end_vs_start, time_diff_max_vs_avg, ratio_success_per_duration, inter_hint_x_skip, PCA_Dur_x_PCA_Hints, PCA_Dur_squared, Psych_Flow_Stamina, Psych_Ego_Awareness, Psych_Impulsive_Quit, Psych_Independent_Efficiency, Psych_Calculated_Risk_Growth, ratio_struggle_time, inter_ambition_vs_reality, HighOrd_Star_x_Effort, inter_obsessive_correction, inter_cowardice_penalty, HighOrd_Score_x_PCAStar, Comp_GBA_AoL_Anchored, Feat_Ego_vs_Capacity, Feat_Strategic_Growth, Mutant_AoL_Resilience, Mutant_Omega_Curiosity, Mutant_Ego_Death",1.2
197,Lasso_NonZero,36,MLP_Regressor,1.1025,1.2415,0.9721,-0.2623,"{'model__learning_rate': 'constant', 'model__hidden_layer_sizes': (64,), 'model__alpha': 0.01, 'model__activation': 'tanh'}","struggle_ratio, grind_capacity, hint_reading_duration, engagement_persistence, impulsive_help_ratio, hint_reliance_ratio, carefulness_index, keypad_dominance, hesitation_penalty, exploration_efficiency, hint_dependency_gravity, calculated_risk_taking, stubborn_failure_magnitude, time_diff_end_vs_start, time_diff_max_vs_avg, ratio_success_per_duration, inter_hint_x_skip, PCA_Dur_x_PCA_Hints, PCA_Dur_squared, Psych_Flow_Stamina, Psych_Ego_Awareness, Psych_Impulsive_Quit, Psych_Independent_Efficiency, Psych_Calculated_Risk_Growth, ratio_struggle_time, inter_ambition_vs_reality, HighOrd_Star_x_Effort, inter_obsessive_correction, inter_cowardice_penalty, HighOrd_Score_x_PCAStar, Comp_GBA_AoL_Anchored, Feat_Ego_vs_Capacity, Feat_Strategic_Growth, Mutant_AoL_Resilience, Mutant_Omega_Curiosity, Mutant_Ego_Death",19.2
198,Lasso_NonZero,36,Lasso,1.0207,1.2428,0.9281,-0.2651,{'model__alpha': 0.01},"struggle_ratio, grind_capacity, hint_reading_duration, engagement_persistence, impulsive_help_ratio, hint_reliance_ratio, carefulness_index, keypad_dominance, hesitation_penalty, exploration_efficiency, hint_dependency_gravity, calculated_risk_taking, stubborn_failure_magnitude, time_diff_end_vs_start, time_diff_max_vs_avg, ratio_success_per_duration, inter_hint_x_skip, PCA_Dur_x_PCA_Hints, PCA_Dur_squared, Psych_Flow_Stamina, Psych_Ego_Awareness, Psych_Impulsive_Quit, Psych_Independent_Efficiency, Psych_Calculated_Risk_Growth, ratio_struggle_time, inter_ambition_vs_reality, HighOrd_Star_x_Effort, inter_obsessive_correction, inter_cowardice_penalty, HighOrd_Score_x_PCAStar, Comp_GBA_AoL_Anchored, Feat_Ego_vs_Capacity, Feat_Strategic_Growth, Mutant_AoL_Resilience, Mutant_Omega_Curiosity, Mutant_Ego_Death",0.9
199,Kendall_gt0.10,31,MLP_Regressor,1.0672,1.244,0.9698,-0.2674,"{'model__learning_rate': 'adaptive', 'model__hidden_layer_sizes': (128,), 'model__alpha': 0.0001, 'model__activation': 'tanh'}","sum_weighted_score, humility_challenging, struggle_ratio, grind_capacity, score_velocity, boldness_score, stagnation_ratio, stubbornness_index, delayed_gratification_hint, hint_reliance_ratio, carefulness_index, hint_dependency_gravity, calculated_risk_taking, adaptive_learning_capacity, stubborn_failure_magnitude, ratio_redo_success, Comp_Joyous_Exploration, Psych_Calculated_Risk, Psych_Ego_Awareness, Psych_Calculated_Risk_Growth, inter_ambition_vs_reality, ratio_score_per_hint, inter_exploratory_brilliance, inter_obsessive_correction, inter_cowardice_penalty, Comp_GBA_AoL_Anchored, Feat_Resilient_Explorer, Feat_Ego_vs_Capacity, Feat_Strategic_Growth, Mutant_AoL_Resilience, Mutant_Omega_Curiosity",22.4
200,Spearman_gt0.15,25,Ridge,1.0262,1.2505,0.9104,-0.2808,{'model__alpha': 100.0},"sum_weighted_score, struggle_ratio, grind_capacity, score_velocity, boldness_score, stagnation_ratio, stubbornness_index, hint_reliance_ratio, carefulness_index, hint_dependency_gravity, adaptive_learning_capacity, ratio_redo_success, Comp_Joyous_Exploration, Psych_Calculated_Risk, Psych_Ego_Awareness, Psych_Calculated_Risk_Growth, ratio_score_per_hint, inter_exploratory_brilliance, inter_obsessive_correction, inter_cowardice_penalty, Feat_Resilient_Explorer, Feat_Ego_vs_Capacity, Feat_Strategic_Growth, Mutant_AoL_Resilience, Mutant_Omega_Curiosity",0.6
201,Pearson_gt0.15,22,Ridge,1.0186,1.2535,0.9149,-0.287,{'model__alpha': 100.0},"sum_weighted_score, humility_challenging, struggle_ratio, score_velocity, boldness_score, hint_reliance_ratio, carefulness_index, adaptive_learning_capacity, ratio_redo_success, Comp_Joyous_Exploration, Comp_Awareness_Limit, Psych_Calculated_Risk, ratio_score_per_hint, inter_exploratory_brilliance, inter_obsessive_correction, inter_cowardice_penalty, Comp_GBA_DS_Anchored, Feat_Resilient_Explorer, Feat_Ego_vs_Capacity, Feat_Strategic_Growth, Mutant_AoL_Resilience, Mutant_Omega_Curiosity",0.5
202,RFE_Ridge_Top30,30,MLP_Regressor,1.0518,1.2641,0.9864,-0.3087,"{'model__learning_rate': 'constant', 'model__hidden_layer_sizes': (128,), 'model__alpha': 0.001, 'model__activation': 'tanh'}","sum_weighted_score, humility_challenging, struggle_ratio, score_velocity, boldness_score, hard_challenge_efficiency, apathy_speed, hint_reading_duration, engagement_persistence, impulsive_help_ratio, carefulness_index, star_efficiency, exploration_efficiency, time_diff_max_vs_avg, ratio_hint_time, ratio_redo_success, PCA_Hints, Comp_Joyous_Exploration, Psych_Adaptability, Psych_Calculated_Risk_Growth, ratio_struggle_time, inter_ambition_vs_reality, PCA_Performance_Star, inter_exploratory_brilliance, HighOrd_Score_x_PCAStar, HighOrd_Score_x_PCADuration, Comp_GBA_DS_Anchored, Feat_Resilient_Explorer, Feat_Strategic_Growth, Mutant_Omega_Curiosity",27.5
203,RF_Importance_med,40,MLP_Regressor,1.1232,1.2694,1.0013,-0.3198,"{'model__learning_rate': 'constant', 'model__hidden_layer_sizes': (64,), 'model__alpha': 0.01, 'model__activation': 'tanh'}","sum_weighted_score, struggle_ratio, score_velocity, hard_challenge_efficiency, hint_reading_duration, engagement_persistence, carefulness_index, contemplation_index, exploration_efficiency, hyper_curiosity_index, adaptive_learning_capacity, time_diff_end_vs_start, time_diff_phase3_vs_phase1, time_diff_max_vs_avg, ratio_hint_time, ratio_success_per_duration, PCA_Duration, PCA_Hints, PCA_Dur_x_PCA_Hints, PCA_Dur_squared, Comp_Awareness_Limit, Psych_Calculated_Risk, Psych_Flow_Stamina, ratio_struggle_time, inter_sweet_victory, HighOrd_Star_x_Effort, ratio_score_per_hint, inter_obsessive_correction, inter_cowardice_penalty, HighOrd_Score_x_PCAStar, HighOrd_Score_x_PCADuration, Comp_GBA_DS_Anchored, Comp_GBA_AoL_Anchored, Feat_Resilient_Explorer, Feat_Ego_vs_Capacity, Feat_Cognitive_Waste, Feat_Strategic_Growth, Mutant_AoL_Resilience, Mutant_Omega_Curiosity, Mutant_Ego_Death",28.2
204,Pearson_gt0.15,22,Lasso,1.0184,1.2837,0.9195,-0.3498,{'model__alpha': 0.01},"sum_weighted_score, humility_challenging, struggle_ratio, score_velocity, boldness_score, hint_reliance_ratio, carefulness_index, adaptive_learning_capacity, ratio_redo_success, Comp_Joyous_Exploration, Comp_Awareness_Limit, Psych_Calculated_Risk, ratio_score_per_hint, inter_exploratory_brilliance, inter_obsessive_correction, inter_cowardice_penalty, Comp_GBA_DS_Anchored, Feat_Resilient_Explorer, Feat_Ego_vs_Capacity, Feat_Strategic_Growth, Mutant_AoL_Resilience, Mutant_Omega_Curiosity",7.3
205,Spearman_gt0.15,25,Lasso,1.028,1.291,0.9178,-0.3651,{'model__alpha': 0.01},"sum_weighted_score, struggle_ratio, grind_capacity, score_velocity, boldness_score, stagnation_ratio, stubbornness_index, hint_reliance_ratio, carefulness_index, hint_dependency_gravity, adaptive_learning_capacity, ratio_redo_success, Comp_Joyous_Exploration, Psych_Calculated_Risk, Psych_Ego_Awareness, Psych_Calculated_Risk_Growth, ratio_score_per_hint, inter_exploratory_brilliance, inter_obsessive_correction, inter_cowardice_penalty, Feat_Resilient_Explorer, Feat_Ego_vs_Capacity, Feat_Strategic_Growth, Mutant_AoL_Resilience, Mutant_Omega_Curiosity",0.5
206,Pearson_gt0.15,22,ElasticNet,1.0184,1.2958,0.9236,-0.3752,"{'model__l1_ratio': 0.7, 'model__alpha': 0.01}","sum_weighted_score, humility_challenging, struggle_ratio, score_velocity, boldness_score, hint_reliance_ratio, carefulness_index, adaptive_learning_capacity, ratio_redo_success, Comp_Joyous_Exploration, Comp_Awareness_Limit, Psych_Calculated_Risk, ratio_score_per_hint, inter_exploratory_brilliance, inter_obsessive_correction, inter_cowardice_penalty, Comp_GBA_DS_Anchored, Feat_Resilient_Explorer, Feat_Ego_vs_Capacity, Feat_Strategic_Growth, Mutant_AoL_Resilience, Mutant_Omega_Curiosity",0.7
207,Kendall_gt0.10,31,Lasso,1.0307,1.3146,0.9208,-0.4155,{'model__alpha': 0.01},"sum_weighted_score, humility_challenging, struggle_ratio, grind_capacity, score_velocity, boldness_score, stagnation_ratio, stubbornness_index, delayed_gratification_hint, hint_reliance_ratio, carefulness_index, hint_dependency_gravity, calculated_risk_taking, adaptive_learning_capacity, stubborn_failure_magnitude, ratio_redo_success, Comp_Joyous_Exploration, Psych_Calculated_Risk, Psych_Ego_Awareness, Psych_Calculated_Risk_Growth, inter_ambition_vs_reality, ratio_score_per_hint, inter_exploratory_brilliance, inter_obsessive_correction, inter_cowardice_penalty, Comp_GBA_AoL_Anchored, Feat_Resilient_Explorer, Feat_Ego_vs_Capacity, Feat_Strategic_Growth, Mutant_AoL_Resilience, Mutant_Omega_Curiosity",1.4
208,Lasso_NonZero,36,SVR_Linear,1.039,1.3376,0.9529,-0.4653,"{'model__epsilon': 0.5, 'model__C': 1.0}","struggle_ratio, grind_capacity, hint_reading_duration, engagement_persistence, impulsive_help_ratio, hint_reliance_ratio, carefulness_index, keypad_dominance, hesitation_penalty, exploration_efficiency, hint_dependency_gravity, calculated_risk_taking, stubborn_failure_magnitude, time_diff_end_vs_start, time_diff_max_vs_avg, ratio_success_per_duration, inter_hint_x_skip, PCA_Dur_x_PCA_Hints, PCA_Dur_squared, Psych_Flow_Stamina, Psych_Ego_Awareness, Psych_Impulsive_Quit, Psych_Independent_Efficiency, Psych_Calculated_Risk_Growth, ratio_struggle_time, inter_ambition_vs_reality, HighOrd_Star_x_Effort, inter_obsessive_correction, inter_cowardice_penalty, HighOrd_Score_x_PCAStar, Comp_GBA_AoL_Anchored, Feat_Ego_vs_Capacity, Feat_Strategic_Growth, Mutant_AoL_Resilience, Mutant_Omega_Curiosity, Mutant_Ego_Death",2.3
209,Lasso_NonZero,36,Ridge,1.0181,1.3407,0.9454,-0.4722,{'model__alpha': 100.0},"struggle_ratio, grind_capacity, hint_reading_duration, engagement_persistence, impulsive_help_ratio, hint_reliance_ratio, carefulness_index, keypad_dominance, hesitation_penalty, exploration_efficiency, hint_dependency_gravity, calculated_risk_taking, stubborn_failure_magnitude, time_diff_end_vs_start, time_diff_max_vs_avg, ratio_success_per_duration, inter_hint_x_skip, PCA_Dur_x_PCA_Hints, PCA_Dur_squared, Psych_Flow_Stamina, Psych_Ego_Awareness, Psych_Impulsive_Quit, Psych_Independent_Efficiency, Psych_Calculated_Risk_Growth, ratio_struggle_time, inter_ambition_vs_reality, HighOrd_Star_x_Effort, inter_obsessive_correction, inter_cowardice_penalty, HighOrd_Score_x_PCAStar, Comp_GBA_AoL_Anchored, Feat_Ego_vs_Capacity, Feat_Strategic_Growth, Mutant_AoL_Resilience, Mutant_Omega_Curiosity, Mutant_Ego_Death",0.6
210,Pearson_gt0.15,22,HuberRegressor,1.0282,1.4194,0.9374,-0.65,"{'model__epsilon': 2.0, 'model__alpha': 0.01}","sum_weighted_score, humility_challenging, struggle_ratio, score_velocity, boldness_score, hint_reliance_ratio, carefulness_index, adaptive_learning_capacity, ratio_redo_success, Comp_Joyous_Exploration, Comp_Awareness_Limit, Psych_Calculated_Risk, ratio_score_per_hint, inter_exploratory_brilliance, inter_obsessive_correction, inter_cowardice_penalty, Comp_GBA_DS_Anchored, Feat_Resilient_Explorer, Feat_Ego_vs_Capacity, Feat_Strategic_Growth, Mutant_AoL_Resilience, Mutant_Omega_Curiosity",1.5
211,Spearman_gt0.15,25,HuberRegressor,1.0377,1.5423,0.9456,-0.9482,"{'model__epsilon': 2.0, 'model__alpha': 0.01}","sum_weighted_score, struggle_ratio, grind_capacity, score_velocity, boldness_score, stagnation_ratio, stubbornness_index, hint_reliance_ratio, carefulness_index, hint_dependency_gravity, adaptive_learning_capacity, ratio_redo_success, Comp_Joyous_Exploration, Psych_Calculated_Risk, Psych_Ego_Awareness, Psych_Calculated_Risk_Growth, ratio_score_per_hint, inter_exploratory_brilliance, inter_obsessive_correction, inter_cowardice_penalty, Feat_Resilient_Explorer, Feat_Ego_vs_Capacity, Feat_Strategic_Growth, Mutant_AoL_Resilience, Mutant_Omega_Curiosity",8.7
212,Kendall_gt0.10,31,HuberRegressor,1.0507,1.5431,0.9515,-0.9503,"{'model__epsilon': 2.0, 'model__alpha': 0.01}","sum_weighted_score, humility_challenging, struggle_ratio, grind_capacity, score_velocity, boldness_score, stagnation_ratio, stubbornness_index, delayed_gratification_hint, hint_reliance_ratio, carefulness_index, hint_dependency_gravity, calculated_risk_taking, adaptive_learning_capacity, stubborn_failure_magnitude, ratio_redo_success, Comp_Joyous_Exploration, Psych_Calculated_Risk, Psych_Ego_Awareness, Psych_Calculated_Risk_Growth, inter_ambition_vs_reality, ratio_score_per_hint, inter_exploratory_brilliance, inter_obsessive_correction, inter_cowardice_penalty, Comp_GBA_AoL_Anchored, Feat_Resilient_Explorer, Feat_Ego_vs_Capacity, Feat_Strategic_Growth, Mutant_AoL_Resilience, Mutant_Omega_Curiosity",14.9
213,Pearson_gt0.15,22,SVR_Linear,1.0324,1.5666,0.9713,-1.0101,"{'model__epsilon': 0.5, 'model__C': 10.0}","sum_weighted_score, humility_challenging, struggle_ratio, score_velocity, boldness_score, hint_reliance_ratio, carefulness_index, adaptive_learning_capacity, ratio_redo_success, Comp_Joyous_Exploration, Comp_Awareness_Limit, Psych_Calculated_Risk, ratio_score_per_hint, inter_exploratory_brilliance, inter_obsessive_correction, inter_cowardice_penalty, Comp_GBA_DS_Anchored, Feat_Resilient_Explorer, Feat_Ego_vs_Capacity, Feat_Strategic_Growth, Mutant_AoL_Resilience, Mutant_Omega_Curiosity",1.1
214,Lasso_NonZero,36,HuberRegressor,1.0369,1.6398,0.9854,-1.2022,"{'model__epsilon': 2.0, 'model__alpha': 0.01}","struggle_ratio, grind_capacity, hint_reading_duration, engagement_persistence, impulsive_help_ratio, hint_reliance_ratio, carefulness_index, keypad_dominance, hesitation_penalty, exploration_efficiency, hint_dependency_gravity, calculated_risk_taking, stubborn_failure_magnitude, time_diff_end_vs_start, time_diff_max_vs_avg, ratio_success_per_duration, inter_hint_x_skip, PCA_Dur_x_PCA_Hints, PCA_Dur_squared, Psych_Flow_Stamina, Psych_Ego_Awareness, Psych_Impulsive_Quit, Psych_Independent_Efficiency, Psych_Calculated_Risk_Growth, ratio_struggle_time, inter_ambition_vs_reality, HighOrd_Star_x_Effort, inter_obsessive_correction, inter_cowardice_penalty, HighOrd_Score_x_PCAStar, Comp_GBA_AoL_Anchored, Feat_Ego_vs_Capacity, Feat_Strategic_Growth, Mutant_AoL_Resilience, Mutant_Omega_Curiosity, Mutant_Ego_Death",2.8
215,Spearman_gt0.15,25,SVR_Linear,1.0663,1.9329,1.0197,-2.06,"{'model__epsilon': 0.5, 'model__C': 0.1}","sum_weighted_score, struggle_ratio, grind_capacity, score_velocity, boldness_score, stagnation_ratio, stubbornness_index, hint_reliance_ratio, carefulness_index, hint_dependency_gravity, adaptive_learning_capacity, ratio_redo_success, Comp_Joyous_Exploration, Psych_Calculated_Risk, Psych_Ego_Awareness, Psych_Calculated_Risk_Growth, ratio_score_per_hint, inter_exploratory_brilliance, inter_obsessive_correction, inter_cowardice_penalty, Feat_Resilient_Explorer, Feat_Ego_vs_Capacity, Feat_Strategic_Growth, Mutant_AoL_Resilience, Mutant_Omega_Curiosity",1.9
216,Kendall_gt0.10,31,SVR_Linear,1.0824,1.9656,1.0401,-2.1644,"{'model__epsilon': 0.5, 'model__C': 0.1}","sum_weighted_score, humility_challenging, struggle_ratio, grind_capacity, score_velocity, boldness_score, stagnation_ratio, stubbornness_index, delayed_gratification_hint, hint_reliance_ratio, carefulness_index, hint_dependency_gravity, calculated_risk_taking, adaptive_learning_capacity, stubborn_failure_magnitude, ratio_redo_success, Comp_Joyous_Exploration, Psych_Calculated_Risk, Psych_Ego_Awareness, Psych_Calculated_Risk_Growth, inter_ambition_vs_reality, ratio_score_per_hint, inter_exploratory_brilliance, inter_obsessive_correction, inter_cowardice_penalty, Comp_GBA_AoL_Anchored, Feat_Resilient_Explorer, Feat_Ego_vs_Capacity, Feat_Strategic_Growth, Mutant_AoL_Resilience, Mutant_Omega_Curiosity",1.4
