,FS_Method,N_Features,ML_Model,CV_RMSE_dev,Holdout_RMSE,Holdout_MAE,Holdout_R2,Best_Params,Features,Time_sec
1,MutualInfo_p80,16,CatBoost,0.6022,0.6383,0.51,0.1207,"{'model__learning_rate': 0.05, 'model__l2_leaf_reg': 5, 'model__iterations': 50, 'model__depth': 6}","sum_weighted_score, humility_challenging, struggle_ratio, grind_capacity, hard_challenge_efficiency, stubbornness_index, impulsive_help_ratio, adaptive_learning_capacity, ratio_redo_success, Comp_Joyous_Exploration, inter_exploratory_brilliance, inter_obsessive_correction, Comp_GBA_AoL_Anchored, Feat_Resilient_Explorer, Mutant_AoL_Resilience, Mutant_Omega_Curiosity",5.3
2,MutualInfo_p70,24,CatBoost,0.6039,0.6387,0.5127,0.1195,"{'model__learning_rate': 0.05, 'model__l2_leaf_reg': 5, 'model__iterations': 50, 'model__depth': 6}","sum_weighted_score, humility_challenging, struggle_ratio, grind_capacity, score_velocity, hard_challenge_efficiency, stubbornness_index, impulsive_help_ratio, hint_dependency_gravity, reckless_action_index, adaptive_learning_capacity, ratio_redo_success, Comp_Joyous_Exploration, Psych_Calculated_Risk_Growth, ratio_score_per_hint, inter_exploratory_brilliance, inter_obsessive_correction, inter_cowardice_penalty, Comp_GBA_DS_Anchored, Comp_GBA_AoL_Anchored, Feat_Resilient_Explorer, Feat_Ego_vs_Capacity, Mutant_AoL_Resilience, Mutant_Omega_Curiosity",7.8
3,Pearson_gt0.15,24,SVR_RBF,0.6128,0.6388,0.5083,0.1193,"{'model__gamma': 'scale', 'model__epsilon': 0.5, 'model__C': 0.1}","sum_weighted_score, humility_challenging, struggle_ratio, score_velocity, impulsive_help_ratio, hint_reliance_ratio, carefulness_index, adaptive_learning_capacity, ratio_redo_success, Comp_Joyous_Exploration, Comp_Awareness_Limit, Psych_Calculated_Risk, Psych_Ego_Awareness, ratio_score_per_hint, inter_exploratory_brilliance, inter_obsessive_correction, inter_cowardice_penalty, HighOrd_Score_x_PCADuration, Comp_GBA_DS_Anchored, Feat_Resilient_Explorer, Feat_Ego_vs_Capacity, Feat_Strategic_Growth, Mutant_AoL_Resilience, Mutant_Omega_Curiosity",2.4
4,Pearson_gt0.20,18,SVR_RBF,0.6066,0.6391,0.5106,0.1184,"{'model__gamma': 'scale', 'model__epsilon': 0.5, 'model__C': 0.1}","sum_weighted_score, humility_challenging, struggle_ratio, score_velocity, impulsive_help_ratio, ratio_redo_success, Comp_Joyous_Exploration, Psych_Calculated_Risk, ratio_score_per_hint, inter_exploratory_brilliance, inter_obsessive_correction, inter_cowardice_penalty, Comp_GBA_DS_Anchored, Feat_Resilient_Explorer, Feat_Ego_vs_Capacity, Feat_Strategic_Growth, Mutant_AoL_Resilience, Mutant_Omega_Curiosity",1.7
5,RF_Importance_med,40,SVR_RBF,0.6275,0.6404,0.5042,0.1148,"{'model__gamma': 0.01, 'model__epsilon': 0.01, 'model__C': 0.1}","sum_weighted_score, struggle_ratio, score_velocity, hard_challenge_efficiency, hint_reading_duration, hint_effectiveness, engagement_persistence, carefulness_index, contemplation_index, exploration_efficiency, hyper_curiosity_index, adaptive_learning_capacity, time_diff_end_vs_start, time_diff_phase3_vs_phase1, time_diff_max_vs_avg, ratio_hint_time, ratio_success_per_duration, PCA_Duration, PCA_Hints, PCA_Dur_x_PCA_Hints, PCA_Dur_squared, Psych_Flow_Stamina, ratio_struggle_time, inter_sweet_victory, PCA_Performance_Star, HighOrd_Star_x_Effort, inter_exploratory_brilliance, inter_obsessive_correction, inter_cowardice_penalty, HighOrd_Score_x_PCAStar, HighOrd_Score_x_PCADuration, Comp_GBA_DS_Anchored, Comp_GBA_AoL_Anchored, Feat_Resilient_Explorer, Feat_Ego_vs_Capacity, Feat_Cognitive_Waste, Feat_Strategic_Growth, Mutant_AoL_Resilience, Mutant_Omega_Curiosity, Mutant_Ego_Death",3.1
6,Pearson_gt0.20,18,CatBoost,0.604,0.6411,0.5129,0.1131,"{'model__learning_rate': 0.05, 'model__l2_leaf_reg': 3, 'model__iterations': 50, 'model__depth': 4}","sum_weighted_score, humility_challenging, struggle_ratio, score_velocity, impulsive_help_ratio, ratio_redo_success, Comp_Joyous_Exploration, Psych_Calculated_Risk, ratio_score_per_hint, inter_exploratory_brilliance, inter_obsessive_correction, inter_cowardice_penalty, Comp_GBA_DS_Anchored, Feat_Resilient_Explorer, Feat_Ego_vs_Capacity, Feat_Strategic_Growth, Mutant_AoL_Resilience, Mutant_Omega_Curiosity",7.3
7,Kendall_gt0.20,13,CatBoost,0.6037,0.642,0.5143,0.1105,"{'model__learning_rate': 0.05, 'model__l2_leaf_reg': 3, 'model__iterations': 50, 'model__depth': 4}","sum_weighted_score, score_velocity, adaptive_learning_capacity, Psych_Calculated_Risk, ratio_score_per_hint, inter_exploratory_brilliance, inter_obsessive_correction, inter_cowardice_penalty, Feat_Resilient_Explorer, Feat_Ego_vs_Capacity, Feat_Strategic_Growth, Mutant_AoL_Resilience, Mutant_Omega_Curiosity",5.8
8,RFE_Ridge_Top20,20,CatBoost,0.6053,0.642,0.517,0.1105,"{'model__learning_rate': 0.05, 'model__l2_leaf_reg': 3, 'model__iterations': 50, 'model__depth': 4}","sum_weighted_score, struggle_ratio, hard_challenge_efficiency, impulsive_help_ratio, carefulness_index, star_efficiency, ratio_hint_time, ratio_redo_success, PCA_Hints, Comp_Joyous_Exploration, Psych_Calculated_Risk, Psych_Adaptability, Psych_Calculated_Risk_Growth, ratio_struggle_time, inter_strategic_retreat, inter_exploratory_brilliance, inter_obsessive_correction, Comp_GBA_DS_Anchored, Feat_Resilient_Explorer, Mutant_Omega_Curiosity",6.0
9,MutualInfo_p70,24,SVR_RBF,0.6108,0.6424,0.5081,0.1094,"{'model__gamma': 0.01, 'model__epsilon': 0.1, 'model__C': 1.0}","sum_weighted_score, humility_challenging, struggle_ratio, grind_capacity, score_velocity, hard_challenge_efficiency, stubbornness_index, impulsive_help_ratio, hint_dependency_gravity, reckless_action_index, adaptive_learning_capacity, ratio_redo_success, Comp_Joyous_Exploration, Psych_Calculated_Risk_Growth, ratio_score_per_hint, inter_exploratory_brilliance, inter_obsessive_correction, inter_cowardice_penalty, Comp_GBA_DS_Anchored, Comp_GBA_AoL_Anchored, Feat_Resilient_Explorer, Feat_Ego_vs_Capacity, Mutant_AoL_Resilience, Mutant_Omega_Curiosity",2.2
10,Spearman_gt0.30,11,CatBoost,0.603,0.6433,0.5137,0.1068,"{'model__learning_rate': 0.05, 'model__l2_leaf_reg': 3, 'model__iterations': 50, 'model__depth': 4}","sum_weighted_score, score_velocity, adaptive_learning_capacity, Psych_Calculated_Risk, inter_exploratory_brilliance, inter_obsessive_correction, inter_cowardice_penalty, Feat_Resilient_Explorer, Feat_Ego_vs_Capacity, Mutant_AoL_Resilience, Mutant_Omega_Curiosity",7.1
11,RF_Importance_p80,16,SVR_RBF,0.6099,0.6433,0.5116,0.1067,"{'model__gamma': 'scale', 'model__epsilon': 0.5, 'model__C': 0.1}","sum_weighted_score, score_velocity, hint_reading_duration, contemplation_index, time_diff_end_vs_start, time_diff_phase3_vs_phase1, time_diff_max_vs_avg, ratio_success_per_duration, PCA_Dur_squared, Psych_Flow_Stamina, ratio_struggle_time, inter_obsessive_correction, Comp_GBA_DS_Anchored, Comp_GBA_AoL_Anchored, Feat_Resilient_Explorer, Mutant_AoL_Resilience",2.1
12,MutualInfo_p90,8,CatBoost,0.6016,0.6435,0.5164,0.1063,"{'model__learning_rate': 0.05, 'model__l2_leaf_reg': 3, 'model__iterations': 50, 'model__depth': 4}","sum_weighted_score, humility_challenging, stubbornness_index, impulsive_help_ratio, adaptive_learning_capacity, ratio_redo_success, Comp_GBA_AoL_Anchored, Feat_Resilient_Explorer",3.7
13,Kendall_gt0.15,21,SVR_RBF,0.6093,0.644,0.5115,0.1051,"{'model__gamma': 0.01, 'model__epsilon': 0.1, 'model__C': 1.0}","sum_weighted_score, humility_challenging, struggle_ratio, grind_capacity, score_velocity, stubbornness_index, adaptive_learning_capacity, ratio_redo_success, Comp_Joyous_Exploration, Psych_Calculated_Risk, Psych_Ego_Awareness, ratio_score_per_hint, inter_exploratory_brilliance, inter_obsessive_correction, inter_cowardice_penalty, Comp_GBA_AoL_Anchored, Feat_Resilient_Explorer, Feat_Ego_vs_Capacity, Feat_Strategic_Growth, Mutant_AoL_Resilience, Mutant_Omega_Curiosity",1.6
14,Pearson_gt0.30,6,SVR_RBF,0.6043,0.6442,0.5157,0.1045,"{'model__gamma': 'scale', 'model__epsilon': 0.5, 'model__C': 0.1}","sum_weighted_score, Psych_Calculated_Risk, inter_exploratory_brilliance, inter_obsessive_correction, Feat_Resilient_Explorer, Mutant_Omega_Curiosity",1.0
15,MutualInfo_p80,16,SVR_RBF,0.6081,0.6451,0.5151,0.1018,"{'model__gamma': 0.01, 'model__epsilon': 0.1, 'model__C': 1.0}","sum_weighted_score, humility_challenging, struggle_ratio, grind_capacity, hard_challenge_efficiency, stubbornness_index, impulsive_help_ratio, adaptive_learning_capacity, ratio_redo_success, Comp_Joyous_Exploration, inter_exploratory_brilliance, inter_obsessive_correction, Comp_GBA_AoL_Anchored, Feat_Resilient_Explorer, Mutant_AoL_Resilience, Mutant_Omega_Curiosity",1.3
16,Spearman_gt0.20,24,SVR_RBF,0.6127,0.6451,0.5114,0.102,"{'model__gamma': 0.01, 'model__epsilon': 0.1, 'model__C': 1.0}","sum_weighted_score, humility_challenging, struggle_ratio, grind_capacity, score_velocity, stubbornness_index, impulsive_help_ratio, hint_reliance_ratio, adaptive_learning_capacity, ratio_redo_success, Comp_Joyous_Exploration, Psych_Calculated_Risk, Psych_Ego_Awareness, ratio_score_per_hint, inter_exploratory_brilliance, inter_obsessive_correction, inter_cowardice_penalty, Comp_GBA_DS_Anchored, Comp_GBA_AoL_Anchored, Feat_Resilient_Explorer, Feat_Ego_vs_Capacity, Feat_Strategic_Growth, Mutant_AoL_Resilience, Mutant_Omega_Curiosity",2.4
17,RF_Importance_p90,8,SVR_RBF,0.6074,0.6454,0.515,0.1011,"{'model__gamma': 'scale', 'model__epsilon': 0.5, 'model__C': 0.1}","sum_weighted_score, hint_reading_duration, time_diff_end_vs_start, time_diff_max_vs_avg, inter_obsessive_correction, Comp_GBA_AoL_Anchored, Feat_Resilient_Explorer, Mutant_AoL_Resilience",1.2
18,Pearson_gt0.30,6,RandomForest,0.604,0.6454,0.5175,0.1009,"{'model__n_estimators': 200, 'model__min_samples_split': 2, 'model__max_features': 'sqrt', 'model__max_depth': 5}","sum_weighted_score, Psych_Calculated_Risk, inter_exploratory_brilliance, inter_obsessive_correction, Feat_Resilient_Explorer, Mutant_Omega_Curiosity",4.9
19,Spearman_gt0.20,24,RandomForest,0.6043,0.6457,0.5188,0.1001,"{'model__n_estimators': 100, 'model__min_samples_split': 2, 'model__max_features': 'sqrt', 'model__max_depth': 5}","sum_weighted_score, humility_challenging, struggle_ratio, grind_capacity, score_velocity, stubbornness_index, impulsive_help_ratio, hint_reliance_ratio, adaptive_learning_capacity, ratio_redo_success, Comp_Joyous_Exploration, Psych_Calculated_Risk, Psych_Ego_Awareness, ratio_score_per_hint, inter_exploratory_brilliance, inter_obsessive_correction, inter_cowardice_penalty, Comp_GBA_DS_Anchored, Comp_GBA_AoL_Anchored, Feat_Resilient_Explorer, Feat_Ego_vs_Capacity, Feat_Strategic_Growth, Mutant_AoL_Resilience, Mutant_Omega_Curiosity",6.4
20,RFE_Ridge_Top20,20,RandomForest,0.6062,0.6459,0.5213,0.0995,"{'model__n_estimators': 200, 'model__min_samples_split': 2, 'model__max_features': 'sqrt', 'model__max_depth': 5}","sum_weighted_score, struggle_ratio, hard_challenge_efficiency, impulsive_help_ratio, carefulness_index, star_efficiency, ratio_hint_time, ratio_redo_success, PCA_Hints, Comp_Joyous_Exploration, Psych_Calculated_Risk, Psych_Adaptability, Psych_Calculated_Risk_Growth, ratio_struggle_time, inter_strategic_retreat, inter_exploratory_brilliance, inter_obsessive_correction, Comp_GBA_DS_Anchored, Feat_Resilient_Explorer, Mutant_Omega_Curiosity",4.7
21,Kendall_gt0.15,21,CatBoost,0.602,0.646,0.5171,0.0993,"{'model__learning_rate': 0.05, 'model__l2_leaf_reg': 3, 'model__iterations': 50, 'model__depth': 4}","sum_weighted_score, humility_challenging, struggle_ratio, grind_capacity, score_velocity, stubbornness_index, adaptive_learning_capacity, ratio_redo_success, Comp_Joyous_Exploration, Psych_Calculated_Risk, Psych_Ego_Awareness, ratio_score_per_hint, inter_exploratory_brilliance, inter_obsessive_correction, inter_cowardice_penalty, Comp_GBA_AoL_Anchored, Feat_Resilient_Explorer, Feat_Ego_vs_Capacity, Feat_Strategic_Growth, Mutant_AoL_Resilience, Mutant_Omega_Curiosity",7.4
22,MutualInfo_p90,8,RandomForest,0.6035,0.646,0.5163,0.0993,"{'model__n_estimators': 200, 'model__min_samples_split': 5, 'model__max_features': 'sqrt', 'model__max_depth': 5}","sum_weighted_score, humility_challenging, stubbornness_index, impulsive_help_ratio, adaptive_learning_capacity, ratio_redo_success, Comp_GBA_AoL_Anchored, Feat_Resilient_Explorer",5.3
23,Pearson_gt0.30,6,CatBoost,0.6022,0.646,0.5162,0.0994,"{'model__learning_rate': 0.05, 'model__l2_leaf_reg': 3, 'model__iterations': 50, 'model__depth': 4}","sum_weighted_score, Psych_Calculated_Risk, inter_exploratory_brilliance, inter_obsessive_correction, Feat_Resilient_Explorer, Mutant_Omega_Curiosity",4.5
24,Pearson_gt0.20,18,RandomForest,0.6046,0.6462,0.5182,0.0987,"{'model__n_estimators': 100, 'model__min_samples_split': 2, 'model__max_features': 'sqrt', 'model__max_depth': 5}","sum_weighted_score, humility_challenging, struggle_ratio, score_velocity, impulsive_help_ratio, ratio_redo_success, Comp_Joyous_Exploration, Psych_Calculated_Risk, ratio_score_per_hint, inter_exploratory_brilliance, inter_obsessive_correction, inter_cowardice_penalty, Comp_GBA_DS_Anchored, Feat_Resilient_Explorer, Feat_Ego_vs_Capacity, Feat_Strategic_Growth, Mutant_AoL_Resilience, Mutant_Omega_Curiosity",6.0
25,RF_Importance_med,40,KNN_Regressor,0.6193,0.6462,0.5093,0.0989,"{'model__weights': 'distance', 'model__p': 1, 'model__n_neighbors': 15}","sum_weighted_score, struggle_ratio, score_velocity, hard_challenge_efficiency, hint_reading_duration, hint_effectiveness, engagement_persistence, carefulness_index, contemplation_index, exploration_efficiency, hyper_curiosity_index, adaptive_learning_capacity, time_diff_end_vs_start, time_diff_phase3_vs_phase1, time_diff_max_vs_avg, ratio_hint_time, ratio_success_per_duration, PCA_Duration, PCA_Hints, PCA_Dur_x_PCA_Hints, PCA_Dur_squared, Psych_Flow_Stamina, ratio_struggle_time, inter_sweet_victory, PCA_Performance_Star, HighOrd_Star_x_Effort, inter_exploratory_brilliance, inter_obsessive_correction, inter_cowardice_penalty, HighOrd_Score_x_PCAStar, HighOrd_Score_x_PCADuration, Comp_GBA_DS_Anchored, Comp_GBA_AoL_Anchored, Feat_Resilient_Explorer, Feat_Ego_vs_Capacity, Feat_Cognitive_Waste, Feat_Strategic_Growth, Mutant_AoL_Resilience, Mutant_Omega_Curiosity, Mutant_Ego_Death",1.2
26,RFE_Ridge_Top30,30,CatBoost,0.6027,0.6463,0.5202,0.0985,"{'model__learning_rate': 0.05, 'model__l2_leaf_reg': 3, 'model__iterations': 50, 'model__depth': 4}","sum_weighted_score, struggle_ratio, hard_challenge_efficiency, apathy_speed, hint_reading_duration, impulsive_help_ratio, carefulness_index, star_efficiency, exploration_efficiency, ratio_hint_time, ratio_redo_success, PCA_Duration, PCA_Hints, Comp_Joyous_Exploration, Psych_Calculated_Risk, Psych_Ego_Awareness, Psych_Adaptability, Psych_Calculated_Risk_Growth, ratio_struggle_time, inter_ambition_vs_reality, inter_strategic_retreat, PCA_Performance_Star, inter_exploratory_brilliance, inter_obsessive_correction, HighOrd_Score_x_PCAStar, HighOrd_Score_x_PCADuration, Comp_GBA_DS_Anchored, Feat_Resilient_Explorer, Feat_Strategic_Growth, Mutant_Omega_Curiosity",7.9
27,Pearson_gt0.15,24,CatBoost,0.6031,0.6463,0.5185,0.0985,"{'model__learning_rate': 0.05, 'model__l2_leaf_reg': 1, 'model__iterations': 50, 'model__depth': 4}","sum_weighted_score, humility_challenging, struggle_ratio, score_velocity, impulsive_help_ratio, hint_reliance_ratio, carefulness_index, adaptive_learning_capacity, ratio_redo_success, Comp_Joyous_Exploration, Comp_Awareness_Limit, Psych_Calculated_Risk, Psych_Ego_Awareness, ratio_score_per_hint, inter_exploratory_brilliance, inter_obsessive_correction, inter_cowardice_penalty, HighOrd_Score_x_PCADuration, Comp_GBA_DS_Anchored, Feat_Resilient_Explorer, Feat_Ego_vs_Capacity, Feat_Strategic_Growth, Mutant_AoL_Resilience, Mutant_Omega_Curiosity",14.0
28,Kendall_gt0.15,21,RandomForest,0.6052,0.6464,0.5174,0.0983,"{'model__n_estimators': 200, 'model__min_samples_split': 5, 'model__max_features': 'sqrt', 'model__max_depth': 5}","sum_weighted_score, humility_challenging, struggle_ratio, grind_capacity, score_velocity, stubbornness_index, adaptive_learning_capacity, ratio_redo_success, Comp_Joyous_Exploration, Psych_Calculated_Risk, Psych_Ego_Awareness, ratio_score_per_hint, inter_exploratory_brilliance, inter_obsessive_correction, inter_cowardice_penalty, Comp_GBA_AoL_Anchored, Feat_Resilient_Explorer, Feat_Ego_vs_Capacity, Feat_Strategic_Growth, Mutant_AoL_Resilience, Mutant_Omega_Curiosity",5.3
29,Kendall_gt0.10,31,SVR_RBF,0.6138,0.6465,0.5138,0.0979,"{'model__gamma': 0.01, 'model__epsilon': 0.01, 'model__C': 0.1}","sum_weighted_score, humility_challenging, struggle_ratio, grind_capacity, score_velocity, boldness_score, stubbornness_index, impulsive_help_ratio, delayed_gratification_hint, hint_reliance_ratio, carefulness_index, hint_dependency_gravity, adaptive_learning_capacity, stubborn_failure_magnitude, ratio_redo_success, Comp_Joyous_Exploration, Comp_Awareness_Limit, Psych_Calculated_Risk, Psych_Ego_Awareness, Psych_Calculated_Risk_Growth, ratio_score_per_hint, inter_exploratory_brilliance, inter_obsessive_correction, inter_cowardice_penalty, Comp_GBA_DS_Anchored, Comp_GBA_AoL_Anchored, Feat_Resilient_Explorer, Feat_Ego_vs_Capacity, Feat_Strategic_Growth, Mutant_AoL_Resilience, Mutant_Omega_Curiosity",2.1
30,RFE_Ridge_Top30,30,ElasticNet,0.6064,0.6465,0.5162,0.0981,"{'model__l1_ratio': 0.3, 'model__alpha': 0.1}","sum_weighted_score, struggle_ratio, hard_challenge_efficiency, apathy_speed, hint_reading_duration, impulsive_help_ratio, carefulness_index, star_efficiency, exploration_efficiency, ratio_hint_time, ratio_redo_success, PCA_Duration, PCA_Hints, Comp_Joyous_Exploration, Psych_Calculated_Risk, Psych_Ego_Awareness, Psych_Adaptability, Psych_Calculated_Risk_Growth, ratio_struggle_time, inter_ambition_vs_reality, inter_strategic_retreat, PCA_Performance_Star, inter_exploratory_brilliance, inter_obsessive_correction, HighOrd_Score_x_PCAStar, HighOrd_Score_x_PCADuration, Comp_GBA_DS_Anchored, Feat_Resilient_Explorer, Feat_Strategic_Growth, Mutant_Omega_Curiosity",0.6
31,Kendall_gt0.20,13,RandomForest,0.6066,0.6465,0.5186,0.0979,"{'model__n_estimators': 100, 'model__min_samples_split': 2, 'model__max_features': 'sqrt', 'model__max_depth': 5}","sum_weighted_score, score_velocity, adaptive_learning_capacity, Psych_Calculated_Risk, ratio_score_per_hint, inter_exploratory_brilliance, inter_obsessive_correction, inter_cowardice_penalty, Feat_Resilient_Explorer, Feat_Ego_vs_Capacity, Feat_Strategic_Growth, Mutant_AoL_Resilience, Mutant_Omega_Curiosity",6.0
32,RF_Importance_med,40,CatBoost,0.603,0.6465,0.5183,0.0979,"{'model__learning_rate': 0.05, 'model__l2_leaf_reg': 1, 'model__iterations': 50, 'model__depth': 4}","sum_weighted_score, struggle_ratio, score_velocity, hard_challenge_efficiency, hint_reading_duration, hint_effectiveness, engagement_persistence, carefulness_index, contemplation_index, exploration_efficiency, hyper_curiosity_index, adaptive_learning_capacity, time_diff_end_vs_start, time_diff_phase3_vs_phase1, time_diff_max_vs_avg, ratio_hint_time, ratio_success_per_duration, PCA_Duration, PCA_Hints, PCA_Dur_x_PCA_Hints, PCA_Dur_squared, Psych_Flow_Stamina, ratio_struggle_time, inter_sweet_victory, PCA_Performance_Star, HighOrd_Star_x_Effort, inter_exploratory_brilliance, inter_obsessive_correction, inter_cowardice_penalty, HighOrd_Score_x_PCAStar, HighOrd_Score_x_PCADuration, Comp_GBA_DS_Anchored, Comp_GBA_AoL_Anchored, Feat_Resilient_Explorer, Feat_Ego_vs_Capacity, Feat_Cognitive_Waste, Feat_Strategic_Growth, Mutant_AoL_Resilience, Mutant_Omega_Curiosity, Mutant_Ego_Death",18.5
33,Spearman_gt0.20,24,CatBoost,0.6018,0.6467,0.5154,0.0974,"{'model__learning_rate': 0.05, 'model__l2_leaf_reg': 1, 'model__iterations': 50, 'model__depth': 4}","sum_weighted_score, humility_challenging, struggle_ratio, grind_capacity, score_velocity, stubbornness_index, impulsive_help_ratio, hint_reliance_ratio, adaptive_learning_capacity, ratio_redo_success, Comp_Joyous_Exploration, Psych_Calculated_Risk, Psych_Ego_Awareness, ratio_score_per_hint, inter_exploratory_brilliance, inter_obsessive_correction, inter_cowardice_penalty, Comp_GBA_DS_Anchored, Comp_GBA_AoL_Anchored, Feat_Resilient_Explorer, Feat_Ego_vs_Capacity, Feat_Strategic_Growth, Mutant_AoL_Resilience, Mutant_Omega_Curiosity",7.7
34,RF_Importance_med,40,Ridge,0.6094,0.647,0.5147,0.0967,{'model__alpha': 500.0},"sum_weighted_score, struggle_ratio, score_velocity, hard_challenge_efficiency, hint_reading_duration, hint_effectiveness, engagement_persistence, carefulness_index, contemplation_index, exploration_efficiency, hyper_curiosity_index, adaptive_learning_capacity, time_diff_end_vs_start, time_diff_phase3_vs_phase1, time_diff_max_vs_avg, ratio_hint_time, ratio_success_per_duration, PCA_Duration, PCA_Hints, PCA_Dur_x_PCA_Hints, PCA_Dur_squared, Psych_Flow_Stamina, ratio_struggle_time, inter_sweet_victory, PCA_Performance_Star, HighOrd_Star_x_Effort, inter_exploratory_brilliance, inter_obsessive_correction, inter_cowardice_penalty, HighOrd_Score_x_PCAStar, HighOrd_Score_x_PCADuration, Comp_GBA_DS_Anchored, Comp_GBA_AoL_Anchored, Feat_Resilient_Explorer, Feat_Ego_vs_Capacity, Feat_Cognitive_Waste, Feat_Strategic_Growth, Mutant_AoL_Resilience, Mutant_Omega_Curiosity, Mutant_Ego_Death",0.7
35,Kendall_gt0.20,13,SVR_RBF,0.6078,0.6473,0.5177,0.0959,"{'model__gamma': 0.01, 'model__epsilon': 0.1, 'model__C': 1.0}","sum_weighted_score, score_velocity, adaptive_learning_capacity, Psych_Calculated_Risk, ratio_score_per_hint, inter_exploratory_brilliance, inter_obsessive_correction, inter_cowardice_penalty, Feat_Resilient_Explorer, Feat_Ego_vs_Capacity, Feat_Strategic_Growth, Mutant_AoL_Resilience, Mutant_Omega_Curiosity",3.0
36,RF_Importance_p80,16,CatBoost,0.6036,0.6473,0.5167,0.0957,"{'model__learning_rate': 0.05, 'model__l2_leaf_reg': 1, 'model__iterations': 50, 'model__depth': 4}","sum_weighted_score, score_velocity, hint_reading_duration, contemplation_index, time_diff_end_vs_start, time_diff_phase3_vs_phase1, time_diff_max_vs_avg, ratio_success_per_duration, PCA_Dur_squared, Psych_Flow_Stamina, ratio_struggle_time, inter_obsessive_correction, Comp_GBA_DS_Anchored, Comp_GBA_AoL_Anchored, Feat_Resilient_Explorer, Mutant_AoL_Resilience",7.1
37,Spearman_gt0.15,29,CatBoost,0.6021,0.6474,0.5199,0.0954,"{'model__learning_rate': 0.05, 'model__l2_leaf_reg': 5, 'model__iterations': 50, 'model__depth': 6}","sum_weighted_score, humility_challenging, struggle_ratio, grind_capacity, score_velocity, boldness_score, stubbornness_index, impulsive_help_ratio, hint_reliance_ratio, carefulness_index, hint_dependency_gravity, adaptive_learning_capacity, stubborn_failure_magnitude, ratio_redo_success, Comp_Joyous_Exploration, Comp_Awareness_Limit, Psych_Calculated_Risk, Psych_Ego_Awareness, ratio_score_per_hint, inter_exploratory_brilliance, inter_obsessive_correction, inter_cowardice_penalty, Comp_GBA_DS_Anchored, Comp_GBA_AoL_Anchored, Feat_Resilient_Explorer, Feat_Ego_vs_Capacity, Feat_Strategic_Growth, Mutant_AoL_Resilience, Mutant_Omega_Curiosity",11.1
38,Spearman_gt0.30,11,RandomForest,0.6085,0.6475,0.5167,0.0952,"{'model__n_estimators': 200, 'model__min_samples_split': 2, 'model__max_features': 'sqrt', 'model__max_depth': 5}","sum_weighted_score, score_velocity, adaptive_learning_capacity, Psych_Calculated_Risk, inter_exploratory_brilliance, inter_obsessive_correction, inter_cowardice_penalty, Feat_Resilient_Explorer, Feat_Ego_vs_Capacity, Mutant_AoL_Resilience, Mutant_Omega_Curiosity",5.3
39,Pearson_gt0.15,24,RandomForest,0.606,0.6475,0.5204,0.0951,"{'model__n_estimators': 200, 'model__min_samples_split': 5, 'model__max_features': 'sqrt', 'model__max_depth': 5}","sum_weighted_score, humility_challenging, struggle_ratio, score_velocity, impulsive_help_ratio, hint_reliance_ratio, carefulness_index, adaptive_learning_capacity, ratio_redo_success, Comp_Joyous_Exploration, Comp_Awareness_Limit, Psych_Calculated_Risk, Psych_Ego_Awareness, ratio_score_per_hint, inter_exploratory_brilliance, inter_obsessive_correction, inter_cowardice_penalty, HighOrd_Score_x_PCADuration, Comp_GBA_DS_Anchored, Feat_Resilient_Explorer, Feat_Ego_vs_Capacity, Feat_Strategic_Growth, Mutant_AoL_Resilience, Mutant_Omega_Curiosity",6.8
40,Spearman_gt0.15,29,SVR_RBF,0.6132,0.6476,0.5152,0.0948,"{'model__gamma': 0.01, 'model__epsilon': 0.01, 'model__C': 0.1}","sum_weighted_score, humility_challenging, struggle_ratio, grind_capacity, score_velocity, boldness_score, stubbornness_index, impulsive_help_ratio, hint_reliance_ratio, carefulness_index, hint_dependency_gravity, adaptive_learning_capacity, stubborn_failure_magnitude, ratio_redo_success, Comp_Joyous_Exploration, Comp_Awareness_Limit, Psych_Calculated_Risk, Psych_Ego_Awareness, ratio_score_per_hint, inter_exploratory_brilliance, inter_obsessive_correction, inter_cowardice_penalty, Comp_GBA_DS_Anchored, Comp_GBA_AoL_Anchored, Feat_Resilient_Explorer, Feat_Ego_vs_Capacity, Feat_Strategic_Growth, Mutant_AoL_Resilience, Mutant_Omega_Curiosity",2.1
41,RFE_Ridge_Top30,30,Lasso,0.6074,0.6477,0.5185,0.0945,{'model__alpha': 0.01},"sum_weighted_score, struggle_ratio, hard_challenge_efficiency, apathy_speed, hint_reading_duration, impulsive_help_ratio, carefulness_index, star_efficiency, exploration_efficiency, ratio_hint_time, ratio_redo_success, PCA_Duration, PCA_Hints, Comp_Joyous_Exploration, Psych_Calculated_Risk, Psych_Ego_Awareness, Psych_Adaptability, Psych_Calculated_Risk_Growth, ratio_struggle_time, inter_ambition_vs_reality, inter_strategic_retreat, PCA_Performance_Star, inter_exploratory_brilliance, inter_obsessive_correction, HighOrd_Score_x_PCAStar, HighOrd_Score_x_PCADuration, Comp_GBA_DS_Anchored, Feat_Resilient_Explorer, Feat_Strategic_Growth, Mutant_Omega_Curiosity",0.5
42,MutualInfo_p90,8,SVR_RBF,0.6092,0.6477,0.5157,0.0946,"{'model__gamma': 0.001, 'model__epsilon': 0.01, 'model__C': 10.0}","sum_weighted_score, humility_challenging, stubbornness_index, impulsive_help_ratio, adaptive_learning_capacity, ratio_redo_success, Comp_GBA_AoL_Anchored, Feat_Resilient_Explorer",1.0
43,RF_Importance_med,40,ElasticNet,0.6099,0.648,0.5175,0.0938,"{'model__l1_ratio': 0.3, 'model__alpha': 0.1}","sum_weighted_score, struggle_ratio, score_velocity, hard_challenge_efficiency, hint_reading_duration, hint_effectiveness, engagement_persistence, carefulness_index, contemplation_index, exploration_efficiency, hyper_curiosity_index, adaptive_learning_capacity, time_diff_end_vs_start, time_diff_phase3_vs_phase1, time_diff_max_vs_avg, ratio_hint_time, ratio_success_per_duration, PCA_Duration, PCA_Hints, PCA_Dur_x_PCA_Hints, PCA_Dur_squared, Psych_Flow_Stamina, ratio_struggle_time, inter_sweet_victory, PCA_Performance_Star, HighOrd_Star_x_Effort, inter_exploratory_brilliance, inter_obsessive_correction, inter_cowardice_penalty, HighOrd_Score_x_PCAStar, HighOrd_Score_x_PCADuration, Comp_GBA_DS_Anchored, Comp_GBA_AoL_Anchored, Feat_Resilient_Explorer, Feat_Ego_vs_Capacity, Feat_Cognitive_Waste, Feat_Strategic_Growth, Mutant_AoL_Resilience, Mutant_Omega_Curiosity, Mutant_Ego_Death",0.9
44,Pearson_gt0.20,18,KNN_Regressor,0.6169,0.6482,0.5152,0.0933,"{'model__weights': 'uniform', 'model__p': 1, 'model__n_neighbors': 15}","sum_weighted_score, humility_challenging, struggle_ratio, score_velocity, impulsive_help_ratio, ratio_redo_success, Comp_Joyous_Exploration, Psych_Calculated_Risk, ratio_score_per_hint, inter_exploratory_brilliance, inter_obsessive_correction, inter_cowardice_penalty, Comp_GBA_DS_Anchored, Feat_Resilient_Explorer, Feat_Ego_vs_Capacity, Feat_Strategic_Growth, Mutant_AoL_Resilience, Mutant_Omega_Curiosity",0.6
45,MutualInfo_p70,24,RandomForest,0.6072,0.6482,0.5201,0.0933,"{'model__n_estimators': 200, 'model__min_samples_split': 2, 'model__max_features': 'sqrt', 'model__max_depth': 5}","sum_weighted_score, humility_challenging, struggle_ratio, grind_capacity, score_velocity, hard_challenge_efficiency, stubbornness_index, impulsive_help_ratio, hint_dependency_gravity, reckless_action_index, adaptive_learning_capacity, ratio_redo_success, Comp_Joyous_Exploration, Psych_Calculated_Risk_Growth, ratio_score_per_hint, inter_exploratory_brilliance, inter_obsessive_correction, inter_cowardice_penalty, Comp_GBA_DS_Anchored, Comp_GBA_AoL_Anchored, Feat_Resilient_Explorer, Feat_Ego_vs_Capacity, Mutant_AoL_Resilience, Mutant_Omega_Curiosity",6.1
46,Lasso_NonZero,29,CatBoost,0.6019,0.6483,0.5237,0.0929,"{'model__learning_rate': 0.05, 'model__l2_leaf_reg': 3, 'model__iterations': 50, 'model__depth': 4}","sum_weighted_score, struggle_ratio, grind_capacity, boldness_score, impulsive_help_ratio, delayed_gratification_hint, hint_reliance_ratio, carefulness_index, tuas_dominance, keypad_dominance, hesitation_penalty, exploration_efficiency, hint_dependency_gravity, reckless_action_index, calculated_risk_taking, stubborn_failure_magnitude, time_diff_end_vs_start, ratio_success_per_duration, inter_hint_x_skip, Comp_Awareness_Limit, Psych_Ego_Awareness, ratio_struggle_time, HighOrd_Star_x_Effort, inter_obsessive_correction, inter_cowardice_penalty, Comp_GBA_AoL_Anchored, Feat_Strategic_Growth, Mutant_AoL_Resilience, Mutant_Omega_Curiosity",6.8
47,RFE_Ridge_Top20,20,Lasso,0.6068,0.6484,0.5199,0.0927,{'model__alpha': 0.01},"sum_weighted_score, struggle_ratio, hard_challenge_efficiency, impulsive_help_ratio, carefulness_index, star_efficiency, ratio_hint_time, ratio_redo_success, PCA_Hints, Comp_Joyous_Exploration, Psych_Calculated_Risk, Psych_Adaptability, Psych_Calculated_Risk_Growth, ratio_struggle_time, inter_strategic_retreat, inter_exploratory_brilliance, inter_obsessive_correction, Comp_GBA_DS_Anchored, Feat_Resilient_Explorer, Mutant_Omega_Curiosity",0.3
48,Pearson_gt0.15,24,ElasticNet,0.608,0.6485,0.5182,0.0925,"{'model__l1_ratio': 0.3, 'model__alpha': 0.1}","sum_weighted_score, humility_challenging, struggle_ratio, score_velocity, impulsive_help_ratio, hint_reliance_ratio, carefulness_index, adaptive_learning_capacity, ratio_redo_success, Comp_Joyous_Exploration, Comp_Awareness_Limit, Psych_Calculated_Risk, Psych_Ego_Awareness, ratio_score_per_hint, inter_exploratory_brilliance, inter_obsessive_correction, inter_cowardice_penalty, HighOrd_Score_x_PCADuration, Comp_GBA_DS_Anchored, Feat_Resilient_Explorer, Feat_Ego_vs_Capacity, Feat_Strategic_Growth, Mutant_AoL_Resilience, Mutant_Omega_Curiosity",0.8
49,Spearman_gt0.30,11,SVR_RBF,0.6058,0.6486,0.5207,0.0922,"{'model__gamma': 0.01, 'model__epsilon': 0.1, 'model__C': 1.0}","sum_weighted_score, score_velocity, adaptive_learning_capacity, Psych_Calculated_Risk, inter_exploratory_brilliance, inter_obsessive_correction, inter_cowardice_penalty, Feat_Resilient_Explorer, Feat_Ego_vs_Capacity, Mutant_AoL_Resilience, Mutant_Omega_Curiosity",1.1
50,MutualInfo_p80,16,RandomForest,0.6058,0.6487,0.5224,0.0918,"{'model__n_estimators': 100, 'model__min_samples_split': 2, 'model__max_features': 'sqrt', 'model__max_depth': 5}","sum_weighted_score, humility_challenging, struggle_ratio, grind_capacity, hard_challenge_efficiency, stubbornness_index, impulsive_help_ratio, adaptive_learning_capacity, ratio_redo_success, Comp_Joyous_Exploration, inter_exploratory_brilliance, inter_obsessive_correction, Comp_GBA_AoL_Anchored, Feat_Resilient_Explorer, Mutant_AoL_Resilience, Mutant_Omega_Curiosity",5.6
51,Kendall_gt0.10,31,CatBoost,0.6013,0.6487,0.5201,0.0918,"{'model__learning_rate': 0.05, 'model__l2_leaf_reg': 3, 'model__iterations': 50, 'model__depth': 4}","sum_weighted_score, humility_challenging, struggle_ratio, grind_capacity, score_velocity, boldness_score, stubbornness_index, impulsive_help_ratio, delayed_gratification_hint, hint_reliance_ratio, carefulness_index, hint_dependency_gravity, adaptive_learning_capacity, stubborn_failure_magnitude, ratio_redo_success, Comp_Joyous_Exploration, Comp_Awareness_Limit, Psych_Calculated_Risk, Psych_Ego_Awareness, Psych_Calculated_Risk_Growth, ratio_score_per_hint, inter_exploratory_brilliance, inter_obsessive_correction, inter_cowardice_penalty, Comp_GBA_DS_Anchored, Comp_GBA_AoL_Anchored, Feat_Resilient_Explorer, Feat_Ego_vs_Capacity, Feat_Strategic_Growth, Mutant_AoL_Resilience, Mutant_Omega_Curiosity",8.1
52,RFE_Ridge_Top20,20,XGBoost,0.6229,0.6489,0.5235,0.0911,"{'model__subsample': 1.0, 'model__max_depth': 3, 'model__learning_rate': 0.05, 'model__colsample_bytree': 0.8}","sum_weighted_score, struggle_ratio, hard_challenge_efficiency, impulsive_help_ratio, carefulness_index, star_efficiency, ratio_hint_time, ratio_redo_success, PCA_Hints, Comp_Joyous_Exploration, Psych_Calculated_Risk, Psych_Adaptability, Psych_Calculated_Risk_Growth, ratio_struggle_time, inter_strategic_retreat, inter_exploratory_brilliance, inter_obsessive_correction, Comp_GBA_DS_Anchored, Feat_Resilient_Explorer, Mutant_Omega_Curiosity",7.8
53,Kendall_gt0.20,13,KNN_Regressor,0.6191,0.649,0.5173,0.0911,"{'model__weights': 'uniform', 'model__p': 1, 'model__n_neighbors': 15}","sum_weighted_score, score_velocity, adaptive_learning_capacity, Psych_Calculated_Risk, ratio_score_per_hint, inter_exploratory_brilliance, inter_obsessive_correction, inter_cowardice_penalty, Feat_Resilient_Explorer, Feat_Ego_vs_Capacity, Feat_Strategic_Growth, Mutant_AoL_Resilience, Mutant_Omega_Curiosity",1.1
54,Kendall_gt0.10,31,RandomForest,0.6042,0.6491,0.5207,0.0907,"{'model__n_estimators': 200, 'model__min_samples_split': 2, 'model__max_features': 'log2', 'model__max_depth': 5}","sum_weighted_score, humility_challenging, struggle_ratio, grind_capacity, score_velocity, boldness_score, stubbornness_index, impulsive_help_ratio, delayed_gratification_hint, hint_reliance_ratio, carefulness_index, hint_dependency_gravity, adaptive_learning_capacity, stubborn_failure_magnitude, ratio_redo_success, Comp_Joyous_Exploration, Comp_Awareness_Limit, Psych_Calculated_Risk, Psych_Ego_Awareness, Psych_Calculated_Risk_Growth, ratio_score_per_hint, inter_exploratory_brilliance, inter_obsessive_correction, inter_cowardice_penalty, Comp_GBA_DS_Anchored, Comp_GBA_AoL_Anchored, Feat_Resilient_Explorer, Feat_Ego_vs_Capacity, Feat_Strategic_Growth, Mutant_AoL_Resilience, Mutant_Omega_Curiosity",5.1
55,RF_Importance_p90,8,CatBoost,0.6047,0.6491,0.5183,0.0906,"{'model__learning_rate': 0.05, 'model__l2_leaf_reg': 3, 'model__iterations': 50, 'model__depth': 4}","sum_weighted_score, hint_reading_duration, time_diff_end_vs_start, time_diff_max_vs_avg, inter_obsessive_correction, Comp_GBA_AoL_Anchored, Feat_Resilient_Explorer, Mutant_AoL_Resilience",4.4
56,Spearman_gt0.15,29,RandomForest,0.6047,0.6493,0.522,0.0901,"{'model__n_estimators': 200, 'model__min_samples_split': 2, 'model__max_features': 'sqrt', 'model__max_depth': 5}","sum_weighted_score, humility_challenging, struggle_ratio, grind_capacity, score_velocity, boldness_score, stubbornness_index, impulsive_help_ratio, hint_reliance_ratio, carefulness_index, hint_dependency_gravity, adaptive_learning_capacity, stubborn_failure_magnitude, ratio_redo_success, Comp_Joyous_Exploration, Comp_Awareness_Limit, Psych_Calculated_Risk, Psych_Ego_Awareness, ratio_score_per_hint, inter_exploratory_brilliance, inter_obsessive_correction, inter_cowardice_penalty, Comp_GBA_DS_Anchored, Comp_GBA_AoL_Anchored, Feat_Resilient_Explorer, Feat_Ego_vs_Capacity, Feat_Strategic_Growth, Mutant_AoL_Resilience, Mutant_Omega_Curiosity",6.0
57,Kendall_gt0.15,21,KNN_Regressor,0.6118,0.6493,0.5231,0.0901,"{'model__weights': 'uniform', 'model__p': 1, 'model__n_neighbors': 15}","sum_weighted_score, humility_challenging, struggle_ratio, grind_capacity, score_velocity, stubbornness_index, adaptive_learning_capacity, ratio_redo_success, Comp_Joyous_Exploration, Psych_Calculated_Risk, Psych_Ego_Awareness, ratio_score_per_hint, inter_exploratory_brilliance, inter_obsessive_correction, inter_cowardice_penalty, Comp_GBA_AoL_Anchored, Feat_Resilient_Explorer, Feat_Ego_vs_Capacity, Feat_Strategic_Growth, Mutant_AoL_Resilience, Mutant_Omega_Curiosity",1.0
58,RFE_Ridge_Top30,30,RandomForest,0.6055,0.6493,0.5202,0.0901,"{'model__n_estimators': 200, 'model__min_samples_split': 2, 'model__max_features': 'log2', 'model__max_depth': 5}","sum_weighted_score, struggle_ratio, hard_challenge_efficiency, apathy_speed, hint_reading_duration, impulsive_help_ratio, carefulness_index, star_efficiency, exploration_efficiency, ratio_hint_time, ratio_redo_success, PCA_Duration, PCA_Hints, Comp_Joyous_Exploration, Psych_Calculated_Risk, Psych_Ego_Awareness, Psych_Adaptability, Psych_Calculated_Risk_Growth, ratio_struggle_time, inter_ambition_vs_reality, inter_strategic_retreat, PCA_Performance_Star, inter_exploratory_brilliance, inter_obsessive_correction, HighOrd_Score_x_PCAStar, HighOrd_Score_x_PCADuration, Comp_GBA_DS_Anchored, Feat_Resilient_Explorer, Feat_Strategic_Growth, Mutant_Omega_Curiosity",5.1
59,Pearson_gt0.15,24,Lasso,0.6075,0.6495,0.5207,0.0896,{'model__alpha': 0.01},"sum_weighted_score, humility_challenging, struggle_ratio, score_velocity, impulsive_help_ratio, hint_reliance_ratio, carefulness_index, adaptive_learning_capacity, ratio_redo_success, Comp_Joyous_Exploration, Comp_Awareness_Limit, Psych_Calculated_Risk, Psych_Ego_Awareness, ratio_score_per_hint, inter_exploratory_brilliance, inter_obsessive_correction, inter_cowardice_penalty, HighOrd_Score_x_PCADuration, Comp_GBA_DS_Anchored, Feat_Resilient_Explorer, Feat_Ego_vs_Capacity, Feat_Strategic_Growth, Mutant_AoL_Resilience, Mutant_Omega_Curiosity",7.2
60,MutualInfo_p90,8,Ridge,0.6061,0.6498,0.5158,0.0887,{'model__alpha': 100.0},"sum_weighted_score, humility_challenging, stubbornness_index, impulsive_help_ratio, adaptive_learning_capacity, ratio_redo_success, Comp_GBA_AoL_Anchored, Feat_Resilient_Explorer",0.2
61,Pearson_gt0.30,6,XGBoost,0.6199,0.6498,0.5187,0.0888,"{'model__subsample': 0.8, 'model__max_depth': 3, 'model__learning_rate': 0.05, 'model__colsample_bytree': 0.8}","sum_weighted_score, Psych_Calculated_Risk, inter_exploratory_brilliance, inter_obsessive_correction, Feat_Resilient_Explorer, Mutant_Omega_Curiosity",3.6
62,Spearman_gt0.30,11,XGBoost,0.6253,0.6499,0.5112,0.0885,"{'model__subsample': 1.0, 'model__max_depth': 3, 'model__learning_rate': 0.05, 'model__colsample_bytree': 0.8}","sum_weighted_score, score_velocity, adaptive_learning_capacity, Psych_Calculated_Risk, inter_exploratory_brilliance, inter_obsessive_correction, inter_cowardice_penalty, Feat_Resilient_Explorer, Feat_Ego_vs_Capacity, Mutant_AoL_Resilience, Mutant_Omega_Curiosity",6.8
63,RFE_Ridge_Top30,30,Ridge,0.602,0.65,0.5176,0.0881,{'model__alpha': 100.0},"sum_weighted_score, struggle_ratio, hard_challenge_efficiency, apathy_speed, hint_reading_duration, impulsive_help_ratio, carefulness_index, star_efficiency, exploration_efficiency, ratio_hint_time, ratio_redo_success, PCA_Duration, PCA_Hints, Comp_Joyous_Exploration, Psych_Calculated_Risk, Psych_Ego_Awareness, Psych_Adaptability, Psych_Calculated_Risk_Growth, ratio_struggle_time, inter_ambition_vs_reality, inter_strategic_retreat, PCA_Performance_Star, inter_exploratory_brilliance, inter_obsessive_correction, HighOrd_Score_x_PCAStar, HighOrd_Score_x_PCADuration, Comp_GBA_DS_Anchored, Feat_Resilient_Explorer, Feat_Strategic_Growth, Mutant_Omega_Curiosity",0.4
64,RF_Importance_med,40,RandomForest,0.6082,0.65,0.5185,0.0882,"{'model__n_estimators': 200, 'model__min_samples_split': 5, 'model__max_features': 'sqrt', 'model__max_depth': 5}","sum_weighted_score, struggle_ratio, score_velocity, hard_challenge_efficiency, hint_reading_duration, hint_effectiveness, engagement_persistence, carefulness_index, contemplation_index, exploration_efficiency, hyper_curiosity_index, adaptive_learning_capacity, time_diff_end_vs_start, time_diff_phase3_vs_phase1, time_diff_max_vs_avg, ratio_hint_time, ratio_success_per_duration, PCA_Duration, PCA_Hints, PCA_Dur_x_PCA_Hints, PCA_Dur_squared, Psych_Flow_Stamina, ratio_struggle_time, inter_sweet_victory, PCA_Performance_Star, HighOrd_Star_x_Effort, inter_exploratory_brilliance, inter_obsessive_correction, inter_cowardice_penalty, HighOrd_Score_x_PCAStar, HighOrd_Score_x_PCADuration, Comp_GBA_DS_Anchored, Comp_GBA_AoL_Anchored, Feat_Resilient_Explorer, Feat_Ego_vs_Capacity, Feat_Cognitive_Waste, Feat_Strategic_Growth, Mutant_AoL_Resilience, Mutant_Omega_Curiosity, Mutant_Ego_Death",6.5
65,Pearson_gt0.20,18,Lasso,0.6075,0.65,0.521,0.0882,{'model__alpha': 0.01},"sum_weighted_score, humility_challenging, struggle_ratio, score_velocity, impulsive_help_ratio, ratio_redo_success, Comp_Joyous_Exploration, Psych_Calculated_Risk, ratio_score_per_hint, inter_exploratory_brilliance, inter_obsessive_correction, inter_cowardice_penalty, Comp_GBA_DS_Anchored, Feat_Resilient_Explorer, Feat_Ego_vs_Capacity, Feat_Strategic_Growth, Mutant_AoL_Resilience, Mutant_Omega_Curiosity",0.6
66,Pearson_gt0.20,18,Ridge,0.6048,0.6502,0.5197,0.0877,{'model__alpha': 100.0},"sum_weighted_score, humility_challenging, struggle_ratio, score_velocity, impulsive_help_ratio, ratio_redo_success, Comp_Joyous_Exploration, Psych_Calculated_Risk, ratio_score_per_hint, inter_exploratory_brilliance, inter_obsessive_correction, inter_cowardice_penalty, Comp_GBA_DS_Anchored, Feat_Resilient_Explorer, Feat_Ego_vs_Capacity, Feat_Strategic_Growth, Mutant_AoL_Resilience, Mutant_Omega_Curiosity",0.6
67,Kendall_gt0.20,13,XGBoost,0.6258,0.6502,0.5123,0.0875,"{'model__subsample': 1.0, 'model__max_depth': 3, 'model__learning_rate': 0.05, 'model__colsample_bytree': 0.8}","sum_weighted_score, score_velocity, adaptive_learning_capacity, Psych_Calculated_Risk, ratio_score_per_hint, inter_exploratory_brilliance, inter_obsessive_correction, inter_cowardice_penalty, Feat_Resilient_Explorer, Feat_Ego_vs_Capacity, Feat_Strategic_Growth, Mutant_AoL_Resilience, Mutant_Omega_Curiosity",7.2
68,MutualInfo_p70,24,Ridge,0.6069,0.6503,0.5179,0.0872,{'model__alpha': 500.0},"sum_weighted_score, humility_challenging, struggle_ratio, grind_capacity, score_velocity, hard_challenge_efficiency, stubbornness_index, impulsive_help_ratio, hint_dependency_gravity, reckless_action_index, adaptive_learning_capacity, ratio_redo_success, Comp_Joyous_Exploration, Psych_Calculated_Risk_Growth, ratio_score_per_hint, inter_exploratory_brilliance, inter_obsessive_correction, inter_cowardice_penalty, Comp_GBA_DS_Anchored, Comp_GBA_AoL_Anchored, Feat_Resilient_Explorer, Feat_Ego_vs_Capacity, Mutant_AoL_Resilience, Mutant_Omega_Curiosity",0.4
69,RF_Importance_p80,16,ElasticNet,0.606,0.6505,0.5188,0.0869,"{'model__l1_ratio': 0.3, 'model__alpha': 0.1}","sum_weighted_score, score_velocity, hint_reading_duration, contemplation_index, time_diff_end_vs_start, time_diff_phase3_vs_phase1, time_diff_max_vs_avg, ratio_success_per_duration, PCA_Dur_squared, Psych_Flow_Stamina, ratio_struggle_time, inter_obsessive_correction, Comp_GBA_DS_Anchored, Comp_GBA_AoL_Anchored, Feat_Resilient_Explorer, Mutant_AoL_Resilience",0.7
70,Pearson_gt0.15,24,Ridge,0.6055,0.6506,0.5209,0.0866,{'model__alpha': 100.0},"sum_weighted_score, humility_challenging, struggle_ratio, score_velocity, impulsive_help_ratio, hint_reliance_ratio, carefulness_index, adaptive_learning_capacity, ratio_redo_success, Comp_Joyous_Exploration, Comp_Awareness_Limit, Psych_Calculated_Risk, Psych_Ego_Awareness, ratio_score_per_hint, inter_exploratory_brilliance, inter_obsessive_correction, inter_cowardice_penalty, HighOrd_Score_x_PCADuration, Comp_GBA_DS_Anchored, Feat_Resilient_Explorer, Feat_Ego_vs_Capacity, Feat_Strategic_Growth, Mutant_AoL_Resilience, Mutant_Omega_Curiosity",0.5
71,RFE_Ridge_Top20,20,Ridge,0.6019,0.6507,0.5204,0.0861,{'model__alpha': 100.0},"sum_weighted_score, struggle_ratio, hard_challenge_efficiency, impulsive_help_ratio, carefulness_index, star_efficiency, ratio_hint_time, ratio_redo_success, PCA_Hints, Comp_Joyous_Exploration, Psych_Calculated_Risk, Psych_Adaptability, Psych_Calculated_Risk_Growth, ratio_struggle_time, inter_strategic_retreat, inter_exploratory_brilliance, inter_obsessive_correction, Comp_GBA_DS_Anchored, Feat_Resilient_Explorer, Mutant_Omega_Curiosity",0.3
72,Pearson_gt0.30,6,Lasso,0.6036,0.6508,0.5215,0.0859,{'model__alpha': 0.01},"sum_weighted_score, Psych_Calculated_Risk, inter_exploratory_brilliance, inter_obsessive_correction, Feat_Resilient_Explorer, Mutant_Omega_Curiosity",0.2
73,Lasso_NonZero,29,ElasticNet,0.6043,0.651,0.5191,0.0853,"{'model__l1_ratio': 0.3, 'model__alpha': 0.1}","sum_weighted_score, struggle_ratio, grind_capacity, boldness_score, impulsive_help_ratio, delayed_gratification_hint, hint_reliance_ratio, carefulness_index, tuas_dominance, keypad_dominance, hesitation_penalty, exploration_efficiency, hint_dependency_gravity, reckless_action_index, calculated_risk_taking, stubborn_failure_magnitude, time_diff_end_vs_start, ratio_success_per_duration, inter_hint_x_skip, Comp_Awareness_Limit, Psych_Ego_Awareness, ratio_struggle_time, HighOrd_Star_x_Effort, inter_obsessive_correction, inter_cowardice_penalty, Comp_GBA_AoL_Anchored, Feat_Strategic_Growth, Mutant_AoL_Resilience, Mutant_Omega_Curiosity",0.6
74,MutualInfo_p90,8,PLSRegression,0.6057,0.6512,0.5174,0.0848,{'model__n_components': 2},"sum_weighted_score, humility_challenging, stubbornness_index, impulsive_help_ratio, adaptive_learning_capacity, ratio_redo_success, Comp_GBA_AoL_Anchored, Feat_Resilient_Explorer",0.2
75,Kendall_gt0.15,21,Ridge,0.6059,0.6513,0.5193,0.0846,{'model__alpha': 100.0},"sum_weighted_score, humility_challenging, struggle_ratio, grind_capacity, score_velocity, stubbornness_index, adaptive_learning_capacity, ratio_redo_success, Comp_Joyous_Exploration, Psych_Calculated_Risk, Psych_Ego_Awareness, ratio_score_per_hint, inter_exploratory_brilliance, inter_obsessive_correction, inter_cowardice_penalty, Comp_GBA_AoL_Anchored, Feat_Resilient_Explorer, Feat_Ego_vs_Capacity, Feat_Strategic_Growth, Mutant_AoL_Resilience, Mutant_Omega_Curiosity",0.3
76,Pearson_gt0.30,6,ElasticNet,0.6033,0.6513,0.522,0.0845,"{'model__l1_ratio': 0.7, 'model__alpha': 0.01}","sum_weighted_score, Psych_Calculated_Risk, inter_exploratory_brilliance, inter_obsessive_correction, Feat_Resilient_Explorer, Mutant_Omega_Curiosity",0.3
77,MutualInfo_p80,16,PLSRegression,0.6068,0.6514,0.5202,0.0843,{'model__n_components': 2},"sum_weighted_score, humility_challenging, struggle_ratio, grind_capacity, hard_challenge_efficiency, stubbornness_index, impulsive_help_ratio, adaptive_learning_capacity, ratio_redo_success, Comp_Joyous_Exploration, inter_exploratory_brilliance, inter_obsessive_correction, Comp_GBA_AoL_Anchored, Feat_Resilient_Explorer, Mutant_AoL_Resilience, Mutant_Omega_Curiosity",0.3
78,RF_Importance_p80,16,KNN_Regressor,0.6165,0.6515,0.5146,0.0839,"{'model__weights': 'uniform', 'model__p': 2, 'model__n_neighbors': 15}","sum_weighted_score, score_velocity, hint_reading_duration, contemplation_index, time_diff_end_vs_start, time_diff_phase3_vs_phase1, time_diff_max_vs_avg, ratio_success_per_duration, PCA_Dur_squared, Psych_Flow_Stamina, ratio_struggle_time, inter_obsessive_correction, Comp_GBA_DS_Anchored, Comp_GBA_AoL_Anchored, Feat_Resilient_Explorer, Mutant_AoL_Resilience",0.8
79,Kendall_gt0.20,13,Lasso,0.6043,0.6515,0.5226,0.0841,{'model__alpha': 0.01},"sum_weighted_score, score_velocity, adaptive_learning_capacity, Psych_Calculated_Risk, ratio_score_per_hint, inter_exploratory_brilliance, inter_obsessive_correction, inter_cowardice_penalty, Feat_Resilient_Explorer, Feat_Ego_vs_Capacity, Feat_Strategic_Growth, Mutant_AoL_Resilience, Mutant_Omega_Curiosity",0.6
80,Spearman_gt0.30,11,Lasso,0.6042,0.6515,0.5226,0.0841,{'model__alpha': 0.01},"sum_weighted_score, score_velocity, adaptive_learning_capacity, Psych_Calculated_Risk, inter_exploratory_brilliance, inter_obsessive_correction, inter_cowardice_penalty, Feat_Resilient_Explorer, Feat_Ego_vs_Capacity, Mutant_AoL_Resilience, Mutant_Omega_Curiosity",0.3
81,MutualInfo_p80,16,Ridge,0.6064,0.6515,0.5198,0.084,{'model__alpha': 100.0},"sum_weighted_score, humility_challenging, struggle_ratio, grind_capacity, hard_challenge_efficiency, stubbornness_index, impulsive_help_ratio, adaptive_learning_capacity, ratio_redo_success, Comp_Joyous_Exploration, inter_exploratory_brilliance, inter_obsessive_correction, Comp_GBA_AoL_Anchored, Feat_Resilient_Explorer, Mutant_AoL_Resilience, Mutant_Omega_Curiosity",0.3
82,MutualInfo_p80,16,KNN_Regressor,0.6081,0.6515,0.5229,0.0839,"{'model__weights': 'uniform', 'model__p': 1, 'model__n_neighbors': 15}","sum_weighted_score, humility_challenging, struggle_ratio, grind_capacity, hard_challenge_efficiency, stubbornness_index, impulsive_help_ratio, adaptive_learning_capacity, ratio_redo_success, Comp_Joyous_Exploration, inter_exploratory_brilliance, inter_obsessive_correction, Comp_GBA_AoL_Anchored, Feat_Resilient_Explorer, Mutant_AoL_Resilience, Mutant_Omega_Curiosity",0.5
83,Pearson_gt0.20,18,PLSRegression,0.6072,0.6516,0.5212,0.0837,{'model__n_components': 2},"sum_weighted_score, humility_challenging, struggle_ratio, score_velocity, impulsive_help_ratio, ratio_redo_success, Comp_Joyous_Exploration, Psych_Calculated_Risk, ratio_score_per_hint, inter_exploratory_brilliance, inter_obsessive_correction, inter_cowardice_penalty, Comp_GBA_DS_Anchored, Feat_Resilient_Explorer, Feat_Ego_vs_Capacity, Feat_Strategic_Growth, Mutant_AoL_Resilience, Mutant_Omega_Curiosity",0.5
84,RF_Importance_p90,8,Lasso,0.6038,0.6516,0.5222,0.0838,{'model__alpha': 0.01},"sum_weighted_score, hint_reading_duration, time_diff_end_vs_start, time_diff_max_vs_avg, inter_obsessive_correction, Comp_GBA_AoL_Anchored, Feat_Resilient_Explorer, Mutant_AoL_Resilience",0.2
85,RF_Importance_p90,8,PLSRegression,0.6062,0.6517,0.5235,0.0835,{'model__n_components': 3},"sum_weighted_score, hint_reading_duration, time_diff_end_vs_start, time_diff_max_vs_avg, inter_obsessive_correction, Comp_GBA_AoL_Anchored, Feat_Resilient_Explorer, Mutant_AoL_Resilience",0.2
86,RFE_Ridge_Top20,20,SVR_RBF,0.6075,0.6519,0.5216,0.0827,"{'model__gamma': 0.001, 'model__epsilon': 0.01, 'model__C': 10.0}","sum_weighted_score, struggle_ratio, hard_challenge_efficiency, impulsive_help_ratio, carefulness_index, star_efficiency, ratio_hint_time, ratio_redo_success, PCA_Hints, Comp_Joyous_Exploration, Psych_Calculated_Risk, Psych_Adaptability, Psych_Calculated_Risk_Growth, ratio_struggle_time, inter_strategic_retreat, inter_exploratory_brilliance, inter_obsessive_correction, Comp_GBA_DS_Anchored, Feat_Resilient_Explorer, Mutant_Omega_Curiosity",1.4
87,Pearson_gt0.30,6,SVR_Linear,0.6081,0.652,0.5197,0.0827,"{'model__epsilon': 0.1, 'model__C': 10.0}","sum_weighted_score, Psych_Calculated_Risk, inter_exploratory_brilliance, inter_obsessive_correction, Feat_Resilient_Explorer, Mutant_Omega_Curiosity",0.3
88,Pearson_gt0.30,6,HuberRegressor,0.6067,0.6521,0.5233,0.0823,"{'model__epsilon': 2.0, 'model__alpha': 0.01}","sum_weighted_score, Psych_Calculated_Risk, inter_exploratory_brilliance, inter_obsessive_correction, Feat_Resilient_Explorer, Mutant_Omega_Curiosity",0.3
89,MutualInfo_p90,8,Lasso,0.6052,0.6524,0.5197,0.0814,{'model__alpha': 0.01},"sum_weighted_score, humility_challenging, stubbornness_index, impulsive_help_ratio, adaptive_learning_capacity, ratio_redo_success, Comp_GBA_AoL_Anchored, Feat_Resilient_Explorer",0.3
90,RF_Importance_p90,8,ElasticNet,0.6041,0.6524,0.5231,0.0816,"{'model__l1_ratio': 0.7, 'model__alpha': 0.01}","sum_weighted_score, hint_reading_duration, time_diff_end_vs_start, time_diff_max_vs_avg, inter_obsessive_correction, Comp_GBA_AoL_Anchored, Feat_Resilient_Explorer, Mutant_AoL_Resilience",0.3
91,Kendall_gt0.15,21,Lasso,0.6069,0.6526,0.5221,0.0808,{'model__alpha': 0.01},"sum_weighted_score, humility_challenging, struggle_ratio, grind_capacity, score_velocity, stubbornness_index, adaptive_learning_capacity, ratio_redo_success, Comp_Joyous_Exploration, Psych_Calculated_Risk, Psych_Ego_Awareness, ratio_score_per_hint, inter_exploratory_brilliance, inter_obsessive_correction, inter_cowardice_penalty, Comp_GBA_AoL_Anchored, Feat_Resilient_Explorer, Feat_Ego_vs_Capacity, Feat_Strategic_Growth, Mutant_AoL_Resilience, Mutant_Omega_Curiosity",0.4
92,MutualInfo_p70,24,KNN_Regressor,0.6123,0.6526,0.5218,0.0807,"{'model__weights': 'uniform', 'model__p': 1, 'model__n_neighbors': 15}","sum_weighted_score, humility_challenging, struggle_ratio, grind_capacity, score_velocity, hard_challenge_efficiency, stubbornness_index, impulsive_help_ratio, hint_dependency_gravity, reckless_action_index, adaptive_learning_capacity, ratio_redo_success, Comp_Joyous_Exploration, Psych_Calculated_Risk_Growth, ratio_score_per_hint, inter_exploratory_brilliance, inter_obsessive_correction, inter_cowardice_penalty, Comp_GBA_DS_Anchored, Comp_GBA_AoL_Anchored, Feat_Resilient_Explorer, Feat_Ego_vs_Capacity, Mutant_AoL_Resilience, Mutant_Omega_Curiosity",0.9
93,MutualInfo_p90,8,ElasticNet,0.6054,0.6526,0.5199,0.081,"{'model__l1_ratio': 0.7, 'model__alpha': 0.01}","sum_weighted_score, humility_challenging, stubbornness_index, impulsive_help_ratio, adaptive_learning_capacity, ratio_redo_success, Comp_GBA_AoL_Anchored, Feat_Resilient_Explorer",0.3
94,Spearman_gt0.30,11,ElasticNet,0.6041,0.6531,0.5245,0.0795,"{'model__l1_ratio': 0.7, 'model__alpha': 0.01}","sum_weighted_score, score_velocity, adaptive_learning_capacity, Psych_Calculated_Risk, inter_exploratory_brilliance, inter_obsessive_correction, inter_cowardice_penalty, Feat_Resilient_Explorer, Feat_Ego_vs_Capacity, Mutant_AoL_Resilience, Mutant_Omega_Curiosity",0.4
95,Kendall_gt0.20,13,ElasticNet,0.6042,0.6531,0.5245,0.0795,"{'model__l1_ratio': 0.7, 'model__alpha': 0.01}","sum_weighted_score, score_velocity, adaptive_learning_capacity, Psych_Calculated_Risk, ratio_score_per_hint, inter_exploratory_brilliance, inter_obsessive_correction, inter_cowardice_penalty, Feat_Resilient_Explorer, Feat_Ego_vs_Capacity, Feat_Strategic_Growth, Mutant_AoL_Resilience, Mutant_Omega_Curiosity",0.9
96,Pearson_gt0.30,6,Ridge,0.6046,0.6531,0.5224,0.0795,{'model__alpha': 100.0},"sum_weighted_score, Psych_Calculated_Risk, inter_exploratory_brilliance, inter_obsessive_correction, Feat_Resilient_Explorer, Mutant_Omega_Curiosity",0.2
97,RF_Importance_p80,16,Ridge,0.6065,0.6533,0.5234,0.0789,{'model__alpha': 100.0},"sum_weighted_score, score_velocity, hint_reading_duration, contemplation_index, time_diff_end_vs_start, time_diff_phase3_vs_phase1, time_diff_max_vs_avg, ratio_success_per_duration, PCA_Dur_squared, Psych_Flow_Stamina, ratio_struggle_time, inter_obsessive_correction, Comp_GBA_DS_Anchored, Comp_GBA_AoL_Anchored, Feat_Resilient_Explorer, Mutant_AoL_Resilience",0.6
98,RF_Importance_p90,8,Ridge,0.6059,0.6533,0.5222,0.079,{'model__alpha': 100.0},"sum_weighted_score, hint_reading_duration, time_diff_end_vs_start, time_diff_max_vs_avg, inter_obsessive_correction, Comp_GBA_AoL_Anchored, Feat_Resilient_Explorer, Mutant_AoL_Resilience",0.3
99,Spearman_gt0.15,29,ElasticNet,0.609,0.6534,0.5208,0.0787,"{'model__l1_ratio': 0.3, 'model__alpha': 0.1}","sum_weighted_score, humility_challenging, struggle_ratio, grind_capacity, score_velocity, boldness_score, stubbornness_index, impulsive_help_ratio, hint_reliance_ratio, carefulness_index, hint_dependency_gravity, adaptive_learning_capacity, stubborn_failure_magnitude, ratio_redo_success, Comp_Joyous_Exploration, Comp_Awareness_Limit, Psych_Calculated_Risk, Psych_Ego_Awareness, ratio_score_per_hint, inter_exploratory_brilliance, inter_obsessive_correction, inter_cowardice_penalty, Comp_GBA_DS_Anchored, Comp_GBA_AoL_Anchored, Feat_Resilient_Explorer, Feat_Ego_vs_Capacity, Feat_Strategic_Growth, Mutant_AoL_Resilience, Mutant_Omega_Curiosity",0.7
100,Kendall_gt0.10,31,ElasticNet,0.609,0.6534,0.5208,0.0787,"{'model__l1_ratio': 0.3, 'model__alpha': 0.1}","sum_weighted_score, humility_challenging, struggle_ratio, grind_capacity, score_velocity, boldness_score, stubbornness_index, impulsive_help_ratio, delayed_gratification_hint, hint_reliance_ratio, carefulness_index, hint_dependency_gravity, adaptive_learning_capacity, stubborn_failure_magnitude, ratio_redo_success, Comp_Joyous_Exploration, Comp_Awareness_Limit, Psych_Calculated_Risk, Psych_Ego_Awareness, Psych_Calculated_Risk_Growth, ratio_score_per_hint, inter_exploratory_brilliance, inter_obsessive_correction, inter_cowardice_penalty, Comp_GBA_DS_Anchored, Comp_GBA_AoL_Anchored, Feat_Resilient_Explorer, Feat_Ego_vs_Capacity, Feat_Strategic_Growth, Mutant_AoL_Resilience, Mutant_Omega_Curiosity",0.8
101,Spearman_gt0.20,24,ElasticNet,0.6089,0.6534,0.5208,0.0787,"{'model__l1_ratio': 0.3, 'model__alpha': 0.1}","sum_weighted_score, humility_challenging, struggle_ratio, grind_capacity, score_velocity, stubbornness_index, impulsive_help_ratio, hint_reliance_ratio, adaptive_learning_capacity, ratio_redo_success, Comp_Joyous_Exploration, Psych_Calculated_Risk, Psych_Ego_Awareness, ratio_score_per_hint, inter_exploratory_brilliance, inter_obsessive_correction, inter_cowardice_penalty, Comp_GBA_DS_Anchored, Comp_GBA_AoL_Anchored, Feat_Resilient_Explorer, Feat_Ego_vs_Capacity, Feat_Strategic_Growth, Mutant_AoL_Resilience, Mutant_Omega_Curiosity",0.6
102,RF_Importance_p80,16,Lasso,0.6073,0.6535,0.5245,0.0782,{'model__alpha': 0.01},"sum_weighted_score, score_velocity, hint_reading_duration, contemplation_index, time_diff_end_vs_start, time_diff_phase3_vs_phase1, time_diff_max_vs_avg, ratio_success_per_duration, PCA_Dur_squared, Psych_Flow_Stamina, ratio_struggle_time, inter_obsessive_correction, Comp_GBA_DS_Anchored, Comp_GBA_AoL_Anchored, Feat_Resilient_Explorer, Mutant_AoL_Resilience",0.5
103,RFE_Ridge_Top30,30,SVR_RBF,0.6081,0.6536,0.5181,0.078,"{'model__gamma': 0.001, 'model__epsilon': 0.01, 'model__C': 10.0}","sum_weighted_score, struggle_ratio, hard_challenge_efficiency, apathy_speed, hint_reading_duration, impulsive_help_ratio, carefulness_index, star_efficiency, exploration_efficiency, ratio_hint_time, ratio_redo_success, PCA_Duration, PCA_Hints, Comp_Joyous_Exploration, Psych_Calculated_Risk, Psych_Ego_Awareness, Psych_Adaptability, Psych_Calculated_Risk_Growth, ratio_struggle_time, inter_ambition_vs_reality, inter_strategic_retreat, PCA_Performance_Star, inter_exploratory_brilliance, inter_obsessive_correction, HighOrd_Score_x_PCAStar, HighOrd_Score_x_PCADuration, Comp_GBA_DS_Anchored, Feat_Resilient_Explorer, Feat_Strategic_Growth, Mutant_Omega_Curiosity",1.9
104,Kendall_gt0.15,21,ElasticNet,0.6075,0.6538,0.524,0.0775,"{'model__l1_ratio': 0.7, 'model__alpha': 0.01}","sum_weighted_score, humility_challenging, struggle_ratio, grind_capacity, score_velocity, stubbornness_index, adaptive_learning_capacity, ratio_redo_success, Comp_Joyous_Exploration, Psych_Calculated_Risk, Psych_Ego_Awareness, ratio_score_per_hint, inter_exploratory_brilliance, inter_obsessive_correction, inter_cowardice_penalty, Comp_GBA_AoL_Anchored, Feat_Resilient_Explorer, Feat_Ego_vs_Capacity, Feat_Strategic_Growth, Mutant_AoL_Resilience, Mutant_Omega_Curiosity",0.5
105,MutualInfo_p80,16,Lasso,0.6066,0.6538,0.5233,0.0776,{'model__alpha': 0.01},"sum_weighted_score, humility_challenging, struggle_ratio, grind_capacity, hard_challenge_efficiency, stubbornness_index, impulsive_help_ratio, adaptive_learning_capacity, ratio_redo_success, Comp_Joyous_Exploration, inter_exploratory_brilliance, inter_obsessive_correction, Comp_GBA_AoL_Anchored, Feat_Resilient_Explorer, Mutant_AoL_Resilience, Mutant_Omega_Curiosity",0.3
106,Spearman_gt0.30,11,KNN_Regressor,0.6175,0.6539,0.5246,0.0772,"{'model__weights': 'uniform', 'model__p': 2, 'model__n_neighbors': 15}","sum_weighted_score, score_velocity, adaptive_learning_capacity, Psych_Calculated_Risk, inter_exploratory_brilliance, inter_obsessive_correction, inter_cowardice_penalty, Feat_Resilient_Explorer, Feat_Ego_vs_Capacity, Mutant_AoL_Resilience, Mutant_Omega_Curiosity",0.4
107,Pearson_gt0.15,24,KNN_Regressor,0.6144,0.654,0.5247,0.077,"{'model__weights': 'uniform', 'model__p': 1, 'model__n_neighbors': 15}","sum_weighted_score, humility_challenging, struggle_ratio, score_velocity, impulsive_help_ratio, hint_reliance_ratio, carefulness_index, adaptive_learning_capacity, ratio_redo_success, Comp_Joyous_Exploration, Comp_Awareness_Limit, Psych_Calculated_Risk, Psych_Ego_Awareness, ratio_score_per_hint, inter_exploratory_brilliance, inter_obsessive_correction, inter_cowardice_penalty, HighOrd_Score_x_PCADuration, Comp_GBA_DS_Anchored, Feat_Resilient_Explorer, Feat_Ego_vs_Capacity, Feat_Strategic_Growth, Mutant_AoL_Resilience, Mutant_Omega_Curiosity",1.0
108,MutualInfo_p70,24,PLSRegression,0.6062,0.654,0.523,0.077,{'model__n_components': 2},"sum_weighted_score, humility_challenging, struggle_ratio, grind_capacity, score_velocity, hard_challenge_efficiency, stubbornness_index, impulsive_help_ratio, hint_dependency_gravity, reckless_action_index, adaptive_learning_capacity, ratio_redo_success, Comp_Joyous_Exploration, Psych_Calculated_Risk_Growth, ratio_score_per_hint, inter_exploratory_brilliance, inter_obsessive_correction, inter_cowardice_penalty, Comp_GBA_DS_Anchored, Comp_GBA_AoL_Anchored, Feat_Resilient_Explorer, Feat_Ego_vs_Capacity, Mutant_AoL_Resilience, Mutant_Omega_Curiosity",0.5
109,MutualInfo_p80,16,ElasticNet,0.6074,0.6541,0.5239,0.0767,"{'model__l1_ratio': 0.7, 'model__alpha': 0.01}","sum_weighted_score, humility_challenging, struggle_ratio, grind_capacity, hard_challenge_efficiency, stubbornness_index, impulsive_help_ratio, adaptive_learning_capacity, ratio_redo_success, Comp_Joyous_Exploration, inter_exploratory_brilliance, inter_obsessive_correction, Comp_GBA_AoL_Anchored, Feat_Resilient_Explorer, Mutant_AoL_Resilience, Mutant_Omega_Curiosity",0.4
110,Spearman_gt0.20,24,Lasso,0.6094,0.6542,0.5231,0.0764,{'model__alpha': 0.01},"sum_weighted_score, humility_challenging, struggle_ratio, grind_capacity, score_velocity, stubbornness_index, impulsive_help_ratio, hint_reliance_ratio, adaptive_learning_capacity, ratio_redo_success, Comp_Joyous_Exploration, Psych_Calculated_Risk, Psych_Ego_Awareness, ratio_score_per_hint, inter_exploratory_brilliance, inter_obsessive_correction, inter_cowardice_penalty, Comp_GBA_DS_Anchored, Comp_GBA_AoL_Anchored, Feat_Resilient_Explorer, Feat_Ego_vs_Capacity, Feat_Strategic_Growth, Mutant_AoL_Resilience, Mutant_Omega_Curiosity",0.6
111,Spearman_gt0.15,29,Lasso,0.6105,0.6542,0.5232,0.0763,{'model__alpha': 0.01},"sum_weighted_score, humility_challenging, struggle_ratio, grind_capacity, score_velocity, boldness_score, stubbornness_index, impulsive_help_ratio, hint_reliance_ratio, carefulness_index, hint_dependency_gravity, adaptive_learning_capacity, stubborn_failure_magnitude, ratio_redo_success, Comp_Joyous_Exploration, Comp_Awareness_Limit, Psych_Calculated_Risk, Psych_Ego_Awareness, ratio_score_per_hint, inter_exploratory_brilliance, inter_obsessive_correction, inter_cowardice_penalty, Comp_GBA_DS_Anchored, Comp_GBA_AoL_Anchored, Feat_Resilient_Explorer, Feat_Ego_vs_Capacity, Feat_Strategic_Growth, Mutant_AoL_Resilience, Mutant_Omega_Curiosity",0.5
112,Kendall_gt0.10,31,Lasso,0.6105,0.6542,0.5232,0.0763,{'model__alpha': 0.01},"sum_weighted_score, humility_challenging, struggle_ratio, grind_capacity, score_velocity, boldness_score, stubbornness_index, impulsive_help_ratio, delayed_gratification_hint, hint_reliance_ratio, carefulness_index, hint_dependency_gravity, adaptive_learning_capacity, stubborn_failure_magnitude, ratio_redo_success, Comp_Joyous_Exploration, Comp_Awareness_Limit, Psych_Calculated_Risk, Psych_Ego_Awareness, Psych_Calculated_Risk_Growth, ratio_score_per_hint, inter_exploratory_brilliance, inter_obsessive_correction, inter_cowardice_penalty, Comp_GBA_DS_Anchored, Comp_GBA_AoL_Anchored, Feat_Resilient_Explorer, Feat_Ego_vs_Capacity, Feat_Strategic_Growth, Mutant_AoL_Resilience, Mutant_Omega_Curiosity",0.6
113,RFE_Ridge_Top20,20,ElasticNet,0.6052,0.6542,0.5234,0.0763,"{'model__l1_ratio': 0.1, 'model__alpha': 0.01}","sum_weighted_score, struggle_ratio, hard_challenge_efficiency, impulsive_help_ratio, carefulness_index, star_efficiency, ratio_hint_time, ratio_redo_success, PCA_Hints, Comp_Joyous_Exploration, Psych_Calculated_Risk, Psych_Adaptability, Psych_Calculated_Risk_Growth, ratio_struggle_time, inter_strategic_retreat, inter_exploratory_brilliance, inter_obsessive_correction, Comp_GBA_DS_Anchored, Feat_Resilient_Explorer, Mutant_Omega_Curiosity",0.5
114,Lasso_NonZero,29,Lasso,0.6072,0.6542,0.5215,0.0765,{'model__alpha': 0.01},"sum_weighted_score, struggle_ratio, grind_capacity, boldness_score, impulsive_help_ratio, delayed_gratification_hint, hint_reliance_ratio, carefulness_index, tuas_dominance, keypad_dominance, hesitation_penalty, exploration_efficiency, hint_dependency_gravity, reckless_action_index, calculated_risk_taking, stubborn_failure_magnitude, time_diff_end_vs_start, ratio_success_per_duration, inter_hint_x_skip, Comp_Awareness_Limit, Psych_Ego_Awareness, ratio_struggle_time, HighOrd_Star_x_Effort, inter_obsessive_correction, inter_cowardice_penalty, Comp_GBA_AoL_Anchored, Feat_Strategic_Growth, Mutant_AoL_Resilience, Mutant_Omega_Curiosity",0.4
115,Lasso_NonZero,29,SVR_RBF,0.6126,0.6543,0.5196,0.076,"{'model__gamma': 0.01, 'model__epsilon': 0.01, 'model__C': 0.1}","sum_weighted_score, struggle_ratio, grind_capacity, boldness_score, impulsive_help_ratio, delayed_gratification_hint, hint_reliance_ratio, carefulness_index, tuas_dominance, keypad_dominance, hesitation_penalty, exploration_efficiency, hint_dependency_gravity, reckless_action_index, calculated_risk_taking, stubborn_failure_magnitude, time_diff_end_vs_start, ratio_success_per_duration, inter_hint_x_skip, Comp_Awareness_Limit, Psych_Ego_Awareness, ratio_struggle_time, HighOrd_Star_x_Effort, inter_obsessive_correction, inter_cowardice_penalty, Comp_GBA_AoL_Anchored, Feat_Strategic_Growth, Mutant_AoL_Resilience, Mutant_Omega_Curiosity",1.9
116,RF_Importance_med,40,Lasso,0.6126,0.6548,0.5228,0.0746,{'model__alpha': 0.01},"sum_weighted_score, struggle_ratio, score_velocity, hard_challenge_efficiency, hint_reading_duration, hint_effectiveness, engagement_persistence, carefulness_index, contemplation_index, exploration_efficiency, hyper_curiosity_index, adaptive_learning_capacity, time_diff_end_vs_start, time_diff_phase3_vs_phase1, time_diff_max_vs_avg, ratio_hint_time, ratio_success_per_duration, PCA_Duration, PCA_Hints, PCA_Dur_x_PCA_Hints, PCA_Dur_squared, Psych_Flow_Stamina, ratio_struggle_time, inter_sweet_victory, PCA_Performance_Star, HighOrd_Star_x_Effort, inter_exploratory_brilliance, inter_obsessive_correction, inter_cowardice_penalty, HighOrd_Score_x_PCAStar, HighOrd_Score_x_PCADuration, Comp_GBA_DS_Anchored, Comp_GBA_AoL_Anchored, Feat_Resilient_Explorer, Feat_Ego_vs_Capacity, Feat_Cognitive_Waste, Feat_Strategic_Growth, Mutant_AoL_Resilience, Mutant_Omega_Curiosity, Mutant_Ego_Death",0.7
117,Spearman_gt0.20,24,Ridge,0.6064,0.6548,0.5224,0.0747,{'model__alpha': 500.0},"sum_weighted_score, humility_challenging, struggle_ratio, grind_capacity, score_velocity, stubbornness_index, impulsive_help_ratio, hint_reliance_ratio, adaptive_learning_capacity, ratio_redo_success, Comp_Joyous_Exploration, Psych_Calculated_Risk, Psych_Ego_Awareness, ratio_score_per_hint, inter_exploratory_brilliance, inter_obsessive_correction, inter_cowardice_penalty, Comp_GBA_DS_Anchored, Comp_GBA_AoL_Anchored, Feat_Resilient_Explorer, Feat_Ego_vs_Capacity, Feat_Strategic_Growth, Mutant_AoL_Resilience, Mutant_Omega_Curiosity",1.0
118,MutualInfo_p70,24,ElasticNet,0.6087,0.6549,0.5231,0.0745,"{'model__l1_ratio': 0.3, 'model__alpha': 0.1}","sum_weighted_score, humility_challenging, struggle_ratio, grind_capacity, score_velocity, hard_challenge_efficiency, stubbornness_index, impulsive_help_ratio, hint_dependency_gravity, reckless_action_index, adaptive_learning_capacity, ratio_redo_success, Comp_Joyous_Exploration, Psych_Calculated_Risk_Growth, ratio_score_per_hint, inter_exploratory_brilliance, inter_obsessive_correction, inter_cowardice_penalty, Comp_GBA_DS_Anchored, Comp_GBA_AoL_Anchored, Feat_Resilient_Explorer, Feat_Ego_vs_Capacity, Mutant_AoL_Resilience, Mutant_Omega_Curiosity",0.5
119,RF_Importance_p90,8,HuberRegressor,0.6076,0.6549,0.526,0.0744,"{'model__epsilon': 2.0, 'model__alpha': 0.01}","sum_weighted_score, hint_reading_duration, time_diff_end_vs_start, time_diff_max_vs_avg, inter_obsessive_correction, Comp_GBA_AoL_Anchored, Feat_Resilient_Explorer, Mutant_AoL_Resilience",0.3
120,Lasso_NonZero,29,RandomForest,0.6036,0.655,0.5241,0.0742,"{'model__n_estimators': 200, 'model__min_samples_split': 2, 'model__max_features': 'log2', 'model__max_depth': 5}","sum_weighted_score, struggle_ratio, grind_capacity, boldness_score, impulsive_help_ratio, delayed_gratification_hint, hint_reliance_ratio, carefulness_index, tuas_dominance, keypad_dominance, hesitation_penalty, exploration_efficiency, hint_dependency_gravity, reckless_action_index, calculated_risk_taking, stubborn_failure_magnitude, time_diff_end_vs_start, ratio_success_per_duration, inter_hint_x_skip, Comp_Awareness_Limit, Psych_Ego_Awareness, ratio_struggle_time, HighOrd_Star_x_Effort, inter_obsessive_correction, inter_cowardice_penalty, Comp_GBA_AoL_Anchored, Feat_Strategic_Growth, Mutant_AoL_Resilience, Mutant_Omega_Curiosity",5.0
121,MutualInfo_p70,24,Lasso,0.609,0.655,0.5252,0.0742,{'model__alpha': 0.01},"sum_weighted_score, humility_challenging, struggle_ratio, grind_capacity, score_velocity, hard_challenge_efficiency, stubbornness_index, impulsive_help_ratio, hint_dependency_gravity, reckless_action_index, adaptive_learning_capacity, ratio_redo_success, Comp_Joyous_Exploration, Psych_Calculated_Risk_Growth, ratio_score_per_hint, inter_exploratory_brilliance, inter_obsessive_correction, inter_cowardice_penalty, Comp_GBA_DS_Anchored, Comp_GBA_AoL_Anchored, Feat_Resilient_Explorer, Feat_Ego_vs_Capacity, Mutant_AoL_Resilience, Mutant_Omega_Curiosity",0.5
122,RFE_Ridge_Top30,30,PLSRegression,0.6013,0.6552,0.525,0.0736,{'model__n_components': 2},"sum_weighted_score, struggle_ratio, hard_challenge_efficiency, apathy_speed, hint_reading_duration, impulsive_help_ratio, carefulness_index, star_efficiency, exploration_efficiency, ratio_hint_time, ratio_redo_success, PCA_Duration, PCA_Hints, Comp_Joyous_Exploration, Psych_Calculated_Risk, Psych_Ego_Awareness, Psych_Adaptability, Psych_Calculated_Risk_Growth, ratio_struggle_time, inter_ambition_vs_reality, inter_strategic_retreat, PCA_Performance_Star, inter_exploratory_brilliance, inter_obsessive_correction, HighOrd_Score_x_PCAStar, HighOrd_Score_x_PCADuration, Comp_GBA_DS_Anchored, Feat_Resilient_Explorer, Feat_Strategic_Growth, Mutant_Omega_Curiosity",0.4
123,Spearman_gt0.15,29,Ridge,0.6064,0.6552,0.5226,0.0735,{'model__alpha': 500.0},"sum_weighted_score, humility_challenging, struggle_ratio, grind_capacity, score_velocity, boldness_score, stubbornness_index, impulsive_help_ratio, hint_reliance_ratio, carefulness_index, hint_dependency_gravity, adaptive_learning_capacity, stubborn_failure_magnitude, ratio_redo_success, Comp_Joyous_Exploration, Comp_Awareness_Limit, Psych_Calculated_Risk, Psych_Ego_Awareness, ratio_score_per_hint, inter_exploratory_brilliance, inter_obsessive_correction, inter_cowardice_penalty, Comp_GBA_DS_Anchored, Comp_GBA_AoL_Anchored, Feat_Resilient_Explorer, Feat_Ego_vs_Capacity, Feat_Strategic_Growth, Mutant_AoL_Resilience, Mutant_Omega_Curiosity",0.5
124,MutualInfo_p90,8,HuberRegressor,0.6099,0.6554,0.523,0.0729,"{'model__epsilon': 2.0, 'model__alpha': 0.01}","sum_weighted_score, humility_challenging, stubbornness_index, impulsive_help_ratio, adaptive_learning_capacity, ratio_redo_success, Comp_GBA_AoL_Anchored, Feat_Resilient_Explorer",0.4
125,Pearson_gt0.20,18,ElasticNet,0.607,0.6557,0.5253,0.0721,"{'model__l1_ratio': 0.1, 'model__alpha': 0.01}","sum_weighted_score, humility_challenging, struggle_ratio, score_velocity, impulsive_help_ratio, ratio_redo_success, Comp_Joyous_Exploration, Psych_Calculated_Risk, ratio_score_per_hint, inter_exploratory_brilliance, inter_obsessive_correction, inter_cowardice_penalty, Comp_GBA_DS_Anchored, Feat_Resilient_Explorer, Feat_Ego_vs_Capacity, Feat_Strategic_Growth, Mutant_AoL_Resilience, Mutant_Omega_Curiosity",0.8
126,RFE_Ridge_Top20,20,PLSRegression,0.6026,0.6557,0.5259,0.072,{'model__n_components': 2},"sum_weighted_score, struggle_ratio, hard_challenge_efficiency, impulsive_help_ratio, carefulness_index, star_efficiency, ratio_hint_time, ratio_redo_success, PCA_Hints, Comp_Joyous_Exploration, Psych_Calculated_Risk, Psych_Adaptability, Psych_Calculated_Risk_Growth, ratio_struggle_time, inter_strategic_retreat, inter_exploratory_brilliance, inter_obsessive_correction, Comp_GBA_DS_Anchored, Feat_Resilient_Explorer, Mutant_Omega_Curiosity",0.3
127,Kendall_gt0.10,31,Ridge,0.6068,0.6557,0.5234,0.0721,{'model__alpha': 500.0},"sum_weighted_score, humility_challenging, struggle_ratio, grind_capacity, score_velocity, boldness_score, stubbornness_index, impulsive_help_ratio, delayed_gratification_hint, hint_reliance_ratio, carefulness_index, hint_dependency_gravity, adaptive_learning_capacity, stubborn_failure_magnitude, ratio_redo_success, Comp_Joyous_Exploration, Comp_Awareness_Limit, Psych_Calculated_Risk, Psych_Ego_Awareness, Psych_Calculated_Risk_Growth, ratio_score_per_hint, inter_exploratory_brilliance, inter_obsessive_correction, inter_cowardice_penalty, Comp_GBA_DS_Anchored, Comp_GBA_AoL_Anchored, Feat_Resilient_Explorer, Feat_Ego_vs_Capacity, Feat_Strategic_Growth, Mutant_AoL_Resilience, Mutant_Omega_Curiosity",0.6
128,RFE_Ridge_Top30,30,KNN_Regressor,0.6146,0.6558,0.5176,0.0718,"{'model__weights': 'uniform', 'model__p': 1, 'model__n_neighbors': 15}","sum_weighted_score, struggle_ratio, hard_challenge_efficiency, apathy_speed, hint_reading_duration, impulsive_help_ratio, carefulness_index, star_efficiency, exploration_efficiency, ratio_hint_time, ratio_redo_success, PCA_Duration, PCA_Hints, Comp_Joyous_Exploration, Psych_Calculated_Risk, Psych_Ego_Awareness, Psych_Adaptability, Psych_Calculated_Risk_Growth, ratio_struggle_time, inter_ambition_vs_reality, inter_strategic_retreat, PCA_Performance_Star, inter_exploratory_brilliance, inter_obsessive_correction, HighOrd_Score_x_PCAStar, HighOrd_Score_x_PCADuration, Comp_GBA_DS_Anchored, Feat_Resilient_Explorer, Feat_Strategic_Growth, Mutant_Omega_Curiosity",0.7
129,RFE_Ridge_Top20,20,HuberRegressor,0.608,0.6559,0.5252,0.0715,"{'model__epsilon': 2.0, 'model__alpha': 0.01}","sum_weighted_score, struggle_ratio, hard_challenge_efficiency, impulsive_help_ratio, carefulness_index, star_efficiency, ratio_hint_time, ratio_redo_success, PCA_Hints, Comp_Joyous_Exploration, Psych_Calculated_Risk, Psych_Adaptability, Psych_Calculated_Risk_Growth, ratio_struggle_time, inter_strategic_retreat, inter_exploratory_brilliance, inter_obsessive_correction, Comp_GBA_DS_Anchored, Feat_Resilient_Explorer, Mutant_Omega_Curiosity",0.6
130,RF_Importance_med,40,PLSRegression,0.6063,0.6559,0.5242,0.0714,{'model__n_components': 2},"sum_weighted_score, struggle_ratio, score_velocity, hard_challenge_efficiency, hint_reading_duration, hint_effectiveness, engagement_persistence, carefulness_index, contemplation_index, exploration_efficiency, hyper_curiosity_index, adaptive_learning_capacity, time_diff_end_vs_start, time_diff_phase3_vs_phase1, time_diff_max_vs_avg, ratio_hint_time, ratio_success_per_duration, PCA_Duration, PCA_Hints, PCA_Dur_x_PCA_Hints, PCA_Dur_squared, Psych_Flow_Stamina, ratio_struggle_time, inter_sweet_victory, PCA_Performance_Star, HighOrd_Star_x_Effort, inter_exploratory_brilliance, inter_obsessive_correction, inter_cowardice_penalty, HighOrd_Score_x_PCAStar, HighOrd_Score_x_PCADuration, Comp_GBA_DS_Anchored, Comp_GBA_AoL_Anchored, Feat_Resilient_Explorer, Feat_Ego_vs_Capacity, Feat_Cognitive_Waste, Feat_Strategic_Growth, Mutant_AoL_Resilience, Mutant_Omega_Curiosity, Mutant_Ego_Death",0.6
131,MutualInfo_p80,16,HuberRegressor,0.6146,0.6564,0.5271,0.0702,"{'model__epsilon': 1.5, 'model__alpha': 0.0001}","sum_weighted_score, humility_challenging, struggle_ratio, grind_capacity, hard_challenge_efficiency, stubbornness_index, impulsive_help_ratio, adaptive_learning_capacity, ratio_redo_success, Comp_Joyous_Exploration, inter_exploratory_brilliance, inter_obsessive_correction, Comp_GBA_AoL_Anchored, Feat_Resilient_Explorer, Mutant_AoL_Resilience, Mutant_Omega_Curiosity",0.8
132,Spearman_gt0.20,24,KNN_Regressor,0.6168,0.6569,0.5237,0.0687,"{'model__weights': 'uniform', 'model__p': 1, 'model__n_neighbors': 15}","sum_weighted_score, humility_challenging, struggle_ratio, grind_capacity, score_velocity, stubbornness_index, impulsive_help_ratio, hint_reliance_ratio, adaptive_learning_capacity, ratio_redo_success, Comp_Joyous_Exploration, Psych_Calculated_Risk, Psych_Ego_Awareness, ratio_score_per_hint, inter_exploratory_brilliance, inter_obsessive_correction, inter_cowardice_penalty, Comp_GBA_DS_Anchored, Comp_GBA_AoL_Anchored, Feat_Resilient_Explorer, Feat_Ego_vs_Capacity, Feat_Strategic_Growth, Mutant_AoL_Resilience, Mutant_Omega_Curiosity",1.3
133,Pearson_gt0.30,6,PLSRegression,0.6042,0.6571,0.5252,0.0681,{'model__n_components': 2},"sum_weighted_score, Psych_Calculated_Risk, inter_exploratory_brilliance, inter_obsessive_correction, Feat_Resilient_Explorer, Mutant_Omega_Curiosity",0.2
134,RFE_Ridge_Top30,30,HuberRegressor,0.6122,0.6573,0.5263,0.0675,"{'model__epsilon': 2.0, 'model__alpha': 0.01}","sum_weighted_score, struggle_ratio, hard_challenge_efficiency, apathy_speed, hint_reading_duration, impulsive_help_ratio, carefulness_index, star_efficiency, exploration_efficiency, ratio_hint_time, ratio_redo_success, PCA_Duration, PCA_Hints, Comp_Joyous_Exploration, Psych_Calculated_Risk, Psych_Ego_Awareness, Psych_Adaptability, Psych_Calculated_Risk_Growth, ratio_struggle_time, inter_ambition_vs_reality, inter_strategic_retreat, PCA_Performance_Star, inter_exploratory_brilliance, inter_obsessive_correction, HighOrd_Score_x_PCAStar, HighOrd_Score_x_PCADuration, Comp_GBA_DS_Anchored, Feat_Resilient_Explorer, Feat_Strategic_Growth, Mutant_Omega_Curiosity",1.2
135,RFE_Ridge_Top30,30,XGBoost,0.6305,0.6574,0.5311,0.0672,"{'model__subsample': 0.8, 'model__max_depth': 3, 'model__learning_rate': 0.05, 'model__colsample_bytree': 0.8}","sum_weighted_score, struggle_ratio, hard_challenge_efficiency, apathy_speed, hint_reading_duration, impulsive_help_ratio, carefulness_index, star_efficiency, exploration_efficiency, ratio_hint_time, ratio_redo_success, PCA_Duration, PCA_Hints, Comp_Joyous_Exploration, Psych_Calculated_Risk, Psych_Ego_Awareness, Psych_Adaptability, Psych_Calculated_Risk_Growth, ratio_struggle_time, inter_ambition_vs_reality, inter_strategic_retreat, PCA_Performance_Star, inter_exploratory_brilliance, inter_obsessive_correction, HighOrd_Score_x_PCAStar, HighOrd_Score_x_PCADuration, Comp_GBA_DS_Anchored, Feat_Resilient_Explorer, Feat_Strategic_Growth, Mutant_Omega_Curiosity",12.0
136,RF_Importance_p90,8,SVR_Linear,0.6071,0.6577,0.5274,0.0664,"{'model__epsilon': 0.5, 'model__C': 1.0}","sum_weighted_score, hint_reading_duration, time_diff_end_vs_start, time_diff_max_vs_avg, inter_obsessive_correction, Comp_GBA_AoL_Anchored, Feat_Resilient_Explorer, Mutant_AoL_Resilience",0.3
137,RF_Importance_med,40,XGBoost,0.6382,0.6578,0.5237,0.0663,"{'model__subsample': 0.8, 'model__max_depth': 3, 'model__learning_rate': 0.05, 'model__colsample_bytree': 0.8}","sum_weighted_score, struggle_ratio, score_velocity, hard_challenge_efficiency, hint_reading_duration, hint_effectiveness, engagement_persistence, carefulness_index, contemplation_index, exploration_efficiency, hyper_curiosity_index, adaptive_learning_capacity, time_diff_end_vs_start, time_diff_phase3_vs_phase1, time_diff_max_vs_avg, ratio_hint_time, ratio_success_per_duration, PCA_Duration, PCA_Hints, PCA_Dur_x_PCA_Hints, PCA_Dur_squared, Psych_Flow_Stamina, ratio_struggle_time, inter_sweet_victory, PCA_Performance_Star, HighOrd_Star_x_Effort, inter_exploratory_brilliance, inter_obsessive_correction, inter_cowardice_penalty, HighOrd_Score_x_PCAStar, HighOrd_Score_x_PCADuration, Comp_GBA_DS_Anchored, Comp_GBA_AoL_Anchored, Feat_Resilient_Explorer, Feat_Ego_vs_Capacity, Feat_Cognitive_Waste, Feat_Strategic_Growth, Mutant_AoL_Resilience, Mutant_Omega_Curiosity, Mutant_Ego_Death",24.6
138,Spearman_gt0.30,11,HuberRegressor,0.607,0.6578,0.5287,0.0661,"{'model__epsilon': 2.0, 'model__alpha': 0.01}","sum_weighted_score, score_velocity, adaptive_learning_capacity, Psych_Calculated_Risk, inter_exploratory_brilliance, inter_obsessive_correction, inter_cowardice_penalty, Feat_Resilient_Explorer, Feat_Ego_vs_Capacity, Mutant_AoL_Resilience, Mutant_Omega_Curiosity",0.7
139,RF_Importance_p80,16,RandomForest,0.608,0.6578,0.5231,0.066,"{'model__n_estimators': 200, 'model__min_samples_split': 2, 'model__max_features': 'sqrt', 'model__max_depth': 5}","sum_weighted_score, score_velocity, hint_reading_duration, contemplation_index, time_diff_end_vs_start, time_diff_phase3_vs_phase1, time_diff_max_vs_avg, ratio_success_per_duration, PCA_Dur_squared, Psych_Flow_Stamina, ratio_struggle_time, inter_obsessive_correction, Comp_GBA_DS_Anchored, Comp_GBA_AoL_Anchored, Feat_Resilient_Explorer, Mutant_AoL_Resilience",7.4
140,MutualInfo_p80,16,SVR_Linear,0.6145,0.658,0.5293,0.0657,"{'model__epsilon': 0.5, 'model__C': 1.0}","sum_weighted_score, humility_challenging, struggle_ratio, grind_capacity, hard_challenge_efficiency, stubbornness_index, impulsive_help_ratio, adaptive_learning_capacity, ratio_redo_success, Comp_Joyous_Exploration, inter_exploratory_brilliance, inter_obsessive_correction, Comp_GBA_AoL_Anchored, Feat_Resilient_Explorer, Mutant_AoL_Resilience, Mutant_Omega_Curiosity",1.0
141,Spearman_gt0.30,11,PLSRegression,0.6056,0.6581,0.5289,0.0654,{'model__n_components': 7},"sum_weighted_score, score_velocity, adaptive_learning_capacity, Psych_Calculated_Risk, inter_exploratory_brilliance, inter_obsessive_correction, inter_cowardice_penalty, Feat_Resilient_Explorer, Feat_Ego_vs_Capacity, Mutant_AoL_Resilience, Mutant_Omega_Curiosity",0.3
142,Pearson_gt0.15,24,XGBoost,0.6241,0.6583,0.5243,0.0646,"{'model__subsample': 1.0, 'model__max_depth': 3, 'model__learning_rate': 0.05, 'model__colsample_bytree': 0.8}","sum_weighted_score, humility_challenging, struggle_ratio, score_velocity, impulsive_help_ratio, hint_reliance_ratio, carefulness_index, adaptive_learning_capacity, ratio_redo_success, Comp_Joyous_Exploration, Comp_Awareness_Limit, Psych_Calculated_Risk, Psych_Ego_Awareness, ratio_score_per_hint, inter_exploratory_brilliance, inter_obsessive_correction, inter_cowardice_penalty, HighOrd_Score_x_PCADuration, Comp_GBA_DS_Anchored, Feat_Resilient_Explorer, Feat_Ego_vs_Capacity, Feat_Strategic_Growth, Mutant_AoL_Resilience, Mutant_Omega_Curiosity",16.6
143,RF_Importance_p90,8,RandomForest,0.6059,0.6585,0.5225,0.064,"{'model__n_estimators': 100, 'model__min_samples_split': 2, 'model__max_features': 'sqrt', 'model__max_depth': 5}","sum_weighted_score, hint_reading_duration, time_diff_end_vs_start, time_diff_max_vs_avg, inter_obsessive_correction, Comp_GBA_AoL_Anchored, Feat_Resilient_Explorer, Mutant_AoL_Resilience",4.8
144,Kendall_gt0.20,13,Ridge,0.6047,0.6585,0.5283,0.0641,{'model__alpha': 10.0},"sum_weighted_score, score_velocity, adaptive_learning_capacity, Psych_Calculated_Risk, ratio_score_per_hint, inter_exploratory_brilliance, inter_obsessive_correction, inter_cowardice_penalty, Feat_Resilient_Explorer, Feat_Ego_vs_Capacity, Feat_Strategic_Growth, Mutant_AoL_Resilience, Mutant_Omega_Curiosity",0.4
145,Kendall_gt0.15,21,PLSRegression,0.6055,0.6586,0.5259,0.0637,{'model__n_components': 3},"sum_weighted_score, humility_challenging, struggle_ratio, grind_capacity, score_velocity, stubbornness_index, adaptive_learning_capacity, ratio_redo_success, Comp_Joyous_Exploration, Psych_Calculated_Risk, Psych_Ego_Awareness, ratio_score_per_hint, inter_exploratory_brilliance, inter_obsessive_correction, inter_cowardice_penalty, Comp_GBA_AoL_Anchored, Feat_Resilient_Explorer, Feat_Ego_vs_Capacity, Feat_Strategic_Growth, Mutant_AoL_Resilience, Mutant_Omega_Curiosity",0.4
146,RFE_Ridge_Top20,20,SVR_Linear,0.6064,0.6588,0.5303,0.0634,"{'model__epsilon': 0.5, 'model__C': 10.0}","sum_weighted_score, struggle_ratio, hard_challenge_efficiency, impulsive_help_ratio, carefulness_index, star_efficiency, ratio_hint_time, ratio_redo_success, PCA_Hints, Comp_Joyous_Exploration, Psych_Calculated_Risk, Psych_Adaptability, Psych_Calculated_Risk_Growth, ratio_struggle_time, inter_strategic_retreat, inter_exploratory_brilliance, inter_obsessive_correction, Comp_GBA_DS_Anchored, Feat_Resilient_Explorer, Mutant_Omega_Curiosity",0.9
147,Spearman_gt0.30,11,Ridge,0.6048,0.6588,0.5294,0.0634,{'model__alpha': 10.0},"sum_weighted_score, score_velocity, adaptive_learning_capacity, Psych_Calculated_Risk, inter_exploratory_brilliance, inter_obsessive_correction, inter_cowardice_penalty, Feat_Resilient_Explorer, Feat_Ego_vs_Capacity, Mutant_AoL_Resilience, Mutant_Omega_Curiosity",0.2
148,MutualInfo_p90,8,SVR_Linear,0.6139,0.6589,0.5289,0.063,"{'model__epsilon': 0.5, 'model__C': 1.0}","sum_weighted_score, humility_challenging, stubbornness_index, impulsive_help_ratio, adaptive_learning_capacity, ratio_redo_success, Comp_GBA_AoL_Anchored, Feat_Resilient_Explorer",0.6
149,RF_Importance_p80,16,PLSRegression,0.6074,0.6592,0.5264,0.0622,{'model__n_components': 2},"sum_weighted_score, score_velocity, hint_reading_duration, contemplation_index, time_diff_end_vs_start, time_diff_phase3_vs_phase1, time_diff_max_vs_avg, ratio_success_per_duration, PCA_Dur_squared, Psych_Flow_Stamina, ratio_struggle_time, inter_obsessive_correction, Comp_GBA_DS_Anchored, Comp_GBA_AoL_Anchored, Feat_Resilient_Explorer, Mutant_AoL_Resilience",0.7
150,Kendall_gt0.10,31,KNN_Regressor,0.6179,0.6594,0.5286,0.0617,"{'model__weights': 'uniform', 'model__p': 1, 'model__n_neighbors': 15}","sum_weighted_score, humility_challenging, struggle_ratio, grind_capacity, score_velocity, boldness_score, stubbornness_index, impulsive_help_ratio, delayed_gratification_hint, hint_reliance_ratio, carefulness_index, hint_dependency_gravity, adaptive_learning_capacity, stubborn_failure_magnitude, ratio_redo_success, Comp_Joyous_Exploration, Comp_Awareness_Limit, Psych_Calculated_Risk, Psych_Ego_Awareness, Psych_Calculated_Risk_Growth, ratio_score_per_hint, inter_exploratory_brilliance, inter_obsessive_correction, inter_cowardice_penalty, Comp_GBA_DS_Anchored, Comp_GBA_AoL_Anchored, Feat_Resilient_Explorer, Feat_Ego_vs_Capacity, Feat_Strategic_Growth, Mutant_AoL_Resilience, Mutant_Omega_Curiosity",0.6
151,Spearman_gt0.15,29,KNN_Regressor,0.6185,0.6596,0.5233,0.0611,"{'model__weights': 'uniform', 'model__p': 1, 'model__n_neighbors': 15}","sum_weighted_score, humility_challenging, struggle_ratio, grind_capacity, score_velocity, boldness_score, stubbornness_index, impulsive_help_ratio, hint_reliance_ratio, carefulness_index, hint_dependency_gravity, adaptive_learning_capacity, stubborn_failure_magnitude, ratio_redo_success, Comp_Joyous_Exploration, Comp_Awareness_Limit, Psych_Calculated_Risk, Psych_Ego_Awareness, ratio_score_per_hint, inter_exploratory_brilliance, inter_obsessive_correction, inter_cowardice_penalty, Comp_GBA_DS_Anchored, Comp_GBA_AoL_Anchored, Feat_Resilient_Explorer, Feat_Ego_vs_Capacity, Feat_Strategic_Growth, Mutant_AoL_Resilience, Mutant_Omega_Curiosity",0.8
152,Kendall_gt0.20,13,PLSRegression,0.6051,0.6599,0.5287,0.0602,{'model__n_components': 10},"sum_weighted_score, score_velocity, adaptive_learning_capacity, Psych_Calculated_Risk, ratio_score_per_hint, inter_exploratory_brilliance, inter_obsessive_correction, inter_cowardice_penalty, Feat_Resilient_Explorer, Feat_Ego_vs_Capacity, Feat_Strategic_Growth, Mutant_AoL_Resilience, Mutant_Omega_Curiosity",0.5
153,Pearson_gt0.30,6,KNN_Regressor,0.6144,0.66,0.5262,0.06,"{'model__weights': 'uniform', 'model__p': 2, 'model__n_neighbors': 15}","sum_weighted_score, Psych_Calculated_Risk, inter_exploratory_brilliance, inter_obsessive_correction, Feat_Resilient_Explorer, Mutant_Omega_Curiosity",0.3
154,RF_Importance_p80,16,HuberRegressor,0.6186,0.6601,0.5339,0.0595,"{'model__epsilon': 2.0, 'model__alpha': 0.01}","sum_weighted_score, score_velocity, hint_reading_duration, contemplation_index, time_diff_end_vs_start, time_diff_phase3_vs_phase1, time_diff_max_vs_avg, ratio_success_per_duration, PCA_Dur_squared, Psych_Flow_Stamina, ratio_struggle_time, inter_obsessive_correction, Comp_GBA_DS_Anchored, Comp_GBA_AoL_Anchored, Feat_Resilient_Explorer, Mutant_AoL_Resilience",1.0
155,Pearson_gt0.30,6,MLP_Regressor,0.608,0.6607,0.5289,0.0579,"{'model__learning_rate': 'constant', 'model__hidden_layer_sizes': (128,), 'model__alpha': 0.001, 'model__activation': 'tanh'}","sum_weighted_score, Psych_Calculated_Risk, inter_exploratory_brilliance, inter_obsessive_correction, Feat_Resilient_Explorer, Mutant_Omega_Curiosity",9.1
156,Pearson_gt0.20,18,HuberRegressor,0.6103,0.6609,0.5317,0.0572,"{'model__epsilon': 2.0, 'model__alpha': 0.01}","sum_weighted_score, humility_challenging, struggle_ratio, score_velocity, impulsive_help_ratio, ratio_redo_success, Comp_Joyous_Exploration, Psych_Calculated_Risk, ratio_score_per_hint, inter_exploratory_brilliance, inter_obsessive_correction, inter_cowardice_penalty, Comp_GBA_DS_Anchored, Feat_Resilient_Explorer, Feat_Ego_vs_Capacity, Feat_Strategic_Growth, Mutant_AoL_Resilience, Mutant_Omega_Curiosity",2.1
157,Lasso_NonZero,29,PLSRegression,0.6028,0.661,0.5278,0.0572,{'model__n_components': 2},"sum_weighted_score, struggle_ratio, grind_capacity, boldness_score, impulsive_help_ratio, delayed_gratification_hint, hint_reliance_ratio, carefulness_index, tuas_dominance, keypad_dominance, hesitation_penalty, exploration_efficiency, hint_dependency_gravity, reckless_action_index, calculated_risk_taking, stubborn_failure_magnitude, time_diff_end_vs_start, ratio_success_per_duration, inter_hint_x_skip, Comp_Awareness_Limit, Psych_Ego_Awareness, ratio_struggle_time, HighOrd_Star_x_Effort, inter_obsessive_correction, inter_cowardice_penalty, Comp_GBA_AoL_Anchored, Feat_Strategic_Growth, Mutant_AoL_Resilience, Mutant_Omega_Curiosity",0.3
158,Spearman_gt0.15,29,PLSRegression,0.6067,0.6612,0.5307,0.0564,{'model__n_components': 2},"sum_weighted_score, humility_challenging, struggle_ratio, grind_capacity, score_velocity, boldness_score, stubbornness_index, impulsive_help_ratio, hint_reliance_ratio, carefulness_index, hint_dependency_gravity, adaptive_learning_capacity, stubborn_failure_magnitude, ratio_redo_success, Comp_Joyous_Exploration, Comp_Awareness_Limit, Psych_Calculated_Risk, Psych_Ego_Awareness, ratio_score_per_hint, inter_exploratory_brilliance, inter_obsessive_correction, inter_cowardice_penalty, Comp_GBA_DS_Anchored, Comp_GBA_AoL_Anchored, Feat_Resilient_Explorer, Feat_Ego_vs_Capacity, Feat_Strategic_Growth, Mutant_AoL_Resilience, Mutant_Omega_Curiosity",0.4
159,Kendall_gt0.15,21,HuberRegressor,0.6128,0.6613,0.531,0.0563,"{'model__epsilon': 2.0, 'model__alpha': 0.01}","sum_weighted_score, humility_challenging, struggle_ratio, grind_capacity, score_velocity, stubbornness_index, adaptive_learning_capacity, ratio_redo_success, Comp_Joyous_Exploration, Psych_Calculated_Risk, Psych_Ego_Awareness, ratio_score_per_hint, inter_exploratory_brilliance, inter_obsessive_correction, inter_cowardice_penalty, Comp_GBA_AoL_Anchored, Feat_Resilient_Explorer, Feat_Ego_vs_Capacity, Feat_Strategic_Growth, Mutant_AoL_Resilience, Mutant_Omega_Curiosity",2.2
160,MutualInfo_p70,24,SVR_Linear,0.6226,0.6613,0.5278,0.0562,"{'model__epsilon': 0.5, 'model__C': 1.0}","sum_weighted_score, humility_challenging, struggle_ratio, grind_capacity, score_velocity, hard_challenge_efficiency, stubbornness_index, impulsive_help_ratio, hint_dependency_gravity, reckless_action_index, adaptive_learning_capacity, ratio_redo_success, Comp_Joyous_Exploration, Psych_Calculated_Risk_Growth, ratio_score_per_hint, inter_exploratory_brilliance, inter_obsessive_correction, inter_cowardice_penalty, Comp_GBA_DS_Anchored, Comp_GBA_AoL_Anchored, Feat_Resilient_Explorer, Feat_Ego_vs_Capacity, Mutant_AoL_Resilience, Mutant_Omega_Curiosity",1.7
161,Kendall_gt0.20,13,HuberRegressor,0.6063,0.6618,0.5303,0.0547,"{'model__epsilon': 2.0, 'model__alpha': 0.01}","sum_weighted_score, score_velocity, adaptive_learning_capacity, Psych_Calculated_Risk, ratio_score_per_hint, inter_exploratory_brilliance, inter_obsessive_correction, inter_cowardice_penalty, Feat_Resilient_Explorer, Feat_Ego_vs_Capacity, Feat_Strategic_Growth, Mutant_AoL_Resilience, Mutant_Omega_Curiosity",1.1
162,RFE_Ridge_Top30,30,SVR_Linear,0.6155,0.6627,0.5347,0.0523,"{'model__epsilon': 0.5, 'model__C': 1.0}","sum_weighted_score, struggle_ratio, hard_challenge_efficiency, apathy_speed, hint_reading_duration, impulsive_help_ratio, carefulness_index, star_efficiency, exploration_efficiency, ratio_hint_time, ratio_redo_success, PCA_Duration, PCA_Hints, Comp_Joyous_Exploration, Psych_Calculated_Risk, Psych_Ego_Awareness, Psych_Adaptability, Psych_Calculated_Risk_Growth, ratio_struggle_time, inter_ambition_vs_reality, inter_strategic_retreat, PCA_Performance_Star, inter_exploratory_brilliance, inter_obsessive_correction, HighOrd_Score_x_PCAStar, HighOrd_Score_x_PCADuration, Comp_GBA_DS_Anchored, Feat_Resilient_Explorer, Feat_Strategic_Growth, Mutant_Omega_Curiosity",0.7
163,RF_Importance_med,40,HuberRegressor,0.629,0.6628,0.5284,0.0518,"{'model__epsilon': 2.0, 'model__alpha': 0.01}","sum_weighted_score, struggle_ratio, score_velocity, hard_challenge_efficiency, hint_reading_duration, hint_effectiveness, engagement_persistence, carefulness_index, contemplation_index, exploration_efficiency, hyper_curiosity_index, adaptive_learning_capacity, time_diff_end_vs_start, time_diff_phase3_vs_phase1, time_diff_max_vs_avg, ratio_hint_time, ratio_success_per_duration, PCA_Duration, PCA_Hints, PCA_Dur_x_PCA_Hints, PCA_Dur_squared, Psych_Flow_Stamina, ratio_struggle_time, inter_sweet_victory, PCA_Performance_Star, HighOrd_Star_x_Effort, inter_exploratory_brilliance, inter_obsessive_correction, inter_cowardice_penalty, HighOrd_Score_x_PCAStar, HighOrd_Score_x_PCADuration, Comp_GBA_DS_Anchored, Comp_GBA_AoL_Anchored, Feat_Resilient_Explorer, Feat_Ego_vs_Capacity, Feat_Cognitive_Waste, Feat_Strategic_Growth, Mutant_AoL_Resilience, Mutant_Omega_Curiosity, Mutant_Ego_Death",4.0
164,Lasso_NonZero,29,Ridge,0.6065,0.663,0.5247,0.0514,{'model__alpha': 500.0},"sum_weighted_score, struggle_ratio, grind_capacity, boldness_score, impulsive_help_ratio, delayed_gratification_hint, hint_reliance_ratio, carefulness_index, tuas_dominance, keypad_dominance, hesitation_penalty, exploration_efficiency, hint_dependency_gravity, reckless_action_index, calculated_risk_taking, stubborn_failure_magnitude, time_diff_end_vs_start, ratio_success_per_duration, inter_hint_x_skip, Comp_Awareness_Limit, Psych_Ego_Awareness, ratio_struggle_time, HighOrd_Star_x_Effort, inter_obsessive_correction, inter_cowardice_penalty, Comp_GBA_AoL_Anchored, Feat_Strategic_Growth, Mutant_AoL_Resilience, Mutant_Omega_Curiosity",0.4
165,MutualInfo_p70,24,HuberRegressor,0.621,0.6632,0.5322,0.0508,"{'model__epsilon': 2.0, 'model__alpha': 0.01}","sum_weighted_score, humility_challenging, struggle_ratio, grind_capacity, score_velocity, hard_challenge_efficiency, stubbornness_index, impulsive_help_ratio, hint_dependency_gravity, reckless_action_index, adaptive_learning_capacity, ratio_redo_success, Comp_Joyous_Exploration, Psych_Calculated_Risk_Growth, ratio_score_per_hint, inter_exploratory_brilliance, inter_obsessive_correction, inter_cowardice_penalty, Comp_GBA_DS_Anchored, Comp_GBA_AoL_Anchored, Feat_Resilient_Explorer, Feat_Ego_vs_Capacity, Mutant_AoL_Resilience, Mutant_Omega_Curiosity",1.9
166,Pearson_gt0.20,18,XGBoost,0.6248,0.6632,0.5277,0.0508,"{'model__subsample': 1.0, 'model__max_depth': 3, 'model__learning_rate': 0.05, 'model__colsample_bytree': 0.8}","sum_weighted_score, humility_challenging, struggle_ratio, score_velocity, impulsive_help_ratio, ratio_redo_success, Comp_Joyous_Exploration, Psych_Calculated_Risk, ratio_score_per_hint, inter_exploratory_brilliance, inter_obsessive_correction, inter_cowardice_penalty, Comp_GBA_DS_Anchored, Feat_Resilient_Explorer, Feat_Ego_vs_Capacity, Feat_Strategic_Growth, Mutant_AoL_Resilience, Mutant_Omega_Curiosity",8.8
167,Kendall_gt0.20,13,SVR_Linear,0.6083,0.6637,0.5324,0.0495,"{'model__epsilon': 0.5, 'model__C': 1.0}","sum_weighted_score, score_velocity, adaptive_learning_capacity, Psych_Calculated_Risk, ratio_score_per_hint, inter_exploratory_brilliance, inter_obsessive_correction, inter_cowardice_penalty, Feat_Resilient_Explorer, Feat_Ego_vs_Capacity, Feat_Strategic_Growth, Mutant_AoL_Resilience, Mutant_Omega_Curiosity",0.6
168,MutualInfo_p90,8,XGBoost,0.6192,0.6639,0.5367,0.0487,"{'model__subsample': 1.0, 'model__max_depth': 3, 'model__learning_rate': 0.05, 'model__colsample_bytree': 0.8}","sum_weighted_score, humility_challenging, stubbornness_index, impulsive_help_ratio, adaptive_learning_capacity, ratio_redo_success, Comp_GBA_AoL_Anchored, Feat_Resilient_Explorer",2.9
169,Spearman_gt0.30,11,SVR_Linear,0.6078,0.6639,0.5344,0.0487,"{'model__epsilon': 0.5, 'model__C': 1.0}","sum_weighted_score, score_velocity, adaptive_learning_capacity, Psych_Calculated_Risk, inter_exploratory_brilliance, inter_obsessive_correction, inter_cowardice_penalty, Feat_Resilient_Explorer, Feat_Ego_vs_Capacity, Mutant_AoL_Resilience, Mutant_Omega_Curiosity",0.5
170,RF_Importance_p90,8,MLP_Regressor,0.6089,0.6644,0.5292,0.0472,"{'model__learning_rate': 'constant', 'model__hidden_layer_sizes': (128,), 'model__alpha': 0.001, 'model__activation': 'tanh'}","sum_weighted_score, hint_reading_duration, time_diff_end_vs_start, time_diff_max_vs_avg, inter_obsessive_correction, Comp_GBA_AoL_Anchored, Feat_Resilient_Explorer, Mutant_AoL_Resilience",7.9
171,RF_Importance_p80,16,SVR_Linear,0.6171,0.6645,0.5336,0.0471,"{'model__epsilon': 0.5, 'model__C': 1.0}","sum_weighted_score, score_velocity, hint_reading_duration, contemplation_index, time_diff_end_vs_start, time_diff_phase3_vs_phase1, time_diff_max_vs_avg, ratio_success_per_duration, PCA_Dur_squared, Psych_Flow_Stamina, ratio_struggle_time, inter_obsessive_correction, Comp_GBA_DS_Anchored, Comp_GBA_AoL_Anchored, Feat_Resilient_Explorer, Mutant_AoL_Resilience",1.4
172,RF_Importance_p90,8,KNN_Regressor,0.6179,0.665,0.5277,0.0455,"{'model__weights': 'uniform', 'model__p': 2, 'model__n_neighbors': 15}","sum_weighted_score, hint_reading_duration, time_diff_end_vs_start, time_diff_max_vs_avg, inter_obsessive_correction, Comp_GBA_AoL_Anchored, Feat_Resilient_Explorer, Mutant_AoL_Resilience",0.3
173,RFE_Ridge_Top20,20,KNN_Regressor,0.6135,0.6651,0.5239,0.0454,"{'model__weights': 'uniform', 'model__p': 2, 'model__n_neighbors': 15}","sum_weighted_score, struggle_ratio, hard_challenge_efficiency, impulsive_help_ratio, carefulness_index, star_efficiency, ratio_hint_time, ratio_redo_success, PCA_Hints, Comp_Joyous_Exploration, Psych_Calculated_Risk, Psych_Adaptability, Psych_Calculated_Risk_Growth, ratio_struggle_time, inter_strategic_retreat, inter_exploratory_brilliance, inter_obsessive_correction, Comp_GBA_DS_Anchored, Feat_Resilient_Explorer, Mutant_Omega_Curiosity",0.5
174,MutualInfo_p70,24,XGBoost,0.6243,0.6653,0.5311,0.0446,"{'model__subsample': 1.0, 'model__max_depth': 3, 'model__learning_rate': 0.05, 'model__colsample_bytree': 0.8}","sum_weighted_score, humility_challenging, struggle_ratio, grind_capacity, score_velocity, hard_challenge_efficiency, stubbornness_index, impulsive_help_ratio, hint_dependency_gravity, reckless_action_index, adaptive_learning_capacity, ratio_redo_success, Comp_Joyous_Exploration, Psych_Calculated_Risk_Growth, ratio_score_per_hint, inter_exploratory_brilliance, inter_obsessive_correction, inter_cowardice_penalty, Comp_GBA_DS_Anchored, Comp_GBA_AoL_Anchored, Feat_Resilient_Explorer, Feat_Ego_vs_Capacity, Mutant_AoL_Resilience, Mutant_Omega_Curiosity",10.4
175,MutualInfo_p90,8,MLP_Regressor,0.605,0.6659,0.5336,0.043,"{'model__learning_rate': 'adaptive', 'model__hidden_layer_sizes': (64, 32), 'model__alpha': 0.01, 'model__activation': 'tanh'}","sum_weighted_score, humility_challenging, stubbornness_index, impulsive_help_ratio, adaptive_learning_capacity, ratio_redo_success, Comp_GBA_AoL_Anchored, Feat_Resilient_Explorer",8.5
176,Pearson_gt0.20,18,SVR_Linear,0.6119,0.6666,0.5378,0.0411,"{'model__epsilon': 0.5, 'model__C': 10.0}","sum_weighted_score, humility_challenging, struggle_ratio, score_velocity, impulsive_help_ratio, ratio_redo_success, Comp_Joyous_Exploration, Psych_Calculated_Risk, ratio_score_per_hint, inter_exploratory_brilliance, inter_obsessive_correction, inter_cowardice_penalty, Comp_GBA_DS_Anchored, Feat_Resilient_Explorer, Feat_Ego_vs_Capacity, Feat_Strategic_Growth, Mutant_AoL_Resilience, Mutant_Omega_Curiosity",0.8
177,Kendall_gt0.15,21,XGBoost,0.62,0.6667,0.5327,0.0406,"{'model__subsample': 1.0, 'model__max_depth': 3, 'model__learning_rate': 0.05, 'model__colsample_bytree': 1.0}","sum_weighted_score, humility_challenging, struggle_ratio, grind_capacity, score_velocity, stubbornness_index, adaptive_learning_capacity, ratio_redo_success, Comp_Joyous_Exploration, Psych_Calculated_Risk, Psych_Ego_Awareness, ratio_score_per_hint, inter_exploratory_brilliance, inter_obsessive_correction, inter_cowardice_penalty, Comp_GBA_AoL_Anchored, Feat_Resilient_Explorer, Feat_Ego_vs_Capacity, Feat_Strategic_Growth, Mutant_AoL_Resilience, Mutant_Omega_Curiosity",9.9
178,Pearson_gt0.15,24,HuberRegressor,0.6146,0.6683,0.5367,0.0362,"{'model__epsilon': 2.0, 'model__alpha': 0.01}","sum_weighted_score, humility_challenging, struggle_ratio, score_velocity, impulsive_help_ratio, hint_reliance_ratio, carefulness_index, adaptive_learning_capacity, ratio_redo_success, Comp_Joyous_Exploration, Comp_Awareness_Limit, Psych_Calculated_Risk, Psych_Ego_Awareness, ratio_score_per_hint, inter_exploratory_brilliance, inter_obsessive_correction, inter_cowardice_penalty, HighOrd_Score_x_PCADuration, Comp_GBA_DS_Anchored, Feat_Resilient_Explorer, Feat_Ego_vs_Capacity, Feat_Strategic_Growth, Mutant_AoL_Resilience, Mutant_Omega_Curiosity",1.6
179,MutualInfo_p80,16,MLP_Regressor,0.6157,0.6687,0.5332,0.0348,"{'model__learning_rate': 'constant', 'model__hidden_layer_sizes': (128,), 'model__alpha': 0.001, 'model__activation': 'tanh'}","sum_weighted_score, humility_challenging, struggle_ratio, grind_capacity, hard_challenge_efficiency, stubbornness_index, impulsive_help_ratio, adaptive_learning_capacity, ratio_redo_success, Comp_Joyous_Exploration, inter_exploratory_brilliance, inter_obsessive_correction, Comp_GBA_AoL_Anchored, Feat_Resilient_Explorer, Mutant_AoL_Resilience, Mutant_Omega_Curiosity",13.3
180,Lasso_NonZero,29,XGBoost,0.6227,0.67,0.5368,0.0311,"{'model__subsample': 0.8, 'model__max_depth': 3, 'model__learning_rate': 0.05, 'model__colsample_bytree': 0.8}","sum_weighted_score, struggle_ratio, grind_capacity, boldness_score, impulsive_help_ratio, delayed_gratification_hint, hint_reliance_ratio, carefulness_index, tuas_dominance, keypad_dominance, hesitation_penalty, exploration_efficiency, hint_dependency_gravity, reckless_action_index, calculated_risk_taking, stubborn_failure_magnitude, time_diff_end_vs_start, ratio_success_per_duration, inter_hint_x_skip, Comp_Awareness_Limit, Psych_Ego_Awareness, ratio_struggle_time, HighOrd_Star_x_Effort, inter_obsessive_correction, inter_cowardice_penalty, Comp_GBA_AoL_Anchored, Feat_Strategic_Growth, Mutant_AoL_Resilience, Mutant_Omega_Curiosity",11.9
181,Lasso_NonZero,29,KNN_Regressor,0.6161,0.6706,0.537,0.0295,"{'model__weights': 'uniform', 'model__p': 1, 'model__n_neighbors': 15}","sum_weighted_score, struggle_ratio, grind_capacity, boldness_score, impulsive_help_ratio, delayed_gratification_hint, hint_reliance_ratio, carefulness_index, tuas_dominance, keypad_dominance, hesitation_penalty, exploration_efficiency, hint_dependency_gravity, reckless_action_index, calculated_risk_taking, stubborn_failure_magnitude, time_diff_end_vs_start, ratio_success_per_duration, inter_hint_x_skip, Comp_Awareness_Limit, Psych_Ego_Awareness, ratio_struggle_time, HighOrd_Star_x_Effort, inter_obsessive_correction, inter_cowardice_penalty, Comp_GBA_AoL_Anchored, Feat_Strategic_Growth, Mutant_AoL_Resilience, Mutant_Omega_Curiosity",0.7
182,Spearman_gt0.20,24,XGBoost,0.6199,0.6721,0.537,0.0253,"{'model__subsample': 1.0, 'model__max_depth': 3, 'model__learning_rate': 0.05, 'model__colsample_bytree': 1.0}","sum_weighted_score, humility_challenging, struggle_ratio, grind_capacity, score_velocity, stubbornness_index, impulsive_help_ratio, hint_reliance_ratio, adaptive_learning_capacity, ratio_redo_success, Comp_Joyous_Exploration, Psych_Calculated_Risk, Psych_Ego_Awareness, ratio_score_per_hint, inter_exploratory_brilliance, inter_obsessive_correction, inter_cowardice_penalty, Comp_GBA_DS_Anchored, Comp_GBA_AoL_Anchored, Feat_Resilient_Explorer, Feat_Ego_vs_Capacity, Feat_Strategic_Growth, Mutant_AoL_Resilience, Mutant_Omega_Curiosity",9.7
183,MutualInfo_p90,8,KNN_Regressor,0.6184,0.6721,0.5391,0.025,"{'model__weights': 'uniform', 'model__p': 2, 'model__n_neighbors': 15}","sum_weighted_score, humility_challenging, stubbornness_index, impulsive_help_ratio, adaptive_learning_capacity, ratio_redo_success, Comp_GBA_AoL_Anchored, Feat_Resilient_Explorer",0.3
184,Spearman_gt0.30,11,MLP_Regressor,0.6146,0.6732,0.5375,0.0219,"{'model__learning_rate': 'constant', 'model__hidden_layer_sizes': (128,), 'model__alpha': 0.001, 'model__activation': 'tanh'}","sum_weighted_score, score_velocity, adaptive_learning_capacity, Psych_Calculated_Risk, inter_exploratory_brilliance, inter_obsessive_correction, inter_cowardice_penalty, Feat_Resilient_Explorer, Feat_Ego_vs_Capacity, Mutant_AoL_Resilience, Mutant_Omega_Curiosity",12.9
185,RF_Importance_med,40,SVR_Linear,0.6446,0.6739,0.5367,0.0198,"{'model__epsilon': 0.5, 'model__C': 1.0}","sum_weighted_score, struggle_ratio, score_velocity, hard_challenge_efficiency, hint_reading_duration, hint_effectiveness, engagement_persistence, carefulness_index, contemplation_index, exploration_efficiency, hyper_curiosity_index, adaptive_learning_capacity, time_diff_end_vs_start, time_diff_phase3_vs_phase1, time_diff_max_vs_avg, ratio_hint_time, ratio_success_per_duration, PCA_Duration, PCA_Hints, PCA_Dur_x_PCA_Hints, PCA_Dur_squared, Psych_Flow_Stamina, ratio_struggle_time, inter_sweet_victory, PCA_Performance_Star, HighOrd_Star_x_Effort, inter_exploratory_brilliance, inter_obsessive_correction, inter_cowardice_penalty, HighOrd_Score_x_PCAStar, HighOrd_Score_x_PCADuration, Comp_GBA_DS_Anchored, Comp_GBA_AoL_Anchored, Feat_Resilient_Explorer, Feat_Ego_vs_Capacity, Feat_Cognitive_Waste, Feat_Strategic_Growth, Mutant_AoL_Resilience, Mutant_Omega_Curiosity, Mutant_Ego_Death",2.0
186,MutualInfo_p80,16,XGBoost,0.6123,0.6746,0.5439,0.0179,"{'model__subsample': 1.0, 'model__max_depth': 3, 'model__learning_rate': 0.05, 'model__colsample_bytree': 1.0}","sum_weighted_score, humility_challenging, struggle_ratio, grind_capacity, hard_challenge_efficiency, stubbornness_index, impulsive_help_ratio, adaptive_learning_capacity, ratio_redo_success, Comp_Joyous_Exploration, inter_exploratory_brilliance, inter_obsessive_correction, Comp_GBA_AoL_Anchored, Feat_Resilient_Explorer, Mutant_AoL_Resilience, Mutant_Omega_Curiosity",6.7
187,Kendall_gt0.10,31,HuberRegressor,0.6239,0.6765,0.5427,0.0123,"{'model__epsilon': 2.0, 'model__alpha': 0.01}","sum_weighted_score, humility_challenging, struggle_ratio, grind_capacity, score_velocity, boldness_score, stubbornness_index, impulsive_help_ratio, delayed_gratification_hint, hint_reliance_ratio, carefulness_index, hint_dependency_gravity, adaptive_learning_capacity, stubborn_failure_magnitude, ratio_redo_success, Comp_Joyous_Exploration, Comp_Awareness_Limit, Psych_Calculated_Risk, Psych_Ego_Awareness, Psych_Calculated_Risk_Growth, ratio_score_per_hint, inter_exploratory_brilliance, inter_obsessive_correction, inter_cowardice_penalty, Comp_GBA_DS_Anchored, Comp_GBA_AoL_Anchored, Feat_Resilient_Explorer, Feat_Ego_vs_Capacity, Feat_Strategic_Growth, Mutant_AoL_Resilience, Mutant_Omega_Curiosity",3.2
188,Spearman_gt0.15,29,XGBoost,0.6204,0.6778,0.5418,0.0086,"{'model__subsample': 1.0, 'model__max_depth': 3, 'model__learning_rate': 0.05, 'model__colsample_bytree': 1.0}","sum_weighted_score, humility_challenging, struggle_ratio, grind_capacity, score_velocity, boldness_score, stubbornness_index, impulsive_help_ratio, hint_reliance_ratio, carefulness_index, hint_dependency_gravity, adaptive_learning_capacity, stubborn_failure_magnitude, ratio_redo_success, Comp_Joyous_Exploration, Comp_Awareness_Limit, Psych_Calculated_Risk, Psych_Ego_Awareness, ratio_score_per_hint, inter_exploratory_brilliance, inter_obsessive_correction, inter_cowardice_penalty, Comp_GBA_DS_Anchored, Comp_GBA_AoL_Anchored, Feat_Resilient_Explorer, Feat_Ego_vs_Capacity, Feat_Strategic_Growth, Mutant_AoL_Resilience, Mutant_Omega_Curiosity",12.1
189,Kendall_gt0.10,31,XGBoost,0.6191,0.6796,0.5423,0.0033,"{'model__subsample': 1.0, 'model__max_depth': 3, 'model__learning_rate': 0.05, 'model__colsample_bytree': 1.0}","sum_weighted_score, humility_challenging, struggle_ratio, grind_capacity, score_velocity, boldness_score, stubbornness_index, impulsive_help_ratio, delayed_gratification_hint, hint_reliance_ratio, carefulness_index, hint_dependency_gravity, adaptive_learning_capacity, stubborn_failure_magnitude, ratio_redo_success, Comp_Joyous_Exploration, Comp_Awareness_Limit, Psych_Calculated_Risk, Psych_Ego_Awareness, Psych_Calculated_Risk_Growth, ratio_score_per_hint, inter_exploratory_brilliance, inter_obsessive_correction, inter_cowardice_penalty, Comp_GBA_DS_Anchored, Comp_GBA_AoL_Anchored, Feat_Resilient_Explorer, Feat_Ego_vs_Capacity, Feat_Strategic_Growth, Mutant_AoL_Resilience, Mutant_Omega_Curiosity",12.6
190,RF_Importance_p80,16,XGBoost,0.6333,0.681,0.5322,-0.0008,"{'model__subsample': 1.0, 'model__max_depth': 3, 'model__learning_rate': 0.05, 'model__colsample_bytree': 1.0}","sum_weighted_score, score_velocity, hint_reading_duration, contemplation_index, time_diff_end_vs_start, time_diff_phase3_vs_phase1, time_diff_max_vs_avg, ratio_success_per_duration, PCA_Dur_squared, Psych_Flow_Stamina, ratio_struggle_time, inter_obsessive_correction, Comp_GBA_DS_Anchored, Comp_GBA_AoL_Anchored, Feat_Resilient_Explorer, Mutant_AoL_Resilience",11.7
191,Kendall_gt0.10,31,PLSRegression,0.607,0.682,0.5413,-0.004,{'model__n_components': 3},"sum_weighted_score, humility_challenging, struggle_ratio, grind_capacity, score_velocity, boldness_score, stubbornness_index, impulsive_help_ratio, delayed_gratification_hint, hint_reliance_ratio, carefulness_index, hint_dependency_gravity, adaptive_learning_capacity, stubborn_failure_magnitude, ratio_redo_success, Comp_Joyous_Exploration, Comp_Awareness_Limit, Psych_Calculated_Risk, Psych_Ego_Awareness, Psych_Calculated_Risk_Growth, ratio_score_per_hint, inter_exploratory_brilliance, inter_obsessive_correction, inter_cowardice_penalty, Comp_GBA_DS_Anchored, Comp_GBA_AoL_Anchored, Feat_Resilient_Explorer, Feat_Ego_vs_Capacity, Feat_Strategic_Growth, Mutant_AoL_Resilience, Mutant_Omega_Curiosity",0.4
192,RF_Importance_p80,16,MLP_Regressor,0.6247,0.6828,0.5375,-0.0063,"{'model__learning_rate': 'constant', 'model__hidden_layer_sizes': (128,), 'model__alpha': 0.001, 'model__activation': 'tanh'}","sum_weighted_score, score_velocity, hint_reading_duration, contemplation_index, time_diff_end_vs_start, time_diff_phase3_vs_phase1, time_diff_max_vs_avg, ratio_success_per_duration, PCA_Dur_squared, Psych_Flow_Stamina, ratio_struggle_time, inter_obsessive_correction, Comp_GBA_DS_Anchored, Comp_GBA_AoL_Anchored, Feat_Resilient_Explorer, Mutant_AoL_Resilience",13.9
193,Kendall_gt0.15,21,MLP_Regressor,0.6301,0.6866,0.5444,-0.0173,"{'model__learning_rate': 'constant', 'model__hidden_layer_sizes': (128,), 'model__alpha': 0.001, 'model__activation': 'tanh'}","sum_weighted_score, humility_challenging, struggle_ratio, grind_capacity, score_velocity, stubbornness_index, adaptive_learning_capacity, ratio_redo_success, Comp_Joyous_Exploration, Psych_Calculated_Risk, Psych_Ego_Awareness, ratio_score_per_hint, inter_exploratory_brilliance, inter_obsessive_correction, inter_cowardice_penalty, Comp_GBA_AoL_Anchored, Feat_Resilient_Explorer, Feat_Ego_vs_Capacity, Feat_Strategic_Growth, Mutant_AoL_Resilience, Mutant_Omega_Curiosity",13.8
194,Spearman_gt0.20,24,HuberRegressor,0.619,0.6887,0.5454,-0.0236,"{'model__epsilon': 2.0, 'model__alpha': 0.01}","sum_weighted_score, humility_challenging, struggle_ratio, grind_capacity, score_velocity, stubbornness_index, impulsive_help_ratio, hint_reliance_ratio, adaptive_learning_capacity, ratio_redo_success, Comp_Joyous_Exploration, Psych_Calculated_Risk, Psych_Ego_Awareness, ratio_score_per_hint, inter_exploratory_brilliance, inter_obsessive_correction, inter_cowardice_penalty, Comp_GBA_DS_Anchored, Comp_GBA_AoL_Anchored, Feat_Resilient_Explorer, Feat_Ego_vs_Capacity, Feat_Strategic_Growth, Mutant_AoL_Resilience, Mutant_Omega_Curiosity",2.7
195,Spearman_gt0.20,24,PLSRegression,0.6061,0.6894,0.5411,-0.0259,{'model__n_components': 3},"sum_weighted_score, humility_challenging, struggle_ratio, grind_capacity, score_velocity, stubbornness_index, impulsive_help_ratio, hint_reliance_ratio, adaptive_learning_capacity, ratio_redo_success, Comp_Joyous_Exploration, Psych_Calculated_Risk, Psych_Ego_Awareness, ratio_score_per_hint, inter_exploratory_brilliance, inter_obsessive_correction, inter_cowardice_penalty, Comp_GBA_DS_Anchored, Comp_GBA_AoL_Anchored, Feat_Resilient_Explorer, Feat_Ego_vs_Capacity, Feat_Strategic_Growth, Mutant_AoL_Resilience, Mutant_Omega_Curiosity",0.5
196,Kendall_gt0.15,21,SVR_Linear,0.6158,0.6923,0.5518,-0.0343,"{'model__epsilon': 0.5, 'model__C': 1.0}","sum_weighted_score, humility_challenging, struggle_ratio, grind_capacity, score_velocity, stubbornness_index, adaptive_learning_capacity, ratio_redo_success, Comp_Joyous_Exploration, Psych_Calculated_Risk, Psych_Ego_Awareness, ratio_score_per_hint, inter_exploratory_brilliance, inter_obsessive_correction, inter_cowardice_penalty, Comp_GBA_AoL_Anchored, Feat_Resilient_Explorer, Feat_Ego_vs_Capacity, Feat_Strategic_Growth, Mutant_AoL_Resilience, Mutant_Omega_Curiosity",1.0
197,RF_Importance_p90,8,XGBoost,0.6267,0.6933,0.5438,-0.0372,"{'model__subsample': 1.0, 'model__max_depth': 3, 'model__learning_rate': 0.05, 'model__colsample_bytree': 1.0}","sum_weighted_score, hint_reading_duration, time_diff_end_vs_start, time_diff_max_vs_avg, inter_obsessive_correction, Comp_GBA_AoL_Anchored, Feat_Resilient_Explorer, Mutant_AoL_Resilience",4.6
198,RFE_Ridge_Top20,20,MLP_Regressor,0.6268,0.6933,0.549,-0.0373,"{'model__learning_rate': 'adaptive', 'model__hidden_layer_sizes': (64, 32), 'model__alpha': 0.01, 'model__activation': 'tanh'}","sum_weighted_score, struggle_ratio, hard_challenge_efficiency, impulsive_help_ratio, carefulness_index, star_efficiency, ratio_hint_time, ratio_redo_success, PCA_Hints, Comp_Joyous_Exploration, Psych_Calculated_Risk, Psych_Adaptability, Psych_Calculated_Risk_Growth, ratio_struggle_time, inter_strategic_retreat, inter_exploratory_brilliance, inter_obsessive_correction, Comp_GBA_DS_Anchored, Feat_Resilient_Explorer, Mutant_Omega_Curiosity",11.1
199,Kendall_gt0.20,13,MLP_Regressor,0.6154,0.6949,0.5438,-0.0421,"{'model__learning_rate': 'adaptive', 'model__hidden_layer_sizes': (64, 32), 'model__alpha': 0.01, 'model__activation': 'tanh'}","sum_weighted_score, score_velocity, adaptive_learning_capacity, Psych_Calculated_Risk, ratio_score_per_hint, inter_exploratory_brilliance, inter_obsessive_correction, inter_cowardice_penalty, Feat_Resilient_Explorer, Feat_Ego_vs_Capacity, Feat_Strategic_Growth, Mutant_AoL_Resilience, Mutant_Omega_Curiosity",11.6
200,Kendall_gt0.10,31,SVR_Linear,0.6271,0.6988,0.5499,-0.0537,"{'model__epsilon': 0.5, 'model__C': 1.0}","sum_weighted_score, humility_challenging, struggle_ratio, grind_capacity, score_velocity, boldness_score, stubbornness_index, impulsive_help_ratio, delayed_gratification_hint, hint_reliance_ratio, carefulness_index, hint_dependency_gravity, adaptive_learning_capacity, stubborn_failure_magnitude, ratio_redo_success, Comp_Joyous_Exploration, Comp_Awareness_Limit, Psych_Calculated_Risk, Psych_Ego_Awareness, Psych_Calculated_Risk_Growth, ratio_score_per_hint, inter_exploratory_brilliance, inter_obsessive_correction, inter_cowardice_penalty, Comp_GBA_DS_Anchored, Comp_GBA_AoL_Anchored, Feat_Resilient_Explorer, Feat_Ego_vs_Capacity, Feat_Strategic_Growth, Mutant_AoL_Resilience, Mutant_Omega_Curiosity",1.1
201,Pearson_gt0.20,18,MLP_Regressor,0.6263,0.7021,0.5411,-0.0639,"{'model__learning_rate': 'adaptive', 'model__hidden_layer_sizes': (64, 32), 'model__alpha': 0.01, 'model__activation': 'tanh'}","sum_weighted_score, humility_challenging, struggle_ratio, score_velocity, impulsive_help_ratio, ratio_redo_success, Comp_Joyous_Exploration, Psych_Calculated_Risk, ratio_score_per_hint, inter_exploratory_brilliance, inter_obsessive_correction, inter_cowardice_penalty, Comp_GBA_DS_Anchored, Feat_Resilient_Explorer, Feat_Ego_vs_Capacity, Feat_Strategic_Growth, Mutant_AoL_Resilience, Mutant_Omega_Curiosity",13.4
202,MutualInfo_p70,24,MLP_Regressor,0.6337,0.7112,0.5496,-0.0915,"{'model__learning_rate': 'adaptive', 'model__hidden_layer_sizes': (64, 32), 'model__alpha': 0.01, 'model__activation': 'tanh'}","sum_weighted_score, humility_challenging, struggle_ratio, grind_capacity, score_velocity, hard_challenge_efficiency, stubbornness_index, impulsive_help_ratio, hint_dependency_gravity, reckless_action_index, adaptive_learning_capacity, ratio_redo_success, Comp_Joyous_Exploration, Psych_Calculated_Risk_Growth, ratio_score_per_hint, inter_exploratory_brilliance, inter_obsessive_correction, inter_cowardice_penalty, Comp_GBA_DS_Anchored, Comp_GBA_AoL_Anchored, Feat_Resilient_Explorer, Feat_Ego_vs_Capacity, Mutant_AoL_Resilience, Mutant_Omega_Curiosity",14.0
203,Spearman_gt0.20,24,MLP_Regressor,0.6452,0.7138,0.5578,-0.0996,"{'model__learning_rate': 'adaptive', 'model__hidden_layer_sizes': (64, 32), 'model__alpha': 0.01, 'model__activation': 'tanh'}","sum_weighted_score, humility_challenging, struggle_ratio, grind_capacity, score_velocity, stubbornness_index, impulsive_help_ratio, hint_reliance_ratio, adaptive_learning_capacity, ratio_redo_success, Comp_Joyous_Exploration, Psych_Calculated_Risk, Psych_Ego_Awareness, ratio_score_per_hint, inter_exploratory_brilliance, inter_obsessive_correction, inter_cowardice_penalty, Comp_GBA_DS_Anchored, Comp_GBA_AoL_Anchored, Feat_Resilient_Explorer, Feat_Ego_vs_Capacity, Feat_Strategic_Growth, Mutant_AoL_Resilience, Mutant_Omega_Curiosity",13.6
204,Spearman_gt0.15,29,HuberRegressor,0.62,0.7149,0.5563,-0.1029,"{'model__epsilon': 2.0, 'model__alpha': 0.01}","sum_weighted_score, humility_challenging, struggle_ratio, grind_capacity, score_velocity, boldness_score, stubbornness_index, impulsive_help_ratio, hint_reliance_ratio, carefulness_index, hint_dependency_gravity, adaptive_learning_capacity, stubborn_failure_magnitude, ratio_redo_success, Comp_Joyous_Exploration, Comp_Awareness_Limit, Psych_Calculated_Risk, Psych_Ego_Awareness, ratio_score_per_hint, inter_exploratory_brilliance, inter_obsessive_correction, inter_cowardice_penalty, Comp_GBA_DS_Anchored, Comp_GBA_AoL_Anchored, Feat_Resilient_Explorer, Feat_Ego_vs_Capacity, Feat_Strategic_Growth, Mutant_AoL_Resilience, Mutant_Omega_Curiosity",3.1
205,Spearman_gt0.15,29,MLP_Regressor,0.6454,0.7206,0.5653,-0.1205,"{'model__learning_rate': 'adaptive', 'model__hidden_layer_sizes': (64, 32), 'model__alpha': 0.01, 'model__activation': 'tanh'}","sum_weighted_score, humility_challenging, struggle_ratio, grind_capacity, score_velocity, boldness_score, stubbornness_index, impulsive_help_ratio, hint_reliance_ratio, carefulness_index, hint_dependency_gravity, adaptive_learning_capacity, stubborn_failure_magnitude, ratio_redo_success, Comp_Joyous_Exploration, Comp_Awareness_Limit, Psych_Calculated_Risk, Psych_Ego_Awareness, ratio_score_per_hint, inter_exploratory_brilliance, inter_obsessive_correction, inter_cowardice_penalty, Comp_GBA_DS_Anchored, Comp_GBA_AoL_Anchored, Feat_Resilient_Explorer, Feat_Ego_vs_Capacity, Feat_Strategic_Growth, Mutant_AoL_Resilience, Mutant_Omega_Curiosity",15.5
206,Kendall_gt0.10,31,MLP_Regressor,0.653,0.7209,0.5596,-0.1217,"{'model__learning_rate': 'adaptive', 'model__hidden_layer_sizes': (64, 32), 'model__alpha': 0.01, 'model__activation': 'tanh'}","sum_weighted_score, humility_challenging, struggle_ratio, grind_capacity, score_velocity, boldness_score, stubbornness_index, impulsive_help_ratio, delayed_gratification_hint, hint_reliance_ratio, carefulness_index, hint_dependency_gravity, adaptive_learning_capacity, stubborn_failure_magnitude, ratio_redo_success, Comp_Joyous_Exploration, Comp_Awareness_Limit, Psych_Calculated_Risk, Psych_Ego_Awareness, Psych_Calculated_Risk_Growth, ratio_score_per_hint, inter_exploratory_brilliance, inter_obsessive_correction, inter_cowardice_penalty, Comp_GBA_DS_Anchored, Comp_GBA_AoL_Anchored, Feat_Resilient_Explorer, Feat_Ego_vs_Capacity, Feat_Strategic_Growth, Mutant_AoL_Resilience, Mutant_Omega_Curiosity",13.0
207,Pearson_gt0.15,24,PLSRegression,0.6052,0.7225,0.5446,-0.1267,{'model__n_components': 3},"sum_weighted_score, humility_challenging, struggle_ratio, score_velocity, impulsive_help_ratio, hint_reliance_ratio, carefulness_index, adaptive_learning_capacity, ratio_redo_success, Comp_Joyous_Exploration, Comp_Awareness_Limit, Psych_Calculated_Risk, Psych_Ego_Awareness, ratio_score_per_hint, inter_exploratory_brilliance, inter_obsessive_correction, inter_cowardice_penalty, HighOrd_Score_x_PCADuration, Comp_GBA_DS_Anchored, Feat_Resilient_Explorer, Feat_Ego_vs_Capacity, Feat_Strategic_Growth, Mutant_AoL_Resilience, Mutant_Omega_Curiosity",0.6
208,RFE_Ridge_Top30,30,MLP_Regressor,0.6462,0.7258,0.5657,-0.1368,"{'model__learning_rate': 'adaptive', 'model__hidden_layer_sizes': (64, 32), 'model__alpha': 0.01, 'model__activation': 'tanh'}","sum_weighted_score, struggle_ratio, hard_challenge_efficiency, apathy_speed, hint_reading_duration, impulsive_help_ratio, carefulness_index, star_efficiency, exploration_efficiency, ratio_hint_time, ratio_redo_success, PCA_Duration, PCA_Hints, Comp_Joyous_Exploration, Psych_Calculated_Risk, Psych_Ego_Awareness, Psych_Adaptability, Psych_Calculated_Risk_Growth, ratio_struggle_time, inter_ambition_vs_reality, inter_strategic_retreat, PCA_Performance_Star, inter_exploratory_brilliance, inter_obsessive_correction, HighOrd_Score_x_PCAStar, HighOrd_Score_x_PCADuration, Comp_GBA_DS_Anchored, Feat_Resilient_Explorer, Feat_Strategic_Growth, Mutant_Omega_Curiosity",12.2
209,Spearman_gt0.15,29,SVR_Linear,0.6239,0.7316,0.5689,-0.1552,"{'model__epsilon': 0.5, 'model__C': 1.0}","sum_weighted_score, humility_challenging, struggle_ratio, grind_capacity, score_velocity, boldness_score, stubbornness_index, impulsive_help_ratio, hint_reliance_ratio, carefulness_index, hint_dependency_gravity, adaptive_learning_capacity, stubborn_failure_magnitude, ratio_redo_success, Comp_Joyous_Exploration, Comp_Awareness_Limit, Psych_Calculated_Risk, Psych_Ego_Awareness, ratio_score_per_hint, inter_exploratory_brilliance, inter_obsessive_correction, inter_cowardice_penalty, Comp_GBA_DS_Anchored, Comp_GBA_AoL_Anchored, Feat_Resilient_Explorer, Feat_Ego_vs_Capacity, Feat_Strategic_Growth, Mutant_AoL_Resilience, Mutant_Omega_Curiosity",1.2
210,Pearson_gt0.15,24,MLP_Regressor,0.6447,0.7405,0.558,-0.1835,"{'model__learning_rate': 'constant', 'model__hidden_layer_sizes': (64,), 'model__alpha': 0.01, 'model__activation': 'tanh'}","sum_weighted_score, humility_challenging, struggle_ratio, score_velocity, impulsive_help_ratio, hint_reliance_ratio, carefulness_index, adaptive_learning_capacity, ratio_redo_success, Comp_Joyous_Exploration, Comp_Awareness_Limit, Psych_Calculated_Risk, Psych_Ego_Awareness, ratio_score_per_hint, inter_exploratory_brilliance, inter_obsessive_correction, inter_cowardice_penalty, HighOrd_Score_x_PCADuration, Comp_GBA_DS_Anchored, Feat_Resilient_Explorer, Feat_Ego_vs_Capacity, Feat_Strategic_Growth, Mutant_AoL_Resilience, Mutant_Omega_Curiosity",18.5
211,Pearson_gt0.15,24,SVR_Linear,0.6157,0.776,0.5554,-0.2996,"{'model__epsilon': 0.5, 'model__C': 1.0}","sum_weighted_score, humility_challenging, struggle_ratio, score_velocity, impulsive_help_ratio, hint_reliance_ratio, carefulness_index, adaptive_learning_capacity, ratio_redo_success, Comp_Joyous_Exploration, Comp_Awareness_Limit, Psych_Calculated_Risk, Psych_Ego_Awareness, ratio_score_per_hint, inter_exploratory_brilliance, inter_obsessive_correction, inter_cowardice_penalty, HighOrd_Score_x_PCADuration, Comp_GBA_DS_Anchored, Feat_Resilient_Explorer, Feat_Ego_vs_Capacity, Feat_Strategic_Growth, Mutant_AoL_Resilience, Mutant_Omega_Curiosity",1.0
212,RF_Importance_med,40,MLP_Regressor,0.7096,0.7923,0.6146,-0.3549,"{'model__learning_rate': 'constant', 'model__hidden_layer_sizes': (64,), 'model__alpha': 0.01, 'model__activation': 'tanh'}","sum_weighted_score, struggle_ratio, score_velocity, hard_challenge_efficiency, hint_reading_duration, hint_effectiveness, engagement_persistence, carefulness_index, contemplation_index, exploration_efficiency, hyper_curiosity_index, adaptive_learning_capacity, time_diff_end_vs_start, time_diff_phase3_vs_phase1, time_diff_max_vs_avg, ratio_hint_time, ratio_success_per_duration, PCA_Duration, PCA_Hints, PCA_Dur_x_PCA_Hints, PCA_Dur_squared, Psych_Flow_Stamina, ratio_struggle_time, inter_sweet_victory, PCA_Performance_Star, HighOrd_Star_x_Effort, inter_exploratory_brilliance, inter_obsessive_correction, inter_cowardice_penalty, HighOrd_Score_x_PCAStar, HighOrd_Score_x_PCADuration, Comp_GBA_DS_Anchored, Comp_GBA_AoL_Anchored, Feat_Resilient_Explorer, Feat_Ego_vs_Capacity, Feat_Cognitive_Waste, Feat_Strategic_Growth, Mutant_AoL_Resilience, Mutant_Omega_Curiosity, Mutant_Ego_Death",13.9
213,Lasso_NonZero,29,HuberRegressor,0.6198,0.7983,0.5613,-0.3754,"{'model__epsilon': 2.0, 'model__alpha': 0.01}","sum_weighted_score, struggle_ratio, grind_capacity, boldness_score, impulsive_help_ratio, delayed_gratification_hint, hint_reliance_ratio, carefulness_index, tuas_dominance, keypad_dominance, hesitation_penalty, exploration_efficiency, hint_dependency_gravity, reckless_action_index, calculated_risk_taking, stubborn_failure_magnitude, time_diff_end_vs_start, ratio_success_per_duration, inter_hint_x_skip, Comp_Awareness_Limit, Psych_Ego_Awareness, ratio_struggle_time, HighOrd_Star_x_Effort, inter_obsessive_correction, inter_cowardice_penalty, Comp_GBA_AoL_Anchored, Feat_Strategic_Growth, Mutant_AoL_Resilience, Mutant_Omega_Curiosity",0.8
214,Lasso_NonZero,29,MLP_Regressor,0.6888,0.8322,0.6415,-0.4947,"{'model__learning_rate': 'adaptive', 'model__hidden_layer_sizes': (64, 32), 'model__alpha': 0.01, 'model__activation': 'tanh'}","sum_weighted_score, struggle_ratio, grind_capacity, boldness_score, impulsive_help_ratio, delayed_gratification_hint, hint_reliance_ratio, carefulness_index, tuas_dominance, keypad_dominance, hesitation_penalty, exploration_efficiency, hint_dependency_gravity, reckless_action_index, calculated_risk_taking, stubborn_failure_magnitude, time_diff_end_vs_start, ratio_success_per_duration, inter_hint_x_skip, Comp_Awareness_Limit, Psych_Ego_Awareness, ratio_struggle_time, HighOrd_Star_x_Effort, inter_obsessive_correction, inter_cowardice_penalty, Comp_GBA_AoL_Anchored, Feat_Strategic_Growth, Mutant_AoL_Resilience, Mutant_Omega_Curiosity",13.0
215,Spearman_gt0.20,24,SVR_Linear,0.6245,0.8394,0.5818,-0.5207,"{'model__epsilon': 0.5, 'model__C': 1.0}","sum_weighted_score, humility_challenging, struggle_ratio, grind_capacity, score_velocity, stubbornness_index, impulsive_help_ratio, hint_reliance_ratio, adaptive_learning_capacity, ratio_redo_success, Comp_Joyous_Exploration, Psych_Calculated_Risk, Psych_Ego_Awareness, ratio_score_per_hint, inter_exploratory_brilliance, inter_obsessive_correction, inter_cowardice_penalty, Comp_GBA_DS_Anchored, Comp_GBA_AoL_Anchored, Feat_Resilient_Explorer, Feat_Ego_vs_Capacity, Feat_Strategic_Growth, Mutant_AoL_Resilience, Mutant_Omega_Curiosity",1.1
216,Lasso_NonZero,29,SVR_Linear,0.6211,1.0237,0.5899,-1.2616,"{'model__epsilon': 0.5, 'model__C': 1.0}","sum_weighted_score, struggle_ratio, grind_capacity, boldness_score, impulsive_help_ratio, delayed_gratification_hint, hint_reliance_ratio, carefulness_index, tuas_dominance, keypad_dominance, hesitation_penalty, exploration_efficiency, hint_dependency_gravity, reckless_action_index, calculated_risk_taking, stubborn_failure_magnitude, time_diff_end_vs_start, ratio_success_per_duration, inter_hint_x_skip, Comp_Awareness_Limit, Psych_Ego_Awareness, ratio_struggle_time, HighOrd_Star_x_Effort, inter_obsessive_correction, inter_cowardice_penalty, Comp_GBA_AoL_Anchored, Feat_Strategic_Growth, Mutant_AoL_Resilience, Mutant_Omega_Curiosity",0.8
