Participant ID,Testing Site,Gender,Age,Edu,Pulau,Job_Status,Job_Title,Tenure,Level,Frekuensi Bermain Game,Jenis Game 1 (Action_Adventure),Jenis Game 2 (RPG),Jenis Game 3 (Strategy_Simulation),Jenis Game 4 (Sports_Racing),Jenis Game 5 (Casual_Puzzle),Jenis Game 6 (Not Applicable_Do Not Play),Jenis_Game_n,BFP.O_4item,WC_All,C_Semantic_All,C_Semantic_14item,C_Likert_All,C_Likert_13item,C_S_JE,C_S_DS,C_S_AOL,C_L_JE,C_L_DS,C_L_AOL,main_success_rate,redo_success,total_success,sum_weighted_score,avg_weighted_score,n_skip_hint_under22_reverse,percent_redo_duration_failedround,avg_duration_failed_round,n_redo_failed_round,n_redo_failed_round_exclusive,main_n_skip,main_sum_duration,main_avg_duration,percent_success_hint_after22,humility_bottomlimit,total_n_hint,main_n_hint,redo_n_hint,humility_challenging,n_redo,n_easier,n_same,n_choose_Harder,n_hintsusedat_10,n_hintsusedat_20,n_hintsusedat_30,avg_hintsusedat,n_veryeasy,n_easy,n_normal,n_hard,success_main_r1,success_main_r2,success_main_r3,success_main_r4,success_main_r5,success_main_r6,success_main_r7,success_main_r8,success_main_r9,success_main_r10,mechanic_type_r1,mechanic_type_r2,mechanic_type_r3,mechanic_type_r4,mechanic_type_r5,mechanic_type_r6,mechanic_type_r7,mechanic_type_r8,mechanic_type_r9,mechanic_type_r10,skip_main_r1,skip_main_r2,skip_main_r3,skip_main_r4,skip_main_r5,skip_main_r6,skip_main_r7,skip_main_r8,skip_main_r9,skip_main_r10,difficulty_r1,difficulty_r2,difficulty_r3,difficulty_r4,difficulty_r5,difficulty_r6,difficulty_r7,difficulty_r8,difficulty_r9,difficulty_r10,duration_main_r1,duration_main_r2,duration_main_r3,duration_main_r4,duration_main_r5,duration_main_r6,duration_main_r7,duration_main_r8,duration_main_r9,duration_main_r10,hintuse_main_r1,hintuse_main_r2,hintuse_main_r3,hintuse_main_r4,hintuse_main_r5,hintuse_main_r6,hintuse_main_r7,hintuse_main_r8,hintuse_main_r9,hintuse_main_r10,hintuse_time_main_r1,hintuse_time_main_r2,hintuse_time_main_r3,hintuse_time_main_r4,hintuse_time_main_r5,hintuse_time_main_r6,hintuse_time_main_r7,hintuse_time_main_r8,hintuse_time_main_r9,hintuse_time_main_r10,star_main_r1,star_main_r2,star_main_r3,star_main_r4,star_main_r5,star_main_r6,star_main_r7,star_main_r8,star_main_r9,star_main_r10,roundfailed_percent_1,roundfailed_percent_2,roundfailed_percent_3,difficultychange_1,difficultychange_2,difficultychange_3,redo_n_r1,redo_n_r2,redo_n_r3,redo_n_r4,redo_n_r5,redo_n_r6,redo_n_r7,redo_n_r8,redo_n_r9,redo_n_r10,redo_total_duration,redo_avg_duration,redo_percent_duration
1uibdorakamin1a0,Remote,Perempuan,22,SMA,Jawa,Mahasiswa,-,0,N/A (Bukan Pekerja),Jarang (3-4 kali dalam sebulan),0,0,0,0,0,0,2,5.00,5.2,4.78,4.76,4.94,4.77,3.2,5.17,5.57,4.4,4.83,5.6,90,3,12,10.5,1.05,90,15.39,42.52,1,2,1,205.12,20.51,10,33.33,2,2,0,66.67,3,1,1,33.33,2,2,1,31.11,6,4,0,0,1,0,1,1,1,1,1,1,1,1,1,2,3,1,2,3,1,2,3,1,0,1,0,0,0,0,0,0,0,0,Easy,Easy,Easy,Very Easy,Very Easy,Very Easy,Very Easy,Very Easy,Very Easy,Easy,38.53,42.52,27.18,10.13,11.37,7.13,11.98,40.62,5.7,9.95,1,1,0,0,0,0,0,0,0,0,24.7,37.52,,,,,,,,,1,0,2,3,3,3,3,2,3,3,33.33,0,0,Easier,Same,Harder,1,1,0,0,0,0,0,1,0,0,36.29,12.09667,24.19333
1uibdorakamin1b2,Remote,Laki-laki,20,SMA,Jawa,Mahasiswa,-,0,N/A (Bukan Pekerja),Jarang (3-4 kali dalam sebulan),0,0,0,0,0,0,1,5.00,4.6,3.89,4.71,4.26,4.15,2.4,4.67,4.29,4,4.17,4.6,90,4,13,17,1.7,80,9.24,45,1,1,0,176.87,17.69,0,33.33,3,3,0,66.67,4,0,2,33.33,2,1,0,16.1,0,3,7,0,1,1,1,1,0,1,1,1,1,1,1,2,3,1,2,3,1,2,3,1,0,0,0,0,0,0,0,0,0,0,Easy,Easy,Easy,Normal,Normal,Normal,Normal,Normal,Normal,Normal,10.43,20.23,9.57,23.57,45,15.23,8.18,15.35,20.4,8.9,0,0,0,0,1,1,0,0,1,0,,,,,27.6,8.18,,,12.52,,3,2,3,2,0,1,3,2,1,3,0,33.33,0,Harder,Same,Same,0,1,0,1,1,0,0,1,0,0,43.99,10.9975,29.32667
1uibdorakamin1b3,Remote,Laki-laki,22,S1/D4,Jawa,Pekerja,Waiters,1,Staf,Tidak Pernah,0,0,0,0,0,0,1,3.25,2.9,2.89,4.00,3.06,3.08,1.8,2.67,3.86,2.8,3.17,3.2,60,3,9,9,0.9,60,14.32,0.71,3,3,4,67.58,6.76,0,33.33,0,0,0,33.33,3,0,3,0,0,0,0,0,0,10,0,0,1,1,1,1,1,1,0,0,0,0,1,2,3,1,2,3,1,2,3,1,0,0,0,0,0,0,1,1,1,1,Easy,Easy,Easy,Easy,Easy,Easy,Easy,Easy,Easy,Easy,10.17,12.6,3.33,6.78,25.1,6.75,0.98,0.48,0.22,1.17,0,0,0,0,0,0,0,0,0,0,,,,,,,,,,,3,3,3,3,2,3,0,0,0,0,0,0,100,Same,Same,Same,0,0,0,0,0,0,1,1,0,1,21.48,7.16,14.32
1uibdorakamin1b4,Remote,Perempuan,21,SMA,Luar Jawa,Mahasiswa,-,0,N/A (Bukan Pekerja),Jarang (3-4 kali dalam sebulan),0,0,0,0,0,0,1,5.00,5.1,5.22,2.86,5.02,5.38,4.6,5.33,5.57,5.2,5.67,4.2,100,4,14,12,1.2,100,0,0,0,0,0,140.03,14,10,0,1,1,0,33.33,4,1,1,33.33,1,1,1,32.38,6,4,0,0,1,1,1,1,1,1,1,1,1,1,1,2,3,1,2,3,1,2,3,1,0,0,0,0,0,0,0,0,0,0,Easy,Easy,Easy,Very Easy,Very Easy,Very Easy,Very Easy,Very Easy,Very Easy,Easy,40.8,27.15,9.72,8.9,16.37,3.98,6.9,15.98,3.6,6.63,1,0,0,0,0,0,0,0,0,0,32.38,,,,,,,,,,1,2,3,3,2,3,3,2,3,3,0,0,0,Easier,Same,Harder,1,1,0,0,1,0,0,1,0,0,37.53,9.3825,25.02
1uibdorakamin1b6,Remote,Laki-laki,22,SMA,Jawa,Mahasiswa,-,0,N/A (Bukan Pekerja),Selalu (Setiap Hari),0,0,0,0,0,0,2,4.00,4.8,5.11,5.21,4.82,4.77,4.2,5.33,5.57,5,4.67,4.8,80,5,13,13.5,1.35,90,16.66,45,2,2,1,216.47,21.65,10,33.33,2,2,0,66.67,5,0,2,33.33,2,2,1,32.65,0,6,4,0,1,1,1,1,1,1,0,0,1,1,1,2,3,1,2,3,1,2,3,1,0,0,0,0,0,0,1,0,0,0,Easy,Easy,Easy,Easy,Easy,Easy,Normal,Normal,Normal,Normal,8.67,16.52,5.52,14.42,15.75,5.33,36.4,53.6,29.13,31.13,0,0,0,0,0,0,0,1,1,0,,,,,,,,42.97,22.33,,3,2,3,3,2,3,0,0,1,2,0,0,66.67,Same,Harder,Same,0,1,0,0,1,0,1,1,0,1,54.41,10.882,36.27333
2uibdorakamin1a1,Remote,Perempuan,21,SMA,Jawa,Mahasiswa,-,0,Freelance,Sering (3-4 kali dalam seminggu),0,0,0,0,0,0,1,5.00,5.2,4.72,5.14,4.83,4.77,3.8,4.33,5.71,5.2,4.5,4.8,90,5,14,10.5,1.05,80,4.3,45,1,1,0,217.82,21.78,10,33.33,4,3,1,66.67,5,1,1,33.33,1,1,0,13.46,6,4,0,0,0,1,1,1,1,1,1,1,1,1,1,2,3,1,2,3,1,2,3,1,0,0,0,0,0,0,0,0,0,0,Easy,Easy,Easy,Very Easy,Very Easy,Very Easy,Very Easy,Very Easy,Very Easy,Easy,45,39.83,33.32,8.62,18.03,9.23,34.62,13.78,4.73,10.65,0,0,1,0,1,1,0,0,0,0,,,28.03,,7.48,4.85,,,,,0,2,1,3,1,1,2,3,3,3,33.33,0,0,Easier,Same,Harder,1,1,0,0,2,0,1,0,0,0,66.8,13.36,44.53333
2uibdorakamin1b0,Remote,Perempuan,18,SMA,Luar Jawa,Mahasiswa,-,0,N/A (Bukan Pekerja),Sering (3-4 kali dalam seminggu),0,0,0,0,0,0,1,3.00,1.3,2.06,4.57,2.82,2.38,1,1.17,3.57,1.6,2.67,4.2,90,1,10,25,2.5,90,0,45,0,0,0,118.42,11.84,0,0,1,1,0,66.67,1,0,0,100,0,0,0,8.7,0,3,3,4,1,1,1,1,1,1,1,1,0,1,1,2,3,1,2,3,1,2,3,1,0,0,0,0,0,0,0,0,0,0,Easy,Easy,Easy,Normal,Normal,Normal,Hard,Hard,Hard,Hard,6.82,11.47,3.48,18.05,10.28,4.38,6.5,8.07,45,4.37,0,0,0,0,0,0,0,0,1,0,,,,,,,,,8.7,,3,3,3,2,3,3,3,3,0,3,0,0,33.33,Harder,Harder,Harder,0,0,0,1,0,0,0,0,0,0,6.82,6.82,4.546667
2uibdorakamin1b10,Remote,Perempuan,24,S1/D4,Luar Jawa,Pekerja,Digital Marketer,0,Staf,Jarang (3-4 kali dalam sebulan),0,0,0,0,0,0,1,4.75,4.9,5,2.00,4.67,4.62,3,6,5.57,4.2,5,4.8,80,0,8,21,2.1,80,95.89,45,1,1,0,209.45,20.95,10,33.33,4,4,0,100,1,1,0,66.67,3,2,2,24.44,0,3,4,3,1,1,1,1,1,1,1,1,0,0,1,2,3,1,2,3,1,2,3,1,0,0,0,0,0,0,0,0,0,0,Easy,Easy,Easy,Normal,Normal,Normal,Hard,Hard,Hard,Normal,6.58,10.63,3.45,11.35,11.83,43.52,22.05,10.03,45,45,0,0,0,0,0,1,1,1,1,0,,,,,,38.83,12.03,2.48,44.42,,3,3,3,3,3,1,1,1,0,0,0,0,33.33,Harder,Harder,Easier,0,0,0,0,0,0,0,0,0,1,143.83,143.83,95.88667
2uibdorakamin1b12,Remote,Perempuan,30,S1/D4,Jawa,Mahasiswa,Search Engine Evaluator,0,Freelance,Tidak Pernah,0,0,0,0,0,0,3,4.75,4.3,4,4.86,3.59,3.85,2.8,4.5,4.43,3.2,4.17,3.4,50,7,12,6,0.6,90,67.99,45,7,5,0,293.93,29.39,0,66.67,3,2,1,66.67,7,1,1,33.33,1,1,1,21.4,6,4,0,0,0,0,1,0,0,1,1,0,1,1,1,2,3,1,2,3,1,2,3,1,0,0,0,0,0,0,0,0,0,0,Easy,Easy,Easy,Very Easy,Very Easy,Very Easy,Very Easy,Very Easy,Very Easy,Easy,45,45,9.75,45,45,17.05,11.88,45,17.77,12.48,0,0,0,0,0,0,0,1,1,0,,,,,,,,33.4,9.4,,0,0,3,0,0,2,3,0,1,3,66.67,66.67,33.33,Easier,Same,Harder,1,1,0,1,3,0,0,1,0,0,128.38,18.34,85.58667
2uibdorakamin1b3,Remote,Laki-laki,21,SMA,Luar Jawa,Mahasiswa,-,0,N/A (Bukan Pekerja),Sering (3-4 kali dalam seminggu),0,0,0,0,0,0,4,4.25,4.5,4.44,3.93,4.19,4.38,3.8,4.67,4.71,4.8,4.17,3.6,90,4,13,25,2.5,100,0,45,0,0,0,189.68,18.97,20,33.33,3,3,0,100,4,0,1,66.67,3,3,1,30.3,0,3,3,4,1,1,1,1,1,1,1,1,0,1,1,2,3,1,2,3,1,2,3,1,0,0,0,0,0,0,0,0,0,0,Easy,Easy,Easy,Normal,Normal,Normal,Hard,Hard,Hard,Hard,8.77,20.6,8.03,9.33,21,12.83,30.43,28.95,45,4.73,0,0,0,0,0,0,1,1,1,0,,,,,,,26.03,23.73,41.13,,3,2,3,3,2,3,1,1,0,3,0,0,33.33,Harder,Harder,Same,0,1,0,0,1,0,1,1,0,0,28.9,7.225,19.26667
2uibdorakamin1b4,Remote,Laki-laki,24,S1/D4,Jawa,Pekerja,tutor bahasa,1,Freelance,Sering (3-4 kali dalam seminggu),0,0,0,0,0,0,3,4.75,4.6,4.22,4.64,4.57,4.62,2.2,4.33,5.57,4.6,4.5,4.6,80,4,12,21,2.1,100,72.86,45,7,6,0,195.7,19.57,10,33.33,7,3,4,100,8,0,1,66.67,3,3,1,27.9,0,3,3,4,1,1,1,1,1,1,0,1,1,0,1,2,3,1,2,3,1,2,3,1,0,0,0,0,0,0,0,0,0,0,Easy,Easy,Easy,Normal,Normal,Normal,Hard,Hard,Hard,Hard,7.62,11.27,7.08,20.5,11.27,5.05,45,11.97,30.95,45,0,0,0,0,0,0,1,0,1,1,,,,,,,22.23,,23.03,38.43,3,3,3,2,3,3,0,3,1,0,0,0,33.33,Harder,Harder,Same,0,0,0,1,0,0,5,0,0,2,120.81,15.10125,80.54
2uibdorakamin1b5,Remote,Perempuan,18,SMA,Jawa,Mahasiswa,-,0,N/A (Bukan Pekerja),Selalu (Setiap Hari),0,0,0,0,0,0,2,6.00,5.9,4.89,4.29,4.99,5.23,3.2,5.33,5.71,5.2,5.17,4.6,70,9,16,7.5,0.75,100,40.07,45,9,3,0,205.37,20.54,0,100,4,0,4,100,10,3,0,0,0,0,0,0,7,3,0,0,0,1,1,1,0,1,1,0,1,1,1,2,3,1,2,3,1,2,3,1,0,0,0,0,0,0,0,0,0,0,Easy,Easy,Easy,Very Easy,Very Easy,Very Easy,Very Easy,Very Easy,Very Easy,Very Easy,45,16.85,23.15,6.92,45,6.68,6.15,45,4.07,6.55,0,0,0,0,0,0,0,0,0,0,,,,,,,,,,,0,2,2,3,0,3,3,0,3,3,33.33,33.33,33.33,Easier,Easier,Easier,2,1,0,0,2,0,0,5,0,0,114.03,11.403,76.02
2uibdorakamin1b7,Remote,Perempuan,22,SMA,Jawa,Mahasiswa,-,0,N/A (Bukan Pekerja),Tidak Pernah,0,0,0,0,0,0,1,5.00,5,4.89,4.64,5.00,5.00,3.4,4.83,6,4.8,5,5.2,30,0,3,5,0.5,60,0,35.49,0,0,4,309.2,30.92,0,66.67,0,0,0,66.67,0,1,1,33.33,0,0,0,0,0,7,3,0,0,0,1,0,0,1,0,0,1,0,1,2,3,1,2,3,1,2,3,1,0,0,0,1,0,0,1,1,0,1,Easy,Easy,Easy,Easy,Easy,Easy,Normal,Normal,Normal,Easy,45,45,24.7,34.82,55.18,5.07,26.7,31.58,31.02,10.13,0,0,0,0,0,0,0,0,0,0,,,,,,,,,,,0,0,2,0,0,3,0,0,3,0,66.67,66.67,66.67,Same,Harder,Easier,0,0,0,0,0,0,0,0,0,0,0,0,0
2uibdorakamin1b9,Remote,Perempuan,23,S1/D4,Jawa,Mahasiswa,-,0,N/A (Bukan Pekerja),Jarang (3-4 kali dalam sebulan),0,0,0,0,0,0,1,4.50,4.6,4.11,4.93,4.50,4.69,1.4,5.33,5,3.8,5.5,4.2,90,4,13,9.5,0.95,80,7.89,45,1,1,0,194.78,19.48,20,33.33,5,5,0,33.33,4,1,2,0,4,4,1,23.69,7,3,0,0,1,0,1,1,1,1,1,1,1,1,1,2,3,1,2,3,1,2,3,1,0,0,0,0,0,0,0,0,0,0,Easy,Easy,Easy,Very Easy,Very Easy,Very Easy,Very Easy,Very Easy,Very Easy,Very Easy,36.93,45,11.75,6.03,44.4,4.35,5.97,29.4,3.57,7.38,1,1,1,0,1,0,0,1,0,0,25.43,29.02,8.62,,34.82,,,20.57,,,1,0,1,3,1,3,3,1,3,3,33.33,0,0,Easier,Same,Same,1,1,0,0,1,0,0,1,0,0,37.22,9.305,24.81333
asrama1a5,In-person,Perempuan,19,SMA,Luar Jawa,Mahasiswa,0,0,N/A (Bukan Pekerja),Jarang (3-4 kali dalam sebulan),0,0,0,0,0,0,1,3.00,3.8,4.22,4.00,3.84,3.85,3,4.5,4.86,3.4,4.33,3.8,100,3,13,21.5,2.15,60,0,0,0,0,0,176.25,17.62,0,0,4,4,0,66.67,3,0,1,66.67,3,0,0,12.72,0,6,3,1,1,1,1,1,1,1,1,1,1,1,1,2,3,1,2,3,1,2,3,1,0,0,0,0,0,0,0,0,0,0,Easy,Easy,Easy,Easy,Easy,Easy,Normal,Normal,Normal,Hard,35.5,41.77,24.03,7.33,10.18,4.95,12.92,18.1,13.92,7.55,1,1,1,0,0,0,0,0,1,0,10.8,13.45,16.98,,,,,,9.67,,1,1,1,3,3,3,3,2,1,3,0,0,0,Same,Harder,Harder,1,1,0,0,0,0,0,1,0,0,36.59,12.19667,24.39333
asrama1a8,In-person,Perempuan,23,SMA,Jawa,Mahasiswa,0,0,N/A (Bukan Pekerja),Selalu (Setiap Hari),0,0,0,0,0,0,1,4.25,4.2,3.72,4.21,4.69,4.62,3.8,4.83,2.71,4.4,4.67,5,80,7,15,9,0.9,60,20.82,45,3,2,0,184.68,18.47,0,33.33,8,6,2,66.67,7,1,1,33.33,3,2,1,13.03,6,4,0,0,0,0,1,1,1,1,1,1,1,1,1,2,3,1,2,3,1,2,3,1,0,0,0,0,0,0,0,0,0,0,Easy,Easy,Easy,Very Easy,Very Easy,Very Easy,Very Easy,Very Easy,Very Easy,Easy,45,45,20.12,11.85,17.6,5.58,8.02,14.38,8.8,8.33,1,1,1,1,1,0,0,1,0,0,22.13,32.18,13.15,3.53,3.4,,,3.75,,,0,0,1,1,1,3,3,1,3,3,66.67,0,0,Easier,Same,Harder,2,1,0,1,2,0,0,1,0,0,84.15,12.02143,56.1
asrama1a9,In-person,Laki-laki,19,D1/D2/D3,Jawa,Mahasiswa,0,1,Staf,Selalu (Setiap Hari),0,0,0,0,0,0,1,4.00,4.8,4.39,3.57,4.00,4.08,4,3.83,5.14,4,4,4,80,0,8,15,1.5,70,0,45,0,0,0,301.17,30.12,10,0,4,4,0,0,0,1,1,33.33,3,1,1,16.33,0,4,6,0,0,0,1,1,1,1,1,1,1,1,1,2,3,1,2,3,1,2,3,1,0,0,0,0,0,0,0,0,0,0,Easy,Easy,Easy,Normal,Normal,Normal,Normal,Normal,Normal,Easy,45,45,18.4,44.53,35.7,27.57,17.47,14.57,37.37,15.57,0,0,0,1,0,1,1,0,1,0,,,,30.83,,17.77,4.82,,11.92,,0,0,2,1,2,1,1,3,1,2,66.67,0,0,Harder,Same,Easier,0,0,0,0,0,0,0,0,0,0,0,0,0
asrama1b4,In-person,Perempuan,18,SMA,Luar Jawa,Mahasiswa,0,0,N/A (Bukan Pekerja),Sering (3-4 kali dalam seminggu),0,0,0,0,0,0,1,4.00,3.8,3.11,4.21,3.02,2.92,1.6,3.5,3.86,3.2,2.67,3.2,90,6,15,14.5,1.45,100,11.41,45,1,1,0,209.83,20.98,10,33.33,2,2,0,66.67,6,1,1,33.33,2,2,1,32.02,0,7,3,0,1,1,1,1,1,1,1,0,1,1,1,2,3,1,2,3,1,2,3,1,0,0,0,0,0,0,0,0,0,0,Easy,Easy,Easy,Easy,Easy,Easy,Normal,Normal,Normal,Easy,19.05,37.83,5.85,25.7,10.48,4.48,17.33,45,12.18,31.92,0,0,0,0,0,0,0,1,0,1,,,,,,,,40.15,,23.88,2,2,3,2,3,3,2,0,3,1,0,0,33.33,Same,Harder,Easier,1,1,0,1,0,0,1,1,0,1,59.13,9.855,39.42
asrama1b6,In-person,Perempuan,21,SMA,Jawa,Mahasiswa,0,0,N/A (Bukan Pekerja),Sering (3-4 kali dalam seminggu),0,0,0,0,0,0,1,5.00,4.6,3.89,3.07,4.01,4.00,3.4,4.17,4,4.2,3.83,4,90,5,14,12,1.2,30,7.58,45,1,1,0,143.73,14.37,0,33.33,7,7,0,66.67,5,1,1,33.33,0,0,0,3.71,3,7,0,0,1,0,1,1,1,1,1,1,1,1,1,2,3,1,2,3,1,2,3,1,0,0,0,0,0,0,0,0,0,0,Easy,Easy,Easy,Easy,Easy,Easy,Very Easy,Very Easy,Very Easy,Easy,27.07,45,9.22,8.03,15.12,6.73,8.37,11.47,6.67,6.07,1,1,1,1,0,1,0,1,1,0,9.15,3.18,2.17,2.25,,3.27,,3.25,2.68,,1,0,1,1,2,1,3,1,1,3,33.33,0,0,Same,Easier,Harder,1,1,0,1,1,0,0,1,0,0,52.26,10.452,34.84
asrama1b7,In-person,Perempuan,20,SMA,Jawa,Mahasiswa,8984869350,0,N/A (Bukan Pekerja),Sering (3-4 kali dalam seminggu),0,0,0,0,0,0,1,5.50,5.5,4.44,3.93,4.99,4.92,5.2,4,4.29,5.4,4.17,5.4,80,6,14,15,1.5,70,24.38,34.71,2,1,1,189.83,18.98,0,33.33,3,3,0,66.67,8,0,2,33.33,1,1,1,18.23,0,3,7,0,1,1,1,1,0,0,1,1,1,1,1,2,3,1,2,3,1,2,3,1,0,0,0,0,0,1,0,0,0,0,Easy,Easy,Easy,Normal,Normal,Normal,Normal,Normal,Normal,Normal,14.27,18.5,8.5,19.85,45,24.42,11.62,18.63,18.97,10.08,1,0,0,0,1,0,0,0,1,0,5.78,,,,42.2,,,,6.7,,1,2,3,2,0,0,3,2,1,3,0,66.67,0,Harder,Same,Same,1,1,0,3,2,0,0,1,0,0,98.13,12.26625,65.42
asrama1b8,In-person,Perempuan,19,SMA,Jawa,Mahasiswa,0,0,N/A (Bukan Pekerja),Jarang (3-4 kali dalam sebulan),0,0,0,0,0,0,1,3.75,4.4,3.61,4.43,3.94,4.08,3.4,3,4.29,4,3.83,4,40,0,4,9.5,0.95,90,75.98,39.69,7,7,1,294.93,29.49,0,33.33,0,0,0,33.33,7,0,1,66.67,0,0,0,0,0,3,3,4,1,0,1,1,0,1,0,0,0,0,1,2,3,1,2,3,1,2,3,1,0,0,0,0,0,0,0,0,0,1,Easy,Easy,Easy,Normal,Normal,Normal,Hard,Hard,Hard,Hard,9.82,45,7.35,9.88,45,29.77,45,45,45,13.12,0,0,0,0,0,0,0,0,0,0,,,,,,,,,,,3,0,3,3,0,2,0,0,0,0,33.33,33.33,100,Harder,Harder,Same,0,2,0,0,1,0,1,2,0,1,113.97,16.28143,75.98
asramasiang1a0,In-person,Perempuan,19,D1/D2/D3,Jawa,Mahasiswa,81282061934,0,N/A (Bukan Pekerja),Jarang (3-4 kali dalam sebulan),0,0,0,0,0,0,3,5.75,5.2,4.56,3.64,4.16,4.54,2,5.17,5.86,4.2,4.67,3.6,50,0,5,5.5,0.55,40,0,32.52,0,0,4,269.27,26.93,10,66.67,4,4,0,100,0,1,1,33.33,3,2,1,21.46,6,4,0,0,0,0,0,0,1,1,1,1,1,0,1,2,3,1,2,3,1,2,3,1,1,1,1,1,0,0,0,0,0,0,Easy,Easy,Easy,Very Easy,Very Easy,Very Easy,Very Easy,Very Easy,Very Easy,Easy,30.53,23.5,11.25,52.3,48.07,5.22,29.37,19.35,4.68,45,0,0,0,0,1,0,1,1,0,1,,,,,34.15,,18.97,6.38,,26.33,0,0,0,0,1,3,1,1,3,0,100,33.33,0,Easier,Same,Harder,0,0,0,0,0,0,0,0,0,0,0,0,0
asramasiang1b1,In-person,Perempuan,19,D1/D2/D3,Jawa,Mahasiswa,85811553007,0,N/A (Bukan Pekerja),Sering (3-4 kali dalam seminggu),0,0,0,0,0,0,1,4.25,4.5,3.83,4.50,3.69,3.85,3.2,4,4.14,4,3.67,3.4,80,7,15,14,1.4,60,33.28,45,2,2,0,252.23,25.22,0,66.67,6,6,0,100,7,0,2,33.33,4,2,0,14.35,0,6,4,0,1,0,1,1,1,1,1,0,1,1,1,2,3,1,2,3,1,2,3,1,0,0,0,0,0,0,0,0,0,0,Easy,Easy,Easy,Easy,Easy,Easy,Normal,Normal,Normal,Normal,34.63,45,11.72,9.35,39.23,6.08,21.85,45,17.57,21.8,1,1,0,0,0,0,1,1,1,1,14.6,27.7,,,,,2.73,24,12.62,4.43,1,0,3,3,2,3,1,0,1,1,33.33,0,33.33,Same,Harder,Same,1,1,0,0,2,0,1,1,0,1,114,16.28571,76
asramaui1a0,In-person,Perempuan,21,SMA,Jawa,Mahasiswa,87876655091,0,N/A (Bukan Pekerja),Selalu (Setiap Hari),0,0,0,0,0,0,1,4.50,3.4,3.5,3.64,3.69,3.38,2.4,3.17,4.57,4,2.67,4.4,100,2,12,29,2.9,70,0,0,0,0,0,130.95,13.09,10,0,4,4,0,66.67,2,0,1,66.67,1,1,0,11.56,0,3,3,4,1,1,1,1,1,1,1,1,1,1,1,2,3,1,2,3,1,2,3,1,0,0,0,0,0,0,0,0,0,0,Easy,Easy,Easy,Normal,Normal,Normal,Hard,Hard,Hard,Hard,8.72,11.22,5.15,7.53,12.7,15.17,19.3,35.1,10.23,5.83,0,0,0,0,0,1,1,1,1,0,,,,,,8.53,8.35,27.12,2.25,,3,3,3,3,3,1,1,1,1,3,0,0,0,Harder,Harder,Same,0,0,0,0,0,0,1,1,0,0,13.38,6.69,8.92
asramaui1a1,In-person,Laki-laki,20,SMA,Jawa,Mahasiswa,0,0,N/A (Bukan Pekerja),Sering (3-4 kali dalam seminggu),0,0,0,0,0,0,1,5.00,5.4,5,3.57,4.90,4.77,2.8,5.67,6,4.8,4.5,5.4,90,5,14,20,2,80,8.63,45,1,1,0,215.22,21.52,10,33.33,3,3,0,100,5,0,1,66.67,2,2,0,17.99,0,6,3,1,1,0,1,1,1,1,1,1,1,1,1,2,3,1,2,3,1,2,3,1,0,0,0,0,0,0,0,0,0,0,Easy,Easy,Easy,Easy,Easy,Easy,Normal,Normal,Normal,Hard,22.27,45,13.13,5.6,14.67,6.18,21.93,42.08,17.4,26.95,0,0,0,0,0,0,0,1,1,1,,,,,,,,28.13,4.7,21.15,2,0,3,3,3,3,2,1,1,1,33.33,0,0,Same,Harder,Harder,1,1,0,0,0,0,1,1,0,1,40.55,8.11,27.03333
asramaui1a2,In-person,Laki-laki,20,SMA,Jawa,Mahasiswa,0,0,N/A (Bukan Pekerja),Sering (3-4 kali dalam seminggu),0,0,0,0,0,0,1,5.00,5.1,4.67,5.07,4.88,4.92,4.4,4,5.43,5,4.83,4.8,90,5,14,27,2.7,60,7.73,40.18,1,1,1,193.22,19.32,0,0,5,4,1,66.67,5,0,0,100,4,2,1,21.78,0,3,3,4,1,1,1,1,0,1,1,1,1,1,1,2,3,1,2,3,1,2,3,1,0,0,0,0,1,0,0,0,0,0,Easy,Easy,Easy,Normal,Normal,Normal,Hard,Hard,Hard,Hard,8.53,17.6,9.43,6.9,40.18,20.12,30.62,34.12,18.7,7.02,0,0,0,0,1,1,1,0,1,0,,,,,38.08,13.98,21.73,,13.3,,3,2,3,3,0,1,1,2,1,3,0,33.33,0,Harder,Harder,Harder,0,1,0,0,1,0,1,2,0,0,44.05,8.81,29.36667
asramaui1b0,In-person,Laki-laki,19,SMA,Jawa,Mahasiswa,88232617646,0,N/A (Bukan Pekerja),Selalu (Setiap Hari),0,0,0,0,0,0,4,2.75,4.5,3.44,4.64,3.54,3.31,3.4,3.17,3.71,4.2,2.83,3.6,100,5,15,29,2.9,40,0,0,0,0,0,207.92,20.79,10,0,7,7,0,100,5,0,0,100,7,2,0,16.92,0,3,3,4,1,1,1,1,1,1,1,1,1,1,1,2,3,1,2,3,1,2,3,1,0,0,0,0,0,0,0,0,0,0,Easy,Easy,Easy,Normal,Normal,Normal,Hard,Hard,Hard,Hard,34,25.02,13.82,10.2,23.67,19.45,22.87,23.45,30.05,5.4,1,0,1,0,1,1,1,1,1,0,26.9,,11.03,,14.73,15.72,11.67,16.52,21.9,,1,2,1,3,1,1,1,1,1,3,0,0,0,Harder,Harder,Harder,1,1,0,0,1,0,1,1,0,0,41.22,8.244,27.48
asramaui1b1,In-person,Perempuan,20,SMA,Jawa,Mahasiswa,0,0,N/A (Bukan Pekerja),Tidak Pernah,0,0,0,0,0,0,1,4.75,5.1,4.39,3.29,4.47,4.62,3.2,4.67,5,5,4,4.4,90,4,13,17.5,1.75,100,21.29,45,2,2,0,170.07,17.01,0,0,2,1,1,66.67,5,0,1,66.67,1,1,1,39.7,0,6,3,1,1,1,1,1,1,1,1,1,1,0,1,2,3,1,2,3,1,2,3,1,0,0,0,0,0,0,0,0,0,0,Easy,Easy,Easy,Easy,Easy,Easy,Normal,Normal,Normal,Hard,12.58,27.17,4.38,5.97,12.02,8.4,16.95,23.07,14.53,45,0,0,0,0,0,0,0,0,0,1,,,,,,,,,,39.7,3,2,3,3,3,3,2,2,3,0,0,0,0,Same,Harder,Harder,0,1,0,0,0,0,1,1,0,2,63.78,12.756,42.52
asramaui1b2,In-person,Perempuan,20,SMA,Jawa,Mahasiswa,0,0,N/A (Bukan Pekerja),Jarang (3-4 kali dalam sebulan),0,0,0,0,0,0,1,3.50,4.2,4.39,4.07,3.94,3.77,4.4,4.17,4.57,3.4,3.83,4.6,100,5,15,29,2.9,60,0,0,0,0,0,252.12,25.21,30,0,7,7,0,66.67,5,0,1,66.67,7,4,2,22.76,0,3,3,4,1,1,1,1,1,1,1,1,1,1,1,2,3,1,2,3,1,2,3,1,0,0,0,0,0,0,0,0,0,0,Easy,Easy,Easy,Normal,Normal,Normal,Hard,Hard,Hard,Hard,17.55,18.95,21.83,9.25,41.55,18.37,43.6,42.42,32.05,6.55,1,0,1,0,1,1,1,1,1,0,13.68,,17.48,,23.6,12.45,36.32,35.23,20.58,,1,2,1,3,1,1,1,1,1,3,0,0,0,Harder,Harder,Same,1,1,0,0,1,0,1,1,0,0,46.72,9.344,31.14667
asramaui1b3,In-person,Perempuan,18,SMA,Jawa,Mahasiswa,0,0,N/A (Bukan Pekerja),Jarang (3-4 kali dalam sebulan),0,0,0,0,0,0,1,4.75,4.9,4.28,4.29,4.37,4.46,4.2,4.33,4.29,4.8,4.5,3.8,90,5,14,25,2.5,70,0,45,0,0,0,251.63,25.16,30,33.33,6,6,0,100,5,0,1,66.67,5,4,0,20.4,0,3,3,4,1,1,1,1,1,1,1,1,0,1,1,2,3,1,2,3,1,2,3,1,0,0,0,0,0,0,0,0,0,0,Easy,Easy,Easy,Normal,Normal,Normal,Hard,Hard,Hard,Hard,31.97,19.72,18.13,16.18,24.35,20,34,36.53,45,5.75,1,0,1,0,0,1,1,1,1,0,22.37,,8.82,,,16.13,25.38,27.92,21.8,,1,2,1,2,2,1,1,1,0,3,0,0,33.33,Harder,Harder,Same,1,1,0,0,1,0,1,1,0,0,47.2,9.44,31.46667
asramauigba1a0,In-person,Laki-laki,19,SMA,Luar Jawa,Mahasiswa,0,0,N/A (Bukan Pekerja),Jarang (3-4 kali dalam sebulan),0,0,0,0,0,0,1,5.25,4.5,4.56,4.29,4.29,4.23,4.6,4.5,4.57,4.6,3.67,4.6,50,0,5,13,1.3,90,0,45,0,0,0,350.35,35.04,0,0,2,2,0,33.33,0,0,0,100,1,1,1,24.78,0,3,3,4,1,1,1,0,0,1,0,1,0,0,1,2,3,1,2,3,1,2,3,1,0,0,0,0,0,0,0,0,0,0,Easy,Easy,Easy,Normal,Normal,Normal,Hard,Hard,Hard,Hard,34.02,41.17,12.57,45,45,5.68,45,31.92,45,45,0,0,0,0,0,0,0,1,1,0,,,,,,,,7.33,42.23,,2,2,3,0,0,3,0,1,0,0,0,66.67,66.67,Harder,Harder,Harder,0,0,0,0,0,0,0,0,0,0,0,0,0
asramauigba1a1,In-person,Perempuan,19,SMA,Jawa,Mahasiswa,83143252907,0,N/A (Bukan Pekerja),Jarang (3-4 kali dalam sebulan),0,0,0,0,0,0,1,4.75,4.9,4.5,4.64,4.71,4.69,3.6,4.67,5,5,4.33,4.8,100,3,13,16,1.6,100,0,0,0,0,0,135.08,13.51,0,0,0,0,0,33.33,3,0,2,33.33,0,0,0,0,0,9,1,0,1,1,1,1,1,1,1,1,1,1,1,2,3,1,2,3,1,2,3,1,0,0,0,0,0,0,0,0,0,0,Easy,Easy,Easy,Easy,Easy,Easy,Easy,Easy,Easy,Normal,21.58,24.9,12.57,20.92,13.53,4.03,7.95,12.13,6.12,11.35,0,0,0,0,0,0,0,0,0,0,,,,,,,,,,,2,2,3,2,3,3,3,3,3,3,0,0,0,Same,Same,Harder,1,1,0,1,0,0,0,0,0,0,31.37,10.45667,20.91333
asramauigba1b0,In-person,Laki-laki,19,SMA,Jawa,Mahasiswa,0,0,N/A (Bukan Pekerja),Jarang (3-4 kali dalam sebulan),0,0,0,0,0,0,1,3.75,4.6,4.33,4.57,4.49,4.54,3.2,4.5,5,4.4,4.67,4.4,60,5,11,10,1,100,66.09,45,5,3,0,280.82,28.08,0,33.33,5,3,2,66.67,5,0,1,66.67,3,3,3,35.24,0,6,3,1,1,0,1,1,1,1,1,0,0,0,1,2,3,1,2,3,1,2,3,1,0,0,0,0,0,0,0,0,0,0,Easy,Easy,Easy,Easy,Easy,Easy,Normal,Normal,Normal,Hard,21.37,45,10.13,12.48,18.68,13.48,24.67,45,45,45,0,1,0,0,0,0,0,0,1,1,,31.63,,,,,,,36.62,37.48,2,0,3,3,2,3,2,0,0,0,33.33,0,66.67,Same,Harder,Harder,0,1,0,0,0,0,0,2,0,2,122.69,24.538,81.79333
asramauigba1b1,In-person,Laki-laki,19,SMA,Jawa,Mahasiswa,0,0,N/A (Bukan Pekerja),Sering (3-4 kali dalam seminggu),0,0,0,0,0,0,1,4.75,4.4,4.11,4.14,4.00,4.08,3,4.17,4.86,4.2,4,3.8,100,6,16,23,2.3,80,0,0,0,0,0,231.12,23.11,30,0,5,5,0,66.67,6,0,1,66.67,4,3,0,19.21,0,3,6,1,1,1,1,1,1,1,1,1,1,1,1,2,3,1,2,3,1,2,3,1,0,0,0,0,0,0,0,0,0,0,Easy,Easy,Easy,Normal,Normal,Normal,Normal,Normal,Normal,Hard,34.68,33.88,20.7,16.72,35.52,30.13,8.67,19.8,21.1,9.92,1,0,0,0,1,1,0,0,1,1,25.65,,,,22.65,25.42,,,17.07,5.27,1,2,2,2,1,1,3,2,1,1,0,0,0,Harder,Same,Harder,1,1,0,1,1,0,0,1,0,1,59.19,9.865,39.46
gameasrama1a0,In-person,Perempuan,21,SMA,Luar Jawa,Mahasiswa,-,0,N/A (Bukan Pekerja),Jarang (3-4 kali dalam sebulan),0,0,0,0,0,0,1,4.75,4.5,4.11,3.93,4.11,4.31,3.2,4.67,4.29,4,4.33,4,90,0,9,10,1,90,0,1.38,0,0,1,145.45,14.54,0,0,0,0,0,0,0,3,0,0,0,0,0,0,7,3,0,0,1,1,1,1,1,1,1,1,1,0,1,2,3,1,2,3,1,2,3,1,0,0,0,0,0,0,0,0,0,1,Easy,Easy,Easy,Very Easy,Very Easy,Very Easy,Very Easy,Very Easy,Very Easy,Very Easy,12.57,44.27,11.23,11.78,21.88,6.68,10.03,20.28,5.33,1.38,0,0,0,0,0,0,0,0,0,0,,,,,,,,,,,3,2,3,3,2,3,3,2,3,0,0,0,0,Easier,Easier,Easier,0,0,0,0,0,0,0,0,0,0,0,0,0
gameasrama1a5,In-person,Laki-laki,19,SMA,Jawa,Mahasiswa,0,0,N/A (Bukan Pekerja),Jarang (3-4 kali dalam sebulan),0,0,0,0,0,0,1,5.00,5.2,3.67,4.07,3.88,4.15,3.2,4,3.71,4.4,3.83,3.4,100,3,13,13.5,1.35,70,0,0,0,0,0,126.13,12.61,0,0,3,3,0,33.33,3,1,1,33.33,1,0,0,9.03,3,7,0,0,1,1,1,1,1,1,1,1,1,1,1,2,3,1,2,3,1,2,3,1,0,0,0,0,0,0,0,0,0,0,Easy,Easy,Easy,Easy,Easy,Easy,Very Easy,Very Easy,Very Easy,Easy,19.27,29.97,11.88,7.17,11.72,4.03,13.45,16.33,5.45,6.87,1,0,1,0,0,0,0,1,0,0,10.83,,9.38,,,,,6.87,,,1,2,1,3,3,3,3,1,3,3,0,0,0,Same,Easier,Harder,1,1,0,0,0,0,0,1,0,0,27.95,9.316667,18.63333
gameasrama1b0,In-person,Laki-laki,18,SMA,Luar Jawa,Mahasiswa,0,0,N/A (Bukan Pekerja),Sering (3-4 kali dalam seminggu),0,0,0,0,0,0,1,4.75,4.7,4.06,3.57,4.26,4.23,4.4,4.17,3.71,4.2,4.17,4.4,70,0,7,16.5,1.65,70,0,45,0,0,0,296.12,29.61,10,33.33,6,6,0,66.67,0,0,1,66.67,4,4,1,18.36,0,6,3,1,0,0,1,1,1,1,1,0,1,1,1,2,3,1,2,3,1,2,3,1,0,0,0,0,0,0,0,0,0,0,Easy,Easy,Easy,Easy,Easy,Easy,Normal,Normal,Normal,Hard,45,45,20,40,29.8,5.38,16.8,45,5.88,43.25,1,1,0,1,0,0,1,0,1,1,37,22.83,,20.78,,,2.75,,1.17,25.62,0,0,2,1,2,3,1,0,1,1,66.67,0,33.33,Same,Harder,Harder,0,0,0,0,0,0,0,0,0,0,0,0,0
gbaasrama1a1,In-person,Laki-laki,19,SMA,Jawa,Mahasiswa,0,0,N/A (Bukan Pekerja),Sering (3-4 kali dalam seminggu),0,0,0,0,0,0,1,5.00,4.9,4.5,4.00,5.07,5.00,3.8,4.5,5,5,5,5.2,100,2,12,29,2.9,80,0,0,0,0,0,139.53,13.95,0,0,2,2,0,100,2,0,0,100,1,0,0,11.52,0,3,3,4,1,1,1,1,1,1,1,1,1,1,1,2,3,1,2,3,1,2,3,1,0,0,0,0,0,0,0,0,0,0,Easy,Easy,Easy,Normal,Normal,Normal,Hard,Hard,Hard,Hard,6.95,25.8,4.32,34.88,14.42,23.28,5.58,5.73,13.4,5.17,0,0,0,0,0,1,0,0,1,0,,,,,,18.83,,,4.2,,3,2,3,2,3,1,3,3,1,3,0,0,0,Harder,Harder,Harder,0,1,0,1,0,0,0,0,0,0,15.55,7.775,10.36667
gbaasrama1a4,In-person,Perempuan,20,SMA,Jawa,Mahasiswa,0,0,N/A (Bukan Pekerja),Selalu (Setiap Hari),0,0,0,0,0,0,1,4.50,4.8,4.11,4.64,4.37,4.46,3.4,4.33,4.43,4.2,4.5,4.4,90,3,12,15.5,1.55,80,8.88,45,1,1,0,194.38,19.44,0,33.33,3,3,0,66.67,3,0,2,33.33,2,2,1,22.74,0,6,4,0,1,1,1,1,1,1,1,0,1,1,1,2,3,1,2,3,1,2,3,1,0,0,0,0,0,0,0,0,0,0,Easy,Easy,Easy,Easy,Easy,Easy,Normal,Normal,Normal,Normal,29.72,32.68,30.95,8.42,12.12,3.97,8.85,45,11.43,11.25,1,0,0,0,0,0,0,1,1,0,20.12,,,,,,,42.53,5.57,,1,2,2,3,3,3,3,0,1,3,0,0,33.33,Same,Harder,Same,1,1,0,0,0,0,0,1,0,0,29.32,9.773333,19.54667
gbaasrama1b0,In-person,Laki-laki,20,SMA,Jawa,Mahasiswa,89513904765,0,N/A (Bukan Pekerja),Jarang (3-4 kali dalam sebulan),0,0,0,0,0,0,1,4.75,5,4,4.07,3.94,4.15,4.6,3.17,4.29,4.2,3.83,3.8,90,6,15,15.5,1.55,60,24.97,45,1,1,0,195.75,19.58,10,33.33,8,6,2,66.67,6,0,2,33.33,3,2,1,15.51,0,6,4,0,1,1,1,1,1,1,1,0,1,1,1,2,3,1,2,3,1,2,3,1,0,0,0,0,0,0,0,0,0,0,Easy,Easy,Easy,Easy,Easy,Easy,Normal,Normal,Normal,Normal,11.68,31.65,5.08,11.33,9.8,6.27,28.92,45,35.62,10.4,1,0,0,1,0,0,1,1,1,1,2.68,,,3.48,,,19.35,35.78,29.43,2.33,1,2,3,1,3,3,1,0,1,1,0,0,33.33,Same,Harder,Same,1,1,0,2,0,0,1,1,0,0,85.65,14.275,57.1
gbaasrama1b1,In-person,Laki-laki,19,SMA,Jawa,Mahasiswa,0,0,N/A (Bukan Pekerja),Jarang (3-4 kali dalam sebulan),0,0,0,0,0,0,1,5.25,5.5,4,3.86,4.56,4.85,4.4,3,4.57,5,4.67,4,100,3,13,11,1.1,80,0,0,0,0,0,135.58,13.56,0,0,2,2,0,0,3,3,0,0,0,0,0,5.33,7,3,0,0,1,1,1,1,1,1,1,1,1,1,1,2,3,1,2,3,1,2,3,1,0,0,0,0,0,0,0,0,0,0,Easy,Easy,Easy,Very Easy,Very Easy,Very Easy,Very Easy,Very Easy,Very Easy,Very Easy,12.97,33.6,22.48,8.37,20.62,5.08,8.25,11.33,5.35,7.53,0,0,0,0,1,0,0,1,0,0,,,,,8.15,,,2.52,,,3,2,2,3,1,3,3,1,3,3,0,0,0,Easier,Easier,Easier,0,1,0,0,1,0,0,1,0,0,38.1,12.7,25.4
gbaasrama1b2,In-person,Laki-laki,20,SMA,Jawa,Mahasiswa,0,0,N/A (Bukan Pekerja),Sering (3-4 kali dalam seminggu),0,0,0,0,0,0,1,4.75,4.9,3.89,3.93,4.28,4.38,3.8,3.17,4.57,3.8,4.83,4.2,80,5,13,12,1.2,80,8.58,43.92,2,2,1,188.32,18.83,0,66.67,2,2,0,66.67,5,0,3,0,1,1,1,20.89,0,10,0,0,1,1,1,0,1,1,0,1,1,1,1,2,3,1,2,3,1,2,3,1,0,0,0,1,0,0,0,0,0,0,Easy,Easy,Easy,Easy,Easy,Easy,Easy,Easy,Easy,Easy,18.07,35,5.5,42.85,11.18,7.23,45,11.83,3.48,8.17,0,0,0,0,0,0,1,0,0,1,,,,,,,40.43,,,1.35,2,2,3,0,3,3,0,3,3,1,0,33.33,33.33,Same,Same,Same,1,1,0,1,0,0,1,0,0,1,35.98,7.196,23.98667
gbaasrama1b4,In-person,Perempuan,21,SMA,Jawa,Mahasiswa,0,0,N/A (Bukan Pekerja),Jarang (3-4 kali dalam sebulan),0,0,0,0,0,0,1,4.25,4.6,3.83,3.71,4.68,4.92,2.6,4.17,4.43,5,4.83,4.2,80,6,14,23.5,2.35,70,13.07,45,1,1,0,297.53,29.75,30,33.33,8,8,0,66.67,7,0,1,66.67,7,5,1,21.84,0,3,3,4,1,0,1,1,1,1,1,1,0,1,1,2,3,1,2,3,1,2,3,1,0,0,0,0,0,0,0,0,0,0,Easy,Easy,Easy,Normal,Normal,Normal,Hard,Hard,Hard,Hard,33.18,45,16.28,37.37,36.85,21.35,17.63,34.5,45,10.37,1,1,0,1,1,1,1,1,1,0,29.22,24.65,,26.33,12.7,15.82,9.87,23.5,32.62,,1,0,2,1,1,1,1,1,0,3,33.33,0,33.33,Harder,Harder,Same,1,1,0,1,1,0,1,1,0,1,85.7,12.24286,57.13333
gbaasrama2a0,In-person,Perempuan,23,SMA,Jawa,Mahasiswa,0,0,N/A (Bukan Pekerja),Selalu (Setiap Hari),0,0,0,0,0,0,1,4.00,4.1,3.72,3.79,4.44,4.31,4,4.17,3.14,4.4,4.33,4.6,100,2,12,21.5,2.15,70,0,0,0,0,0,140.42,14.04,0,0,3,3,0,66.67,2,0,1,66.67,3,1,0,16.66,0,6,3,1,1,1,1,1,1,1,1,1,1,1,1,2,3,1,2,3,1,2,3,1,0,0,0,0,0,0,0,0,0,0,Easy,Easy,Easy,Easy,Easy,Easy,Normal,Normal,Normal,Hard,8.13,10.25,3.68,8.77,9.73,4.38,26.47,12.93,20.38,35.68,0,0,0,0,0,0,1,0,1,1,,,,,,,16.97,,12.17,20.85,3,3,3,3,3,3,1,3,1,1,0,0,0,Same,Harder,Harder,0,0,0,0,0,0,1,0,0,1,16.41,8.205,10.94
gbaasramaui1a2,In-person,Perempuan,20,SMA,Jawa,Mahasiswa,0,0,N/A (Bukan Pekerja),Jarang (3-4 kali dalam sebulan),0,0,0,0,0,0,1,2.75,2.9,3.33,3.50,3.26,3.08,2,3.83,3.86,2.8,3.17,3.8,100,5,15,15,1.5,90,0,0,0,0,0,170.18,17.02,10,0,2,2,0,0,5,0,3,0,1,1,0,15,0,10,0,0,1,1,1,1,1,1,1,1,1,1,1,2,3,1,2,3,1,2,3,1,0,0,0,0,0,0,0,0,0,0,Easy,Easy,Easy,Easy,Easy,Easy,Easy,Easy,Easy,Easy,43.97,26.62,9.7,19.1,12.22,4.27,18.48,14.48,3.92,17.43,1,0,1,0,0,0,0,0,0,0,24.42,,5.58,,,,,,,,1,2,1,2,3,3,2,3,3,2,0,0,0,Same,Same,Same,1,1,0,1,0,0,1,0,0,1,40.23,8.046,26.82
gbaasramaui1a3,In-person,Perempuan,23,SMA,Luar Jawa,Mahasiswa,0,0,Freelance,Tidak Pernah,0,0,0,0,0,0,1,4.25,5,4.44,3.14,3.99,3.77,3.8,4.33,5,4.4,3.17,4.4,90,4,13,11,1.1,100,0,45,0,0,0,187.98,18.8,0,33.33,0,0,0,66.67,4,1,1,33.33,0,0,0,0,6,4,0,0,1,1,0,1,1,1,1,1,1,1,1,2,3,1,2,3,1,2,3,1,0,0,0,0,0,0,0,0,0,0,Easy,Easy,Easy,Very Easy,Very Easy,Very Easy,Very Easy,Very Easy,Very Easy,Easy,28.47,33.72,45,11.57,17.87,6.3,14.37,15.1,4.98,10.62,0,0,0,0,0,0,0,0,0,0,,,,,,,,,,,2,2,0,3,2,3,3,2,3,3,33.33,0,0,Easier,Same,Harder,1,1,0,0,1,0,0,1,0,0,45.63,11.4075,30.42
gbaasramaui1a4,In-person,Laki-laki,24,SMA,Jawa,Mahasiswa,0,0,N/A (Bukan Pekerja),Tidak Pernah,0,0,0,0,0,0,1,5.25,5.1,4.44,4.36,4.71,4.46,3.2,4.5,5.29,5.2,3.33,5.6,100,0,10,16.5,1.65,70,0,0,0,0,0,143.15,14.32,0,0,3,3,0,33.33,0,1,1,33.33,2,0,0,10.95,0,7,3,0,1,1,1,1,1,1,1,1,1,1,1,2,3,1,2,3,1,2,3,1,0,0,0,0,0,0,0,0,0,0,Easy,Easy,Easy,Easy,Easy,Easy,Normal,Normal,Normal,Easy,7.73,13.03,15.42,6.3,11.3,6.6,18.77,35.83,14.53,13.63,0,0,1,0,0,0,0,1,1,0,,,10.03,,,,,14.45,8.37,,3,3,1,3,3,3,2,1,1,3,0,0,0,Same,Harder,Easier,0,0,0,0,0,0,0,0,0,0,0,0,0
gbaasramaui1b0,In-person,Laki-laki,19,D1/D2/D3,Luar Jawa,Mahasiswa,0,0,Freelance,Sering (3-4 kali dalam seminggu),0,0,0,0,0,0,1,6.00,5.9,5,4.29,4.16,4.31,3.6,5.17,5.86,5.2,3.67,3.6,90,2,11,20,2,40,19.94,45,1,1,0,234.58,23.46,10,33.33,8,8,0,100,2,0,1,66.67,4,2,1,14.18,0,6,3,1,0,1,1,1,1,1,1,1,1,1,1,2,3,1,2,3,1,2,3,1,0,0,0,0,0,0,0,0,0,0,Easy,Easy,Easy,Easy,Easy,Easy,Normal,Normal,Normal,Hard,45,30.1,7.72,6.63,18.43,10,34.63,39.03,6.1,36.93,1,1,1,0,1,0,1,1,1,1,39.5,2.25,1.38,,3.82,,19.8,19.87,2.57,24.28,0,1,1,3,1,3,1,1,1,1,33.33,0,0,Same,Harder,Harder,1,1,0,0,0,0,0,0,0,0,40.99,20.495,27.32667
gbaasramaui1b2,In-person,Perempuan,18,SMA,Jawa,Mahasiswa,0,0,N/A (Bukan Pekerja),Jarang (3-4 kali dalam sebulan),0,0,0,0,0,0,1,4.50,5.1,4.33,4.86,4.93,5.00,3.4,4.17,5.14,4.6,5,5.2,40,0,4,6.5,0.65,70,0,43.53,0,0,3,330.75,33.08,0,66.67,0,0,0,100,0,0,2,33.33,0,0,0,0,0,6,4,0,0,0,1,1,1,1,0,0,0,0,1,2,3,1,2,3,1,2,3,1,1,1,0,0,0,0,0,0,0,1,Easy,Easy,Easy,Easy,Easy,Easy,Normal,Normal,Normal,Normal,38.63,49.45,36.97,8.93,16.8,6.85,45,45,45,38.12,0,0,0,0,0,0,0,0,0,0,,,,,,,,,,,0,0,2,3,2,3,0,0,0,0,66.67,0,100,Same,Harder,Same,0,0,0,0,0,0,0,0,0,0,0,0,0
gbaasramaui1b3,In-person,Perempuan,23,S1/D4,Jawa,Mahasiswa,0,0,Freelance,Sering (3-4 kali dalam seminggu),0,0,0,0,0,0,2,4.75,4.2,4.56,4.07,4.60,4.77,3.4,5.33,4.71,4.4,5,4.4,70,2,9,12.5,1.25,100,36.96,45,2,2,0,299.23,29.92,0,33.33,0,0,0,66.67,2,0,2,33.33,0,0,0,0,0,6,4,0,0,0,1,1,1,1,1,1,1,0,1,2,3,1,2,3,1,2,3,1,0,0,0,0,0,0,0,0,0,0,Easy,Easy,Easy,Easy,Easy,Easy,Normal,Normal,Normal,Normal,45,45,19,14.57,23.87,10.3,37.95,38.22,20.33,45,0,0,0,0,0,0,0,0,0,0,,,,,,,,,,,0,0,2,3,2,3,2,2,2,0,66.67,0,0,Same,Harder,Same,1,1,0,0,0,0,0,0,0,0,55.44,27.72,36.96
Industri_001,Remote,Laki-laki,26,S1/D4,Jawa,Pekerja,Staff,3,Staf,Tidak Pernah,0,0,0,0,0,1,0,6,6,5.38888888888889,5.57142857142857,5.1875,6,5.8,4.333333333,6,6,4,5.8,90,6,15,62,3.64705882352941,70,7.73333333333333,,0,0,0,247.283333333333,24.7283333333333,10,0,5,4,1,33.3333333333333,7,1,1,33.3333333333333,2,1,1,13.0958333333333,0,4,6,0,1,0,1,1,1,1,1,1,1,1,1,2,3,1,2,3,1,2,3,1,0,0,0,0,0,0,0,0,0,0,Easy,Easy,Easy,Normal,Normal,Normal,Normal,Normal,Normal,Easy,14.1666666666667,45,4.53333333333333,39.55,37.8333333333333,16.5666666666667,27.8666666666667,36.5666666666667,17,8.2,0,0,0,0,1,1,0,1,1,0,,,,,24.0166666666667,7.41666666666667,,13.9166666666667,7.03333333333333,,3,0,3,2,1,1,2,1,1,3,0,0,0,Harder,Same,Easier,0,1,0,1,3,0,1,1,0,0,102.416666666667,14.6309523809524,68.2777777777778
Industri_004,Remote,Laki-laki,29,D1/D2/D3,Jawa,Pekerja,pelaksana,6,Staf,Tidak Pernah,0,0,0,0,0,1,0,5,4.4,4.05555555555556,4.28571428571429,3.25,4.4,2.8,4.166666667,4.833333333,5,2.333333333,2.6,40,7,11,38,2.23529411764706,40,51.2222222222222,,0,0,4,240.733333333333,24.0733333333333,10,33.3333333333333,11,7,4,66.6666666666667,7,0,1,66.6666666666667,4,1,0,15.3642857142857,0,6,3,1,0,0,1,0,1,1,0,0,0,1,1,2,3,1,2,3,1,2,3,1,0,0,0,1,0,0,1,1,1,0,Easy,Easy,Easy,Easy,Easy,Easy,Normal,Normal,Normal,Hard,45,45,13.7833333333333,21.0666666666667,16.6666666666667,5.28333333333333,14.65,3.11666666666667,17.6333333333333,58.5333333333333,1,1,1,1,0,0,1,0,1,1,34.5666666666667,3.21666666666667,8.36666666666667,2.01666666666667,,,2.68333333333333,,11.2,45.5,0,0,1,0,3,3,0,0,0,1,0,0,0,Same,Harder,Harder,1,1,0,1,0,0,1,2,0,1,105.783333333333,15.1119047619048,70.5222222222222
Industri_005,Remote,Laki-laki,24,D1/D2/D3,Jawa,Pekerja,Kondektur,3,Staf,Sering (3-4 kali dalam seminggu),1,0,0,1,1,0,3,4,3.8,4.94444444444445,5,3.9375,3.8,3.4,5.166666667,5.833333333,3.8,4.333333333,3.6,100,6,16,64,4,60,0,,0,0,0,207.966666666667,20.7966666666667,30,0,7,7,0,0,6,0,1,66.6666666666667,4,0,3,14.0214285714286,0,6,3,1,1,1,1,1,1,1,1,1,1,1,1,2,3,1,2,3,1,2,3,1,0,0,0,0,0,0,0,0,0,0,Easy,Easy,Easy,Easy,Easy,Easy,Normal,Normal,Normal,Hard,38,42.5,17.7333333333333,5.9,22.3333333333333,3.38333333333333,31.7666666666667,20.0666666666667,13.9833333333333,12.3,1,1,1,0,0,0,1,1,1,1,29.4833333333333,22.3166666666667,8.16666666666667,,,,23.5,2.75,4.96666666666667,6.96666666666667,1,1,1,3,2,3,1,1,1,1,0,0,0,Same,Harder,Harder,1,1,0,0,1,0,1,1,0,1,52.3666666666667,8.72777777777778,34.9111111111111
Industri_006,Remote,Laki-laki,27,D1/D2/D3,Jawa,Pekerja,Kondektur Semarangponcol,3,Staf,Sering (3-4 kali dalam seminggu),1,1,0,0,0,0,2,5.75,5.8,5.72222222222222,5.78571428571429,5.25,5.8,5.2,5.833333333,6,5.8,4.333333333,5.8,100,3,13,42.5,3.26923076923077,100,0,,0,0,0,139.183333333333,13.9183333333333,10,0,1,1,0,0,3,1,1,33.3333333333333,0,0,1,26.15,6,4,0,0,1,1,1,1,1,1,1,1,1,1,1,2,3,1,2,3,1,2,3,1,0,0,0,0,0,0,0,0,0,0,Easy,Easy,Easy,Very Easy,Very Easy,Very Easy,Very Easy,Very Easy,Very Easy,Easy,43.25,24.3833333333333,3.3,7.55,14.6833333333333,7.93333333333333,6.38333333333333,20.8833333333333,3.65,7.16666666666667,1,0,0,0,0,0,0,0,0,0,26.15,,,,,,,,,,1,2,3,3,3,3,3,2,3,3,0,0,0,Easier,Same,Harder,1,1,0,0,0,0,0,1,0,0,26.1666666666667,8.72222222222222,17.4444444444445
Industri_007,Remote,Laki-laki,25,S1/D4,Jawa,Pekerja,Staff Procurement,1,Staf,Sering (3-4 kali dalam seminggu),1,0,0,0,1,0,2,5.5,5.1,4.55555555555556,4.57142857142857,4.6875,5.1,3.4,5,5,4.8,5,4.2,100,6,16,62.5,3.90625,30,0,,0,0,0,167.383333333333,16.7383333333333,10,0,8,8,0,0,6,0,1,66.6666666666667,5,2,0,9.4875,0,6,3,1,1,1,1,1,1,1,1,1,1,1,1,2,3,1,2,3,1,2,3,1,0,0,0,0,0,0,0,0,0,0,Easy,Easy,Easy,Easy,Easy,Easy,Normal,Normal,Normal,Hard,34.3,22,7.58333333333333,10.9,11.55,4.23333333333333,7.53333333333333,41.3833333333333,17.9666666666667,9.93333333333333,1,1,1,1,0,0,1,1,1,1,31.4166666666667,2.96666666666667,2.78333333333333,2.83333333333333,,,2.36666666666667,18.95,10.3833333333333,4.2,1,1,1,1,3,3,1,1,1,1,0,0,0,Same,Harder,Harder,1,1,0,1,0,0,1,1,0,1,53.15,8.85833333333333,35.4333333333333
Industri_008,Remote,Perempuan,25,S1/D4,Jawa,Pekerja,Pengawas Peron,1,Staf,Jarang (3-4 kali dalam sebulan),0,0,0,0,1,1,1,6,5,6,6,5.6875,5,6,6,6,6,5.166666667,6,60,2,8,22.5,1.73076923076923,80,87.8555555555556,,0,0,0,282.85,28.285,10,100,6,4,2,0,3,2,1,0,1,0,3,19.0041666666667,4,6,0,0,0,0,1,1,0,1,1,0,1,1,1,2,3,1,2,3,1,2,3,1,0,0,0,0,0,0,0,0,0,0,Easy,Easy,Easy,Easy,Easy,Easy,Very Easy,Very Easy,Very Easy,Very Easy,45,45,5.76666666666667,41.8166666666667,45,4.08333333333333,15.7333333333333,45,28.5166666666667,6.93333333333333,0,1,0,1,0,0,0,1,1,0,,24.8333333333333,,25.25,,,,4.68333333333333,21.25,,0,0,3,1,0,3,2,0,1,3,0,0,0,Same,Easier,Easier,2,1,0,0,0,0,0,0,0,0,138.533333333333,46.1777777777778,92.3555555555556
Industri_009,Remote,Laki-laki,25,D1/D2/D3,Jawa,Pekerja,Teknisi Losd UPT Depo Lokomotif Jember,2,Staf,Sering (3-4 kali dalam seminggu),0,0,0,1,1,0,2,5,4.8,4.83333333333333,5.07142857142857,4.4375,4.8,3.6,4.833333333,5.666666667,5.2,3.833333333,4.4,100,3,13,53.5,4.11538461538462,90,0,,0,0,0,164.65,16.465,20,0,3,3,0,0,3,0,2,33.3333333333333,1,0,2,20.7055555555556,0,6,4,0,1,1,1,1,1,1,1,1,1,1,1,2,3,1,2,3,1,2,3,1,0,0,0,0,0,0,0,0,0,0,Easy,Easy,Easy,Easy,Easy,Easy,Normal,Normal,Normal,Normal,37.5,22.2666666666667,6.18333333333333,6.06666666666667,13.9333333333333,4.1,9.48333333333333,43.8,15.0833333333333,6.23333333333333,1,0,0,0,0,0,0,1,1,0,25.15,,,,,,,27.3,9.66666666666667,,1,2,3,3,3,3,3,1,1,3,0,0,0,Same,Harder,Same,1,1,0,0,0,0,0,1,0,0,30.6833333333333,10.2277777777778,20.4555555555556
Industri_010,Remote,Laki-laki,27,S1/D4,Jawa,Pekerja,Pelaksana Teknis,3,Staf,Sering (3-4 kali dalam seminggu),1,0,0,0,0,0,1,4.25,4.8,4.27777777777778,4.42857142857143,4.5625,4.8,4,4.166666667,4.5,4.8,4.166666667,4.8,100,6,16,65.5,4.09375,40,0,,0,0,0,122.383333333333,12.2383333333333,10,0,7,7,0,0,6,0,1,66.6666666666667,6,0,1,8.18095238095238,0,6,3,1,1,1,1,1,1,1,1,1,1,1,1,2,3,1,2,3,1,2,3,1,0,0,0,0,0,0,0,0,0,0,Easy,Easy,Easy,Easy,Easy,Easy,Normal,Normal,Normal,Hard,29.7833333333333,27.2833333333333,2.3,4.46666666666667,7.26666666666667,1.68333333333333,9.46666666666667,19.8666666666667,5.63333333333333,14.6333333333333,1,1,0,1,0,0,1,1,1,1,25.85,4.08333333333333,,1.56666666666667,,,5.76666666666667,9.7,2.83333333333333,7.46666666666667,1,1,3,1,3,3,1,1,1,1,0,0,0,Same,Harder,Harder,1,1,0,1,0,0,1,1,0,1,29.25,4.875,19.5
Industri_011,Remote,Laki-laki,29,S1/D4,Jawa,Pekerja,Pengawas Urusan Kereta,4,Supervisor,Sering (3-4 kali dalam seminggu),1,0,1,0,0,0,2,6,6,6,6,5.3125,6,6,6,6,6,6,3.8,100,5,15,52.5,3.5,40,0,,0,0,0,133.466666666667,13.3466666666667,0,0,6,6,0,0,5,1,1,33.3333333333333,3,3,0,11.4944444444445,0,7,3,0,1,1,1,1,1,1,1,1,1,1,1,2,3,1,2,3,1,2,3,1,0,0,0,0,0,0,0,0,0,0,Easy,Easy,Easy,Easy,Easy,Easy,Normal,Normal,Normal,Easy,23.7166666666667,15.9333333333333,20.5333333333333,3.13333333333333,9.38333333333333,4.46666666666667,12.4833333333333,21.8666666666667,13.9,8.05,1,0,1,0,0,0,1,1,1,1,19.1333333333333,,18.0333333333333,,,,7.65,10.7833333333333,8.75,4.61666666666667,1,2,1,3,3,3,1,1,1,1,0,0,0,Same,Harder,Easier,1,1,0,0,0,0,1,1,0,1,30.85,6.17,20.5666666666667
Industri_012,Remote,Perempuan,24,S1/D4,Luar Jawa,Pekerja,ASISTEN TEKNISI SIARAN TERAMPIL,1,Staf,Sering (3-4 kali dalam seminggu),1,0,0,0,1,0,2,4.25,4.5,4.05555555555556,4.07142857142857,4.3125,4.5,2.6,4.333333333,4.833333333,4.8,4.333333333,3.8,80,4,12,33,2.35714285714286,60,16.6111111111111,,0,0,0,204.9,20.49,0,33.3333333333333,6,6,0,0,4,1,1,33.3333333333333,2,1,3,14.9583333333333,6,4,0,0,0,0,1,1,1,1,1,1,1,1,1,2,3,1,2,3,1,2,3,1,0,0,0,0,0,0,0,0,0,0,Easy,Easy,Easy,Very Easy,Very Easy,Very Easy,Very Easy,Very Easy,Very Easy,Easy,45,45,12.0666666666667,10.1166666666667,34.45,6.88333333333333,11.6333333333333,23.3,8.75,7.7,1,1,1,0,1,0,0,1,1,0,24.4333333333333,25.2833333333333,6.31666666666667,,20.3166666666667,,,11.5,1.9,,0,0,1,3,1,3,3,1,1,3,0,0,0,Easier,Same,Harder,1,1,0,0,1,0,0,1,0,0,52.4,13.1,34.9333333333333
Industri_013,Remote,Laki-laki,25,D1/D2/D3,Jawa,Pekerja,Petugas Negative Check,3,Staf,Sering (3-4 kali dalam seminggu),1,0,0,0,0,0,1,5,4.5,4.16666666666667,4.07142857142857,3.75,4.5,2.8,4.333333333,5,3.8,3.333333333,4.2,70,6,13,72.5,4.53125,70,12.9777777777778,,0,0,0,287.05,28.705,0,0,7,6,1,66.6666666666667,6,0,0,100,0,2,2,25.3333333333333,0,3,3,4,0,1,1,1,1,1,0,1,0,1,1,2,3,1,2,3,1,2,3,1,0,0,0,0,0,0,0,0,0,0,Easy,Easy,Easy,Normal,Normal,Normal,Hard,Hard,Hard,Hard,45,26.2166666666667,11.1833333333333,10.55,36.9333333333333,19.5666666666667,45,26.9,45,20.7,1,0,0,0,1,1,1,0,1,1,36.1,,,,20.9833333333333,14.55,39.7666666666667,,28.6,12,0,2,3,3,1,1,0,2,0,1,0,0,0,Harder,Harder,Harder,1,1,0,0,1,0,1,2,0,0,71.7833333333333,11.9638888888889,47.8555555555556
Industri_014,Remote,Laki-laki,29,D1/D2/D3,Jawa,Pekerja,Teknisi Mekanik,2,Staf,Tidak Pernah,0,0,0,0,0,1,0,6,5.7,5.72222222222222,6,5,5.7,5,6,6,6,4.333333333,4.8,100,3,13,83.5,5.96428571428571,70,0,,0,0,0,168.75,16.875,10,0,5,4,1,0,4,0,0,100,1,2,0,17.9333333333333,0,3,3,4,1,1,1,1,1,1,1,1,1,1,1,2,3,1,2,3,1,2,3,1,0,0,0,0,0,0,0,0,0,0,Easy,Easy,Easy,Normal,Normal,Normal,Hard,Hard,Hard,Hard,5.83333333333333,10.5166666666667,4.61666666666667,11.85,15.95,15.2,28.9166666666667,40.7333333333333,26,9.13333333333333,0,0,0,0,0,1,1,1,1,0,,,,,,8.15,18.85,32.7833333333333,11.95,,3,3,3,3,2,1,1,1,1,3,0,0,0,Harder,Harder,Harder,0,0,0,0,1,0,1,2,0,0,45.2333333333333,11.3083333333333,30.1555555555556
Industri_015,Remote,Laki-laki,24,D1/D2/D3,Jawa,Pekerja,Pelaksana,2,Staf,Sering (3-4 kali dalam seminggu),1,1,0,0,0,0,2,4.5,4.7,4.27777777777778,4.64285714285714,3.9375,4.7,3,4,5.333333333,4.2,4,3.6,90,7,16,68.5,4.02941176470588,60,3.64444444444445,,0,0,0,206.083333333333,20.6083333333333,10,33.3333333333333,6,6,0,0,7,0,1,66.6666666666667,3,1,1,15.3055555555556,0,6,3,1,0,1,1,1,1,1,1,1,1,1,1,2,3,1,2,3,1,2,3,1,0,0,0,0,0,0,0,0,0,0,Easy,Easy,Easy,Easy,Easy,Easy,Normal,Normal,Normal,Hard,45,23.5666666666667,8.61666666666667,10.2,26.6,4.56666666666667,9.71666666666667,42.1,19.1166666666667,16.6,1,0,0,1,0,0,1,1,1,1,38.7333333333333,,,3.68333333333333,,,4.7,25.7833333333333,13.8666666666667,5.06666666666667,0,2,3,1,2,3,1,1,1,1,0,0,0,Same,Harder,Harder,1,1,0,1,1,0,1,1,0,1,60.5833333333333,8.6547619047619,40.3888888888889
Industri_016,Remote,Laki-laki,25,D1/D2/D3,Jawa,Pekerja,Pelaksana,3,Staf,Jarang (3-4 kali dalam sebulan),0,1,0,0,0,0,1,4.75,4.4,3.94444444444444,4.21428571428571,4,4.4,3.2,3.5,4.833333333,4.4,3.166666667,4.6,60,0,6,28.5,2.19230769230769,80,64.9666666666667,,0,0,2,211.633333333333,21.1633333333333,0,66.6666666666667,1,1,0,33.3333333333333,3,1,1,33.3333333333333,0,0,0,32.5833333333333,0,7,3,0,1,0,1,1,0,1,1,0,0,1,1,2,3,1,2,3,1,2,3,1,0,0,0,0,1,0,0,0,1,0,Easy,Easy,Easy,Easy,Easy,Easy,Normal,Normal,Normal,Easy,14.5666666666667,45,9.71666666666667,10.0666666666667,39.5833333333333,5.08333333333333,10.2833333333333,45,24.7333333333333,7.6,0,0,0,0,1,0,0,0,0,0,,,,,32.5833333333333,,,,,,3,0,3,3,0,3,3,0,0,3,0,0,0,Same,Harder,Easier,0,1,0,0,1,0,0,1,0,0,97.45,32.4833333333333,64.9666666666667
Industri_017,Remote,Perempuan,23,S1/D4,Jawa,Pekerja,Pelaksana Internal Sourcing and Mobility,0,Staf,Sering (3-4 kali dalam seminggu),1,1,0,0,1,0,3,4.5,4.3,4.5,4.5,4.25,4.3,3.8,4.666666667,4.833333333,4,4.333333333,4.4,100,3,13,42.5,3.26923076923077,90,0,,0,0,0,119.516666666667,11.9516666666667,0,0,1,1,0,0,3,1,1,33.3333333333333,0,0,1,21.85,6,4,0,0,1,1,1,1,1,1,1,1,1,1,1,2,3,1,2,3,1,2,3,1,0,0,0,0,0,0,0,0,0,0,Easy,Easy,Easy,Very Easy,Very Easy,Very Easy,Very Easy,Very Easy,Very Easy,Easy,31.55,18.0166666666667,11.7166666666667,5.7,22.65,4.51666666666667,5.61666666666667,9.68333333333333,3.46666666666667,6.6,1,0,0,0,0,0,0,0,0,0,21.85,,,,,,,,,,1,2,3,3,2,3,3,3,3,3,0,0,0,Easier,Same,Harder,1,1,0,0,1,0,0,0,0,0,23.2666666666667,7.75555555555556,15.5111111111111
Industri_018,Remote,Laki-laki,25,S1/D4,Luar Jawa,Pekerja,Staff IT Operation,2,Staf,Jarang (3-4 kali dalam sebulan),1,0,0,0,0,0,1,4.5,5.4,5.55555555555556,5.64285714285714,4.5,5.4,5,5.666666667,5.833333333,5.2,4.666666667,3.6,80,6,14,69.5,4.34375,100,34.5777777777778,,0,4,0,214.633333333333,21.4633333333333,0,33.3333333333333,3,1,2,0,6,0,1,66.6666666666667,0,0,1,27.1166666666667,0,6,3,1,0,1,1,1,1,1,1,1,1,0,1,2,3,1,2,3,1,2,3,1,0,0,0,0,0,0,0,0,0,0,Easy,Easy,Easy,Easy,Easy,Easy,Normal,Normal,Normal,Hard,45,27.4166666666667,10.8166666666667,7.2,11.45,3.76666666666667,11.65,39.45,12.8833333333333,45,0,0,0,0,0,0,0,0,0,1,,,,,,,,,,27.1166666666667,0,2,3,3,3,3,3,2,3,0,0,0,0,Same,Harder,Harder,2,1,0,0,0,0,0,1,0,2,85.05,14.175,56.7
Industri_019,Remote,Laki-laki,27,D1/D2/D3,Jawa,Pekerja,Paramedis,2,Staf,Jarang (3-4 kali dalam sebulan),1,0,0,0,0,0,1,6,5.5,4.33333333333333,4.57142857142857,5.0625,5.5,2,4.333333333,6,5,4.333333333,6,90,9,18,77.5,4.07894736842105,70,8.44444444444445,,0,0,0,222.433333333333,22.2433333333333,0,33.3333333333333,3,3,0,0,9,0,2,33.3333333333333,3,0,0,6.77222222222222,0,3,7,0,1,1,1,1,0,1,1,1,1,1,1,2,3,1,2,3,1,2,3,1,0,0,0,0,0,0,0,0,0,0,Easy,Easy,Easy,Normal,Normal,Normal,Normal,Normal,Normal,Normal,17.6333333333333,40.8166666666667,6.93333333333333,24.1666666666667,45,17.8,9.05,26.2333333333333,19.8,15,0,0,0,0,0,1,0,1,1,0,,,,,,9.3,,3.03333333333333,7.98333333333333,,2,2,3,2,0,1,3,1,1,3,0,0,0,Harder,Same,Same,1,1,0,1,2,0,0,1,0,3,86.3833333333333,9.59814814814815,57.5888888888889
Industri_021,Remote,Laki-laki,27,D1/D2/D3,Jawa,Pekerja,TEKNISI UPT MEKANIK,4,Staf,Jarang (3-4 kali dalam sebulan),1,0,1,0,0,0,2,5,4.6,4.22222222222222,4.35714285714286,4.125,4.6,3.4,4,5,4.6,3.666666667,4.2,60,4,10,39.5,2.63333333333333,80,60.6111111111111,,0,0,1,303.65,30.365,10,66.6666666666667,5,3,2,33.3333333333333,5,1,1,33.3333333333333,1,0,1,21.6222222222222,0,7,3,0,0,0,1,1,0,1,1,0,1,1,1,2,3,1,2,3,1,2,3,1,0,1,0,0,0,0,0,0,0,0,Easy,Easy,Easy,Easy,Easy,Easy,Normal,Normal,Normal,Easy,45,42.2333333333333,11.1166666666667,19.95,45,5.66666666666667,42.2333333333333,45,39.4166666666667,8.03333333333333,0,0,0,1,1,0,0,0,1,0,,,,6.6,23.4166666666667,,,,34.85,,0,0,3,1,0,3,2,0,1,3,0,0,0,Same,Harder,Easier,0,1,0,1,0,0,1,2,0,0,119.666666666667,23.9333333333333,79.7777777777778
Industri_022,Remote,Laki-laki,25,S1/D4,Luar Jawa,Pekerja,Safety Officer,1,Staf,Sering (3-4 kali dalam seminggu),1,0,0,0,0,0,1,4,5.6,4.88888888888889,5.21428571428571,5.0625,5.6,3,5.5,5.666666667,5,5.166666667,5,90,1,10,40.5,3.68181818181818,80,0,,0,0,0,139.433333333333,13.9433333333333,0,33.3333333333333,2,2,0,0,1,0,2,33.3333333333333,0,2,0,13.225,0,9,1,0,1,1,0,1,1,1,1,1,1,1,1,2,3,1,2,3,1,2,3,1,0,0,0,0,0,0,0,0,0,0,Easy,Easy,Easy,Easy,Easy,Easy,Easy,Easy,Easy,Normal,14.4833333333333,12.15,45,15.0666666666667,8.8,18.3333333333333,5.06666666666667,7.4,2.26666666666667,10.8666666666667,0,0,0,1,0,1,0,0,0,0,,,,11.2833333333333,,15.1666666666667,,,,,3,3,0,1,3,1,3,3,3,3,0,0,0,Same,Same,Harder,0,0,0,1,0,0,0,0,0,0,3.55,3.55,2.36666666666667
Industri_023,Remote,Laki-laki,26,S1/D4,Jawa,Pekerja,Staff safety standard of rollingstock maintenance,2,Staf,Sering (3-4 kali dalam seminggu),1,0,0,0,0,0,1,5.25,5.2,4.72222222222222,4.71428571428571,3.75,5.2,4,4.666666667,5.166666667,5,2.666666667,3.8,70,4,11,51.5,3.21875,90,42.4,,0,5,1,271.066666666667,27.1066666666667,0,33.3333333333333,0,0,0,33.3333333333333,6,0,1,66.6666666666667,0,0,0,,0,3,6,1,0,1,1,1,1,0,1,1,1,0,1,2,3,1,2,3,1,2,3,1,1,0,0,0,0,0,0,0,0,0,Easy,Easy,Easy,Normal,Normal,Normal,Normal,Normal,Normal,Hard,26.8166666666667,28.4333333333333,14.4833333333333,18.2833333333333,41.5333333333333,45,14.7333333333333,19.9166666666667,16.8666666666667,45,0,0,0,0,0,0,0,0,0,0,,,,,,,,,,,0,3,3,2,2,0,3,2,2,0,0,0,0,Harder,Same,Harder,1,0,0,1,1,0,0,1,0,2,113.15,18.8583333333333,75.4333333333333
Industri_024,Remote,Perempuan,26,S1/D4,Jawa,Pekerja,Pelaksana Assessment Center Management,2,Staf,Jarang (3-4 kali dalam sebulan),0,0,0,0,1,1,1,4.25,3,4.16666666666667,4.21428571428571,3.5625,3,3.2,3.833333333,5.166666667,3.4,3.166666667,4.2,70,3,10,31,2.38461538461539,60,64.7888888888889,,0,3,1,262.416666666667,26.2416666666667,0,33.3333333333333,6,5,1,33.3333333333333,3,0,1,66.6666666666667,0,2,1,25.56,0,6,3,1,1,0,1,1,1,1,1,0,1,0,1,2,3,1,2,3,1,2,3,1,0,0,0,0,0,0,0,1,0,0,Easy,Easy,Easy,Easy,Easy,Easy,Normal,Normal,Normal,Hard,32,45,25.05,13.7333333333333,14.0666666666667,3.81666666666667,23.95,35.0333333333333,24.7666666666667,45,1,1,1,0,0,0,0,0,1,1,17.3,41.5166666666667,20.95,,,,,,15.45,32.5833333333333,1,0,1,3,3,3,2,0,1,0,0,0,0,Same,Harder,Harder,1,1,0,0,0,0,1,0,0,0,111.533333333333,37.1777777777778,74.3555555555556
Industri_025,Remote,Laki-laki,28,S1/D4,Jawa,Pekerja,Specialist of Assessment Planning & Evaluatioj,5,Supervisor,Sering (3-4 kali dalam seminggu),0,1,0,0,0,0,1,4.75,4.6,4.38888888888889,4.5,4.75,4.6,3.6,4.5,4.833333333,4.8,4.833333333,4.6,100,7,17,83.5,4.91176470588235,10,0,,0,0,0,135.3,13.53,0,0,9,9,0,0,7,0,0,100,9,0,0,1.91481481481482,0,3,3,4,1,1,1,1,1,1,1,1,1,1,1,2,3,1,2,3,1,2,3,1,0,0,0,0,0,0,0,0,0,0,Easy,Easy,Easy,Normal,Normal,Normal,Hard,Hard,Hard,Hard,19.8,21.6833333333333,6.48333333333333,6.93333333333333,12.2666666666667,13.15,5.5,6.6,10.1166666666667,32.7666666666667,1,1,1,1,1,1,1,1,1,0,2.91666666666667,1.38333333333333,1.81666666666667,0.966666666666667,1.56666666666667,4.91666666666667,1.31666666666667,1.03333333333333,1.31666666666667,,1,1,1,1,1,1,1,1,1,2,0,0,0,Harder,Harder,Harder,1,1,0,1,1,0,1,1,0,1,78.7833333333333,11.2547619047619,52.5222222222222
Industri_026,Remote,Laki-laki,29,S1/D4,Jawa,Pekerja,Staff Assessment Center,3,Staf,Selalu (Setiap Hari),1,0,0,0,0,0,1,6,6,5.55555555555556,5.64285714285714,4,6,5,5.5,6,6,2.666666667,3.6,80,6,14,54.5,3.40625,70,8.84444444444444,,0,0,1,170.9,17.09,0,66.6666666666667,3,2,1,0,6,0,2,33.3333333333333,1,1,0,6.46666666666667,0,9,1,0,0,1,1,0,1,1,1,1,1,1,1,2,3,1,2,3,1,2,3,1,0,0,0,1,0,0,0,0,0,0,Easy,Easy,Easy,Easy,Easy,Easy,Easy,Easy,Easy,Normal,45,34.7,13.2833333333333,15.6166666666667,11.2833333333333,2.93333333333333,18.0666666666667,12.4666666666667,3.38333333333333,14.1666666666667,0,0,0,0,0,0,1,0,0,1,,,,,,,10.7333333333333,,,2.2,0,2,3,0,3,3,1,3,3,1,0,0,0,Same,Same,Harder,2,1,0,1,0,0,1,0,0,1,37.25,6.20833333333333,24.8333333333333
Industri_027,Remote,Perempuan,30,S2,Jawa,Pekerja,Pelaksana Assesment Management Center,2,Staf,Jarang (3-4 kali dalam sebulan),0,0,1,0,1,0,2,4.25,4.8,4,4.21428571428571,4.4375,4.8,3.4,4,4.333333333,4.4,4.5,4.4,90,7,16,57,3.35294117647059,80,32.6666666666667,,0,0,0,233.416666666667,23.3416666666667,20,33.3333333333333,6,5,1,0,7,0,2,33.3333333333333,1,1,2,22.7966666666667,0,6,4,0,1,1,1,1,1,1,1,0,1,1,1,2,3,1,2,3,1,2,3,1,0,0,0,0,0,0,0,0,0,0,Easy,Easy,Easy,Easy,Easy,Easy,Normal,Normal,Normal,Normal,15.2333333333333,22.65,5.51666666666667,38.7166666666667,14.0166666666667,6.65,17.3166666666667,45,27.1,41.2166666666667,0,0,0,1,0,0,1,1,1,1,,,,29.0833333333333,,,4.51666666666667,29.05,19.05,32.2833333333333,2,2,3,1,3,3,1,0,1,1,0,0,0,Same,Harder,Same,1,1,0,2,0,0,1,1,0,1,113.5,16.2142857142857,75.6666666666667
Industri_028,Remote,Laki-laki,26,D1/D2/D3,Jawa,Pekerja,Payroll,3,Staf,Sering (3-4 kali dalam seminggu),1,0,0,0,0,0,1,4.5,5.3,4.72222222222222,4.85714285714286,4.25,5.3,2.8,5.5,5.333333333,4.6,4.5,3.6,100,1,11,49.5,4.5,100,0,,0,0,0,105.75,10.575,0,0,0,0,0,0,1,0,2,33.3333333333333,0,0,0,,0,9,1,0,1,1,1,1,1,1,1,1,1,1,1,2,3,1,2,3,1,2,3,1,0,0,0,0,0,0,0,0,0,0,Easy,Easy,Easy,Easy,Easy,Easy,Easy,Easy,Easy,Normal,10.85,14.8666666666667,4.38333333333333,8.21666666666667,24.2166666666667,4.26666666666667,7.53333333333333,12.8333333333333,5.45,13.1333333333333,0,0,0,0,0,0,0,0,0,0,,,,,,,,,,,3,3,3,3,2,3,3,3,3,3,0,0,0,Same,Same,Harder,0,0,0,0,1,0,0,0,0,0,12.45,12.45,8.3
Industri_029,Remote,Perempuan,28,S1/D4,Jawa,Pekerja,AM SDM,6,Supervisor,Tidak Pernah,0,0,0,0,0,1,0,5,4.1,3.5,3.57142857142857,4.0625,4.1,2.4,3.5,4.166666667,3.6,4,4.6,70,6,13,55,3.4375,90,25.0777777777778,,0,0,1,247.316666666667,24.7316666666667,10,66.6666666666667,3,2,1,0,6,0,2,33.3333333333333,0,0,1,30.4583333333333,0,6,4,0,0,1,1,1,1,1,0,0,1,1,1,2,3,1,2,3,1,2,3,1,0,0,0,0,0,0,0,1,0,0,Easy,Easy,Easy,Easy,Easy,Easy,Normal,Normal,Normal,Normal,45,26.5833333333333,12.7,6.58333333333333,21.9333333333333,5.38333333333333,45,42.95,27.1166666666667,14.0666666666667,1,0,0,0,0,0,0,0,1,0,37.4333333333333,,,,,,,,23.4833333333333,,0,2,3,3,2,3,0,0,1,3,0,0,0,Same,Harder,Same,1,1,0,0,1,0,1,2,0,0,77.2666666666667,12.8777777777778,51.5111111111111
Industri_030,Remote,Laki-laki,25,D1/D2/D3,Luar Jawa,Pekerja,staf,2,Staf,Sering (3-4 kali dalam seminggu),1,0,0,0,0,0,1,4.75,5.5,5.44444444444445,5.64285714285714,4.5625,5.5,6,4.333333333,6,6,3.333333333,4.6,80,5,13,51.5,3.43333333333333,80,12.5222222222222,,0,0,0,202.433333333333,20.2433333333333,0,33.3333333333333,3,3,0,0,5,0,2,33.3333333333333,2,0,0,15.6555555555556,0,9,1,0,0,0,1,1,1,1,1,1,1,1,1,2,3,1,2,3,1,2,3,1,0,0,0,0,0,0,0,0,0,0,Easy,Easy,Easy,Easy,Easy,Easy,Easy,Easy,Easy,Normal,45,45,15.65,9.63333333333333,43.9833333333333,4.16666666666667,14.5,12.15,3.15,9.2,1,0,0,0,0,0,1,0,0,1,34.5333333333333,,,,,,8.5,,,3.93333333333333,0,0,2,3,2,3,1,3,3,1,0,0,0,Same,Same,Harder,1,1,0,0,1,0,1,0,0,1,42.7166666666667,8.54333333333333,28.4777777777778
Industri_031,Remote,Laki-laki,27,D1/D2/D3,Jawa,Pekerja,Petugas Negative check,3,Staf,Selalu (Setiap Hari),1,0,0,0,0,0,1,5.75,5.8,4.66666666666667,4.64285714285714,4.8125,5.8,4.6,3.833333333,5.5,5.8,4.166666667,4.6,100,5,15,58.5,3.9,70,0,,0,0,0,192.133333333333,19.2133333333333,10,0,4,4,0,0,5,0,2,33.3333333333333,2,1,1,14.225,0,6,4,0,1,1,1,1,1,1,1,1,1,1,1,2,3,1,2,3,1,2,3,1,0,0,0,0,0,0,0,0,0,0,Easy,Easy,Easy,Easy,Easy,Easy,Normal,Normal,Normal,Normal,22,24.8833333333333,7.31666666666667,36.0666666666667,12.1,9.93333333333333,16.95,26.0833333333333,29.95,6.85,0,0,0,1,0,0,1,1,1,0,,,,17.1666666666667,,,9.05,6.63333333333333,24.05,,2,2,3,1,3,3,1,1,1,3,0,0,0,Same,Harder,Same,1,1,0,1,0,0,1,1,0,0,52,10.4,34.6666666666667
Industri_032,Remote,Laki-laki,26,D1/D2/D3,Jawa,Pekerja,Kondektur,3,Staf,Selalu (Setiap Hari),1,1,0,1,1,0,4,6,5.9,5.72222222222222,5.64285714285714,5.125,5.9,5.4,6,6,6,5.833333333,3.4,100,4,14,52.5,3.75,100,0,,0,0,0,231.9,23.19,50,0,5,5,0,0,4,0,2,33.3333333333333,0,0,4,27.2666666666667,0,6,4,0,1,1,1,1,1,1,1,1,1,1,1,2,3,1,2,3,1,2,3,1,0,0,0,0,0,0,0,0,0,0,Easy,Easy,Easy,Easy,Easy,Easy,Normal,Normal,Normal,Normal,40.4333333333333,22.5666666666667,27.4166666666667,6.7,9.55,3.83333333333333,39.25,43.7833333333333,28.8666666666667,9.5,1,0,1,0,0,0,1,1,1,0,29.5333333333333,,23.5666666666667,,,,32.5666666666667,25.55,25.1166666666667,,1,2,1,3,3,3,1,1,1,3,0,0,0,Same,Harder,Same,1,1,0,0,0,0,1,1,0,0,35.9333333333333,8.98333333333333,23.9555555555556
Industri_033,Remote,Laki-laki,26,S1/D4,Jawa,Pekerja,Satuan kerja UPT Resor Jalan Rel 7.7 Madiun,2,Staf,Selalu (Setiap Hari),1,0,1,0,0,0,2,6,5.8,5.72222222222222,5.64285714285714,5.25,5.8,5,6,6,6,5.166666667,4.6,90,6,15,65.5,4.09375,80,4.78888888888889,,0,5,0,260.766666666667,26.0766666666667,10,0,5,4,1,0,6,0,1,66.6666666666667,0,2,2,21.5916666666667,0,6,3,1,1,1,1,1,1,1,1,1,1,0,1,2,3,1,2,3,1,2,3,1,0,0,0,0,0,0,0,0,0,0,Easy,Easy,Easy,Easy,Easy,Easy,Normal,Normal,Normal,Hard,32.95,38.8333333333333,22.6333333333333,17.8666666666667,13.7166666666667,6.31666666666667,10.1666666666667,44.7166666666667,28.5666666666667,45,1,0,1,0,0,0,0,1,0,1,16.1,,15.9166666666667,,,,,24.8,,29.55,1,2,1,2,3,3,3,1,2,0,0,0,0,Same,Harder,Harder,1,1,0,1,0,0,0,1,0,2,55.05,9.175,36.7
Industri_035,Remote,Laki-laki,28,D1/D2/D3,Jawa,Pekerja,Pelaksana Unit Bangunan,2,Staf,Jarang (3-4 kali dalam sebulan),0,0,0,1,0,0,1,5,5,5.33333333333333,5.35714285714286,4.75,5,4.2,5.5,6,4.8,4.833333333,4.6,80,7,15,62.5,3.67647058823529,30,11.2333333333333,,0,0,1,216.9,21.69,0,33.3333333333333,8,8,0,0,7,0,1,66.6666666666667,4,2,1,15.025,0,6,3,1,0,0,1,1,1,1,1,1,1,1,1,2,3,1,2,3,1,2,3,1,1,0,0,0,0,0,0,0,0,0,Easy,Easy,Easy,Easy,Easy,Easy,Normal,Normal,Normal,Hard,40.6166666666667,49.3833333333333,12.6166666666667,15.0333333333333,15.1833333333333,3.88333333333333,10.5333333333333,29.8833333333333,17.7,22.0666666666667,1,1,1,1,0,0,1,1,1,1,28.1,45.7666666666667,8.93333333333333,2.38333333333333,,,3.56666666666667,13.1666666666667,7.2,11.0833333333333,0,0,1,1,2,3,1,1,1,1,0,0,0,Same,Harder,Harder,1,1,0,1,1,0,1,1,0,1,62.1166666666667,8.87380952380952,41.4111111111111
Industri_036,Remote,Perempuan,27,D1/D2/D3,Jawa,Pekerja,PNC LAA,4,Staf,Tidak Pernah,0,0,0,0,0,1,0,3.25,3.7,3.66666666666667,3.78571428571429,4.125,3.7,2.4,3.666666667,4.5,3.8,4,4.6,30,0,3,13.5,1.22727272727273,70,32.6777777777778,,0,1,3,319.65,31.965,0,100,3,3,0,0,1,0,3,0,2,0,1,9.57222222222222,0,10,0,0,0,0,1,0,0,1,0,0,1,0,1,2,3,1,2,3,1,2,3,1,0,0,0,1,0,0,1,0,0,1,Easy,Easy,Easy,Easy,Easy,Easy,Easy,Easy,Easy,Easy,45,45,10.0166666666667,23.7833333333333,66.2166666666667,5.18333333333333,22.15,67.85,9.96666666666667,24.4833333333333,0,1,0,0,0,0,1,0,0,1,,22.0166666666667,,,,,3.43333333333333,,,3.26666666666667,0,0,3,0,0,3,0,0,3,0,0,0,0,Same,Same,Same,0,0,0,0,0,0,0,1,0,0,49.0166666666667,49.0166666666667,32.6777777777778
Industri_037,Remote,Laki-laki,29,S2,Jawa,Pekerja,Masinis Pertama,3,Staf,Tidak Pernah,1,0,0,0,0,0,1,5,5.4,5.61111111111111,5.71428571428571,4.8125,5.4,5,5.833333333,5.833333333,4.6,5.333333333,4.4,100,5,15,62,4.13333333333333,50,0,,0,0,0,169.716666666667,16.9716666666667,10,0,6,6,0,0,5,0,1,66.6666666666667,3,2,1,12.7416666666667,0,6,3,1,1,1,1,1,1,1,1,1,1,1,1,2,3,1,2,3,1,2,3,1,0,0,0,0,0,0,0,0,0,0,Easy,Easy,Easy,Easy,Easy,Easy,Normal,Normal,Normal,Hard,37.9,15.1833333333333,12.1166666666667,18.0166666666667,11.95,4.63333333333333,8.58333333333333,29.1833333333333,12.1333333333333,20.0166666666667,1,0,1,1,0,0,0,1,1,1,25.6166666666667,,5.98333333333333,9.58333333333333,,,,13.6166666666667,6.91666666666667,14.7333333333333,1,2,1,1,3,3,3,1,1,1,0,0,0,Same,Harder,Harder,1,1,0,1,0,0,0,1,0,1,40.65,8.13,27.1
Industri_039,Remote,Laki-laki,22,D1/D2/D3,Luar Jawa,Pekerja,Staf,0,Staf,Jarang (3-4 kali dalam sebulan),1,0,0,0,0,0,1,6,5.5,4.88888888888889,5.28571428571429,4.75,5.5,5,4.333333333,5.166666667,5,3.5,6,100,3,13,39.5,3.03846153846154,70,0,,0,0,0,147.75,14.775,10,0,4,4,0,0,3,2,1,0,2,1,1,11.8291666666667,4,6,0,0,1,1,1,1,1,1,1,1,1,1,1,2,3,1,2,3,1,2,3,1,0,0,0,0,0,0,0,0,0,0,Easy,Easy,Easy,Easy,Easy,Easy,Very Easy,Very Easy,Very Easy,Very Easy,35.6666666666667,29.3833333333333,15.4,6.2,10.1833333333333,3,8.11666666666667,21.9833333333333,11.3666666666667,6.45,1,0,1,0,0,0,0,1,1,0,26.8666666666667,,10.8833333333333,,,,,4.41666666666667,5.15,,1,2,1,3,3,3,3,1,1,3,0,0,0,Same,Easier,Easier,1,1,0,0,0,0,0,1,0,0,23.7333333333333,7.91111111111111,15.8222222222222
Industri_040,Remote,Laki-laki,29,S1/D4,Jawa,Pekerja,Asisten Apoteker,8,Staf,Jarang (3-4 kali dalam sebulan),0,0,0,1,0,0,1,4.75,4.6,4.16666666666667,4.14285714285714,3.875,4.6,2,5,5,4.2,3.833333333,3.6,90,2,11,45,3.75,100,5.02222222222222,,0,0,0,169.866666666667,16.9866666666667,10,33.3333333333333,2,2,0,0,2,0,3,0,0,0,2,26.7166666666667,0,10,0,0,0,1,1,1,1,1,1,1,1,1,1,2,3,1,2,3,1,2,3,1,0,0,0,0,0,0,0,0,0,0,Easy,Easy,Easy,Easy,Easy,Easy,Easy,Easy,Easy,Easy,45,30.8833333333333,35.3333333333333,8.53333333333333,10.1333333333333,4.91666666666667,6.45,13,3.5,12.1166666666667,1,0,1,0,0,0,0,0,0,0,26.85,,26.5833333333333,,,,,,,,0,2,1,3,3,3,3,3,3,3,0,0,0,Same,Same,Same,1,1,0,0,0,0,0,0,0,0,18.2,9.1,12.1333333333333
Industri_041,Remote,Laki-laki,25,D1/D2/D3,Luar Jawa,Pekerja,PNC SINTELIS,3,Staf,Jarang (3-4 kali dalam sebulan),1,0,0,0,0,0,1,5.25,5.3,5.33333333333333,5.42857142857143,4.5,5.3,5,5.166666667,5.666666667,5,5,3.4,100,5,15,51,3.4,60,0,,0,0,0,156.85,15.685,10,0,5,5,0,0,5,0,3,0,3,1,1,10.9066666666667,0,10,0,0,1,1,1,1,1,1,1,1,1,1,1,2,3,1,2,3,1,2,3,1,0,0,0,0,0,0,0,0,0,0,Easy,Easy,Easy,Easy,Easy,Easy,Easy,Easy,Easy,Easy,34.4,25.5333333333333,17.2666666666667,8.3,21.35,3.68333333333333,15.85,12.3833333333333,2.75,15.3333333333333,1,1,1,0,0,0,1,0,0,1,24.9166666666667,2.56666666666667,10.9,,,,8.4,,,7.75,1,1,1,3,2,3,1,3,3,1,0,0,0,Same,Same,Same,1,1,0,0,1,0,1,0,0,1,45.2833333333333,9.05666666666667,30.1888888888889
Industri_042,Remote,Laki-laki,24,D1/D2/D3,Luar Jawa,Pekerja,MASINIS PERTAMA,3,Staf,Selalu (Setiap Hari),0,0,0,1,0,0,1,4.75,5.4,4.94444444444445,5.21428571428571,4.9375,5.4,3,6,5.333333333,5,5.333333333,4.4,80,6,14,54.5,3.40625,90,25.9333333333333,,0,0,0,281.5,28.15,0,33.3333333333333,3,2,1,0,6,0,2,33.3333333333333,0,1,0,26.0416666666667,0,6,4,0,1,1,1,1,1,1,0,0,1,1,1,2,3,1,2,3,1,2,3,1,0,0,0,0,0,0,0,0,0,0,Easy,Easy,Easy,Easy,Easy,Easy,Normal,Normal,Normal,Normal,38.35,34.0666666666667,22.9833333333333,7.8,14.25,5.33333333333333,45,45,25.2666666666667,43.45,0,0,0,0,0,0,0,1,1,0,,,,,,,,32.9666666666667,19.1166666666667,,2,2,2,3,3,3,0,0,1,2,0,0,0,Same,Harder,Same,1,1,0,0,0,0,1,2,0,1,99.0333333333333,16.5055555555556,66.0222222222222
Industri_043,Remote,Laki-laki,27,S1/D4,Jawa,Pekerja,Staff,4,Staf,Sering (3-4 kali dalam seminggu),1,0,1,0,1,0,3,4.5,4.9,5.05555555555556,5.57142857142857,5,4.9,5,4.833333333,5.166666667,4.6,5.333333333,5,100,5,15,68,4.25,50,0,,0,0,0,155.383333333333,15.5383333333333,10,0,6,6,0,0,6,0,1,66.6666666666667,4,1,1,10.0138888888889,0,6,3,1,1,1,1,1,1,1,1,1,1,1,1,2,3,1,2,3,1,2,3,1,0,0,0,0,0,0,0,0,0,0,Easy,Easy,Easy,Easy,Easy,Easy,Normal,Normal,Normal,Hard,14.85,22.55,21.25,7.31666666666667,10.8666666666667,7.65,14.0333333333333,37.1166666666667,7.78333333333333,11.9666666666667,1,0,1,1,0,0,0,1,1,1,11.4,,6.35,5.45,,,,28.2166666666667,4.3,4.36666666666667,1,2,1,1,3,3,3,1,1,1,0,0,0,Same,Harder,Harder,1,1,0,1,0,0,0,2,0,1,34.3666666666667,5.72777777777778,22.9111111111111
Industri_044,Remote,Laki-laki,24,D1/D2/D3,Jawa,Pekerja,Petugas Negatif Check,3,Staf,Sering (3-4 kali dalam seminggu),0,1,1,0,1,0,3,5.5,5.9,5.72222222222222,5.71428571428571,5.0625,5.9,5,6,6,5.8,5,4.4,80,3,11,48,3.69230769230769,100,8.14444444444444,,0,3,0,184.1,18.41,0,33.3333333333333,0,0,0,0,3,0,2,33.3333333333333,0,0,0,,0,9,1,0,0,1,1,1,1,1,1,1,1,0,1,2,3,1,2,3,1,2,3,1,0,0,0,0,0,0,0,0,0,0,Easy,Easy,Easy,Easy,Easy,Easy,Easy,Easy,Easy,Normal,45,21.3,20.8833333333333,11.2166666666667,10.7333333333333,3.81666666666667,10.5666666666667,11.75,3.83333333333333,45,0,0,0,0,0,0,0,0,0,0,,,,,,,,,,,0,2,2,3,3,3,3,3,3,0,0,0,0,Same,Same,Harder,1,1,0,0,0,0,0,0,0,1,23.3166666666667,7.77222222222222,15.5444444444444
Industri_045,Remote,Laki-laki,28,D1/D2/D3,Jawa,Pekerja,staff,3,Staf,Jarang (3-4 kali dalam sebulan),1,0,0,0,0,0,1,5.25,5,4.77777777777778,4.92857142857143,4.375,5,4.4,4.833333333,5,5,4.5,3.6,100,2,12,62,5.16666666666667,100,0,,0,0,0,127.733333333333,12.7733333333333,10,0,1,1,0,0,2,0,1,66.6666666666667,0,0,1,25.9333333333333,0,6,3,1,1,1,1,1,1,1,1,1,1,1,1,2,3,1,2,3,1,2,3,1,0,0,0,0,0,0,0,0,0,0,Easy,Easy,Easy,Easy,Easy,Easy,Normal,Normal,Normal,Hard,9.33333333333333,15.35,4.53333333333333,6.18333333333333,10.5,5.35,8.23333333333333,14.05,18.0833333333333,36.1166666666667,0,0,0,0,0,0,0,0,0,1,,,,,,,,,,25.9333333333333,3,2,3,3,3,3,3,3,2,1,0,0,0,Same,Harder,Harder,0,1,0,0,0,0,0,0,0,1,17.65,8.825,11.7666666666667
Industri_046,Remote,Laki-laki,28,D1/D2/D3,Jawa,Pekerja,Masinis Pertama,2,Staf,Sering (3-4 kali dalam seminggu),1,0,0,1,0,0,2,4.75,5.2,4.83333333333333,4.78571428571429,5,5.2,3.4,4.666666667,6,4.8,4.666666667,5.6,80,6,14,54.5,3.20588235294118,50,25.6888888888889,,0,0,1,259.716666666667,25.9716666666667,10,66.6666666666667,8,7,1,0,7,0,2,33.3333333333333,2,1,2,20.1690476190476,0,6,4,0,1,0,1,1,1,1,1,0,1,1,1,2,3,1,2,3,1,2,3,1,0,1,0,0,0,0,0,0,0,0,Easy,Easy,Easy,Easy,Easy,Easy,Normal,Normal,Normal,Normal,34.95,40.1333333333333,26.1666666666667,12.7333333333333,30.0833333333333,6.01666666666667,29.5666666666667,45,20.1833333333333,14.8833333333333,1,1,1,0,0,0,1,1,1,1,25.15,35.8666666666667,11.3833333333333,,,,20.4833333333333,33.35,8.85,6.1,1,0,1,3,2,3,1,0,1,1,0,0,0,Same,Harder,Same,1,1,0,0,1,0,2,1,0,1,99.8166666666667,14.2595238095238,66.5444444444444
Industri_047,Remote,Laki-laki,25,S1/D4,Jawa,Pekerja,Operator KPJR,2,Staf,Jarang (3-4 kali dalam sebulan),1,0,1,0,0,0,2,5.5,5.4,4.22222222222222,4.42857142857143,4.75,5.4,3.2,4.666666667,4.5,5.2,4.833333333,4.2,90,3,12,46,3.53846153846154,80,6.64444444444445,,0,0,0,177.916666666667,17.7916666666667,10,33.3333333333333,3,3,0,0,3,0,2,33.3333333333333,1,1,1,16.45,0,9,1,0,1,0,1,1,1,1,1,1,1,1,1,2,3,1,2,3,1,2,3,1,0,0,0,0,0,0,0,0,0,0,Easy,Easy,Easy,Easy,Easy,Easy,Easy,Easy,Easy,Normal,38.1666666666667,45,13.15,6.26666666666667,11.65,21.9666666666667,5.1,11.0333333333333,4.35,21.2333333333333,1,0,1,0,0,1,0,0,0,0,25.5,,8.43333333333333,,,15.4166666666667,,,,,1,0,1,3,3,1,3,3,3,2,0,0,0,Same,Same,Harder,1,1,0,0,0,0,0,0,0,1,22.9,7.63333333333333,15.2666666666667
Industri_048,Remote,Laki-laki,24,S1/D4,Jawa,Pekerja,Specialist of Project Risk and Risk Aggregation,2,Supervisor,Jarang (3-4 kali dalam sebulan),1,0,1,1,0,0,3,4.75,4.5,5,5,4.625,4.5,5,5,5,4.8,4.5,4.6,100,3,13,50.5,3.88461538461539,60,0,,0,0,0,175.05,17.505,0,0,4,4,0,0,3,0,2,33.3333333333333,0,4,0,13.6166666666667,0,6,4,0,1,1,1,1,1,1,1,1,1,1,1,2,3,1,2,3,1,2,3,1,0,0,0,0,0,0,0,0,0,0,Easy,Easy,Easy,Easy,Easy,Easy,Normal,Normal,Normal,Normal,24.0833333333333,24.5,33.0166666666667,5.73333333333333,11.05,4.75,10.7333333333333,31.15,19.45,10.5833333333333,1,0,1,0,0,0,0,1,1,0,11.7333333333333,,16.0833333333333,,,,,14.9833333333333,11.6666666666667,,1,2,1,3,3,3,3,1,1,3,0,0,0,Same,Harder,Same,1,1,0,0,0,0,0,1,0,0,28.6166666666667,9.53888888888889,19.0777777777778
Industri_050,Remote,Laki-laki,29,S1/D4,Jawa,Pekerja,KONDEKTUR,2,Staf,Jarang (3-4 kali dalam sebulan),0,0,0,1,0,0,1,,5,5.44444444444445,5.64285714285714,4.4375,5,6,4.333333333,6,5,4.333333333,4,100,3,13,66.5,5.11538461538462,90,0,,0,0,0,168.116666666667,16.8116666666667,10,0,2,2,0,0,3,0,1,66.6666666666667,0,1,1,20.4333333333333,0,6,3,1,1,1,1,1,1,1,1,1,1,1,1,2,3,1,2,3,1,2,3,1,0,0,0,0,0,0,0,0,0,0,Easy,Easy,Easy,Easy,Easy,Easy,Normal,Normal,Normal,Hard,27.5333333333333,12.95,13.4333333333333,9.1,13.05,6.16666666666667,28.0833333333333,14.4666666666667,7.01666666666667,36.3166666666667,1,0,0,0,0,0,0,0,0,1,14.1,,,,,,,,,26.7666666666667,1,3,3,3,3,3,2,3,3,1,0,0,0,Same,Harder,Harder,1,0,0,0,0,0,1,0,0,1,24.2833333333333,8.09444444444444,16.1888888888889
Industri_051,Remote,Laki-laki,27,S1/D4,Jawa,Pekerja,Staff,3,Staf,Jarang (3-4 kali dalam sebulan),1,0,0,1,0,0,2,5,5.3,4.77777777777778,4.92857142857143,4.5625,5.3,4.4,4.666666667,5.166666667,5.2,4,4.6,90,5,14,50,3.125,70,25.0888888888889,,0,0,0,202.533333333333,20.2533333333333,10,33.3333333333333,7,5,2,0,6,1,1,33.3333333333333,0,3,1,21.0366666666667,0,7,3,0,1,1,1,1,0,1,1,1,1,1,1,2,3,1,2,3,1,2,3,1,0,0,0,0,0,0,0,0,0,0,Easy,Easy,Easy,Normal,Normal,Normal,Easy,Easy,Easy,Easy,33.3,23.8833333333333,25.5,20.1833333333333,45,20.8,6.08333333333333,14.85,4.56666666666667,8.36666666666667,1,0,1,1,1,1,0,0,0,0,22.6333333333333,,18.3833333333333,12.4166666666667,39.0666666666667,12.6833333333333,,,,,1,2,1,1,0,1,3,3,3,3,0,0,0,Harder,Easier,Same,2,0,0,1,3,0,0,0,0,0,117.05,19.5083333333333,78.0333333333333
Industri_052,Remote,Laki-laki,25,D1/D2/D3,Jawa,Pekerja,Calon,2,Supervisor,Jarang (3-4 kali dalam sebulan),1,0,1,1,0,0,3,5,5.9,4.83333333333333,4.92857142857143,5.125,5.9,2.2,5.833333333,5.833333333,5.4,5.333333333,4.6,100,4,14,50,3.57142857142857,50,0,,0,0,0,118.516666666667,11.8516666666667,0,0,5,5,0,0,4,0,2,33.3333333333333,4,1,0,5.21333333333333,0,9,1,0,1,1,1,1,1,1,1,1,1,1,1,2,3,1,2,3,1,2,3,1,0,0,0,0,0,0,0,0,0,0,Easy,Easy,Easy,Easy,Easy,Easy,Easy,Easy,Easy,Normal,20.4666666666667,25.3166666666667,5.65,8.21666666666667,13.7,4.26666666666667,12.7,10.4166666666667,9.3,8.48333333333333,1,1,1,1,0,0,0,0,0,1,11.95,7.4,1.61666666666667,2.76666666666667,,,,,,2.33333333333333,1,1,1,1,3,3,3,3,3,1,0,0,0,Same,Same,Harder,1,1,0,1,0,0,0,0,0,1,27.15,6.7875,18.1
Industri_053,Remote,Laki-laki,27,S1/D4,Luar Jawa,Pekerja,Pengawas Peron,3,Supervisor,Selalu (Setiap Hari),1,0,0,1,0,0,2,,5.2,4.33333333333333,4.35714285714286,4.8125,5.2,3.6,4.166666667,5,5,4.833333333,4.6,70,5,12,36.5,2.43333333333333,100,31.5222222222222,,0,0,0,295.633333333333,29.5633333333333,10,33.3333333333333,2,2,0,33.3333333333333,5,1,1,33.3333333333333,0,0,1,30.4333333333333,6,4,0,0,0,0,1,1,1,1,1,0,1,1,1,2,3,1,2,3,1,2,3,1,0,0,0,0,0,0,0,0,0,0,Easy,Easy,Easy,Very Easy,Very Easy,Very Easy,Very Easy,Very Easy,Very Easy,Easy,45,45,29.6166666666667,10.25,33.2833333333333,39.8333333333333,27.95,45,8.1,11.6,0,1,0,0,0,1,0,0,0,0,,30.8833333333333,,,,29.9833333333333,,,,,0,0,2,3,2,1,2,0,3,3,0,0,0,Easier,Same,Harder,1,1,0,0,1,0,1,1,0,0,71.2666666666667,14.2533333333333,47.5111111111111
Industri_054,Remote,Perempuan,24,D1/D2/D3,Jawa,Pekerja,TEKNISI KERETA API,2,Staf,Tidak Pernah,0,0,0,0,0,1,0,4.75,4.9,4.16666666666667,4.28571428571429,4.4375,4.9,2.6,4.333333333,5.166666667,4.4,4.5,4.4,70,0,7,36.5,3.31818181818182,90,93.1222222222222,,0,1,0,264.266666666667,26.4266666666667,0,33.3333333333333,2,2,0,0,1,0,1,66.6666666666667,0,1,0,28.4416666666667,0,3,3,4,1,1,1,1,1,1,1,0,0,0,1,2,3,1,2,3,1,2,3,1,0,0,0,0,0,0,0,0,0,0,Easy,Easy,Easy,Normal,Normal,Normal,Hard,Hard,Hard,Hard,7.35,24.8666666666667,38.6333333333333,8.45,20.1166666666667,15.1166666666667,14.7333333333333,45,45,45,0,0,0,0,0,0,0,1,1,0,,,,,,,,11.9166666666667,44.9666666666667,,3,2,2,3,2,2,3,0,0,0,0,0,0,Harder,Harder,Same,0,0,0,0,0,0,0,0,0,1,139.683333333333,139.683333333333,93.1222222222222
Industri_055,Remote,Laki-laki,27,D1/D2/D3,Jawa,Pekerja,Petugas Negatif Cek,5,Staf,Sering (3-4 kali dalam seminggu),1,0,0,0,0,0,1,5,4.7,4.22222222222222,4.07142857142857,4.4375,4.7,3.6,3.833333333,5,4,4.666666667,4.6,90,6,15,57.5,3.59375,50,13.1,,0,0,1,178.483333333333,17.8483333333333,10,33.3333333333333,6,6,0,0,6,0,2,33.3333333333333,3,1,1,15.1722222222222,0,6,4,0,1,0,1,1,1,1,1,1,1,1,1,2,3,1,2,3,1,2,3,1,0,1,0,0,0,0,0,0,0,0,Easy,Easy,Easy,Easy,Easy,Easy,Normal,Normal,Normal,Normal,9.38333333333333,43.65,12.7666666666667,33.4333333333333,16.8333333333333,8.78333333333333,11.1166666666667,22.5333333333333,10.7,9.28333333333333,0,1,0,1,0,0,1,1,1,1,,38.6666666666667,,27.2833333333333,,,4.08333333333333,11.3,5.75,3.95,3,0,3,1,2,3,1,1,1,1,0,0,0,Same,Harder,Same,0,1,0,1,1,0,1,1,0,1,62.3666666666667,10.3944444444444,41.5777777777778
Industri_056,Remote,Laki-laki,28,S1/D4,Jawa,Pekerja,Supervisor Administrasi,3,Supervisor,Selalu (Setiap Hari),1,0,1,1,0,0,3,6,5.7,5.33333333333333,5.35714285714286,5,5.7,3.8,5.833333333,6,5.6,5,4.4,90,6,15,91.5,5.71875,100,25.7,,0,0,0,219.283333333333,21.9283333333333,0,0,0,0,0,33.3333333333333,6,0,0,100,0,0,0,,0,3,3,4,1,1,1,1,1,1,1,0,1,1,1,2,3,1,2,3,1,2,3,1,0,0,0,0,0,0,0,0,0,0,Easy,Easy,Easy,Normal,Normal,Normal,Hard,Hard,Hard,Hard,18.3333333333333,20.1833333333333,13.75,19.45,31.65,16.0833333333333,23.25,45,24,7.58333333333333,0,0,0,0,0,0,0,0,0,0,,,,,,,,,,,2,2,3,2,2,2,2,0,2,3,0,0,0,Harder,Harder,Harder,1,1,0,1,1,0,1,1,0,0,97.9833333333333,16.3305555555556,65.3222222222222
Industri_057,Remote,Perempuan,25,D1/D2/D3,Luar Jawa,Pekerja,Pelaksana Perawatan Lokomotif (adm),2,Staf,Tidak Pernah,0,0,0,0,1,1,1,4.25,4.3,4.11111111111111,4.28571428571429,4.625,4.3,2.8,4.333333333,4.833333333,4,4.666666667,5.2,100,6,16,87.5,5.14705882352941,100,0,,0,0,0,201.033333333333,20.1033333333333,0,0,0,0,0,0,7,0,1,66.6666666666667,0,0,0,,0,6,3,1,1,1,1,1,1,1,1,1,1,1,1,2,3,1,2,3,1,2,3,1,0,0,0,0,0,0,0,0,0,0,Easy,Easy,Easy,Easy,Easy,Easy,Normal,Normal,Normal,Hard,9.73333333333333,22.1833333333333,21.7,14.9333333333333,20.55,14.1666666666667,43.7166666666667,17.45,16.0666666666667,20.5333333333333,0,0,0,0,0,0,0,0,0,0,,,,,,,,,,,3,2,2,3,2,3,2,2,2,2,0,0,0,Same,Harder,Harder,0,1,0,0,1,0,1,1,0,3,93.9333333333333,13.4190476190476,62.6222222222222
Industri_058,Remote,Perempuan,27,D1/D2/D3,Jawa,Pekerja,Pelaksana perawatan lokomorif dan krd,2,Staf,Jarang (3-4 kali dalam sebulan),0,0,0,0,1,0,1,4,4.6,4.94444444444445,5.14285714285714,3.875,4.6,3.2,5.5,5.666666667,3.6,4.166666667,3.8,100,3,13,72,5.53846153846154,100,0,,0,0,0,127.633333333333,12.7633333333333,0,0,0,0,0,0,3,0,1,66.6666666666667,0,0,0,,0,6,3,1,1,1,1,1,1,1,1,1,1,1,1,2,3,1,2,3,1,2,3,1,0,0,0,0,0,0,0,0,0,0,Easy,Easy,Easy,Easy,Easy,Easy,Normal,Normal,Normal,Hard,9.95,43.7333333333333,4.1,9.13333333333333,11.2833333333333,3.51666666666667,9.7,16.05,4.36666666666667,15.8,0,0,0,0,0,0,0,0,0,0,,,,,,,,,,,3,2,3,3,3,3,3,2,3,2,0,0,0,Same,Harder,Harder,0,1,0,0,0,0,0,1,0,1,31.05,10.35,20.7
Industri_059,Remote,Laki-laki,26,D1/D2/D3,Luar Jawa,Pekerja,Pelaksana,2,Staf,Sering (3-4 kali dalam seminggu),0,0,0,1,0,0,1,5,5,4.61111111111111,4.85714285714286,4.8125,5,4.2,4,5.5,5,4.5,5,70,2,9,33,2.75,70,77.7222222222222,,0,0,0,222.2,22.22,10,100,5,5,0,0,2,0,3,0,2,1,0,19.37,0,10,0,0,1,0,1,1,0,1,1,0,1,1,1,2,3,1,2,3,1,2,3,1,0,0,0,0,0,0,0,0,0,0,Easy,Easy,Easy,Easy,Easy,Easy,Easy,Easy,Easy,Easy,40.9333333333333,45,10.4333333333333,8.48333333333333,45,6.2,8.06666666666667,45,4.46666666666667,8.61666666666667,1,1,1,0,1,0,0,1,0,0,30.4666666666667,35.5333333333333,6.05,,7.73333333333333,,,17.0666666666667,,,1,0,1,3,0,3,3,0,3,3,0,0,0,Same,Same,Same,1,1,0,0,0,0,0,0,0,0,123.016666666667,61.5083333333333,82.0111111111111
Industri_060,Remote,Laki-laki,25,S1/D4,Jawa,Pekerja,CALON PENGATUR PERJALANAN KERETA API,2,Staf,Jarang (3-4 kali dalam sebulan),1,0,0,0,0,0,1,5.75,5.7,5.5,5.71428571428571,5.25,5.7,5.4,5,6,5.6,5.166666667,5,90,5,14,62.5,4.16666666666667,70,29.1111111111111,,0,4,0,232.15,23.215,0,0,5,4,1,0,5,0,1,66.6666666666667,0,2,1,22.825,0,6,3,1,1,1,1,1,1,1,1,1,1,0,1,2,3,1,2,3,1,2,3,1,0,0,0,0,0,0,0,0,0,0,Easy,Easy,Easy,Easy,Easy,Easy,Normal,Normal,Normal,Hard,41.35,38.4166666666667,26.9333333333333,6.56666666666667,11.1666666666667,3.31666666666667,8.21666666666667,24.75,26.4333333333333,45,1,0,1,0,0,0,0,0,1,1,20.15,,14.7333333333333,,,,,,16.2166666666667,40.2,1,2,1,3,3,3,3,2,1,0,0,0,0,Same,Harder,Harder,1,1,0,0,0,0,0,1,0,2,84.1,16.82,56.0666666666667
Industri_061,Remote,Laki-laki,25,D1/D2/D3,Jawa,Pekerja,KONDEKTUR,4,Staf,Sering (3-4 kali dalam seminggu),1,0,0,0,0,0,1,5.75,5,4.55555555555556,4.42857142857143,4.6875,5,2.4,5,5.666666667,4.8,5,4.2,100,5,15,51.5,3.43333333333333,50,0,,0,0,0,126.4,12.64,10,0,6,6,0,0,5,0,2,33.3333333333333,5,0,1,6.38611111111111,0,9,1,0,1,1,1,1,1,1,1,1,1,1,1,2,3,1,2,3,1,2,3,1,0,0,0,0,0,0,0,0,0,0,Easy,Easy,Easy,Easy,Easy,Easy,Easy,Easy,Easy,Normal,39.4166666666667,24.0666666666667,6.56666666666667,6.73333333333333,11.9666666666667,3.83333333333333,8.08333333333333,9.6,4.78333333333333,11.35,1,1,1,1,1,0,0,0,0,1,28.4333333333333,1.36666666666667,2.28333333333333,1.46666666666667,1.7,,,,,3.06666666666667,1,1,1,1,1,3,3,3,3,1,0,0,0,Same,Same,Harder,1,1,0,1,1,0,0,0,0,1,40.6833333333333,8.13666666666667,27.1222222222222
Industri_062,Remote,Laki-laki,28,D1/D2/D3,Jawa,Pekerja,Pelaksana Safety Risk Management and Monitoring,3,Staf,Selalu (Setiap Hari),1,0,0,0,0,0,1,5.5,5.8,4.94444444444445,5.14285714285714,4.9375,5.8,5,4,5.666666667,5.4,4.666666667,4.8,90,3,12,38,2.92307692307692,90,0,,0,0,1,120.016666666667,12.0016666666667,0,33.3333333333333,0,0,0,0,3,3,0,0,0,0,0,,7,3,0,0,1,1,0,1,1,1,1,1,1,1,1,2,3,1,2,3,1,2,3,1,0,0,1,0,0,0,0,0,0,0,Easy,Easy,Easy,Very Easy,Very Easy,Very Easy,Very Easy,Very Easy,Very Easy,Very Easy,21.95,17.0833333333333,20.3666666666667,7.5,21.7833333333333,4.31666666666667,6.38333333333333,9.2,5.08333333333333,6.35,0,0,0,0,0,0,0,0,0,0,,,,,,,,,,,2,2,0,3,2,3,3,3,3,3,0,0,0,Easier,Easier,Easier,1,1,0,0,1,0,0,0,0,0,27.6833333333333,9.22777777777778,18.4555555555556
Industri_063,Remote,Laki-laki,25,S1/D4,Jawa,Pekerja,Staf Operasi,2,Staf,Jarang (3-4 kali dalam sebulan),1,0,0,0,0,0,1,5,5.6,4.5,4.78571428571429,3.5625,5.6,4,4,5.333333333,4.8,3.166666667,2.8,100,6,16,57,3.5625,80,0,,0,0,0,201.2,20.12,0,0,2,2,0,0,6,0,3,0,2,0,0,7.54166666666667,0,10,0,0,1,1,1,1,1,1,1,1,1,1,1,2,3,1,2,3,1,2,3,1,0,0,0,0,0,0,0,0,0,0,Easy,Easy,Easy,Easy,Easy,Easy,Easy,Easy,Easy,Easy,36.1166666666667,43.8166666666667,15.6,25.2166666666667,18.2666666666667,15.3166666666667,21.0166666666667,16.75,4.53333333333333,4.56666666666667,1,0,0,1,0,0,0,0,0,0,9.93333333333333,,,5.15,,,,,,,1,2,2,1,2,2,2,2,3,3,0,0,0,Same,Same,Same,1,1,0,1,1,0,1,1,0,0,69.9333333333333,11.6555555555556,46.6222222222222
Industri_065,Remote,Perempuan,24,S1/D4,Jawa,Pekerja,Safety Officer,1,Staf,Jarang (3-4 kali dalam sebulan),0,0,0,0,0,1,0,6,6,5.16666666666667,5.64285714285714,5.6875,6,5,4.333333333,6,6,5.5,5.6,60,1,7,34.5,2.875,60,30.9555555555556,,0,2,4,329.75,32.975,0,0,2,1,1,33.3333333333333,2,0,0,100,0,0,0,45.75,0,3,3,4,1,1,1,1,1,1,0,0,0,0,1,2,3,1,2,3,1,2,3,1,0,0,0,0,0,0,1,1,1,1,Easy,Easy,Easy,Normal,Normal,Normal,Hard,Hard,Hard,Hard,27.7833333333333,41.6,5,23.4,43.4166666666667,15.1666666666667,31.7666666666667,49.1,32.7333333333333,59.7833333333333,0,0,0,0,0,0,0,0,0,1,,,,,,,,,,45.75,2,2,3,2,2,2,0,0,0,0,0,0,0,Harder,Harder,Harder,0,0,0,0,0,0,1,1,0,0,46.4333333333333,23.2166666666667,30.9555555555556
Industri_066,Remote,Laki-laki,28,D1/D2/D3,Jawa,Pekerja,staff,5,Staf,Selalu (Setiap Hari),1,0,0,0,0,0,1,,4.6,4.83333333333333,4.92857142857143,4.375,4.6,3.8,4.333333333,6,5,4.166666667,4,90,5,14,80.5,5.36666666666667,60,0,,0,0,0,205.45,20.545,0,33.3333333333333,5,5,0,0,5,0,1,66.6666666666667,1,3,1,15.87,0,3,3,4,1,1,1,1,1,1,1,1,0,1,1,2,3,1,2,3,1,2,3,1,0,0,0,0,0,0,0,0,0,0,Easy,Easy,Easy,Normal,Normal,Normal,Hard,Hard,Hard,Hard,8.36666666666667,17.1333333333333,8.43333333333333,18.1833333333333,43.2666666666667,11.8666666666667,21.2666666666667,26.0833333333333,45,5.85,0,0,0,0,1,1,1,1,1,0,,,,,19.0166666666667,5.8,12.1666666666667,17.1,25.2666666666667,,3,2,3,2,1,1,1,1,0,3,0,0,0,Harder,Harder,Same,0,1,0,1,1,0,1,1,0,0,59.7333333333333,11.9466666666667,39.8222222222222
Industri_067,Remote,Laki-laki,28,D1/D2/D3,Jawa,Pekerja,PELAKSANA,4,Staf,Jarang (3-4 kali dalam sebulan),0,0,0,0,1,0,1,5,5.7,4.94444444444445,5.07142857142857,5.0625,5.7,4.2,4.333333333,6,5,5,5.2,90,5,14,57,3.8,80,8.6,,0,0,0,230.166666666667,23.0166666666667,0,33.3333333333333,3,3,0,0,5,0,2,33.3333333333333,0,2,1,21.8888888888889,0,6,4,0,1,1,1,1,1,1,1,0,1,1,1,2,3,1,2,3,1,2,3,1,0,0,0,0,0,0,0,0,0,0,Easy,Easy,Easy,Easy,Easy,Easy,Normal,Normal,Normal,Normal,25.5666666666667,34.4333333333333,22.3666666666667,27.6,11.5833333333333,6.61666666666667,19.4833333333333,45,25.5833333333333,11.9333333333333,0,0,0,1,0,0,0,1,1,0,,,,19.4,,,,29.6333333333333,16.6333333333333,,2,2,2,1,3,3,2,0,1,3,0,0,0,Same,Harder,Same,1,1,0,1,0,0,1,1,0,0,40.45,8.09,26.9666666666667
Industri_068,Remote,Laki-laki,24,D1/D2/D3,Luar Jawa,Pekerja,Pelaksana,2,Staf,Jarang (3-4 kali dalam sebulan),0,0,0,0,0,1,0,5,5.1,5.38888888888889,5.5,4.1875,5.1,4.6,5.5,5.833333333,4.8,4.333333333,3.4,90,4,13,52,3.71428571428571,80,10.2222222222222,,0,0,0,201.766666666667,20.1766666666667,10,33.3333333333333,4,4,0,0,4,1,1,33.3333333333333,1,1,1,24.4,0,7,3,0,1,1,1,1,1,1,1,0,1,1,1,2,3,1,2,3,1,2,3,1,0,0,0,0,0,0,0,0,0,0,Easy,Easy,Easy,Easy,Easy,Easy,Normal,Normal,Normal,Easy,44.6166666666667,26.65,6.31666666666667,10.6833333333333,11.4666666666667,3.76666666666667,27.6666666666667,45,17.8166666666667,7.78333333333333,1,0,0,0,0,0,1,1,1,0,29.4833333333333,,,,,,19.7166666666667,39.7,8.7,,1,2,3,3,3,3,1,0,1,3,0,0,0,Same,Harder,Easier,1,1,0,0,0,0,1,1,0,0,40.6666666666667,10.1666666666667,27.1111111111111
Industri_069,Remote,Laki-laki,25,S1/D4,Jawa,Pekerja,Pelaksana Workshop Quality Control,2,Staf,Sering (3-4 kali dalam seminggu),0,0,0,1,1,0,2,4.5,4.9,4.83333333333333,5,4.5625,4.9,4.4,4.833333333,5.166666667,4.6,4.666666667,4.4,100,4,14,51.5,3.67857142857143,80,0,,0,0,0,159.966666666667,15.9966666666667,20,0,4,4,0,0,4,0,2,33.3333333333333,0,2,2,19.4666666666667,0,9,1,0,1,1,1,1,1,1,1,1,1,1,1,2,3,1,2,3,1,2,3,1,0,0,0,0,0,0,0,0,0,0,Easy,Easy,Easy,Easy,Easy,Easy,Easy,Easy,Easy,Normal,21.4833333333333,22.1333333333333,19.9166666666667,29.0666666666667,9.91666666666667,3.95,4.68333333333333,9.35,3.36666666666667,36.1,1,0,1,1,0,0,0,0,0,1,17.7166666666667,,10.9333333333333,23.7666666666667,,,,,,25.45,1,2,1,1,3,3,3,3,3,1,0,0,0,Same,Same,Harder,1,1,0,1,0,0,0,0,0,1,30.2333333333333,7.55833333333333,20.1555555555556
Industri_070,Remote,Laki-laki,22,S1/D4,Luar Jawa,Pekerja,Pelaksana Humasda,1,Staf,Sering (3-4 kali dalam seminggu),0,0,0,0,1,0,1,6,5.2,5.61111111111111,5.85714285714286,5.625,5.2,5.6,5.166666667,6,6,6,4.8,90,6,15,64.5,4.03125,80,8.27777777777778,,0,0,0,252.4,25.24,30,33.3333333333333,6,6,0,0,6,0,1,66.6666666666667,0,2,3,23.1833333333333,0,6,3,1,1,0,1,1,1,1,1,1,1,1,1,2,3,1,2,3,1,2,3,1,0,0,0,0,0,0,0,0,0,0,Easy,Easy,Easy,Easy,Easy,Easy,Normal,Normal,Normal,Hard,35.9,45,30.4666666666667,9.86666666666667,17.8833333333333,4.56666666666667,18.5833333333333,36.3333333333333,23.7833333333333,30.0166666666667,1,1,1,0,0,0,0,1,1,1,26.0666666666667,32.1833333333333,24.7666666666667,,,,,19.9666666666667,13.7333333333333,22.3833333333333,1,0,1,3,2,3,2,1,1,1,0,0,0,Same,Harder,Harder,1,1,0,0,1,0,1,1,0,1,84.2,14.0333333333333,56.1333333333333
Industri_072,Remote,Perempuan,28,D1/D2/D3,Jawa,Pekerja,Pelaksana Poskes/Posrikes Stasiun Lempuyangan,6,Staf,Jarang (3-4 kali dalam sebulan),0,0,0,0,1,0,1,4.5,4.8,4.44444444444445,4.64285714285714,3.6875,4.8,3.6,4.166666667,5.333333333,4.4,3.5,3.2,80,4,12,37,2.64285714285714,100,13.7111111111111,,0,0,0,201.133333333333,20.1133333333333,0,33.3333333333333,0,0,0,0,4,2,1,0,0,0,0,,7,3,0,0,0,0,1,1,1,1,1,1,1,1,1,2,3,1,2,3,1,2,3,1,0,0,0,0,0,0,0,0,0,0,Easy,Easy,Easy,Very Easy,Very Easy,Very Easy,Very Easy,Very Easy,Very Easy,Very Easy,45,45,19.9833333333333,16.6333333333333,31.4333333333333,10.7333333333333,11.35,7.93333333333333,4.86666666666667,8.2,0,0,0,0,0,0,0,0,0,0,,,,,,,,,,,0,0,2,2,2,3,3,3,3,3,0,0,0,Easier,Easier,Same,1,1,0,1,1,0,0,0,0,0,40.5666666666667,10.1416666666667,27.0444444444444
Industri_073,Remote,Laki-laki,25,S1/D4,Jawa,Pekerja,Rollingstock Maintenance Technician,2,Staf,Sering (3-4 kali dalam seminggu),1,1,0,0,0,0,2,5,5.1,5.38888888888889,5.42857142857143,4.625,5.1,4.4,5.666666667,5.833333333,4.6,4.666666667,4.6,60,6,12,48,3,40,34.5,,0,0,4,213.233333333333,21.3233333333333,0,66.6666666666667,3,2,1,0,6,0,2,33.3333333333333,1,1,0,10.1833333333333,0,6,4,0,0,1,0,1,1,1,1,0,0,1,1,2,3,1,2,3,1,2,3,1,1,0,1,0,0,0,0,1,1,0,Easy,Easy,Easy,Easy,Easy,Easy,Normal,Normal,Normal,Normal,26.6666666666667,39.85,17.2,16.7166666666667,12.6,16.65,44.2833333333333,14.0833333333333,14.5833333333333,10.6,0,0,0,1,0,1,0,0,0,0,,,,7.98333333333333,,12.3833333333333,,,,,0,2,0,1,3,1,2,0,0,3,0,0,0,Same,Harder,Same,1,1,0,1,0,0,1,2,0,0,85.4833333333333,14.2472222222222,56.9888888888889
Industri_074,Remote,Laki-laki,28,S1/D4,Luar Jawa,Pekerja,teknisi jalan rel,2,Staf,Sering (3-4 kali dalam seminggu),1,0,0,0,0,0,1,4,4.5,4.27777777777778,4.35714285714286,4.0625,4.5,3.2,4.333333333,5,4.4,4.333333333,3.4,90,6,15,51,2.83333333333333,40,0,,0,0,0,254.983333333333,25.4983333333333,30,33.3333333333333,12,10,2,0,8,1,0,66.6666666666667,5,0,4,15.21,0,3,4,3,1,1,1,1,1,1,1,1,0,1,1,2,3,1,2,3,1,2,3,1,0,0,0,0,0,0,0,0,0,0,Easy,Easy,Easy,Normal,Normal,Normal,Hard,Hard,Hard,Normal,31.65,26.0166666666667,8.13333333333333,15.5333333333333,38.65,13.1333333333333,31.9833333333333,31,45,13.8833333333333,1,1,1,1,1,1,1,1,1,1,24.45,2.5,4.38333333333333,3.5,21.7666666666667,9.2,22.4333333333333,24.35,36.0333333333333,3.48333333333333,1,1,1,1,1,1,1,1,0,1,0,0,0,Harder,Harder,Easier,2,1,0,1,3,0,1,0,0,0,76.8333333333333,9.60416666666667,51.2222222222222
Industri_075,Remote,Laki-laki,27,D1/D2/D3,Jawa,Pekerja,Supervisor UPT Resor Jalan Rel 1.19 Sukabumi,3,Supervisor,Tidak Pernah,0,0,0,1,0,0,1,6,4.5,4.61111111111111,4.92857142857143,4.125,4.5,4,3.5,6,5,2.666666667,5,90,2,11,39.5,3.29166666666667,90,22.7,,0,0,0,220.45,22.045,20,0,4,3,1,33.3333333333333,2,0,1,66.6666666666667,0,1,2,22.3722222222222,0,6,3,1,1,1,1,1,1,1,1,0,1,1,1,2,3,1,2,3,1,2,3,1,0,0,0,0,0,0,0,0,0,0,Easy,Easy,Easy,Easy,Easy,Easy,Normal,Normal,Normal,Hard,24.6,30.3333333333333,20.85,7.03333333333333,11.5333333333333,11.1666666666667,9.88333333333333,45,28.9833333333333,31.0666666666667,1,0,0,0,0,0,0,0,1,1,16.45,,,,,,,,25.5333333333333,25.1333333333333,1,2,2,3,3,3,3,0,1,1,0,0,0,Same,Harder,Harder,1,0,0,0,0,0,0,1,0,0,40.8333333333333,20.4166666666667,27.2222222222222
Industri_076,Remote,Laki-laki,24,D1/D2/D3,Jawa,Pekerja,Staf,3,Staf,Sering (3-4 kali dalam seminggu),1,0,1,0,0,0,2,5.5,4.8,4.72222222222222,5.14285714285714,4.0625,4.8,4.2,4.166666667,5.5,3.8,4.666666667,3.6,90,4,13,53.5,3.82142857142857,100,7.85555555555556,,0,0,0,230.1,23.01,10,33.3333333333333,2,2,0,0,4,0,2,33.3333333333333,0,0,2,25.9916666666667,0,9,1,0,1,0,1,1,1,1,1,1,1,1,1,2,3,1,2,3,1,2,3,1,0,0,0,0,0,0,0,0,0,0,Easy,Easy,Easy,Easy,Easy,Easy,Easy,Easy,Easy,Normal,39.2166666666667,45,38.1166666666667,10.0333333333333,31.5666666666667,6.98333333333333,8.36666666666667,14.8833333333333,3.76666666666667,32.1666666666667,1,1,0,0,0,0,0,0,0,0,25.3,26.6833333333333,,,,,,,,,1,0,2,3,2,3,3,3,3,2,0,0,0,Same,Same,Harder,1,1,0,0,1,0,0,0,0,1,42.6833333333333,10.6708333333333,28.4555555555556
Industri_077,Remote,Laki-laki,25,S1/D4,Jawa,Pekerja,Teknisi,3,Staf,Sering (3-4 kali dalam seminggu),1,0,0,1,1,0,3,5.5,5.3,5,5,4.1875,5.3,4.4,5.5,5,4.8,4.333333333,3.4,80,5,13,54.5,3.63333333333333,90,27.7222222222222,,0,0,0,210.233333333333,21.0233333333333,0,66.6666666666667,1,1,0,0,5,1,1,33.3333333333333,1,0,0,4.68333333333333,0,7,3,0,1,0,1,1,1,1,1,0,1,1,1,2,3,1,2,3,1,2,3,1,0,0,0,0,0,0,0,0,0,0,Easy,Easy,Easy,Easy,Easy,Easy,Normal,Normal,Normal,Easy,19.8833333333333,45,13.2666666666667,9.8,18.6833333333333,7.3,26.8166666666667,45,15.4166666666667,9.06666666666667,0,0,1,0,0,0,0,0,0,0,,,4.68333333333333,,,,,,,,2,0,1,3,2,3,2,0,2,3,0,0,0,Same,Harder,Easier,1,1,0,0,1,0,1,1,0,0,71.5666666666667,14.3133333333333,47.7111111111111
Industri_078,Remote,Laki-laki,27,S1/D4,Jawa,Pekerja,Pelaksana Maintenance Standard,3,Staf,Jarang (3-4 kali dalam sebulan),0,0,0,1,0,0,1,4.5,4.6,4.77777777777778,5,4.5,4.6,2.6,6,5.166666667,4,5,4.4,100,3,13,58.5,4.5,100,0,,0,0,0,164.783333333333,16.4783333333333,0,0,0,0,0,0,3,1,1,33.3333333333333,0,0,0,,0,7,3,0,1,1,1,1,1,1,1,1,1,1,1,2,3,1,2,3,1,2,3,1,0,0,0,0,0,0,0,0,0,0,Easy,Easy,Easy,Easy,Easy,Easy,Normal,Normal,Normal,Easy,14.2833333333333,34.9166666666667,8.41666666666667,7.7,12.5833333333333,3.56666666666667,24.5333333333333,27.0166666666667,16.9833333333333,14.7833333333333,0,0,0,0,0,0,0,0,0,0,,,,,,,,,,,3,2,3,3,3,3,2,2,2,3,0,0,0,Same,Harder,Easier,0,1,0,0,0,0,1,1,0,0,34.9333333333333,11.6444444444445,23.2888888888889
Industri_079,Remote,Laki-laki,26,D1/D2/D3,Jawa,Pekerja,Staff,2,Staf,Selalu (Setiap Hari),1,0,1,1,0,0,3,6,5.3,5.38888888888889,5.5,4.8125,5.3,5,5,6,5.4,4.333333333,4.8,80,,8,31,3.1,90,0,,0,0,1,220.766666666667,22.0766666666667,20,33.3333333333333,3,3,0,0,0,0,1,66.6666666666667,0,0,1,33.1611111111111,0,6,3,1,0,1,1,1,1,1,1,1,1,0,1,2,3,1,2,3,1,2,3,1,0,0,0,0,0,0,0,0,0,1,Easy,Easy,Easy,Easy,Easy,Easy,Normal,Normal,Normal,Hard,45,19.4333333333333,11.2833333333333,8.93333333333333,14.15,4.95,36.75,44.9666666666667,8.36666666666667,26.9333333333333,1,0,0,0,0,0,1,1,0,0,38.95,,,,,,29.95,30.5833333333333,,,0,2,3,3,3,3,1,1,3,0,0,0,0,Same,Harder,Harder,0,0,0,0,0,0,0,0,0,0,0,,0
Industri_080,Remote,Laki-laki,29,D1/D2/D3,Jawa,Pekerja,Pelaksana,2,Staf,Sering (3-4 kali dalam seminggu),0,0,0,1,0,0,1,5,5,4.66666666666667,4.85714285714286,4.875,5,3.8,4.833333333,5.166666667,5,4.833333333,4.8,60,0,6,25.5,2.31818181818182,100,86.2555555555556,,0,0,0,254.9,25.49,0,66.6666666666667,3,2,1,33.3333333333333,1,1,1,33.3333333333333,0,0,1,29.675,0,7,3,0,1,0,1,1,0,1,1,0,0,1,1,2,3,1,2,3,1,2,3,1,0,0,0,0,0,0,0,0,0,0,Easy,Easy,Easy,Easy,Easy,Easy,Normal,Normal,Normal,Easy,17.7333333333333,45,7.51666666666667,11.7166666666667,45,6.41666666666667,14.4,45,45,17.1166666666667,0,1,0,0,0,0,0,0,1,0,,28.4666666666667,,,,,,,30.8833333333333,,2,0,3,3,0,3,3,0,0,2,0,0,0,Same,Harder,Easier,0,1,0,0,0,0,0,0,0,0,129.383333333333,129.383333333333,86.2555555555556
Industri_081,Remote,Laki-laki,27,D1/D2/D3,Luar Jawa,Pekerja,"TEKNISI LOKOMOTIF, KRD DAN GENSET",2,Staf,Jarang (3-4 kali dalam sebulan),0,0,0,1,0,0,1,4.5,4.7,4.05555555555556,4.14285714285714,3.75,4.7,2.8,4.5,4.5,4.4,3.5,3.4,80,2,10,45,3.75,100,17.1555555555556,,0,0,0,158.266666666667,15.8266666666667,0,66.6666666666667,0,0,0,0,2,0,3,0,0,0,0,,0,10,0,0,1,0,1,1,0,1,1,1,1,1,1,2,3,1,2,3,1,2,3,1,0,0,0,0,0,0,0,0,0,0,Easy,Easy,Easy,Easy,Easy,Easy,Easy,Easy,Easy,Easy,11.3,45,8.31666666666667,7.68333333333333,45,3.8,9.81666666666667,15,4.25,8.1,0,0,0,0,0,0,0,0,0,0,,,,,,,,,,,3,0,3,3,0,3,3,3,3,3,0,0,0,Same,Same,Same,0,1,0,0,1,0,0,0,0,0,25.7333333333333,12.8666666666667,17.1555555555556
Industri_082,Remote,Laki-laki,27,S1/D4,Jawa,Pekerja,Specialist of Learning Planning and Monitoring,2,Supervisor,Jarang (3-4 kali dalam sebulan),1,0,0,0,0,0,1,5.5,5.2,5.16666666666667,5.35714285714286,3.375,5.2,5.2,4.166666667,6,5.8,2.166666667,2.4,80,6,14,76,4.75,50,3.82222222222222,,0,0,0,284.5,28.45,20,0,8,8,0,66.6666666666667,6,0,0,100,2,2,3,17.91875,0,3,3,4,0,1,1,1,1,1,1,1,0,1,1,2,3,1,2,3,1,2,3,1,0,0,0,0,0,0,0,0,0,0,Easy,Easy,Easy,Normal,Normal,Normal,Hard,Hard,Hard,Hard,45,32.2666666666667,23.2833333333333,21.25,25.9833333333333,18.5833333333333,29.6,34.9,45,8.63333333333333,1,1,1,0,1,1,1,1,1,0,20.2166666666667,4.3,12.1833333333333,,6.85,11.55,24.2166666666667,22.85,41.1833333333333,,0,1,1,2,1,1,1,1,0,3,0,0,0,Harder,Harder,Harder,1,1,0,1,1,0,1,1,0,0,50.15,8.35833333333333,33.4333333333333
Industri_083,Remote,Perempuan,28,S1/D4,Jawa,Pekerja,Pelaksana Perjalanan Kereta Api,4,Staf,Tidak Pernah,0,0,0,0,0,1,0,5.5,5.2,5.22222222222222,5.35714285714286,4.5625,5.2,3.6,5.666666667,6,4.8,4.666666667,4.2,100,,10,25.5,2.55,40,0,,0,0,0,167.033333333333,16.7033333333333,10,0,7,7,0,0,0,1,1,33.3333333333333,6,0,1,8.00476190476191,0,7,3,0,1,1,1,1,1,1,1,1,1,1,1,2,3,1,2,3,1,2,3,1,0,0,0,0,0,0,0,0,0,0,Easy,Easy,Easy,Easy,Easy,Easy,Normal,Normal,Normal,Easy,34.9833333333333,43.3166666666667,5.93333333333333,8.53333333333333,11.4666666666667,5.63333333333333,13.0333333333333,20.4666666666667,14.7166666666667,8.95,1,1,0,1,0,0,1,1,1,1,26.0666666666667,8.78333333333333,,2.41666666666667,,,1.98333333333333,5.2,9.43333333333333,2.15,1,1,3,1,3,3,1,1,1,1,0,0,0,Same,Harder,Easier,0,0,0,0,0,0,0,0,0,0,0,,0
Industri_084,Remote,Laki-laki,26,S1/D4,Luar Jawa,Pekerja,Staff/Pelaksana,4,Staf,Jarang (3-4 kali dalam sebulan),0,0,1,0,1,0,2,6,6,5.44444444444445,5.64285714285714,5.6875,6,6,4.333333333,6,6,5.166666667,6,100,6,16,83.5,5.21875,20,0,,0,0,0,216.533333333333,21.6533333333333,0,0,8,8,0,0,6,0,0,100,7,1,0,6.09583333333333,0,3,3,4,1,1,1,1,1,1,1,1,1,1,1,2,3,1,2,3,1,2,3,1,0,0,0,0,0,0,0,0,0,0,Easy,Easy,Easy,Normal,Normal,Normal,Hard,Hard,Hard,Hard,39.9333333333333,28.75,9.35,21.25,24.75,16.5666666666667,10.5833333333333,21.2166666666667,16.6333333333333,27.5,1,1,1,1,1,1,0,0,1,1,7,2.56666666666667,1.61666666666667,4.16666666666667,3.18333333333333,7.06666666666667,,,6.78333333333333,16.3833333333333,1,1,1,1,1,1,3,2,1,1,0,0,0,Harder,Harder,Harder,1,1,0,1,1,0,0,1,0,1,63.7333333333333,10.6222222222222,42.4888888888889
Industri_085,Remote,Perempuan,25,S1/D4,Luar Jawa,Pekerja,Environmental Development,2,Staf,Tidak Pernah,0,0,0,0,0,1,0,5.5,5.8,5.61111111111111,5.5,5,5.8,5.6,5.166666667,6,5.6,4.166666667,5.4,40,4,8,33,2.0625,90,79.5222222222222,,0,0,1,305.816666666667,30.5816666666667,0,66.6666666666667,1,1,0,33.3333333333333,6,1,1,33.3333333333333,0,0,1,27.0166666666667,3,7,0,0,0,0,0,1,0,1,0,0,1,1,1,2,3,1,2,3,1,2,3,1,0,0,0,0,0,0,1,0,0,0,Easy,Easy,Easy,Very Easy,Very Easy,Very Easy,Easy,Easy,Easy,Easy,45,45,45,12.2833333333333,45,7.55,28.1,61.9,8.98333333333333,7,0,1,0,0,0,0,0,0,0,0,,27.0166666666667,,,,,,,,,0,0,0,3,0,3,0,0,3,3,0,0,0,Easier,Harder,Same,1,1,0,0,2,0,1,1,0,0,119.283333333333,19.8805555555556,79.5222222222222
Industri_086,Remote,Laki-laki,28,D1/D2/D3,Jawa,Pekerja,PELAKSANA,2,Staf,Jarang (3-4 kali dalam sebulan),1,0,0,0,0,0,1,6,5.5,5.44444444444445,5.64285714285714,5.375,5.5,6,4.333333333,6,6,6,4,80,5,13,53.5,3.56666666666667,90,5.11111111111111,,0,0,1,251.2,25.12,10,33.3333333333333,1,1,0,0,5,0,2,33.3333333333333,0,0,0,35.8833333333333,0,9,1,0,0,1,0,1,1,1,1,1,1,1,1,2,3,1,2,3,1,2,3,1,0,0,1,0,0,0,0,0,0,0,Easy,Easy,Easy,Easy,Easy,Easy,Easy,Easy,Easy,Normal,45,28.0166666666667,39.0333333333333,44.35,17.4666666666667,9.95,12.5166666666667,11.25,4.11666666666667,39.5,0,0,0,1,0,0,0,0,0,0,,,,35.8833333333333,,,,,,,0,2,0,1,2,3,3,3,3,2,0,0,0,Same,Same,Harder,1,1,0,1,1,0,0,0,0,1,58.0333333333333,11.6066666666667,38.6888888888889
Industri_087,Remote,Laki-laki,24,S1/D4,Jawa,Pekerja,Pelaksana,2,Staf,Jarang (3-4 kali dalam sebulan),1,0,0,1,0,0,2,4.75,5.1,6,6,5.5625,5.1,6,6,6,6,5.333333333,5.4,90,5,14,63.5,4.23333333333333,90,14.5888888888889,,0,0,0,202.666666666667,20.2666666666667,20,0,4,3,1,33.3333333333333,5,0,1,66.6666666666667,0,1,1,23.6944444444444,0,6,3,1,1,1,1,1,1,1,1,0,1,1,1,2,3,1,2,3,1,2,3,1,0,0,0,0,0,0,0,0,0,0,Easy,Easy,Easy,Easy,Easy,Easy,Normal,Normal,Normal,Hard,22.9166666666667,26.7333333333333,4.63333333333333,6.68333333333333,11.6,4.73333333333333,12.9,45,29.3166666666667,38.15,1,0,0,0,0,0,0,0,1,1,14.1166666666667,,,,,,,,25.9666666666667,31,1,2,3,3,3,3,3,0,1,1,0,0,0,Same,Harder,Harder,1,1,0,0,0,0,0,2,0,1,55.05,11.01,36.7
Industri_089,Remote,Laki-laki,25,D1/D2/D3,Jawa,Pekerja,Teknisi,3,Staf,Sering (3-4 kali dalam seminggu),0,0,1,0,1,0,2,5.5,5.2,5.16666666666667,5.28571428571429,5.1875,5.2,4.6,5.5,5.333333333,5.6,4.666666667,5.4,100,3,13,62,4.76923076923077,80,0,,0,0,0,160.566666666667,16.0566666666667,10,0,3,3,0,0,3,0,1,66.6666666666667,1,1,1,16.5,0,6,3,1,1,1,1,1,1,1,1,1,1,1,1,2,3,1,2,3,1,2,3,1,0,0,0,0,0,0,0,0,0,0,Easy,Easy,Easy,Easy,Easy,Easy,Normal,Normal,Normal,Hard,12.2833333333333,12,10.7,21.1,11.2166666666667,3.11666666666667,10.2333333333333,40.7166666666667,10.1333333333333,29.0666666666667,0,0,0,0,0,0,0,1,1,1,,,,,,,,25.5166666666667,5.8,18.1833333333333,3,3,3,2,3,3,3,1,1,1,0,0,0,Same,Harder,Harder,0,0,0,1,0,0,0,1,0,1,23.0666666666667,7.68888888888889,15.3777777777778
Industri_090,Remote,Perempuan,25,D1/D2/D3,Jawa,Pekerja,Teknisi Sub Unit Los UPT Depo Lokomotif Kelas A Purwokerto,2,Staf,Jarang (3-4 kali dalam sebulan),0,0,1,0,0,0,1,4.75,4.9,4.33333333333333,4.5,4.4375,4.9,3.2,4.5,5,4.4,4.5,4.4,100,,10,79.5,7.95,100,0,,0,0,0,69.9,6.99,0,0,0,0,0,0,0,0,0,100,0,0,0,,0,3,3,4,1,1,1,1,1,1,1,1,1,1,1,2,3,1,2,3,1,2,3,1,0,0,0,0,0,0,0,0,0,0,Easy,Easy,Easy,Normal,Normal,Normal,Hard,Hard,Hard,Hard,6.35,9.43333333333333,5.28333333333333,7.71666666666667,11.1833333333333,8.45,5.15,5.98333333333333,5.45,4.9,0,0,0,0,0,0,0,0,0,0,,,,,,,,,,,3,3,3,3,3,3,3,3,3,3,0,0,0,Harder,Harder,Harder,0,0,0,0,0,0,0,0,0,0,0,,0
Industri_091,Remote,Laki-laki,25,S1/D4,Jawa,Pekerja,Petugas Langsir,1,Staf,Selalu (Setiap Hari),0,1,0,0,0,0,1,4.5,4.8,4.38888888888889,4.35714285714286,3.9375,4.8,4.4,4.5,4.166666667,4.4,3.166666667,4.4,90,7,16,56.5,3.32352941176471,50,3.2,,0,0,0,188.266666666667,18.8266666666667,10,33.3333333333333,8,7,1,0,7,0,2,33.3333333333333,5,0,1,13.0785714285714,0,6,4,0,0,1,1,1,1,1,1,1,1,1,1,2,3,1,2,3,1,2,3,1,0,0,0,0,0,0,0,0,0,0,Easy,Easy,Easy,Easy,Easy,Easy,Normal,Normal,Normal,Normal,45,33.35,9.4,6.45,15.0666666666667,3.36666666666667,11.7,43.4166666666667,11.4833333333333,9.03333333333333,1,1,1,0,0,0,1,1,1,1,43.4666666666667,7.6,4.75,,,,2.9,22.8666666666667,6.3,3.66666666666667,0,1,1,3,2,3,1,1,1,1,0,0,0,Same,Harder,Same,1,1,0,0,1,0,2,1,0,1,55.3833333333333,7.91190476190476,36.9222222222222
Industri_092,Remote,Laki-laki,28,S1/D4,Jawa,Pekerja,Staff Business Development,6,Staf,Sering (3-4 kali dalam seminggu),0,0,0,1,0,0,1,5,5,5.61111111111111,5.5,4.5625,5,5,5.666666667,6,5.2,3.666666667,5,90,22,31,283,8.84375,70,0,,0,0,0,230.85,23.085,20,33.3333333333333,6,6,0,0,22,0,1,66.6666666666667,0,3,3,19.9583333333333,0,3,3,4,1,1,1,1,1,1,1,1,0,1,1,2,3,1,2,3,1,2,3,1,0,0,0,0,0,0,0,0,0,0,Easy,Easy,Easy,Normal,Normal,Normal,Hard,Hard,Hard,Hard,32.05,21.9166666666667,10.8333333333333,11.5,33.9166666666667,16.2333333333333,17.3666666666667,36.4333333333333,45,5.6,1,0,0,0,1,1,1,1,1,0,23.0333333333333,,,,15.1,11.0166666666667,12.4166666666667,29.5833333333333,28.6,,1,2,3,3,1,1,1,1,0,3,0,0,0,Harder,Harder,Same,0,0,0,1,0,0,0,0,0,21,108.766666666667,4.94393939393939,72.5111111111111
Industri_093,Remote,Laki-laki,24,S1/D4,Jawa,Pekerja,Staff Facility and Cleanliness Quality Assurance,0,Staf,Jarang (3-4 kali dalam sebulan),0,0,1,1,0,0,2,5.25,5.6,4.83333333333333,5,4.125,5.6,5,4.5,5,5,3.666666667,3.8,90,8,17,60,3.33333333333333,10,0,,0,0,1,150.083333333333,15.0083333333333,0,0,10,8,2,33.3333333333333,8,0,1,66.6666666666667,7,1,0,5.26041666666667,0,6,3,1,1,1,1,1,1,1,1,1,0,1,1,2,3,1,2,3,1,2,3,1,0,0,0,0,0,0,0,0,1,0,Easy,Easy,Easy,Easy,Easy,Easy,Normal,Normal,Normal,Hard,25.3833333333333,43.3666666666667,6.55,7.33333333333333,14.0166666666667,6.86666666666667,14.5333333333333,18.5666666666667,2.66666666666667,10.8,1,1,1,1,0,1,1,1,0,1,18.3166666666667,3.93333333333333,2.51666666666667,1.55,,2.71666666666667,2.93333333333333,4.05,,6.06666666666667,1,1,1,1,3,1,1,1,0,1,0,0,0,Same,Harder,Harder,1,1,0,1,0,0,2,1,0,2,78.7333333333333,9.84166666666667,52.4888888888889
Industri_094,Remote,Perempuan,25,S1/D4,Luar Jawa,Pekerja,Pelaksana IT Development Engineering,2,Staf,Jarang (3-4 kali dalam sebulan),0,0,0,0,1,0,1,4,4.4,4.27777777777778,4.64285714285714,4.25,4.4,2.8,4.166666667,5.333333333,4.2,4,4.6,90,5,14,38,2.53333333333333,60,8.66666666666667,,0,0,1,170.033333333333,17.0033333333333,0,33.3333333333333,5,4,1,0,5,1,2,0,1,2,1,14.8041666666667,7,3,0,0,0,1,1,1,1,1,1,1,1,1,1,2,3,1,2,3,1,2,3,1,1,0,0,0,0,0,0,0,0,0,Easy,Easy,Easy,Very Easy,Very Easy,Very Easy,Very Easy,Very Easy,Very Easy,Very Easy,40.05,34.7166666666667,22.3833333333333,8.25,31,5.63333333333333,6.53333333333333,12.0833333333333,3.61666666666667,5.76666666666667,1,0,1,0,1,0,0,1,0,0,18.9666666666667,,15.3333333333333,,21.9833333333333,,,2.93333333333333,,,0,2,1,3,1,3,3,1,3,3,0,0,0,Easier,Same,Same,2,1,0,0,1,0,0,1,0,0,67.75,13.55,45.1666666666667
Industri_095,Remote,Laki-laki,26,S1/D4,Jawa,Pekerja,PPKA,1,Staf,Sering (3-4 kali dalam seminggu),1,0,0,1,0,0,2,4.75,5.2,5.05555555555556,5.14285714285714,4,5.2,3.6,5.333333333,5.833333333,5.2,3.333333333,3.6,90,7,16,63,3.70588235294118,100,17.9,,0,0,0,330.05,33.005,30,0,3,3,0,33.3333333333333,7,0,2,33.3333333333333,0,0,0,36.6944444444445,0,3,7,0,0,1,1,1,1,1,1,1,1,1,1,2,3,1,2,3,1,2,3,1,0,0,0,0,0,0,0,0,0,0,Easy,Easy,Easy,Normal,Normal,Normal,Normal,Normal,Normal,Normal,45,34.45,20.1666666666667,42.3,36.5833333333333,43.75,28.3333333333333,23.1333333333333,42.1166666666667,14.2166666666667,0,0,0,1,0,1,0,0,1,0,,,,32.0833333333333,,39.0833333333333,,,38.9166666666667,,0,2,2,1,2,1,2,2,1,3,0,0,0,Harder,Same,Same,1,1,0,1,1,0,2,1,0,0,90.8833333333333,12.9833333333333,60.5888888888889
Industri_096,Remote,Laki-laki,28,S1/D4,Luar Jawa,Pekerja,Staff Facility and Cleanliness on Station,5,Staf,Jarang (3-4 kali dalam sebulan),1,0,0,0,1,0,2,6,6,5.16666666666667,5.64285714285714,5.3125,6,5,4.333333333,6,6,4.5,5.6,100,3,13,53.5,4.11538461538462,70,0,,0,0,0,146.566666666667,14.6566666666667,0,0,3,3,0,0,3,0,2,33.3333333333333,0,3,0,16.1166666666667,0,6,4,0,1,1,1,1,1,1,1,1,1,1,1,2,3,1,2,3,1,2,3,1,0,0,0,0,0,0,0,0,0,0,Easy,Easy,Easy,Easy,Easy,Easy,Normal,Normal,Normal,Normal,26.2833333333333,24.7166666666667,3.83333333333333,5.8,10.35,2.83333333333333,6.38333333333333,35.9833333333333,23.25,7.13333333333333,1,0,0,0,0,0,0,1,1,0,16.4666666666667,,,,,,,17.4833333333333,14.4,,1,2,3,3,3,3,3,1,1,3,0,0,0,Same,Harder,Same,1,1,0,0,0,0,0,1,0,0,28.75,9.58333333333333,19.1666666666667
Industri_097,Remote,Laki-laki,25,D1/D2/D3,Jawa,Pekerja,Pelaksana,4,Staf,Jarang (3-4 kali dalam sebulan),0,0,0,1,0,0,1,4.5,4.8,4.5,4.57142857142857,4.1875,4.8,3.6,4.166666667,5.5,4.8,4,3.8,70,6,13,52.5,3.28125,90,24.4555555555556,,0,0,0,248.983333333333,24.8983333333333,10,66.6666666666667,4,3,1,0,6,1,1,33.3333333333333,1,0,0,25.1055555555556,0,7,3,0,0,0,1,1,1,1,1,0,1,1,1,2,3,1,2,3,1,2,3,1,0,0,0,0,0,0,0,0,0,0,Easy,Easy,Easy,Easy,Easy,Easy,Normal,Normal,Normal,Easy,45,45,12.85,10.95,18.1833333333333,4.91666666666667,17.3,45,42.0666666666667,7.71666666666667,1,0,0,0,0,0,1,0,1,0,34.75,,,,,,5.23333333333333,,35.3333333333333,,0,0,3,3,2,3,1,0,1,3,0,0,0,Same,Harder,Easier,1,1,0,0,1,0,1,2,0,0,71.6833333333333,11.9472222222222,47.7888888888889
Industri_098,Remote,Perempuan,23,S1/D4,Jawa,Pekerja,Procurement Officer,1,Staf,Jarang (3-4 kali dalam sebulan),1,0,0,0,0,0,1,6,6,6,6,5.6875,6,6,6,6,6,6,5,100,1,11,48,4.36363636363636,100,0,,0,0,0,127.066666666667,12.7066666666667,0,0,0,0,0,0,1,0,3,0,0,0,0,,0,10,0,0,1,1,1,1,1,1,1,1,1,1,1,2,3,1,2,3,1,2,3,1,0,0,0,0,0,0,0,0,0,0,Easy,Easy,Easy,Easy,Easy,Easy,Easy,Easy,Easy,Easy,13.6166666666667,34.0166666666667,14.4166666666667,5.7,12.05,3.81666666666667,8.61666666666667,12.2666666666667,9.51666666666667,13.05,0,0,0,0,0,0,0,0,0,0,,,,,,,,,,,3,2,3,3,3,3,3,3,3,3,0,0,0,Same,Same,Same,0,1,0,0,0,0,0,0,0,0,11.7833333333333,11.7833333333333,7.85555555555556
Industri_099,Remote,Laki-laki,28,S1/D4,Jawa,Pekerja,Staff Track of Maintenance,6,Staf,Jarang (3-4 kali dalam sebulan),1,0,0,0,0,0,1,6,5.5,5.33333333333333,5.5,4.4375,5.5,5.8,4.166666667,6,6,4,3.4,50,6,11,31.5,1.96875,40,23.1111111111111,,0,0,5,146.866666666667,14.6866666666667,0,66.6666666666667,5,3,2,0,6,2,0,33.3333333333333,1,1,1,14.2666666666667,6,4,0,0,0,0,0,1,0,0,1,1,1,1,1,2,3,1,2,3,1,2,3,1,1,1,1,0,1,1,0,0,0,0,Easy,Easy,Easy,Very Easy,Very Easy,Very Easy,Very Easy,Very Easy,Very Easy,Easy,20.7333333333333,16.3,18.85,8.36666666666667,33.4,16.6166666666667,7.1,15.7833333333333,3.78333333333333,5.93333333333333,0,0,0,0,1,1,0,1,0,0,,,,,27.5,11.5666666666667,,3.73333333333333,,,0,0,0,3,0,0,3,1,3,3,0,0,0,Easier,Easier,Harder,1,1,0,0,2,0,0,2,0,0,61.9833333333333,10.3305555555556,41.3222222222222
Industri_100,Remote,Laki-laki,25,S1/D4,Jawa,Pekerja,Petugas Rumah Sinyal,2,Staf,Jarang (3-4 kali dalam sebulan),0,0,0,0,1,0,1,5,5.4,5.11111111111111,5.28571428571429,4.875,5.4,5,5,5.833333333,5.4,4,5.4,80,5,13,53.5,3.56666666666667,80,24.2111111111111,,0,0,0,239.4,23.94,10,66.6666666666667,3,3,0,0,5,0,2,33.3333333333333,0,1,2,21.6055555555556,0,6,4,0,1,0,1,1,1,1,1,0,1,1,1,2,3,1,2,3,1,2,3,1,0,0,0,0,0,0,0,0,0,0,Easy,Easy,Easy,Easy,Easy,Easy,Normal,Normal,Normal,Normal,32,45,21.6,5.41666666666667,16.7666666666667,3.1,31.8333333333333,45,24.45,14.2333333333333,0,0,0,0,0,0,1,1,1,0,,,,,,,23.6166666666667,19.95,21.25,,2,0,2,3,2,3,1,0,1,3,0,0,0,Same,Harder,Same,1,1,0,0,1,0,1,1,0,0,60.1166666666667,12.0233333333333,40.0777777777778
Industri_101,Remote,Perempuan,25,S1/D4,Jawa,Pekerja,Staff Performance Management,1,Staf,Sering (3-4 kali dalam seminggu),0,1,0,0,0,0,1,5,5.1,4.5,4.57142857142857,5.125,5.1,5,3.5,5,5,5,5.4,70,5,12,61,4.06666666666667,100,30.6333333333333,,0,4,0,247.983333333333,24.7983333333333,0,0,1,0,1,33.3333333333333,5,0,1,66.6666666666667,0,0,0,,0,6,3,1,1,1,1,1,1,1,1,0,0,0,1,2,3,1,2,3,1,2,3,1,0,0,0,0,0,0,0,0,0,0,Easy,Easy,Easy,Easy,Easy,Easy,Normal,Normal,Normal,Hard,25.65,40.3166666666667,7.95,10.45,12.1166666666667,5.11666666666667,11.3833333333333,45,45,45,0,0,0,0,0,0,0,0,0,0,,,,,,,,,,,2,2,3,3,3,3,3,0,0,0,0,0,0,Same,Harder,Harder,1,1,0,0,0,0,0,1,0,2,70.8833333333333,14.1766666666667,47.2555555555556
Industri_102,Remote,Laki-laki,28,D1/D2/D3,Jawa,Pekerja,Petuga Negatif Cek Sintelis,2,Staf,Jarang (3-4 kali dalam sebulan),0,1,1,0,0,0,2,5.25,5.5,5.38888888888889,5.78571428571429,4.9375,5.5,4.6,5.666666667,5.666666667,4.8,4.833333333,5.2,70,8,15,82.5,3.4375,60,19.8555555555556,,0,0,0,286.183333333333,28.6183333333333,10,33.3333333333333,9,7,2,33.3333333333333,14,1,0,66.6666666666667,2,2,1,20.8738095238095,0,3,4,3,1,1,1,1,0,1,0,1,0,1,1,2,3,1,2,3,1,2,3,1,0,0,0,0,0,0,0,0,0,0,Easy,Easy,Easy,Normal,Normal,Normal,Hard,Hard,Hard,Normal,14.8166666666667,22.1166666666667,20.4833333333333,18.1166666666667,45,17.85,45,33.3166666666667,45,24.4833333333333,1,0,1,1,1,0,0,1,1,1,12.1333333333333,,6.5,9.81666666666667,33.7166666666667,,,24.4833333333333,42.4166666666667,17.05,1,2,1,1,0,2,0,1,0,1,0,0,0,Harder,Harder,Easier,1,6,0,1,1,0,3,1,0,1,104.9,7.49285714285714,69.9333333333333
Industri_103,Remote,Laki-laki,28,S1/D4,Jawa,Pekerja,Pelaksana,3,Staf,Sering (3-4 kali dalam seminggu),1,0,0,0,0,0,1,4.25,5.1,5.16666666666667,5.35714285714286,4.3125,5.1,3.8,5.333333333,6,4.8,4.333333333,3.8,90,8,17,71,3.94444444444445,70,8.34444444444445,,0,0,0,220.383333333333,22.0383333333333,20,0,7,5,2,33.3333333333333,8,0,1,66.6666666666667,3,0,2,12.4433333333333,0,6,3,1,1,1,1,1,1,1,1,0,1,1,1,2,3,1,2,3,1,2,3,1,0,0,0,0,0,0,0,0,0,0,Easy,Easy,Easy,Easy,Easy,Easy,Normal,Normal,Normal,Hard,41.1,26.8,14.2,11.2833333333333,11.3666666666667,5.68333333333333,9.31666666666667,45,19.7166666666667,35.9166666666667,1,0,0,1,0,0,1,0,1,1,27.5333333333333,,,4.58333333333333,,,3.5,,2.03333333333333,24.5666666666667,1,2,3,1,3,3,1,0,1,1,0,0,0,Same,Harder,Harder,1,1,0,1,0,0,2,1,0,2,97.6666666666667,12.2083333333333,65.1111111111111
Industri_104,Remote,Perempuan,24,S1/D4,Jawa,Pekerja,Pelaksana Competency and Growth Model (Staf SDM),0,Staf,Jarang (3-4 kali dalam sebulan),0,0,0,0,1,0,1,5,4.7,4.61111111111111,4.71428571428571,4.6875,4.7,3.8,4.5,5.333333333,4.4,4.5,5.2,90,6,15,62,3.875,70,7.04444444444445,,0,0,0,245.566666666667,24.5566666666667,30,33.3333333333333,7,7,0,0,6,0,1,66.6666666666667,3,0,2,20.0666666666667,0,6,3,1,1,0,1,1,1,1,1,1,1,1,1,2,3,1,2,3,1,2,3,1,0,0,0,0,0,0,0,0,0,0,Easy,Easy,Easy,Easy,Easy,Easy,Normal,Normal,Normal,Hard,42.1666666666667,45,10.8166666666667,10.3666666666667,31.5666666666667,6.25,11.6666666666667,43.3166666666667,14.6166666666667,29.8,1,1,1,1,0,0,0,1,1,1,33.6166666666667,35.8833333333333,6.01666666666667,2.36666666666667,,,,27.5166666666667,8.95,26.1166666666667,1,0,1,1,2,3,3,1,1,1,0,0,0,Same,Harder,Harder,1,1,0,1,1,0,0,1,0,1,64.2166666666667,10.7027777777778,42.8111111111111
Industri_105,Remote,Laki-laki,28,D1/D2/D3,Luar Jawa,Pekerja,Kondektur,3,Staf,Jarang (3-4 kali dalam sebulan),1,0,0,0,0,0,1,5.5,5.8,5.77777777777778,5.78571428571429,5.125,5.8,5.4,5.833333333,6,5.6,4.333333333,5.6,90,3,12,36.5,2.80769230769231,100,11.6666666666667,,0,0,0,188.666666666667,18.8666666666667,10,33.3333333333333,1,1,0,0,3,1,1,33.3333333333333,0,0,0,31.9833333333333,6,4,0,0,1,0,1,1,1,1,1,1,1,1,1,2,3,1,2,3,1,2,3,1,0,0,0,0,0,0,0,0,0,0,Easy,Easy,Easy,Very Easy,Very Easy,Very Easy,Very Easy,Very Easy,Very Easy,Easy,22.4,45,7.1,9.88333333333333,24.0333333333333,39.3166666666667,8.51666666666667,18,5.46666666666667,8.95,0,0,0,0,0,1,0,0,0,0,,,,,,31.9833333333333,,,,,2,0,3,3,2,1,3,2,3,3,0,0,0,Easier,Same,Harder,0,1,0,0,1,0,0,1,0,0,43.35,14.45,28.9
Industri_106,Remote,Laki-laki,29,S1/D4,Jawa,Pekerja,Track Engineer,6,Staf,Sering (3-4 kali dalam seminggu),0,1,0,0,0,0,1,5,5.9,5.5,5.71428571428571,5.25,5.9,5.8,5.333333333,5.333333333,5.8,5.333333333,4.6,90,5,14,78,5.2,50,0,,0,0,0,214.25,21.425,0,0,6,6,0,33.3333333333333,5,0,0,100,0,4,1,19.2166666666667,0,3,3,4,1,1,1,1,1,1,1,1,0,1,1,2,3,1,2,3,1,2,3,1,0,0,0,0,0,0,0,0,0,0,Easy,Easy,Easy,Normal,Normal,Normal,Hard,Hard,Hard,Hard,16.95,28.6166666666667,5.03333333333333,9.51666666666667,38.6833333333333,18.5,24,22.65,45,5.3,1,0,0,0,1,1,1,1,1,0,10.2833333333333,,,,21.9166666666667,13.25,16.8833333333333,16,36.9666666666667,,1,2,3,3,1,1,1,1,0,3,0,0,0,Harder,Harder,Harder,1,1,0,0,1,0,1,1,0,0,39.85,7.97,26.5666666666667
Industri_107,Remote,Laki-laki,26,S1/D4,Jawa,Pekerja,Staff,3,Staf,Selalu (Setiap Hari),1,0,0,0,0,0,1,6,6,4.94444444444445,5.35714285714286,5,6,4.6,4,6,5.6,4.5,5,100,5,15,85.5,5.7,60,0,,0,0,0,218.7,21.87,0,0,4,4,0,0,5,0,1,66.6666666666667,1,3,0,11.2458333333333,0,3,3,4,1,1,1,1,1,1,1,1,1,1,1,2,3,1,2,3,1,2,3,1,0,0,0,0,0,0,0,0,0,0,Easy,Easy,Easy,Normal,Normal,Normal,Hard,Hard,Hard,Hard,35.15,29.95,7.65,7.51666666666667,39.4,24.6333333333333,21.0833333333333,27.35,20.1666666666667,5.8,0,0,0,0,0,1,1,1,1,0,,,,,,13.1833333333333,15.1666666666667,14.0333333333333,2.6,,2,2,3,3,2,1,1,1,1,3,0,0,0,Harder,Harder,Same,1,1,0,0,1,0,1,1,0,0,37.2333333333333,7.44666666666667,24.8222222222222
Industri_108,Remote,Laki-laki,27,D1/D2/D3,Jawa,Pekerja,PELAKSANA KONDEKTUR,3,Staf,Selalu (Setiap Hari),1,1,1,0,1,0,4,5.75,5.6,5.61111111111111,5.85714285714286,4.8125,5.6,5.6,5.166666667,6,5.8,4.166666667,4.6,60,6,12,50,2.94117647058824,90,43.6111111111111,,0,7,0,324.116666666667,32.4116666666667,0,33.3333333333333,2,2,0,33.3333333333333,7,0,1,66.6666666666667,0,1,0,26.5166666666667,0,3,6,1,1,1,1,0,0,1,1,0,1,0,1,2,3,1,2,3,1,2,3,1,0,0,0,0,0,0,0,0,0,0,Easy,Easy,Easy,Normal,Normal,Normal,Normal,Normal,Normal,Hard,34.6,34.75,15.1333333333333,45,45,25.2666666666667,24.1666666666667,45,10.2,45,0,0,0,0,0,1,0,1,0,0,,,,,,19.2166666666667,,33.8166666666667,,,2,2,2,0,0,1,2,0,3,0,0,0,0,Harder,Same,Harder,1,1,0,1,1,0,1,1,0,1,107.2,15.3142857142857,71.4666666666667
Industri_109,Remote,Laki-laki,25,D1/D2/D3,Jawa,Pekerja,Kondekut,3,Staf,Sering (3-4 kali dalam seminggu),1,0,0,0,0,0,1,6,5.6,5.72222222222222,5.78571428571429,5.125,5.6,5.2,5.833333333,6,5.6,4.166666667,5.8,80,3,11,34,2.61538461538462,80,14.8444444444444,,0,0,0,207.45,20.745,0,33.3333333333333,2,2,0,0,3,1,1,33.3333333333333,0,1,1,15.9333333333333,6,4,0,0,0,0,1,1,1,1,1,1,1,1,1,2,3,1,2,3,1,2,3,1,0,0,0,0,0,0,0,0,0,0,Easy,Easy,Easy,Very Easy,Very Easy,Very Easy,Very Easy,Very Easy,Very Easy,Easy,45,45,36.5333333333333,9.01666666666667,26.8833333333333,6.96666666666667,8.68333333333333,14.25,6.08333333333333,9.03333333333333,0,0,1,0,1,0,0,0,0,0,,,20.7166666666667,,11.15,,,,,,0,0,1,3,1,3,3,3,3,3,0,0,0,Easier,Same,Harder,1,1,0,0,1,0,0,0,0,0,34.1333333333333,11.3777777777778,22.7555555555556
Industri_110,Remote,Laki-laki,28,D1/D2/D3,Luar Jawa,Pekerja,"Petugas Negative Check Sinyal, Telekomunikasi dan listrik",3,Staf,Sering (3-4 kali dalam seminggu),1,0,0,0,0,0,1,5.25,5.3,4.72222222222222,4.78571428571429,4.875,5.3,3.8,4.333333333,5.666666667,5.2,5.166666667,4.2,100,2,12,51.5,4.29166666666667,90,0,,0,0,0,128,12.8,10,0,2,2,0,0,2,0,2,33.3333333333333,1,0,0,20.3,0,6,4,0,1,1,1,1,1,1,1,1,1,1,1,2,3,1,2,3,1,2,3,1,0,0,0,0,0,0,0,0,0,0,Easy,Easy,Easy,Easy,Easy,Easy,Normal,Normal,Normal,Normal,35.6,18.8833333333333,11.4,5.4,11.1666666666667,3.01666666666667,10.85,14.5666666666667,12,5.11666666666667,1,0,0,0,0,0,0,0,1,0,32.0666666666667,,,,,,,,8.53333333333333,,1,2,3,3,3,3,3,3,1,3,0,0,0,Same,Harder,Same,1,1,0,0,0,0,0,0,0,0,14.1166666666667,7.05833333333333,9.41111111111111
Industri_111,Remote,Laki-laki,25,D1/D2/D3,Jawa,Pekerja,MASINIS PERTAMA,2,Staf,Sering (3-4 kali dalam seminggu),1,1,1,0,0,0,3,5.5,5.5,5.44444444444445,5.35714285714286,5,5.5,5.4,6,5.166666667,5.6,5.333333333,4,90,4,13,55.5,3.96428571428571,80,11.1333333333333,,0,0,1,219.716666666667,21.9716666666667,20,33.3333333333333,3,3,0,0,4,0,2,33.3333333333333,0,1,2,21.6055555555556,0,3,7,0,1,1,1,1,0,1,1,1,1,1,1,2,3,1,2,3,1,2,3,1,0,0,0,0,1,0,0,0,0,0,Easy,Easy,Easy,Normal,Normal,Normal,Normal,Normal,Normal,Normal,22.4,33.35,6.61666666666667,8.91666666666667,43.3166666666667,32.2833333333333,8,43.1666666666667,14.9166666666667,6.75,0,0,0,0,0,1,0,1,1,0,,,,,,27.4166666666667,,26.1,11.3,,2,2,3,3,0,1,3,1,1,3,0,0,0,Harder,Same,Same,1,1,0,0,1,0,0,1,0,0,46.2833333333333,11.5708333333333,30.8555555555556
Industri_112,Remote,Laki-laki,26,S1/D4,Luar Jawa,Pekerja,Petugas langsir,1,Staf,Jarang (3-4 kali dalam sebulan),1,0,0,1,0,0,2,5.75,5.2,3.55555555555556,3.57142857142857,3.9375,5.2,3,3.833333333,3.666666667,4.8,3.333333333,3.8,100,,10,32,3.2,70,0,,0,0,0,193.616666666667,19.3616666666667,10,0,4,4,0,0,0,0,2,33.3333333333333,3,0,1,10.5958333333333,0,6,4,0,1,1,1,1,1,1,1,1,1,1,1,2,3,1,2,3,1,2,3,1,0,0,0,0,0,0,0,0,0,0,Easy,Easy,Easy,Easy,Easy,Easy,Normal,Normal,Normal,Normal,38.15,26,11.1666666666667,12.9166666666667,19.1166666666667,4.51666666666667,25.6166666666667,21.5833333333333,21.8666666666667,12.6833333333333,1,0,0,1,0,0,0,1,1,0,25.7166666666667,,,4.48333333333333,,,,3.51666666666667,8.66666666666667,,1,2,3,1,2,3,2,1,1,3,0,0,0,Same,Harder,Same,0,0,0,0,0,0,0,0,0,0,0,,0
Industri_113,Remote,Laki-laki,23,D1/D2/D3,Jawa,Pekerja,Calon Masinis,0,Staf,Jarang (3-4 kali dalam sebulan),0,0,0,0,1,1,1,6,5.2,4.94444444444445,4.85714285714286,3.875,5.2,5,4.166666667,5.666666667,4.6,1.833333333,5.6,90,4,13,45,3.21428571428571,90,5.66666666666667,,0,0,0,174.783333333333,17.4783333333333,10,33.3333333333333,3,3,0,0,4,1,2,0,1,0,1,24.7111111111111,4,6,0,0,1,1,1,1,1,1,1,0,1,1,1,2,3,1,2,3,1,2,3,1,0,0,0,0,0,0,0,0,0,0,Easy,Easy,Easy,Easy,Easy,Easy,Very Easy,Very Easy,Very Easy,Very Easy,35.8833333333333,34.35,9.36666666666667,14.4166666666667,11.5166666666667,6,5.75,45,5.2,7.3,1,0,0,1,0,0,0,1,0,0,25.2,,,6.45,,,,42.4833333333333,,,1,2,3,1,3,3,3,0,3,3,0,0,0,Same,Easier,Same,1,1,0,1,0,0,0,1,0,0,31.05,7.7625,20.7
Industri_114,Remote,Laki-laki,28,S1/D4,Luar Jawa,Pekerja,AM Planning and Technical Engineering,4,Supervisor,Jarang (3-4 kali dalam sebulan),1,0,0,0,1,0,2,4,4.3,4.44444444444445,4.64285714285714,4.1875,4.3,2.8,5.166666667,5,3.8,4.166666667,4.6,90,5,14,57,3.8,80,5.1,,0,0,1,135.45,13.545,0,33.3333333333333,2,1,1,0,5,1,1,33.3333333333333,1,0,0,4.56666666666667,0,7,3,0,1,1,1,1,1,1,0,1,1,1,1,2,3,1,2,3,1,2,3,1,0,0,0,0,0,0,1,0,0,0,Easy,Easy,Easy,Easy,Easy,Easy,Normal,Normal,Normal,Easy,11.05,16.4666666666667,5.55,15.5333333333333,11.3166666666667,3.21666666666667,28.4166666666667,15.25,17,11.65,0,0,0,0,0,0,0,0,0,1,,,,,,,,,,4.56666666666667,3,2,3,2,3,3,0,3,2,1,0,0,0,Same,Harder,Easier,0,1,0,1,0,0,2,0,0,1,33.4833333333333,6.69666666666667,22.3222222222222
Industri_115,Remote,Laki-laki,29,D1/D2/D3,Luar Jawa,Pekerja,Teknisi STE Quality Control,3,Staf,Selalu (Setiap Hari),0,1,0,0,0,0,1,5,4.9,5.11111111111111,5.14285714285714,5.0625,4.9,5,5,5.333333333,5.2,5,5,90,1,10,71.5,6.5,90,0,,0,0,0,124.3,12.43,0,0,1,1,0,33.3333333333333,1,0,0,100,0,0,1,20.05,0,3,3,4,1,1,1,1,1,1,1,1,0,1,1,2,3,1,2,3,1,2,3,1,0,0,0,0,0,0,0,0,0,0,Easy,Easy,Easy,Normal,Normal,Normal,Hard,Hard,Hard,Hard,7.3,12.7166666666667,4.88333333333333,16.1833333333333,12.9666666666667,7.76666666666667,4.35,6.6,45,6.53333333333333,0,0,0,0,0,0,0,0,1,0,,,,,,,,,20.05,,3,3,3,2,3,3,3,3,0,3,0,0,0,Harder,Harder,Harder,0,0,0,1,0,0,0,0,0,0,7.45,7.45,4.96666666666667
Industri_116,Remote,Laki-laki,24,D1/D2/D3,Jawa,Pekerja,Pelaksana,2,Staf,Selalu (Setiap Hari),1,0,0,0,0,0,1,5,5.5,3.33333333333333,3.42857142857143,4.375,5.5,2.2,3.5,4,5,4,4.2,90,5,14,59.5,3.96666666666667,30,2.81111111111111,,0,0,1,98.45,9.845,0,33.3333333333333,7,7,0,0,5,0,1,66.6666666666667,5,2,0,7.05,0,6,3,1,0,1,1,1,1,1,1,1,1,1,1,2,3,1,2,3,1,2,3,1,1,0,0,0,0,0,0,0,0,0,Easy,Easy,Easy,Easy,Easy,Easy,Normal,Normal,Normal,Hard,6.05,13.6166666666667,5.33333333333333,3.35,9.28333333333333,2.08333333333333,17.2833333333333,25.6166666666667,7.28333333333333,8.55,1,1,1,0,0,0,1,1,1,1,2.53333333333333,3.73333333333333,3.63333333333333,,,,14.1666666666667,14.2166666666667,5.83333333333333,5.23333333333333,0,1,1,3,3,3,1,1,1,1,0,0,0,Same,Harder,Harder,1,1,0,0,0,0,1,1,0,1,26.7666666666667,5.35333333333333,17.8444444444444
Industri_117,Remote,Laki-laki,28,S2,Luar Jawa,Pekerja,Pelaksana of Engineering Design for Track and Bridge Maintenance,3,Staf,Sering (3-4 kali dalam seminggu),1,0,1,1,0,0,3,4.75,4.3,4.5,4.71428571428571,4.125,4.3,3.2,4.166666667,5.833333333,4.6,3.666666667,4.2,100,5,15,44.5,2.96666666666667,90,0,,0,0,0,174.666666666667,17.4666666666667,20,0,3,3,0,0,5,1,2,0,1,0,2,19.5166666666667,7,3,0,0,1,1,1,1,1,1,1,1,1,1,1,2,3,1,2,3,1,2,3,1,0,0,0,0,0,0,0,0,0,0,Easy,Easy,Easy,Very Easy,Very Easy,Very Easy,Very Easy,Very Easy,Very Easy,Very Easy,36.2,29.5666666666667,11.1333333333333,5.23333333333333,36.05,14.0666666666667,14.6,18.3,3.83333333333333,5.68333333333333,1,0,0,0,1,1,0,0,0,0,24.9333333333333,,,,24.7,8.91666666666667,,,,,1,2,3,3,1,1,3,2,3,3,0,0,0,Easier,Same,Same,2,1,0,0,1,0,0,1,0,0,44.0333333333333,8.80666666666667,29.3555555555556
Industri_118,Remote,Perempuan,28,D1/D2/D3,Jawa,Pekerja,Paramedis,6,Staf,Sering (3-4 kali dalam seminggu),0,0,0,0,1,0,1,5.25,4.8,3.66666666666667,3.5,3.875,4.8,2.6,4.166666667,4.166666667,4.4,3.833333333,3.4,100,3,13,41,3.15384615384615,100,0,,0,0,0,142.05,14.205,10,0,1,1,0,0,3,3,0,0,0,0,1,27.2666666666667,7,3,0,0,1,1,1,1,1,1,1,1,1,1,1,2,3,1,2,3,1,2,3,1,0,0,0,0,0,0,0,0,0,0,Easy,Easy,Easy,Very Easy,Very Easy,Very Easy,Very Easy,Very Easy,Very Easy,Very Easy,37.6666666666667,32.25,13.6666666666667,6.85,13.7166666666667,4.2,5.46666666666667,18.5833333333333,3.43333333333333,6.21666666666667,1,0,0,0,0,0,0,0,0,0,27.2666666666667,,,,,,,,,,1,2,3,3,3,3,3,2,3,3,0,0,0,Easier,Easier,Easier,1,1,0,0,0,0,0,1,0,0,37.05,12.35,24.7
Industri_119,Remote,Laki-laki,24,D1/D2/D3,Luar Jawa,Pekerja,Calon Petugas Langsir,0,Staf,Sering (3-4 kali dalam seminggu),1,1,0,0,1,0,3,5,5.4,5.61111111111111,5.71428571428571,4.875,5.4,4.8,5.833333333,6,5.6,4.666666667,4.4,100,7,17,92.5,5.44117647058824,70,0,,0,0,0,237.666666666667,23.7666666666667,30,0,7,6,1,0,7,0,0,100,1,1,4,19.9277777777778,0,3,3,4,1,1,1,1,1,1,1,1,1,1,1,2,3,1,2,3,1,2,3,1,0,0,0,0,0,0,0,0,0,0,Easy,Easy,Easy,Normal,Normal,Normal,Hard,Hard,Hard,Hard,37.3666666666667,16.8,10.5,8.8,25.7333333333333,19.6,28.7833333333333,33.2166666666667,24.9666666666667,31.9,1,1,0,0,0,0,1,1,1,1,28.6,2.1,,,,,20.9333333333333,27.4333333333333,13.7666666666667,26.7333333333333,1,1,3,3,2,2,1,1,1,1,0,0,0,Harder,Harder,Harder,1,1,0,0,1,0,2,1,0,1,60.9833333333333,8.71190476190476,40.6555555555556
Industri_120,Remote,Laki-laki,25,S1/D4,Jawa,Pekerja,Pelaksana,2,Staf,Jarang (3-4 kali dalam sebulan),0,0,0,1,1,0,2,4.75,5.4,4.77777777777778,5,4.5,5.4,3.8,4.666666667,5.5,4.6,4.833333333,4,70,9,16,30.5,1.60526315789474,70,15.9444444444444,,0,0,0,264.466666666667,26.4466666666667,10,33.3333333333333,12,5,7,0,9,1,1,33.3333333333333,2,1,1,17.06,6,4,0,0,0,0,0,1,1,1,1,1,1,1,1,2,3,1,2,3,1,2,3,1,0,0,0,0,0,0,0,0,0,0,Easy,Easy,Easy,Very Easy,Very Easy,Very Easy,Very Easy,Very Easy,Very Easy,Easy,45,45,45,27.1,42.85,7.36666666666667,8.23333333333333,14.0333333333333,13.7,16.1833333333333,1,1,0,0,1,0,0,1,0,1,31.5666666666667,16.6,,,24.0833333333333,,,5.13333333333333,,7.91666666666667,0,0,0,2,1,3,3,1,3,1,0,0,0,Easier,Same,Harder,3,1,0,0,3,0,0,1,0,1,92.8,10.3111111111111,61.8666666666667
Industri_121,Remote,Laki-laki,26,D1/D2/D3,Jawa,Pekerja,Staf,1,Staf,Sering (3-4 kali dalam seminggu),1,0,0,0,0,0,1,5,4.9,4.88888888888889,5.07142857142857,4.3125,4.9,3.2,5.333333333,5.666666667,4.6,4.333333333,4,90,5,14,55.5,3.7,50,10.9,,0,0,0,207.65,20.765,0,33.3333333333333,5,5,0,0,5,0,2,33.3333333333333,0,4,1,15.3066666666667,0,6,4,0,1,1,1,1,1,1,1,0,1,1,1,2,3,1,2,3,1,2,3,1,0,0,0,0,0,0,0,0,0,0,Easy,Easy,Easy,Easy,Easy,Easy,Normal,Normal,Normal,Normal,36.75,19.05,11.7333333333333,7.25,13.6833333333333,12.8833333333333,24.65,45,15.8666666666667,20.7833333333333,1,0,0,0,0,0,1,1,1,1,14.1166666666667,,,,,,16.7333333333333,21.05,12.05,12.5833333333333,1,2,3,3,3,3,1,0,1,1,0,0,0,Same,Harder,Same,1,1,0,0,0,0,1,1,0,1,50.35,10.07,33.5666666666667
Industri_122,Remote,Laki-laki,25,S1/D4,Jawa,Pekerja,Pengawas Peron,2,Staf,Sering (3-4 kali dalam seminggu),1,0,0,1,1,0,3,4.5,5,4.33333333333333,4.5,4.375,5,3.4,4.333333333,5,4.8,4.333333333,4,80,6,14,56,3.5,100,26.2888888888889,,0,5,0,219.533333333333,21.9533333333333,0,33.3333333333333,1,0,1,0,6,0,2,33.3333333333333,0,0,0,,0,9,1,0,0,1,1,1,1,1,1,1,1,0,1,2,3,1,2,3,1,2,3,1,0,0,0,0,0,0,0,0,0,0,Easy,Easy,Easy,Easy,Easy,Easy,Easy,Easy,Easy,Normal,45,30.4833333333333,16.5833333333333,31.5166666666667,12.6833333333333,4.83333333333333,6.96666666666667,22.8833333333333,3.58333333333333,45,0,0,0,0,0,0,0,0,0,0,,,,,,,,,,,0,2,2,2,3,3,3,2,3,0,0,0,0,Same,Same,Harder,1,1,0,1,0,0,0,1,0,2,76.2833333333333,12.7138888888889,50.8555555555556
Industri_124,Remote,Perempuan,28,S1/D4,Jawa,Pekerja,Pelaksana Perawatan Bangunan Dinas Stasiun,1,Staf,Tidak Pernah,0,0,0,0,1,0,1,5,4.6,4.16666666666667,4.14285714285714,4.4375,4.6,2,5,5,3.8,4.833333333,4.6,100,4,14,40.5,2.89285714285714,80,0,,0,0,0,178.733333333333,17.8733333333333,10,0,3,3,0,0,4,1,2,0,0,2,1,17.9555555555556,7,3,0,0,1,1,1,1,1,1,1,1,1,1,1,2,3,1,2,3,1,2,3,1,0,0,0,0,0,0,0,0,0,0,Easy,Easy,Easy,Very Easy,Very Easy,Very Easy,Very Easy,Very Easy,Very Easy,Very Easy,30.3833333333333,43.4833333333333,5.56666666666667,8.61666666666667,36.8166666666667,4.11666666666667,12.15,25.9166666666667,4.65,7.03333333333333,1,1,0,0,1,0,0,0,0,0,10.05,17.3,,,26.5166666666667,,,,,,1,1,3,3,1,3,3,2,3,3,0,0,0,Easier,Same,Same,1,1,0,0,1,0,0,1,0,0,57.4,14.35,38.2666666666667
Industri_126,Remote,Laki-laki,28,S2,Luar Jawa,Pekerja,Staff PBJ,2,Staf,Jarang (3-4 kali dalam sebulan),0,0,0,0,1,0,1,4.5,4.8,4.33333333333333,4.35714285714286,4.0625,4.8,4.2,3.833333333,4.833333333,4.8,3.833333333,3.6,100,1,11,20.5,1.86363636363636,10,0,,0,0,0,152.833333333333,15.2833333333333,10,0,11,10,1,0,1,0,1,66.6666666666667,9,0,1,4.70166666666667,0,6,3,1,1,1,1,1,1,1,1,1,1,1,1,2,3,1,2,3,1,2,3,1,0,0,0,0,0,0,0,0,0,0,Easy,Easy,Easy,Easy,Easy,Easy,Normal,Normal,Normal,Hard,34.5666666666667,34.25,6.06666666666667,13.0166666666667,20.9166666666667,6.21666666666667,7.63333333333333,13.7333333333333,4.68333333333333,11.75,1,1,1,1,1,1,1,1,1,1,26.3,5.28333333333333,1.86666666666667,5.31666666666667,1.65,1.5,1.05,1.35,1.33333333333333,1.36666666666667,1,1,1,1,1,1,1,1,1,1,0,0,0,Same,Harder,Harder,1,0,0,0,0,0,0,0,0,0,8.58333333333333,8.58333333333333,5.72222222222222
Industri_127,Remote,Perempuan,29,S1/D4,Jawa,Pekerja,Assistant Manager Sumber Daya Manusia Daop 7 Madiun,6,Supervisor,Sering (3-4 kali dalam seminggu),0,0,1,0,1,0,2,4.75,5.1,4.72222222222222,4.78571428571429,4.625,5.1,3.2,4.5,6,5,3.666666667,5.4,100,3,13,40,3.07692307692308,90,0,,0,0,0,161.133333333333,16.1133333333333,10,0,2,2,0,0,3,1,1,33.3333333333333,0,1,0,25.2333333333333,6,4,0,0,1,1,1,1,1,1,1,1,1,1,1,2,3,1,2,3,1,2,3,1,0,0,0,0,0,0,0,0,0,0,Easy,Easy,Easy,Very Easy,Very Easy,Very Easy,Very Easy,Very Easy,Very Easy,Easy,32.4833333333333,23.7,15.9,8.06666666666667,43.8333333333333,5.75,9.51666666666667,11,4.68333333333333,6.2,1,0,0,0,1,0,0,0,0,0,19.4333333333333,,,,31.0333333333333,,,,,,1,2,2,3,1,3,3,3,3,3,0,0,0,Easier,Same,Harder,1,1,0,0,1,0,0,0,0,0,28.0833333333333,9.36111111111111,18.7222222222222
Industri_128,Remote,Laki-laki,28,S1/D4,Luar Jawa,Pekerja,STAFF BRIDGE MAINTENANCE,4,Staf,Selalu (Setiap Hari),1,1,0,0,0,0,2,5,5.3,5.27777777777778,5.35714285714286,5.0625,5.3,5.2,4.833333333,5.666666667,5.2,5,5,100,4,14,87,6.21428571428571,70,0,,0,0,0,199.416666666667,19.9416666666667,10,0,4,4,0,0,4,0,0,100,0,3,1,17.3666666666667,0,3,3,4,1,1,1,1,1,1,1,1,1,1,1,2,3,1,2,3,1,2,3,1,0,0,0,0,0,0,0,0,0,0,Easy,Easy,Easy,Normal,Normal,Normal,Hard,Hard,Hard,Hard,12.0333333333333,29.75,22.8166666666667,13.9,41.2833333333333,18.2,20.25,25.7833333333333,9.63333333333333,5.76666666666667,0,0,0,0,1,1,1,1,0,0,,,,,24.65,12.5666666666667,13.55,18.7,,,3,2,2,3,1,1,1,1,3,3,0,0,0,Harder,Harder,Harder,0,1,0,0,1,0,1,1,0,0,31.0333333333333,7.75833333333333,20.6888888888889
Industri_129,Remote,Laki-laki,25,S1/D4,Jawa,Pekerja,Pelaksana Compensation,1,Staf,Sering (3-4 kali dalam seminggu),1,1,1,0,0,0,3,5.5,6,5.83333333333333,5.85714285714286,5.6875,6,5.6,5.833333333,6,5.8,5.5,5.8,100,4,14,54,3.85714285714286,70,0,,0,0,0,131.383333333333,13.1383333333333,10,0,4,4,0,0,4,1,1,33.3333333333333,2,1,0,14.6458333333333,0,7,3,0,1,1,1,1,1,1,1,1,1,1,1,2,3,1,2,3,1,2,3,1,0,0,0,0,0,0,0,0,0,0,Easy,Easy,Easy,Easy,Easy,Easy,Normal,Normal,Normal,Easy,21.4833333333333,20.2666666666667,4.6,5.33333333333333,9.61666666666667,10.4166666666667,10.8,33.3666666666667,11.4666666666667,4.03333333333333,1,0,0,0,0,0,1,1,1,0,14.5333333333333,,,,,,5.8,30.5,7.75,,1,2,3,3,3,3,1,1,1,3,0,0,0,Same,Harder,Easier,1,1,0,0,0,0,1,1,0,0,28.3666666666667,7.09166666666667,18.9111111111111
Industri_130,Remote,Laki-laki,26,S1/D4,Jawa,Pekerja,Teknisi,3,Staf,Jarang (3-4 kali dalam sebulan),1,0,0,0,0,0,1,5,5.8,5.5,5.71428571428571,4.9375,5.8,4.6,5.833333333,6,5.8,5.166666667,3.8,70,,7,23,2.3,90,0,,0,0,0,282.783333333333,28.2783333333333,10,33.3333333333333,4,4,0,33.3333333333333,0,0,1,66.6666666666667,0,1,2,23.9291666666667,0,6,3,1,0,1,1,1,1,1,1,0,1,0,1,2,3,1,2,3,1,2,3,1,0,0,0,0,0,0,0,0,0,0,Easy,Easy,Easy,Easy,Easy,Easy,Normal,Normal,Normal,Hard,45,31.4833333333333,19.0833333333333,13.1166666666667,15.5833333333333,31.2833333333333,14.7333333333333,45,22.5,45,1,0,0,0,0,1,0,0,1,1,25.6166666666667,,,,,22.65,,,15.0333333333333,32.4166666666667,0,2,2,3,2,1,3,0,1,0,0,0,0,Same,Harder,Harder,0,0,0,0,0,0,0,0,0,0,0,,0
Industri_132,Remote,Laki-laki,27,S1/D4,Luar Jawa,Pekerja,Pengawas Peron,3,Staf,Sering (3-4 kali dalam seminggu),1,0,0,1,0,0,2,5.75,5.7,4.72222222222222,4.71428571428571,4.0625,5.7,4.2,4.5,5.333333333,5.6,3.333333333,3.4,80,5,13,56,3.29411764705882,80,18.5777777777778,,0,0,2,183.166666666667,18.3166666666667,0,33.3333333333333,1,0,1,0,7,0,2,33.3333333333333,0,0,0,,0,6,4,0,1,1,1,1,1,1,1,0,0,1,1,2,3,1,2,3,1,2,3,1,0,0,0,0,0,0,0,1,1,0,Easy,Easy,Easy,Easy,Easy,Easy,Normal,Normal,Normal,Normal,19.55,23.2833333333333,11.3833333333333,9.05,16.3166666666667,4.3,14.9,42.95,31.5333333333333,9.9,0,0,0,0,0,0,0,0,0,0,,,,,,,,,,,2,2,3,3,2,3,3,0,0,3,0,0,0,Same,Harder,Same,1,1,0,0,1,0,0,4,0,0,65.3666666666667,9.33809523809524,43.5777777777778
Industri_133,Remote,Laki-laki,27,S1/D4,Jawa,Pekerja,Pelaksana IT Development Engineering,5,Staf,Sering (3-4 kali dalam seminggu),1,0,0,0,1,0,2,4.75,5.5,4.66666666666667,4.85714285714286,4.5625,5.5,5.2,4.333333333,4.5,5.2,4.166666667,4.4,100,5,15,65,4.33333333333333,40,0,,0,0,0,213.266666666667,21.3266666666667,0,0,6,6,0,0,5,0,1,66.6666666666667,1,5,0,13.9222222222222,0,3,6,1,1,1,1,1,1,1,1,1,1,1,1,2,3,1,2,3,1,2,3,1,0,0,0,0,0,0,0,0,0,0,Easy,Easy,Easy,Normal,Normal,Normal,Normal,Normal,Normal,Hard,34.45,17.05,18.4833333333333,10.75,37.9666666666667,20.9833333333333,9.65,18.9833333333333,15.4333333333333,29.5166666666667,1,0,1,0,1,1,0,0,1,1,18.0166666666667,,10.8333333333333,,15.0833333333333,12.7166666666667,,,7.68333333333333,19.2,1,2,1,3,1,1,3,2,1,1,0,0,0,Harder,Same,Harder,1,1,0,0,1,0,0,1,0,1,57,11.4,38
Industri_134,Remote,Laki-laki,24,S1/D4,Jawa,Pekerja,Pelaksana IT Development Engineering,2,Staf,Sering (3-4 kali dalam seminggu),1,0,0,1,0,0,2,5,5.3,5.72222222222222,5.78571428571429,4.4375,5.3,5.2,5.833333333,6,5.2,4.333333333,3.8,90,6,15,85,5.3125,70,8.37777777777778,,0,0,0,260.433333333333,26.0433333333333,20,0,6,6,0,33.3333333333333,6,0,0,100,0,2,4,21.775,0,3,3,4,1,0,1,1,1,1,1,1,1,1,1,2,3,1,2,3,1,2,3,1,0,0,0,0,0,0,0,0,0,0,Easy,Easy,Easy,Normal,Normal,Normal,Hard,Hard,Hard,Hard,34.4833333333333,45,15,17.3833333333333,27.8,20.1166666666667,27.3333333333333,26.6833333333333,39.8666666666667,6.76666666666667,1,1,0,0,0,1,1,1,1,0,26.5333333333333,25.85,,,,15.6,17.7666666666667,20.5833333333333,24.3166666666667,,1,0,3,2,2,1,1,1,1,3,0,0,0,Harder,Harder,Harder,1,1,0,1,1,0,1,1,0,0,57.4333333333333,9.57222222222222,38.2888888888889
Industri_135,Remote,Laki-laki,24,D1/D2/D3,Luar Jawa,Pekerja,Petugas Negative Check UPT Resor  Sintelis 8.4 Kandangan,2,Staf,Jarang (3-4 kali dalam sebulan),0,0,0,1,0,0,1,3.5,3.9,3.77777777777778,3.92857142857143,3.1875,3.9,3.2,3.5,4.333333333,3.6,2.5,3.6,80,5,13,52,3.46666666666667,60,13.6555555555556,,0,0,2,266.85,26.685,10,33.3333333333333,4,4,0,0,5,0,2,33.3333333333333,1,1,1,22.9375,0,6,4,0,0,0,1,1,1,1,1,1,1,1,1,2,3,1,2,3,1,2,3,1,1,1,0,0,0,0,0,0,0,0,Easy,Easy,Easy,Easy,Easy,Easy,Normal,Normal,Normal,Normal,37.8,50.0666666666667,45.6166666666667,39.6166666666667,17.4833333333333,4.91666666666667,12.6,35.8,12.9333333333333,10.0166666666667,0,1,0,1,0,0,0,1,1,0,,37.9166666666667,,26.4166666666667,,,,19.3,8.11666666666667,,0,0,2,1,2,3,3,1,1,3,0,0,0,Same,Harder,Same,1,1,0,1,1,0,0,1,0,0,53.4833333333333,10.6966666666667,35.6555555555556
Industri_136,Remote,Perempuan,27,S2,Jawa,Pekerja,"Pelaksana Learning Alignment, Governance, and Quality Management",1,Staf,Tidak Pernah,0,0,0,0,0,1,0,4.5,4.7,4.61111111111111,4.92857142857143,3.875,4.7,3.8,5,4.833333333,4,3.666666667,4,100,4,14,50.5,3.60714285714286,50,0,,0,0,0,178.016666666667,17.8016666666667,0,0,5,5,0,0,4,1,1,33.3333333333333,1,4,0,13.7633333333333,0,7,3,0,1,1,1,1,1,1,1,1,1,1,1,2,3,1,2,3,1,2,3,1,0,0,0,0,0,0,0,0,0,0,Easy,Easy,Easy,Easy,Easy,Easy,Normal,Normal,Normal,Easy,26.3333333333333,20.9833333333333,22.3833333333333,7.91666666666667,12.5,4.45,10.0666666666667,36.2333333333333,21.4333333333333,15.7166666666667,1,0,1,0,0,0,0,1,1,1,17.35,,12.2,,,,,15.7833333333333,16.4833333333333,7,1,2,1,3,3,3,3,1,1,1,0,0,0,Same,Harder,Easier,1,1,0,0,0,0,0,1,0,1,41.4,10.35,27.6
Industri_137,Remote,Laki-laki,24,D1/D2/D3,Luar Jawa,Pekerja,Staff,3,Staf,Selalu (Setiap Hari),1,0,1,0,0,0,2,4.5,4.9,5.27777777777778,5.5,4,4.9,5.4,5.166666667,5.166666667,4.8,4,3.2,90,3,12,48,3.69230769230769,90,8.52222222222222,,0,0,0,168.366666666667,16.8366666666667,20,33.3333333333333,3,3,0,0,3,0,3,0,1,0,1,21.3722222222222,0,10,0,0,1,0,1,1,1,1,1,1,1,1,1,2,3,1,2,3,1,2,3,1,0,0,0,0,0,0,0,0,0,0,Easy,Easy,Easy,Easy,Easy,Easy,Easy,Easy,Easy,Easy,36.6166666666667,45,4.93333333333333,5.28333333333333,14.9166666666667,5.58333333333333,35.6666666666667,11.3166666666667,3.38333333333333,5.66666666666667,1,1,0,0,0,0,1,0,0,0,25.0833333333333,8,,,,,31.0333333333333,,,,1,0,3,3,3,3,1,3,3,3,0,0,0,Same,Same,Same,1,1,0,0,0,0,1,0,0,0,31.35,10.45,20.9
Industri_138,Remote,Laki-laki,24,D1/D2/D3,Jawa,Pekerja,Staff Administrasi,2,Staf,Sering (3-4 kali dalam seminggu),1,0,0,1,0,0,2,4.5,4.8,4.11111111111111,4.35714285714286,3.8125,4.8,2.8,4.5,4.666666667,4.6,3.5,3.4,90,4,13,50.5,3.60714285714286,80,13.2555555555556,,0,0,0,191.2,19.12,10,33.3333333333333,4,3,1,0,4,0,2,33.3333333333333,0,2,0,19.9166666666667,0,6,4,0,1,1,1,1,1,1,1,0,1,1,1,2,3,1,2,3,1,2,3,1,0,0,0,0,0,0,0,0,0,0,Easy,Easy,Easy,Easy,Easy,Easy,Normal,Normal,Normal,Normal,40.75,20.0333333333333,22.3,6.75,12.4333333333333,3.35,9.98333333333333,45,18.5666666666667,12.0333333333333,1,0,1,0,0,0,0,0,1,0,32,,15.85,,,,,,11.9,,1,2,1,3,3,3,3,0,1,3,0,0,0,Same,Harder,Same,1,1,0,0,0,0,0,2,0,0,54.5833333333333,13.6458333333333,36.3888888888889
Industri_139,Remote,Laki-laki,26,D1/D2/D3,Jawa,Pekerja,Staff,2,Staf,Jarang (3-4 kali dalam sebulan),1,0,0,0,0,0,1,5,5.4,5.22222222222222,5.28571428571429,5,5.4,4.6,5.166666667,5.666666667,5.4,5.166666667,4.4,100,4,14,45,3.21428571428571,100,0,,0,0,0,150.783333333333,15.0783333333333,10,0,1,1,0,0,4,1,1,33.3333333333333,0,0,0,31.9666666666667,6,4,0,0,1,1,1,1,1,1,1,1,1,1,1,2,3,1,2,3,1,2,3,1,0,0,0,0,0,0,0,0,0,0,Easy,Easy,Easy,Very Easy,Very Easy,Very Easy,Very Easy,Very Easy,Very Easy,Easy,25.7166666666667,23.3833333333333,12.1166666666667,6.3,42.4833333333333,4.86666666666667,7.11666666666667,18.65,3.78333333333333,6.36666666666667,0,0,0,0,1,0,0,0,0,0,,,,,31.9666666666667,,,,,,2,2,3,3,1,3,3,2,3,3,0,0,0,Easier,Same,Harder,1,1,0,0,1,0,0,1,0,0,37.75,9.4375,25.1666666666667
Industri_140,Remote,Laki-laki,25,D1/D2/D3,Jawa,Pekerja,PELAKSANA PERAWATAN BANGUNAN DINAS STASIUN,3,Staf,Jarang (3-4 kali dalam sebulan),1,0,1,0,1,0,3,5.25,5.1,5.33333333333333,5.42857142857143,4.6875,5.1,4.4,5.666666667,5.666666667,5,4.833333333,4.2,90,3,12,51.5,3.96153846153846,90,11,,0,0,0,183.966666666667,18.3966666666667,10,33.3333333333333,3,3,0,0,3,0,2,33.3333333333333,0,1,1,23.7055555555556,0,6,4,0,1,1,1,1,1,1,1,0,1,1,1,2,3,1,2,3,1,2,3,1,0,0,0,0,0,0,0,0,0,0,Easy,Easy,Easy,Easy,Easy,Easy,Normal,Normal,Normal,Normal,40,21.2833333333333,11.0833333333333,13.0333333333333,11.05,3.45,11.4333333333333,45,19.5833333333333,8.05,1,0,0,0,0,0,0,1,1,0,31.3333333333333,,,,,,,27.1333333333333,12.65,,1,2,3,3,3,3,3,0,1,3,0,0,0,Same,Harder,Same,1,1,0,0,0,0,0,1,0,0,32.9833333333333,10.9944444444445,21.9888888888889
Industri_141,Remote,Perempuan,26,S1/D4,Jawa,Pekerja,Pelaksana Strategic Planning and Evaluation,1,Staf,Jarang (3-4 kali dalam sebulan),1,0,0,0,0,0,1,4.5,4.4,4.61111111111111,4.57142857142857,4.8125,4.4,3.8,4.833333333,5,5,4.666666667,4.8,100,4,14,56,4,80,0,,0,0,0,134.9,13.49,0,0,2,2,0,0,4,0,2,33.3333333333333,1,1,0,10.25,0,9,1,0,1,1,1,1,1,1,1,1,1,1,1,2,3,1,2,3,1,2,3,1,0,0,0,0,0,0,0,0,0,0,Easy,Easy,Easy,Easy,Easy,Easy,Easy,Easy,Easy,Normal,11.9333333333333,41.3833333333333,4.21666666666667,10.6333333333333,20.3833333333333,3.05,7.03333333333333,11.2333333333333,5.38333333333333,19.65,1,0,0,0,0,0,0,0,0,1,9.06666666666667,,,,,,,,,11.4333333333333,1,2,3,3,2,3,3,3,3,1,0,0,0,Same,Same,Harder,1,1,0,0,1,0,0,0,0,1,39.8333333333333,9.95833333333333,26.5555555555556
Industri_142,Remote,Perempuan,25,S1/D4,Jawa,Pekerja,Staff Finance,7,Staf,Jarang (3-4 kali dalam sebulan),0,0,0,0,0,1,0,4.25,4.6,4.77777777777778,4.92857142857143,4.1875,4.6,3.6,4.833333333,5.5,5,4.5,3,100,6,16,59.5,3.71875,50,0,,0,0,0,201.383333333333,20.1383333333333,0,0,5,5,0,0,6,0,2,33.3333333333333,0,4,1,16.4033333333333,0,6,4,0,1,1,1,1,1,1,1,1,1,1,1,2,3,1,2,3,1,2,3,1,0,0,0,0,0,0,0,0,0,0,Easy,Easy,Easy,Easy,Easy,Easy,Normal,Normal,Normal,Normal,32.5,25.1333333333333,28.05,7.11666666666667,18.6333333333333,4.06666666666667,21.6833333333333,17.2,19.8166666666667,27.1833333333333,1,0,1,0,0,0,1,0,1,1,20.6666666666667,,15.5333333333333,,,,13.5666666666667,,12.7666666666667,19.4833333333333,1,2,1,3,2,3,1,2,1,1,0,0,0,Same,Harder,Same,1,1,0,0,1,0,1,1,0,1,75.9666666666667,12.6611111111111,50.6444444444445
Industri_143,Remote,Laki-laki,27,S1/D4,Jawa,Pekerja,Contract Planning Staff,3,Staf,Sering (3-4 kali dalam seminggu),1,1,1,0,0,0,3,4.75,5.1,3.94444444444444,3.92857142857143,4.875,5.1,2.4,5,4.166666667,4.6,4.5,5.6,80,3,11,40,3.07692307692308,60,3.92222222222222,,0,0,2,141.05,14.105,0,33.3333333333333,2,2,0,0,3,1,0,66.6666666666667,0,1,1,20.3166666666667,3,6,1,0,0,1,0,1,1,1,1,1,1,1,1,2,3,1,2,3,1,2,3,1,1,0,1,0,0,0,0,0,0,0,Easy,Easy,Easy,Very Easy,Very Easy,Very Easy,Easy,Easy,Easy,Normal,11.1333333333333,35.6833333333333,16.3,9.73333333333333,28.7833333333333,4.76666666666667,8.78333333333333,10.2666666666667,4.6,11,0,1,0,0,1,0,0,0,0,0,,21.0333333333333,,,19.6,,,,,,0,1,0,3,1,3,3,3,3,3,0,0,0,Easier,Harder,Harder,1,1,0,0,1,0,0,0,0,0,23.3666666666667,7.78888888888889,15.5777777777778
Industri_144,Remote,Perempuan,26,S1/D4,Luar Jawa,Pekerja,Pelaksana Industrial Relation,2,Staf,Jarang (3-4 kali dalam sebulan),0,1,1,0,1,0,3,5.75,6,5.11111111111111,5.07142857142857,4.875,6,3.6,5.333333333,6,4.8,6,3.6,100,4,14,54,3.85714285714286,70,0,,0,0,0,176.083333333333,17.6083333333333,10,0,4,4,0,0,4,1,1,33.3333333333333,1,2,0,17.3416666666667,0,7,3,0,1,1,1,1,1,1,1,1,1,1,1,2,3,1,2,3,1,2,3,1,0,0,0,0,0,0,0,0,0,0,Easy,Easy,Easy,Easy,Easy,Easy,Normal,Normal,Normal,Easy,40.5666666666667,23.4333333333333,5.76666666666667,8.46666666666667,14.3,4,21.75,37.4166666666667,10.1,10.2833333333333,1,0,0,0,0,0,1,1,1,0,32.3,,,,,,12.6666666666667,19,5.4,,1,2,3,3,3,3,1,1,1,3,0,0,0,Same,Harder,Easier,1,1,0,0,0,0,1,1,0,0,34.65,8.6625,23.1
Industri_145,Remote,Laki-laki,24,D1/D2/D3,Luar Jawa,Pekerja,Pelaksana of Business Expansion,2,Staf,Sering (3-4 kali dalam seminggu),1,0,0,0,1,0,2,5.5,4.2,4.22222222222222,4.28571428571429,3.75,4.2,3,4,5.166666667,4.2,3,4.2,100,5,15,56,3.73333333333333,50,0,,0,0,0,196.116666666667,19.6116666666667,0,0,5,5,0,0,5,0,2,33.3333333333333,1,4,0,12.9433333333333,0,6,4,0,1,1,1,1,1,1,1,1,1,1,1,2,3,1,2,3,1,2,3,1,0,0,0,0,0,0,0,0,0,0,Easy,Easy,Easy,Easy,Easy,Easy,Normal,Normal,Normal,Normal,28.9666666666667,26.7166666666667,23,15.9833333333333,12.0166666666667,3.9,17.95,37.3166666666667,18.2833333333333,11.9833333333333,1,1,1,0,0,0,0,1,1,0,15.7833333333333,3.3,16.6833333333333,,,,,17.85,11.1,,1,1,1,2,3,3,2,1,1,3,0,0,0,Same,Harder,Same,1,1,0,1,0,0,1,1,0,0,49.9,9.98,33.2666666666667
Industri_146,Remote,Laki-laki,26,S1/D4,Luar Jawa,Pekerja,Pelaksana Station Engineering,3,Staf,Selalu (Setiap Hari),0,0,0,1,1,0,2,4.25,4.2,4.22222222222222,4.42857142857143,4.25,4.2,3.6,4.166666667,4.666666667,4.2,4.333333333,4.2,100,4,14,54,3.85714285714286,80,0,,0,0,0,197.6,19.76,20,0,4,4,0,0,4,0,2,33.3333333333333,0,2,2,22.8333333333333,0,6,4,0,1,1,1,1,1,1,1,1,1,1,1,2,3,1,2,3,1,2,3,1,0,0,0,0,0,0,0,0,0,0,Easy,Easy,Easy,Easy,Easy,Easy,Normal,Normal,Normal,Normal,37.8666666666667,17.7833333333333,17.1333333333333,6.41666666666667,10.4333333333333,3.55,6.1,43.4,27.5833333333333,27.3333333333333,1,0,0,0,0,0,0,1,1,1,29.35,,,,,,,24.5666666666667,18.4333333333333,18.9833333333333,1,2,2,3,3,3,3,1,1,1,0,0,0,Same,Harder,Same,1,1,0,0,0,0,0,1,0,1,33.6666666666667,8.41666666666667,22.4444444444444
Industri_147,Remote,Laki-laki,26,D1/D2/D3,Luar Jawa,Pekerja,PEGAWAI KAI,1,Staf,Sering (3-4 kali dalam seminggu),0,0,1,0,0,0,1,5,3.8,3.72222222222222,3.78571428571429,3.25,3.8,1,3.333333333,6,3.4,2.666666667,3.8,100,7,17,61.5,3.61764705882353,30,0,,0,0,0,126.766666666667,12.6766666666667,0,0,9,7,2,0,7,0,2,33.3333333333333,6,1,0,6.52142857142857,0,3,7,0,1,1,1,1,1,1,1,1,1,1,1,2,3,1,2,3,1,2,3,1,0,0,0,0,0,0,0,0,0,0,Easy,Easy,Easy,Normal,Normal,Normal,Normal,Normal,Normal,Normal,6.15,9.06666666666667,3.6,29.0166666666667,19.3,10.0333333333333,19.9666666666667,15,5.5,9.13333333333333,0,0,0,1,1,1,1,1,1,1,,,,17.8833333333333,3.35,4.8,8.75,2.91666666666667,2.61666666666667,5.33333333333333,3,3,3,1,1,1,1,1,1,1,0,0,0,Harder,Same,Same,0,0,0,2,1,0,1,2,0,1,70.9166666666667,10.1309523809524,47.2777777777778
Industri_148,Remote,Laki-laki,26,S1/D4,Jawa,Pekerja,Teknisi Workshop Productian and Repair,3,Staf,Sering (3-4 kali dalam seminggu),1,0,0,1,1,0,3,6,5.5,5.72222222222222,6,5.3125,5.5,6,5.166666667,6,6,4.333333333,5.8,90,1,10,71.5,6.5,90,0,,0,0,0,131.333333333333,13.1333333333333,10,0,2,2,0,33.3333333333333,1,0,0,100,0,1,1,16.5666666666667,0,3,3,4,1,1,1,1,1,1,1,1,0,1,1,2,3,1,2,3,1,2,3,1,0,0,0,0,0,0,0,0,0,0,Easy,Easy,Easy,Normal,Normal,Normal,Hard,Hard,Hard,Hard,6.18333333333333,9.05,7.96666666666667,6.98333333333333,11.95,4.78333333333333,4.76666666666667,29.8333333333333,45,4.81666666666667,0,0,0,0,0,0,0,1,1,0,,,,,,,,22.15,10.9833333333333,,3,3,3,3,3,3,3,1,0,3,0,0,0,Harder,Harder,Harder,0,0,0,0,0,0,0,1,0,0,8.2,8.2,5.46666666666667
Industri_149,Remote,Laki-laki,28,S1/D4,Jawa,Pekerja,STAF BUILDING,3,Staf,Tidak Pernah,0,0,0,0,0,1,0,5.75,4.9,4.88888888888889,4.57142857142857,2.6875,4.9,3,5.166666667,6,4.6,1.666666667,2,40,2,6,16,0.888888888888889,40,75.7777777777778,,0,0,6,147.7,14.77,0,100,3,0,3,0,8,2,1,0,0,0,0,,7,3,0,0,0,0,0,0,0,1,1,0,1,1,1,2,3,1,2,3,1,2,3,1,1,1,1,1,1,0,0,1,0,0,Easy,Easy,Easy,Very Easy,Very Easy,Very Easy,Very Easy,Very Easy,Very Easy,Very Easy,16.75,18.9166666666667,11.7666666666667,39,13.55,6.06666666666667,9.3,21.5666666666667,4.9,5.88333333333333,0,0,0,0,0,0,0,0,0,0,,,,,,,,,,,0,0,0,0,0,3,3,0,3,3,0,0,0,Easier,Easier,Same,1,1,0,1,3,0,0,2,0,0,113.666666666667,14.2083333333333,75.7777777777778
Industri_150,Remote,Laki-laki,25,S1/D4,Jawa,Pekerja,Pelaksana Bridge Maintenance,3,Staf,Sering (3-4 kali dalam seminggu),1,0,0,0,0,0,1,4.75,4.9,4.33333333333333,4.21428571428571,4.5,4.9,3.2,4.5,5,4.4,4.666666667,4.4,70,5,12,51,3.4,100,17.2888888888889,,0,0,0,235.183333333333,23.5183333333333,0,66.6666666666667,0,0,0,0,5,1,1,33.3333333333333,0,0,0,,0,7,3,0,1,0,1,1,1,1,1,0,0,1,1,2,3,1,2,3,1,2,3,1,0,0,0,0,0,0,0,0,0,0,Easy,Easy,Easy,Easy,Easy,Easy,Normal,Normal,Normal,Easy,20.1333333333333,45,15.3833333333333,25.9833333333333,16.5,3.36666666666667,11.4333333333333,45,45,7.38333333333333,0,0,0,0,0,0,0,0,0,0,,,,,,,,,,,2,0,2,2,2,3,3,0,0,3,0,0,0,Same,Harder,Easier,1,1,0,1,1,0,0,1,0,0,52.2166666666667,10.4433333333333,34.8111111111111
Industri_151,Remote,Perempuan,26,D1/D2/D3,Jawa,Pekerja,Pelaksana Administrasi Depo Kereta Bandung,4,Staf,Sering (3-4 kali dalam seminggu),0,0,0,0,1,0,1,5,5.2,5.05555555555556,5.21428571428571,4.9375,5.2,4.6,4.833333333,5.5,5.2,4.833333333,4.8,90,6,15,62.5,3.90625,40,9.04444444444444,,0,0,0,276.733333333333,27.6733333333333,10,33.3333333333333,7,7,0,0,6,0,1,66.6666666666667,0,6,1,15.5476190476191,0,6,3,1,1,0,1,1,1,1,1,1,1,1,1,2,3,1,2,3,1,2,3,1,0,0,0,0,0,0,0,0,0,0,Easy,Easy,Easy,Easy,Easy,Easy,Normal,Normal,Normal,Hard,42.7166666666667,45,21.5333333333333,8.8,41.2666666666667,5.88333333333333,28.1833333333333,38.3666666666667,22.6666666666667,22.3166666666667,1,1,1,0,0,0,1,1,1,1,25.2,12.0833333333333,15,,,,11,17.3,16.7,11.55,1,0,1,3,2,3,1,1,1,1,0,0,0,Same,Harder,Harder,1,1,0,0,1,0,1,1,0,1,66.25,11.0416666666667,44.1666666666667
Industri_152,Remote,Laki-laki,24,S1/D4,Luar Jawa,Pekerja,Calon Satuan Kerja,1,Staf,Sering (3-4 kali dalam seminggu),1,1,1,0,0,0,3,5,5.9,5.88888888888889,5.92857142857143,4.625,5.9,5.8,5.833333333,6,5.4,4.5,4,100,4,14,68,4.85714285714286,100,0,,0,0,0,160.333333333333,16.0333333333333,10,0,1,1,0,0,4,0,1,66.6666666666667,0,0,1,27.1166666666667,0,6,3,1,1,1,1,1,1,1,1,1,1,1,1,2,3,1,2,3,1,2,3,1,0,0,0,0,0,0,0,0,0,0,Easy,Easy,Easy,Easy,Easy,Easy,Normal,Normal,Normal,Hard,16.5166666666667,16.2666666666667,10.7833333333333,22.85,9.91666666666667,3.2,10.0666666666667,13.8166666666667,17.0333333333333,39.8833333333333,0,0,0,0,0,0,0,0,0,1,,,,,,,,,,27.1166666666667,2,2,3,2,3,3,3,3,2,1,0,0,0,Same,Harder,Harder,1,1,0,1,0,0,0,0,0,1,29.1166666666667,7.27916666666667,19.4111111111111
Industri_153,Remote,Laki-laki,24,S1/D4,Jawa,Pekerja,Junior Legal Specialist,3,Staf,Sering (3-4 kali dalam seminggu),1,0,0,0,0,0,1,5,4.8,4.44444444444445,4.71428571428571,4.125,4.8,3.2,4,5.666666667,4.6,3.666666667,4.2,100,3,13,38,2.92307692307692,70,0,,0,0,0,148.716666666667,14.8716666666667,0,0,3,3,0,0,3,1,1,33.3333333333333,2,1,0,8.01111111111111,6,4,0,0,1,1,1,1,1,1,1,1,1,1,1,2,3,1,2,3,1,2,3,1,0,0,0,0,0,0,0,0,0,0,Easy,Easy,Easy,Very Easy,Very Easy,Very Easy,Very Easy,Very Easy,Very Easy,Easy,21.7666666666667,39.6333333333333,13.5,12.1,25.4333333333333,5.48333333333333,7.63333333333333,12.2666666666667,3.71666666666667,7.18333333333333,1,1,1,0,0,0,0,0,0,0,11.6666666666667,8.4,3.96666666666667,,,,,,,,1,1,1,3,2,3,3,3,3,3,0,0,0,Easier,Same,Harder,1,1,0,0,1,0,0,0,0,0,25.5833333333333,8.52777777777778,17.0555555555556
Industri_154,Remote,Perempuan,23,D1/D2/D3,Luar Jawa,Pekerja,Staff Marcom,3,Staf,Jarang (3-4 kali dalam sebulan),0,0,0,0,1,0,1,6,6,5.44444444444445,5.64285714285714,4.5,6,5,5.166666667,6,6,3.666666667,4,100,4,14,51.5,3.67857142857143,70,0,,0,0,0,149.65,14.965,10,0,4,4,0,0,4,0,2,33.3333333333333,0,3,0,18.1083333333333,0,9,1,0,1,1,1,1,1,1,1,1,1,1,1,2,3,1,2,3,1,2,3,1,0,0,0,0,0,0,0,0,0,0,Easy,Easy,Easy,Easy,Easy,Easy,Easy,Easy,Easy,Normal,39.4,17.05,23.9333333333333,19.0666666666667,11.25,3.53333333333333,6.05,10.45,2.56666666666667,16.35,1,0,1,1,0,0,0,0,0,1,31.0333333333333,,19.6333333333333,11.55,,,,,,10.2166666666667,1,2,1,1,3,3,3,3,3,1,0,0,0,Same,Same,Harder,1,1,0,1,0,0,0,0,0,1,30.5166666666667,7.62916666666667,20.3444444444444
Industri_156,Remote,Laki-laki,27,S1/D4,Jawa,Pekerja,Safety Standard Officer,5,Staf,Sering (3-4 kali dalam seminggu),1,0,1,0,1,0,3,6,6,5.94444444444445,6,5.3125,6,6,5.833333333,6,6,5.666666667,4.2,80,3,11,46.5,3.57692307692308,100,9.98888888888889,,0,0,0,177.066666666667,17.7066666666667,10,33.3333333333333,2,2,0,0,3,0,2,33.3333333333333,0,0,2,27,0,9,1,0,0,0,1,1,1,1,1,1,1,1,1,2,3,1,2,3,1,2,3,1,0,0,0,0,0,0,0,0,0,0,Easy,Easy,Easy,Easy,Easy,Easy,Easy,Easy,Easy,Normal,45,45,34.8166666666667,7.05,15.5,3.26666666666667,5.71666666666667,8.65,2.83333333333333,9.23333333333333,0,1,1,0,0,0,0,0,0,0,,27.7666666666667,26.2333333333333,,,,,,,,0,0,1,3,2,3,3,3,3,3,0,0,0,Same,Same,Harder,1,1,0,0,1,0,0,0,0,0,26.8666666666667,8.95555555555556,17.9111111111111
Industri_157,Remote,Laki-laki,22,S1/D4,Jawa,Pekerja,Pelaksana IT Development Engineering,1,Staf,Sering (3-4 kali dalam seminggu),1,0,0,1,1,0,3,5,5.4,5.33333333333333,5.35714285714286,5.0625,5.4,5.2,5.166666667,5.666666667,5.4,5.333333333,4.4,80,8,16,43.5,2.07142857142857,30,17.0444444444444,,0,0,2,195.216666666667,19.5216666666667,0,66.6666666666667,10,5,5,0,11,1,1,33.3333333333333,3,2,0,8.85666666666667,0,7,3,0,1,1,0,1,1,1,1,0,1,1,1,2,3,1,2,3,1,2,3,1,0,0,1,0,0,0,0,1,0,0,Easy,Easy,Easy,Easy,Easy,Easy,Normal,Normal,Normal,Easy,22.3166666666667,35.4333333333333,17.3,6.9,18.0333333333333,11.4666666666667,16.1333333333333,40.4166666666667,20.2833333333333,6.93333333333333,1,0,0,1,0,0,1,0,1,1,19.7833333333333,,,1.66666666666667,,,8.66666666666667,,12.85,1.31666666666667,1,2,0,1,2,3,1,0,1,1,0,0,0,Same,Harder,Easier,2,0,0,2,1,0,1,3,0,2,99.1333333333333,9.01212121212121,66.0888888888889
Industri_158,Remote,Perempuan,23,D1/D2/D3,Luar Jawa,Pekerja,IT Strategic Planning and Budgeting,2,Staf,Tidak Pernah,1,0,0,0,0,0,1,4.75,5,5.38888888888889,5.5,4.5,5,4.8,5.666666667,5.5,4.6,4.333333333,4.6,50,3,8,26,1.44444444444444,50,74.1222222222222,,0,0,5,150.166666666667,15.0166666666667,0,100,2,0,2,0,8,3,0,0,0,0,0,,7,3,0,0,0,0,1,1,0,1,0,0,1,1,1,2,3,1,2,3,1,2,3,1,1,1,0,0,1,0,1,1,0,0,Easy,Easy,Easy,Very Easy,Very Easy,Very Easy,Very Easy,Very Easy,Very Easy,Very Easy,14.25,62.1833333333333,5.31666666666667,24.0833333333333,5.18333333333333,12.5166666666667,7.91666666666667,7.6,3.76666666666667,7.35,0,0,0,0,0,0,0,0,0,0,,,,,,,,,,,0,0,3,2,0,3,0,0,3,3,0,0,0,Easier,Easier,Easier,1,2,0,1,2,0,1,1,0,0,121.116666666667,15.1395833333333,80.7444444444444
Industri_159,Remote,Laki-laki,26,S1/D4,Luar Jawa,Pekerja,Pengawas Stasiun LRT Ciliwung,3,Staf,Selalu (Setiap Hari),1,1,0,0,0,0,2,5,4.9,5.66666666666667,5.57142857142857,4.8125,4.9,4.8,6,6,4.8,5.166666667,4.4,80,4,12,53,3.78571428571429,60,29.9666666666667,,0,4,0,206.583333333333,20.6583333333333,0,0,6,6,0,33.3333333333333,4,0,1,66.6666666666667,2,2,0,20.6222222222222,0,6,3,1,1,1,1,1,1,1,1,0,1,0,1,2,3,1,2,3,1,2,3,1,0,0,0,0,0,0,0,0,0,0,Easy,Easy,Easy,Easy,Easy,Easy,Normal,Normal,Normal,Hard,21.9666666666667,30.95,7.83333333333333,5.83333333333333,13.55,3.31666666666667,7.08333333333333,45,26.05,45,1,1,1,0,0,0,0,1,1,1,5.85,14.3666666666667,4.46666666666667,,,,,40.9833333333333,19.3,38.7666666666667,1,1,1,3,3,3,3,0,1,0,0,0,0,Same,Harder,Harder,1,1,0,0,0,0,0,1,0,1,61.7833333333333,15.4458333333333,41.1888888888889
Industri_162,Remote,Laki-laki,26,D1/D2/D3,Luar Jawa,Pekerja,Petugas Sinyal dan Telekomunikasi,4,Staf,Tidak Pernah,0,0,0,0,0,1,0,4.25,4.8,4.44444444444445,4.35714285714286,4.625,4.8,3.6,4.5,5,4.6,4.833333333,4.4,100,4,14,57,4.07142857142857,100,0,,0,0,0,160.1,16.01,0,0,0,0,0,0,4,0,3,0,0,0,0,,0,10,0,0,1,1,1,1,1,1,1,1,1,1,1,2,3,1,2,3,1,2,3,1,0,0,0,0,0,0,0,0,0,0,Easy,Easy,Easy,Easy,Easy,Easy,Easy,Easy,Easy,Easy,32.6333333333333,27.4,13.8166666666667,19.4,31.1166666666667,5.98333333333333,6.76666666666667,11.7833333333333,4.43333333333333,6.76666666666667,0,0,0,0,0,0,0,0,0,0,,,,,,,,,,,2,2,3,2,2,3,3,3,3,3,0,0,0,Same,Same,Same,1,1,0,1,1,0,0,0,0,0,44.2333333333333,11.0583333333333,29.4888888888889
Industri_163,Remote,Laki-laki,26,S1/D4,Jawa,Pekerja,Junior Specialist of Non Train Crew Operation Support,7,Supervisor,Sering (3-4 kali dalam seminggu),1,1,0,0,0,0,2,5,5.6,5,4.92857142857143,5,5.6,4.4,5.5,5,5.4,4.833333333,4.8,90,4,13,54.5,3.89285714285714,70,9.24444444444445,,0,0,0,205.816666666667,20.5816666666667,10,33.3333333333333,4,4,0,0,4,0,2,33.3333333333333,2,1,1,13.4458333333333,0,3,7,0,1,1,1,1,0,1,1,1,1,1,1,2,3,1,2,3,1,2,3,1,0,0,0,0,0,0,0,0,0,0,Easy,Easy,Easy,Normal,Normal,Normal,Normal,Normal,Normal,Normal,28.35,13,9.63333333333333,37.5666666666667,45,21.15,12.2333333333333,21.2166666666667,8.75,8.91666666666667,0,0,0,1,0,1,0,1,1,0,,,,27.3333333333333,,17.6166666666667,,2.6,6.23333333333333,,2,3,3,1,0,1,3,1,1,3,0,0,0,Harder,Same,Same,1,0,0,1,1,0,0,1,0,0,41,10.25,27.3333333333333
Industri_165,Remote,Laki-laki,26,S1/D4,Jawa,Pekerja,Investor Relations,2,Staf,Sering (3-4 kali dalam seminggu),1,0,0,1,0,0,2,5.25,5.3,4.72222222222222,4.92857142857143,5.375,5.3,4.4,4.166666667,5.333333333,5.6,5.333333333,5.2,100,4,14,51.5,3.67857142857143,50,0,,0,0,0,222.45,22.245,10,0,6,6,0,0,4,0,2,33.3333333333333,2,2,1,17.4944444444444,0,6,4,0,1,1,1,1,1,1,1,1,1,1,1,2,3,1,2,3,1,2,3,1,0,0,0,0,0,0,0,0,0,0,Easy,Easy,Easy,Easy,Easy,Easy,Normal,Normal,Normal,Normal,13.8166666666667,37.3333333333333,17.1166666666667,9.15,14.05,3.58333333333333,43.25,39.4666666666667,15.1833333333333,29.5,0,1,1,0,0,0,1,1,1,1,,18.9,8.48333333333333,,,,34.45,14.0666666666667,7.75,21.3166666666667,3,1,1,3,3,3,1,1,1,1,0,0,0,Same,Harder,Same,0,1,0,0,0,0,1,1,0,1,41.75,10.4375,27.8333333333333
Industri_166,Remote,Laki-laki,28,S1/D4,Jawa,Pekerja,Dokter Fungsional 3,5,Supervisor,Sering (3-4 kali dalam seminggu),1,1,0,0,0,0,2,5,5.3,5,5,4.3125,5.3,4.2,5.333333333,5.333333333,5.2,4.166666667,3.6,100,2,12,48,4,80,0,,0,0,0,109.366666666667,10.9366666666667,0,0,2,2,0,0,2,0,2,33.3333333333333,0,2,0,14.8833333333333,0,9,1,0,1,1,1,1,1,1,1,1,1,1,1,2,3,1,2,3,1,2,3,1,0,0,0,0,0,0,0,0,0,0,Easy,Easy,Easy,Easy,Easy,Easy,Easy,Easy,Easy,Normal,25.9666666666667,20.8,14.4833333333333,7.83333333333333,9.1,3.68333333333333,6.43333333333333,8.73333333333333,2.61666666666667,9.71666666666667,1,0,1,0,0,0,0,0,0,0,18.5166666666667,,11.25,,,,,,,,1,2,1,3,3,3,3,3,3,3,0,0,0,Same,Same,Harder,1,1,0,0,0,0,0,0,0,0,15.4666666666667,7.73333333333333,10.3111111111111
Industri_167,Remote,Perempuan,24,D1/D2/D3,Jawa,Pekerja,Pelaksana Rolling Stock Assets Control and Evaluation,2,Staf,Sering (3-4 kali dalam seminggu),1,0,1,0,1,0,3,4,4.7,4.11111111111111,4.21428571428571,4.5625,4.7,3,4.333333333,4.666666667,4.4,4.666666667,4.6,100,5,15,72.5,4.83333333333333,80,0,,0,0,0,177,17.7,10,0,3,3,0,0,5,0,1,66.6666666666667,0,1,1,22.8333333333333,0,3,6,1,1,1,1,1,1,1,1,1,1,1,1,2,3,1,2,3,1,2,3,1,0,0,0,0,0,0,0,0,0,0,Easy,Easy,Easy,Normal,Normal,Normal,Normal,Normal,Normal,Hard,7.95,17.7666666666667,4.4,11.6666666666667,18.7666666666667,25.1166666666667,18.4666666666667,15.2,17.6166666666667,40.05,0,0,0,0,0,1,0,0,1,1,,,,,,20.3833333333333,,,14.2166666666667,33.9,3,2,3,3,2,1,2,2,1,1,0,0,0,Harder,Same,Harder,0,1,0,0,1,0,1,1,0,1,57.5166666666667,11.5033333333333,38.3444444444444
Industri_168,Remote,Perempuan,24,D1/D2/D3,Jawa,Pekerja,Calon Satuan Kerja UPT Resor Jalan Rel 8.15 Bangil,1,Staf,Jarang (3-4 kali dalam sebulan),0,0,0,0,1,0,1,5,4.9,4.88888888888889,5.28571428571429,4.5,4.9,4,4.666666667,5.666666667,4.8,4.5,4.2,80,3,11,42,3.23076923076923,100,64.9222222222222,,0,0,0,215.316666666667,21.5316666666667,10,66.6666666666667,2,1,1,0,3,1,1,33.3333333333333,0,0,1,29.35,0,7,3,0,1,0,1,1,1,1,1,0,1,1,1,2,3,1,2,3,1,2,3,1,0,0,0,0,0,0,0,0,0,0,Easy,Easy,Easy,Easy,Easy,Easy,Normal,Normal,Normal,Easy,28.0166666666667,45,8.1,6.11666666666667,11.7833333333333,4.25,22.25,45,36.45,8.35,0,0,0,0,0,0,0,0,1,0,,,,,,,,,29.35,,2,0,3,3,3,3,2,0,1,3,0,0,0,Same,Harder,Easier,0,1,0,0,0,0,0,2,0,0,114.366666666667,38.1222222222222,76.2444444444445
Industri_169,Remote,Perempuan,26,D1/D2/D3,Jawa,Pekerja,Staff External Sourcing,3,Staf,Jarang (3-4 kali dalam sebulan),0,0,0,0,1,0,1,4.75,5.4,5.44444444444445,5.64285714285714,4.5625,5.4,5,5.5,5.666666667,5.2,4.5,4,80,9,17,67.5,3.55263157894737,70,23.8444444444444,,0,0,0,226.25,22.625,0,33.3333333333333,8,5,3,0,9,0,2,33.3333333333333,0,1,3,23.6233333333333,0,3,7,0,1,1,1,0,0,1,1,1,1,1,1,2,3,1,2,3,1,2,3,1,0,0,0,0,0,0,0,0,0,0,Easy,Easy,Easy,Normal,Normal,Normal,Normal,Normal,Normal,Normal,9.43333333333333,11.7833333333333,4.63333333333333,45,45,24.65,31.4833333333333,38.15,6.35,9.76666666666667,0,0,0,1,1,1,1,1,0,0,,,,36.6166666666667,22.0166666666667,16.9833333333333,21.4833333333333,21.0166666666667,,,3,3,3,0,0,1,1,1,3,3,0,0,0,Harder,Same,Same,0,0,0,1,2,0,2,4,0,0,123.716666666667,13.7462962962963,82.4777777777778
Industri_170,Remote,Laki-laki,28,S1/D4,Luar Jawa,Pekerja,Petugas Langsir,3,Staf,Sering (3-4 kali dalam seminggu),0,0,0,1,0,0,1,4.75,4.7,4.66666666666667,4.78571428571429,4.125,4.7,5,4,5,4.8,3.333333333,4.4,100,,10,29,2.9,60,0,,0,0,0,186.05,18.605,10,0,5,5,0,0,0,0,2,33.3333333333333,2,0,3,15.8633333333333,0,6,4,0,1,1,1,1,1,1,1,1,1,1,1,2,3,1,2,3,1,2,3,1,0,0,0,0,0,0,0,0,0,0,Easy,Easy,Easy,Easy,Easy,Easy,Normal,Normal,Normal,Normal,16.1666666666667,32.7,25.0333333333333,5.85,11.75,2.96666666666667,28.5,38.2,10.5666666666667,14.3166666666667,0,0,1,0,0,0,1,1,1,1,,,21.45,,,,21.5166666666667,22.75,5.4,8.2,2,2,1,3,3,3,1,1,1,1,0,0,0,Same,Harder,Same,0,0,0,0,0,0,0,0,0,0,0,,0
Industri_171,Remote,Perempuan,25,S1/D4,Jawa,Pekerja,Pelaksana General and Digital Documents and Archives,1,Staf,Jarang (3-4 kali dalam sebulan),0,1,1,0,0,0,2,4.75,4.6,4.38888888888889,4.42857142857143,4.1875,4.6,4.2,4.166666667,4.666666667,4.4,4.166666667,4,100,3,13,51,3.92307692307692,80,0,,0,0,0,116.266666666667,11.6266666666667,0,0,2,2,0,0,3,0,2,33.3333333333333,1,1,0,11.5666666666667,0,9,1,0,1,1,1,1,1,1,1,1,1,1,1,2,3,1,2,3,1,2,3,1,0,0,0,0,0,0,0,0,0,0,Easy,Easy,Easy,Easy,Easy,Easy,Easy,Easy,Easy,Normal,20.8833333333333,19.15,19.9666666666667,7.63333333333333,15.2333333333333,3.93333333333333,6,12.1,3.7,7.66666666666667,1,0,1,0,0,0,0,0,0,0,9.1,,14.0333333333333,,,,,,,,1,2,1,3,2,3,3,3,3,3,0,0,0,Same,Same,Harder,1,1,0,0,1,0,0,0,0,0,25.6166666666667,8.53888888888889,17.0777777777778
Industri_172,Remote,Laki-laki,26,D1/D2/D3,Jawa,Pekerja,Petugas Negative Check,3,Staf,Jarang (3-4 kali dalam sebulan),0,0,0,1,0,0,1,5.25,5,4.61111111111111,4.57142857142857,4.3125,5,3.6,5.166666667,5,4.6,4.833333333,3.4,90,7,16,60.5,3.55882352941176,60,8.05555555555556,,0,0,0,220.85,22.085,0,33.3333333333333,5,5,0,0,7,1,1,33.3333333333333,1,3,1,13.62,0,7,3,0,1,0,1,1,1,1,1,1,1,1,1,2,3,1,2,3,1,2,3,1,0,0,0,0,0,0,0,0,0,0,Easy,Easy,Easy,Easy,Easy,Easy,Normal,Normal,Normal,Easy,28.6166666666667,45,12.7333333333333,27.7666666666667,18.05,3.7,18.2666666666667,23.8333333333333,18.55,24.3333333333333,0,1,0,1,0,0,1,0,1,1,,22.0166666666667,,14.5333333333333,,,7.63333333333333,,11.3333333333333,12.5833333333333,2,0,3,1,2,3,1,2,1,1,0,0,0,Same,Harder,Easier,1,1,0,1,1,0,1,1,0,1,83.0833333333333,11.8690476190476,55.3888888888889
Industri_173,Remote,Laki-laki,26,D1/D2/D3,Luar Jawa,Pekerja,TEKNISI MEKANIK,4,Staf,Selalu (Setiap Hari),1,1,1,0,0,0,3,5.75,5.9,5.44444444444445,5.57142857142857,4.9375,5.9,5.6,4.833333333,5.833333333,5.6,4.5,4.8,70,6,13,73,4.29411764705882,90,17.5777777777778,,0,0,0,262.166666666667,26.2166666666667,10,33.3333333333333,8,5,3,33.3333333333333,7,0,1,66.6666666666667,1,0,4,21.8033333333333,0,3,3,4,1,1,1,1,0,1,0,1,0,1,1,2,3,1,2,3,1,2,3,1,0,0,0,0,0,0,0,0,0,0,Easy,Easy,Easy,Normal,Normal,Normal,Hard,Hard,Hard,Hard,22.4,44.1333333333333,6.58333333333333,10.0666666666667,45,11.5333333333333,45,10.3666666666667,45,22.0833333333333,0,1,0,0,1,0,1,1,1,0,,25.3833333333333,,,26.4666666666667,,29.0833333333333,2.78333333333333,25.3,,2,1,3,3,0,3,0,1,0,2,0,0,0,Harder,Harder,Same,0,0,0,0,3,0,1,3,0,0,94.3166666666667,13.4738095238095,62.8777777777778
Industri_174,Remote,Laki-laki,24,D1/D2/D3,Jawa,Pekerja,teknisi kereta api,2,Staf,Jarang (3-4 kali dalam sebulan),1,0,0,0,0,0,1,5.25,4.8,4.05555555555556,4.14285714285714,4.6875,4.8,3.8,4.166666667,4.166666667,5,4.166666667,5,40,2,6,24.5,1.88461538461539,100,47.7111111111111,,0,0,0,376.15,37.615,0,33.3333333333333,0,0,0,66.6666666666667,3,1,0,66.6666666666667,0,0,0,,0,3,4,3,1,0,1,1,0,0,0,0,0,1,1,2,3,1,2,3,1,2,3,1,0,0,0,0,0,0,0,0,0,0,Easy,Easy,Easy,Normal,Normal,Normal,Hard,Hard,Hard,Normal,35.5666666666667,45,15.7666666666667,26.25,45,45,45,45,45,28.5666666666667,0,0,0,0,0,0,0,0,0,0,,,,,,,,,,,2,0,2,2,0,0,0,0,0,2,0,0,0,Harder,Harder,Easier,0,1,0,0,1,0,1,0,0,0,71.5666666666667,23.8555555555556,47.7111111111111
Industri_175,Remote,Laki-laki,27,D1/D2/D3,Luar Jawa,Pekerja,Operator Kereta Pemeliharaan Jalan Rel,3,Supervisor,Sering (3-4 kali dalam seminggu),1,1,0,0,0,0,2,5.25,5.2,4.66666666666667,4.92857142857143,4.125,5.2,4.2,4,5.666666667,5,4.166666667,3.2,90,4,13,56,4,100,8.92222222222222,,0,0,0,223.666666666667,22.3666666666667,20,33.3333333333333,3,3,0,0,4,0,2,33.3333333333333,0,0,2,26.1833333333333,0,6,4,0,1,0,1,1,1,1,1,1,1,1,1,2,3,1,2,3,1,2,3,1,0,0,0,0,0,0,0,0,0,0,Easy,Easy,Easy,Easy,Easy,Easy,Normal,Normal,Normal,Normal,31.2,45,6,12.0833333333333,14.4333333333333,4.75,9.96666666666667,38.7166666666667,31.7333333333333,29.7833333333333,0,1,0,0,0,0,0,1,1,0,,31.9833333333333,,,,,,23.2,23.3666666666667,,2,0,3,3,3,3,3,1,1,2,0,0,0,Same,Harder,Same,1,1,0,0,0,0,0,1,0,1,42.5333333333333,10.6333333333333,28.3555555555556
Industri_176,Remote,Laki-laki,27,S1/D4,Jawa,Pekerja,Pelaksana Business Expansion and Partnership,2,Staf,Jarang (3-4 kali dalam sebulan),1,0,0,1,0,0,2,4.75,4.9,4.55555555555556,4.57142857142857,4.4375,4.9,2.4,5.5,5.333333333,4.6,5,3.6,90,4,13,52,3.71428571428571,100,4.81111111111111,,0,0,0,211.733333333333,21.1733333333333,20,33.3333333333333,3,3,0,0,4,0,2,33.3333333333333,0,0,3,27.5611111111111,0,9,1,0,0,1,1,1,1,1,1,1,1,1,1,2,3,1,2,3,1,2,3,1,0,0,0,0,0,0,0,0,0,0,Easy,Easy,Easy,Easy,Easy,Easy,Easy,Easy,Easy,Normal,45,36.75,33.1666666666667,36.6833333333333,11.4833333333333,3.76666666666667,8.15,13.0833333333333,4.95,18.7,1,0,1,1,0,0,0,0,0,0,26.1,,28.4166666666667,28.1666666666667,,,,,,,0,2,1,1,3,3,3,3,3,2,0,0,0,Same,Same,Harder,1,1,0,1,0,0,0,0,0,1,34.0333333333333,8.50833333333333,22.6888888888889
Industri_177,Remote,Perempuan,28,S1/D4,Jawa,Pekerja,Staf CMIR,2,Staf,Jarang (3-4 kali dalam sebulan),0,0,0,0,1,0,1,4.25,4.6,4.83333333333333,4.92857142857143,4.25,4.6,3.4,5.166666667,5.5,4.2,4.5,4,40,4,8,21.5,1.26470588235294,40,46.7777777777778,,0,4,3,224.35,22.435,0,100,9,4,5,0,7,3,0,0,1,1,2,16.0833333333333,7,3,0,0,0,0,1,0,0,1,0,1,1,0,1,2,3,1,2,3,1,2,3,1,0,0,0,1,1,0,0,0,0,1,Easy,Easy,Easy,Very Easy,Very Easy,Very Easy,Very Easy,Very Easy,Very Easy,Very Easy,45,45,6.06666666666667,19.2666666666667,23.5,6.33333333333333,45,16.4666666666667,3.66666666666667,14.05,1,1,0,0,0,0,1,1,0,0,25.4833333333333,20.9666666666667,,,,,11.5,6.38333333333333,,,0,0,3,0,0,3,0,1,3,0,0,0,0,Easier,Easier,Easier,2,1,0,2,0,0,0,2,0,0,125.2,17.8857142857143,83.4666666666667
Industri_178,Remote,Laki-laki,27,S1/D4,Luar Jawa,Pekerja,Junior Legal Specialist,3,Supervisor,Tidak Pernah,0,0,0,0,0,1,0,5.25,4.7,4.44444444444445,4.78571428571429,4.625,4.7,4.8,4.166666667,4.333333333,5.4,4.166666667,4.4,100,4,14,56,4,90,0,,0,0,0,112.066666666667,11.2066666666667,10,0,2,2,0,0,4,0,2,33.3333333333333,1,0,1,14.525,0,9,1,0,1,1,1,1,1,1,1,1,1,1,1,2,3,1,2,3,1,2,3,1,0,0,0,0,0,0,0,0,0,0,Easy,Easy,Easy,Easy,Easy,Easy,Easy,Easy,Easy,Normal,29.4666666666667,18.9166666666667,5.51666666666667,6.06666666666667,9.41666666666667,2.98333333333333,5.96666666666667,19.3666666666667,2.76666666666667,11.6,1,0,0,0,0,0,0,0,0,1,25.1166666666667,,,,,,,,,3.93333333333333,1,2,3,3,3,3,3,2,3,1,0,0,0,Same,Same,Harder,1,1,0,0,0,0,0,1,0,1,29.6333333333333,7.40833333333333,19.7555555555556
Industri_179,Remote,Laki-laki,26,S1/D4,Luar Jawa,Pekerja,Junior Legal Specialist,3,Supervisor,Tidak Pernah,0,0,0,0,0,1,0,5,4.4,3.05555555555556,2.78571428571429,3.75,4.4,1,4.166666667,3.833333333,3.6,3.5,4.2,100,1,11,69.5,6.31818181818182,70,0,,0,0,0,91.7833333333333,9.17833333333333,0,0,3,3,0,0,1,0,1,66.6666666666667,2,1,0,10.3444444444444,0,3,3,4,1,1,1,1,1,1,1,1,1,1,1,2,3,1,2,3,1,2,3,1,0,0,0,0,0,0,0,0,0,0,Easy,Easy,Easy,Normal,Normal,Normal,Hard,Hard,Hard,Hard,5.3,8.91666666666667,2.91666666666667,11.9,10,12.3166666666667,5.75,7.75,23.3333333333333,3.6,0,0,0,1,0,1,0,0,1,0,,,,6.16666666666667,,5.9,,,18.9666666666667,,3,3,3,1,3,1,3,3,1,3,0,0,0,Harder,Harder,Same,0,0,0,1,0,0,0,0,0,0,5.98333333333333,5.98333333333333,3.98888888888889
Industri_180,Remote,Laki-laki,25,S1/D4,Jawa,Pekerja,Staff Data and Evaluation,1,Staf,Jarang (3-4 kali dalam sebulan),1,0,0,0,0,0,1,4.75,4.8,4.33333333333333,4.78571428571429,4.375,4.8,4.6,3.5,4.666666667,5,3.666666667,4.6,100,4,14,49.5,3.53571428571429,60,0,,0,0,0,134.283333333333,13.4283333333333,0,0,4,4,0,0,4,0,3,0,3,1,0,8.85416666666667,0,10,0,0,1,1,1,1,1,1,1,1,1,1,1,2,3,1,2,3,1,2,3,1,0,0,0,0,0,0,0,0,0,0,Easy,Easy,Easy,Easy,Easy,Easy,Easy,Easy,Easy,Easy,31.0833333333333,19.2833333333333,13.6833333333333,12.6,13.8666666666667,3.53333333333333,17.5666666666667,13.3666666666667,3.78333333333333,5.51666666666667,1,0,1,1,0,0,1,0,0,0,15.55,,5.63333333333333,6.38333333333333,,,7.85,,,,1,2,1,1,3,3,1,3,3,3,0,0,0,Same,Same,Same,1,1,0,1,0,0,1,0,0,0,26.9166666666667,6.72916666666667,17.9444444444444
Industri_181,Remote,Perempuan,24,S1/D4,Jawa,Pekerja,Junior Specialist of Management Trainee Program,1,Supervisor,Jarang (3-4 kali dalam sebulan),0,0,0,0,0,1,0,6,6,6,6,5.6875,6,6,6,6,6,6,5,100,4,14,61.5,4.39285714285714,100,0,,0,0,0,190.116666666667,19.0116666666667,0,0,0,0,0,0,4,0,2,33.3333333333333,0,0,0,,0,6,4,0,1,1,1,1,1,1,1,1,1,1,1,2,3,1,2,3,1,2,3,1,0,0,0,0,0,0,0,0,0,0,Easy,Easy,Easy,Easy,Easy,Easy,Normal,Normal,Normal,Normal,29.1333333333333,35.3833333333333,16.45,6.68333333333333,12.1333333333333,5.01666666666667,15.45,40.25,17.35,12.2666666666667,0,0,0,0,0,0,0,0,0,0,,,,,,,,,,,2,2,2,3,3,3,2,2,2,3,0,0,0,Same,Harder,Same,1,1,0,0,0,0,1,1,0,0,43.9833333333333,10.9958333333333,29.3222222222222
Industri_182,Remote,Laki-laki,28,S1/D4,Luar Jawa,Pekerja,Technical Staff,8,Staf,Jarang (3-4 kali dalam sebulan),0,0,0,1,1,0,2,5.25,4.8,5.11111111111111,5.35714285714286,4.5,4.8,4.4,5,5.666666667,5,3.333333333,5.4,80,7,15,79,4.38888888888889,80,14.5777777777778,,0,0,1,253.1,25.31,10,33.3333333333333,7,3,4,33.3333333333333,8,1,0,66.6666666666667,0,0,1,29.4166666666667,0,3,4,3,0,1,1,1,1,1,1,0,1,1,1,2,3,1,2,3,1,2,3,1,1,0,0,0,0,0,0,0,0,0,Easy,Easy,Easy,Normal,Normal,Normal,Hard,Hard,Hard,Normal,20.3,21.85,10.8166666666667,29.4333333333333,26.6166666666667,14.3666666666667,42.9,45,32.75,9.06666666666667,0,0,0,0,0,0,1,1,1,0,,,,,,,35.2166666666667,32.1833333333333,20.85,,0,3,3,2,2,3,1,0,1,3,0,0,0,Harder,Harder,Easier,2,0,0,1,1,0,2,2,0,0,112.583333333333,14.0729166666667,75.0555555555556
Industri_183,Remote,Perempuan,24,D1/D2/D3,Luar Jawa,Pekerja,IT Data Protection and Privacy,2,Staf,Jarang (3-4 kali dalam sebulan),1,0,0,0,0,0,1,5.25,4.8,4.83333333333333,4.71428571428571,4.6875,4.8,3,5.166666667,5.833333333,4,5.333333333,4.6,60,1,7,25.5,1.96153846153846,70,27.1222222222222,,0,0,3,198.633333333333,19.8633333333333,0,100,0,0,0,0,3,1,2,0,0,0,0,,7,3,0,0,0,1,0,1,0,1,1,0,1,1,1,2,3,1,2,3,1,2,3,1,1,0,0,0,1,0,0,1,0,0,Easy,Easy,Easy,Very Easy,Very Easy,Very Easy,Very Easy,Very Easy,Very Easy,Very Easy,34.95,37.3333333333333,45,14.2666666666667,18.7666666666667,4.8,5.88333333333333,22.0666666666667,4.75,10.8166666666667,0,0,0,0,0,0,0,0,0,0,,,,,,,,,,,0,2,0,3,0,3,3,0,3,3,0,0,0,Easier,Same,Same,1,1,0,0,0,0,0,1,0,0,62.6666666666667,20.8888888888889,41.7777777777778
Industri_184,Remote,Laki-laki,23,D1/D2/D3,Jawa,Pekerja,CALON MASINIS DAOP 2 BANDUNG,2,Staf,Jarang (3-4 kali dalam sebulan),0,1,0,0,0,0,1,5.25,5,5.61111111111111,5.78571428571429,4.75,5,5.8,5,6,5.2,4.166666667,5,100,4,14,59.5,4.25,100,0,,0,0,0,150.783333333333,15.0783333333333,10,0,1,1,0,0,4,1,1,33.3333333333333,0,0,1,24.2666666666667,0,7,3,0,1,1,1,1,1,1,1,1,1,1,1,2,3,1,2,3,1,2,3,1,0,0,0,0,0,0,0,0,0,0,Easy,Easy,Easy,Easy,Easy,Easy,Normal,Normal,Normal,Easy,22.4333333333333,20.5833333333333,4.75,7.95,9.85,3.03333333333333,17.6666666666667,31,27.9,5.61666666666667,0,0,0,0,0,0,0,0,1,0,,,,,,,,,24.2666666666667,,2,2,3,3,3,3,2,2,1,3,0,0,0,Same,Harder,Easier,1,1,0,0,0,0,1,1,0,0,40.9666666666667,10.2416666666667,27.3111111111111
Industri_185,Remote,Laki-laki,24,S1/D4,Jawa,Pekerja,Pelaksana,0,Staf,Jarang (3-4 kali dalam sebulan),0,0,0,1,0,0,1,4,4.4,4.44444444444445,4.5,4.625,4.4,2.2,5.166666667,5.333333333,3.8,5,5,40,5,9,30.5,1.60526315789474,40,82.0555555555555,,0,5,6,128.333333333333,12.8333333333333,0,33.3333333333333,2,0,2,66.6666666666667,9,1,0,66.6666666666667,0,0,0,,3,6,1,0,0,0,0,1,0,1,0,1,1,0,1,2,3,1,2,3,1,2,3,1,1,1,1,0,1,0,1,0,0,1,Easy,Easy,Easy,Very Easy,Very Easy,Very Easy,Easy,Easy,Easy,Normal,18.7166666666667,24.55,11.9666666666667,11.8833333333333,12.6333333333333,7.41666666666667,16.45,15.45,4.13333333333333,5.13333333333333,0,0,0,0,0,0,0,0,0,0,,,,,,,,,,,0,0,0,3,0,3,0,3,3,0,0,0,0,Easier,Harder,Harder,1,1,0,0,2,0,3,0,0,2,123.083333333333,13.6759259259259,82.0555555555555
Industri_186,Remote,Perempuan,26,S1/D4,Jawa,Pekerja,Pelaksana,1,Staf,Jarang (3-4 kali dalam sebulan),0,0,0,0,1,0,1,5.25,5.1,4.27777777777778,4.28571428571429,4.8125,5.1,3.8,2.666666667,6,5.2,4.5,4.8,100,5,15,37.5,2.5,40,0,,0,0,0,181.516666666667,18.1516666666667,10,0,7,7,0,0,5,1,1,33.3333333333333,4,2,1,10.1190476190476,6,4,0,0,1,1,1,1,1,1,1,1,1,1,1,2,3,1,2,3,1,2,3,1,0,0,0,0,0,0,0,0,0,0,Easy,Easy,Easy,Very Easy,Very Easy,Very Easy,Very Easy,Very Easy,Very Easy,Easy,38.2833333333333,31.65,6.8,15,28.2666666666667,12.1333333333333,6.81666666666667,28.25,4.8,9.51666666666667,1,1,1,0,1,1,0,1,0,1,24.95,1.56666666666667,2.28333333333333,,19.5833333333333,4.85,,15.2666666666667,,2.33333333333333,1,1,1,3,1,1,3,1,3,1,0,0,0,Easier,Same,Harder,1,1,0,0,1,0,0,1,0,1,50.0333333333333,10.0066666666667,33.3555555555556
Industri_187,Remote,Laki-laki,27,S1/D4,Jawa,Pekerja,Petugas Langsir,2,Staf,Jarang (3-4 kali dalam sebulan),0,0,1,1,0,0,2,4.75,4.7,5,5.07142857142857,4.625,4.7,4.4,4.666666667,5.666666667,5,4.166666667,4.8,100,3,13,53.5,4.11538461538462,70,0,,0,0,0,151.166666666667,15.1166666666667,0,0,3,3,0,0,3,0,2,33.3333333333333,1,2,0,14.8666666666667,0,6,4,0,1,1,1,1,1,1,1,1,1,1,1,2,3,1,2,3,1,2,3,1,0,0,0,0,0,0,0,0,0,0,Easy,Easy,Easy,Easy,Easy,Easy,Normal,Normal,Normal,Normal,30.1833333333333,18.8333333333333,8.26666666666667,9.9,12.7333333333333,3.38333333333333,8.36666666666667,33.2833333333333,16.9,9.31666666666667,1,0,0,0,0,0,0,1,1,0,19.6166666666667,,,,,,,15.85,9.13333333333333,,1,2,3,3,3,3,3,1,1,3,0,0,0,Same,Harder,Same,1,1,0,0,0,0,0,1,0,0,30.8,10.2666666666667,20.5333333333333
Industri_188,Remote,Perempuan,27,D1/D2/D3,Jawa,Pekerja,Teknisi,3,Staf,Jarang (3-4 kali dalam sebulan),0,0,0,0,0,1,0,4.5,4.9,4.27777777777778,4.28571428571429,4.875,4.9,3.6,4.5,4.5,4.6,5,5,70,2,9,41.5,2.59375,100,67.6,,0,0,0,256.95,25.695,0,66.6666666666667,0,0,0,0,6,0,2,33.3333333333333,0,0,0,,0,3,7,0,1,1,1,1,0,0,1,0,1,1,1,2,3,1,2,3,1,2,3,1,0,0,0,0,0,0,0,0,0,0,Easy,Easy,Easy,Normal,Normal,Normal,Normal,Normal,Normal,Normal,25.3166666666667,31.4333333333333,5.68333333333333,10.7333333333333,45,45,7.16666666666667,45,35.35,6.26666666666667,0,0,0,0,0,0,0,0,0,0,,,,,,,,,,,2,2,3,3,0,0,3,0,2,3,0,0,0,Harder,Same,Same,1,1,0,0,2,0,0,2,0,0,122.85,20.475,81.9
Industri_189,Remote,Laki-laki,26,D1/D2/D3,Jawa,Pekerja,Staff Operasional,3,Staf,Tidak Pernah,0,0,0,0,0,1,0,5,5.1,4.44444444444445,4.64285714285714,4.1875,5.1,2.8,4.5,5.5,4.8,3.5,4.4,70,6,13,46,2.55555555555556,60,68.4888888888889,,0,0,3,248.733333333333,24.8733333333333,0,66.6666666666667,4,1,3,33.3333333333333,8,0,2,33.3333333333333,0,0,1,21.2,0,6,4,0,0,1,1,0,1,1,1,0,1,1,1,2,3,1,2,3,1,2,3,1,1,0,0,1,0,0,0,1,0,0,Easy,Easy,Easy,Easy,Easy,Easy,Normal,Normal,Normal,Normal,32.95,56.1,18.3,21.35,16.3833333333333,4.01666666666667,28.95,41.5833333333333,16.45,12.65,0,0,0,0,0,0,1,0,0,0,,,,,,,21.2,,,,0,2,2,0,3,3,1,0,3,3,0,0,0,Same,Harder,Same,3,0,0,2,0,0,1,2,0,0,126.1,15.7625,84.0666666666667
Industri_190,Remote,Laki-laki,28,S2,Luar Jawa,Pekerja,Specialist Sustainability Planning and Evaluation,4,Supervisor,Tidak Pernah,0,0,0,0,0,1,0,5,5,4.83333333333333,4.85714285714286,4.5625,5,4.4,5.333333333,4.833333333,4.8,4.833333333,4,100,4,14,49.5,3.53571428571429,60,0,,0,0,0,204.066666666667,20.4066666666667,20,0,6,6,0,0,4,1,1,33.3333333333333,2,2,2,16,0,7,3,0,1,1,1,1,1,1,1,1,1,1,1,2,3,1,2,3,1,2,3,1,0,0,0,0,0,0,0,0,0,0,Easy,Easy,Easy,Easy,Easy,Easy,Normal,Normal,Normal,Easy,22.4333333333333,38.8833333333333,31.65,14.8666666666667,14.6666666666667,5.05,26.95,26.1666666666667,15.8166666666667,7.58333333333333,1,1,1,0,0,0,1,1,1,0,11.7833333333333,27.1333333333333,25.0666666666667,,,,17.5,8.36666666666667,6.15,,1,1,1,3,3,3,1,1,1,3,0,0,0,Same,Harder,Easier,1,1,0,0,0,0,1,1,0,0,58.1333333333333,14.5333333333333,38.7555555555556
Industri_191,Remote,Perempuan,26,S1/D4,Jawa,Pekerja,Junior Specialist Management Trainee,3,Supervisor,Selalu (Setiap Hari),1,1,0,0,1,0,3,6,6,5.88888888888889,5.85714285714286,5.9375,6,5.6,6,6,5.8,6,6,100,2,12,51,4.25,90,0,,0,0,0,104.466666666667,10.4466666666667,0,0,1,1,0,0,2,0,2,33.3333333333333,0,1,0,17.95,0,9,1,0,1,1,1,1,1,1,1,1,1,1,1,2,3,1,2,3,1,2,3,1,0,0,0,0,0,0,0,0,0,0,Easy,Easy,Easy,Easy,Easy,Easy,Easy,Easy,Easy,Normal,25.6,12.65,6.06666666666667,7.18333333333333,21.9833333333333,3.56666666666667,4.6,8.48333333333333,2.63333333333333,11.7,1,0,0,0,0,0,0,0,0,0,17.95,,,,,,,,,,1,3,3,3,2,3,3,3,3,3,0,0,0,Same,Same,Harder,1,0,0,0,1,0,0,0,0,0,14.5666666666667,7.28333333333333,9.71111111111111
Industri_192,Remote,Laki-laki,24,S1/D4,Jawa,Pekerja,Pelaksana Perencanaan,1,Staf,Jarang (3-4 kali dalam sebulan),0,0,0,0,1,0,1,4.75,4.6,4.05555555555556,4.07142857142857,4.125,4.6,3,4.333333333,4.5,4.4,3.666666667,4.4,100,5,15,52.5,3.5,50,0,,0,0,0,171.566666666667,17.1566666666667,10,0,6,6,0,0,5,1,1,33.3333333333333,2,3,1,14.0555555555556,0,7,3,0,1,1,1,1,1,1,1,1,1,1,1,2,3,1,2,3,1,2,3,1,0,0,0,0,0,0,0,0,0,0,Easy,Easy,Easy,Easy,Easy,Easy,Normal,Normal,Normal,Easy,36.3,23.1333333333333,17.5333333333333,10.4,9.03333333333333,3.81666666666667,18.9666666666667,33.7333333333333,13.3,5.35,1,0,1,1,0,0,1,1,1,0,25.7166666666667,,14.2666666666667,5.06666666666667,,,13.5333333333333,15.8333333333333,9.91666666666667,,1,2,1,1,3,3,1,1,1,3,0,0,0,Same,Harder,Easier,1,1,0,1,0,0,1,1,0,0,40.3666666666667,8.07333333333333,26.9111111111111
Industri_193,Remote,Laki-laki,27,D1/D2/D3,Jawa,Pekerja,Pelaksana Safety Standard of Rolling stock maintenance,6,Staf,Jarang (3-4 kali dalam sebulan),1,0,1,0,0,0,2,5.25,5.6,6,6,4.875,5.6,6,6,6,5.4,5.333333333,3.8,60,5,11,54.5,3.40625,100,44.9888888888889,,0,5,0,263.716666666667,26.3716666666667,0,33.3333333333333,1,0,1,0,6,0,1,66.6666666666667,0,0,0,,0,3,3,4,1,1,1,1,1,1,0,0,0,0,1,2,3,1,2,3,1,2,3,1,0,0,0,0,0,0,0,0,0,0,Easy,Easy,Easy,Normal,Normal,Normal,Hard,Hard,Hard,Hard,7.05,16.1,4.85,24.4166666666667,27.65,3.65,45,45,45,45,0,0,0,0,0,0,0,0,0,0,,,,,,,,,,,3,2,3,2,2,3,0,0,0,0,0,0,0,Harder,Harder,Same,0,1,0,1,1,0,2,1,0,0,108.65,18.1083333333333,72.4333333333333
Industri_194,Remote,Laki-laki,27,D1/D2/D3,Jawa,Pekerja,Pelaksana,3,Staf,Selalu (Setiap Hari),1,0,0,0,0,0,1,6,5.4,5.05555555555556,5.21428571428571,5.3125,5.4,4.4,4.5,6,5.6,4.666666667,5.8,90,6,15,89.5,5.59375,100,0,,0,0,0,232.616666666667,23.2616666666667,20,0,3,3,0,33.3333333333333,6,0,0,100,0,0,2,29.6,0,3,3,4,1,1,1,1,1,1,1,1,0,1,1,2,3,1,2,3,1,2,3,1,0,0,0,0,0,0,0,0,0,0,Easy,Easy,Easy,Normal,Normal,Normal,Hard,Hard,Hard,Hard,37.8166666666667,17.1333333333333,11.5333333333333,18.95,15.25,12.7833333333333,32.8166666666667,33.2333333333333,45,8.1,0,0,0,0,0,0,1,1,1,0,,,,,,,27.2166666666667,23.5666666666667,38.0166666666667,,2,2,3,2,2,3,1,1,0,3,0,0,0,Harder,Harder,Harder,1,1,0,1,1,0,1,1,0,0,56.9833333333333,9.49722222222222,37.9888888888889
Industri_195,Remote,Laki-laki,28,S1/D4,Jawa,Pekerja,Teknisi,2,Staf,Jarang (3-4 kali dalam sebulan),1,0,0,0,0,0,1,6,5.6,5.88888888888889,5.92857142857143,5.6875,5.6,5.8,5.833333333,6,6,5.833333333,5.2,90,4,13,94.5,6.75,100,10.1,,0,0,0,199.666666666667,19.9666666666667,10,0,2,2,0,33.3333333333333,4,0,0,100,0,0,2,29.075,0,3,3,4,1,1,1,1,0,1,1,1,1,1,1,2,3,1,2,3,1,2,3,1,0,0,0,0,0,0,0,0,0,0,Easy,Easy,Easy,Normal,Normal,Normal,Hard,Hard,Hard,Hard,7.41666666666667,29.6166666666667,13,7.4,45,9.2,41.7166666666667,12.8666666666667,9.76666666666667,23.6833333333333,0,0,0,0,1,0,1,0,0,0,,,,,28.35,,29.8,,,,3,2,3,3,0,3,1,3,3,2,0,0,0,Harder,Harder,Harder,0,1,0,0,1,0,1,0,0,1,39.6833333333333,9.92083333333333,26.4555555555556
Industri_196,Remote,Laki-laki,27,D1/D2/D3,Luar Jawa,Pekerja,Calon Operator KPJR,3,Staf,Jarang (3-4 kali dalam sebulan),1,0,0,0,0,0,1,5.25,5.6,5.11111111111111,5.28571428571429,4,5.6,5,4.333333333,5.833333333,4.8,3.833333333,3.4,90,6,15,39.5,2.46875,70,7.38888888888889,,0,0,0,197.633333333333,19.7633333333333,0,33.3333333333333,5,4,1,0,6,1,2,0,2,1,1,12.2333333333333,7,3,0,0,0,1,1,1,1,1,1,1,1,1,1,2,3,1,2,3,1,2,3,1,0,0,0,0,0,0,0,0,0,0,Easy,Easy,Easy,Very Easy,Very Easy,Very Easy,Very Easy,Very Easy,Very Easy,Very Easy,45,38.5166666666667,19.3333333333333,18.0666666666667,24.1666666666667,5.93333333333333,13.4666666666667,15.2166666666667,6.58333333333333,11.35,1,0,1,0,1,0,0,1,0,0,25.45,,10.25,,9.33333333333333,,,3.9,,,0,2,1,2,1,3,3,1,3,3,0,0,0,Easier,Same,Same,1,1,0,1,1,0,0,2,0,0,72.8666666666667,12.1444444444445,48.5777777777778
Industri_197,Remote,Perempuan,27,D1/D2/D3,Jawa,Pekerja,Staf Data Engineering,2,Staf,Jarang (3-4 kali dalam sebulan),0,0,0,0,1,0,1,5.5,5,4.05555555555556,4.07142857142857,3.625,5,3.4,3.5,5,5,2.833333333,3.2,80,2,10,35,2.69230769230769,60,77.0555555555556,,0,0,0,235.466666666667,23.5466666666667,0,33.3333333333333,6,5,1,33.3333333333333,3,0,1,66.6666666666667,2,2,0,17.4766666666667,0,6,3,1,0,1,1,1,1,1,1,0,1,1,1,2,3,1,2,3,1,2,3,1,0,0,0,0,0,0,0,0,0,0,Easy,Easy,Easy,Easy,Easy,Easy,Normal,Normal,Normal,Hard,45,25.4333333333333,9.45,19.0166666666667,15.55,4.9,17.1333333333333,45,23.0166666666667,30.9666666666667,1,0,0,0,0,0,1,1,1,1,42.05,,,,,,7.6,19.8666666666667,11.7,6.16666666666667,0,2,3,2,2,3,1,0,1,1,0,0,0,Same,Harder,Harder,1,1,0,0,0,0,0,1,0,0,129.133333333333,43.0444444444444,86.0888888888889
Industri_198,Remote,Perempuan,25,S1/D4,Jawa,Pekerja,Staff,2,Staf,Jarang (3-4 kali dalam sebulan),0,0,0,0,1,0,1,4.5,5.2,5,5.07142857142857,4.75,5.2,3.8,5.666666667,5.166666667,5,4.666666667,4.6,60,6,12,33,2.0625,50,42.5111111111111,,0,0,4,150.666666666667,15.0666666666667,0,66.6666666666667,4,2,2,0,6,1,2,0,1,1,0,11.0916666666667,7,3,0,0,0,0,0,1,1,1,1,0,1,1,1,2,3,1,2,3,1,2,3,1,1,1,1,0,0,0,0,1,0,0,Easy,Easy,Easy,Very Easy,Very Easy,Very Easy,Very Easy,Very Easy,Very Easy,Very Easy,24.3666666666667,17.6166666666667,25.85,15.75,17.4666666666667,7.7,7.98333333333333,13.2666666666667,10.2666666666667,10.4,0,0,1,0,1,0,0,0,0,0,,,18.6333333333333,,3.55,,,,,,0,0,0,3,1,3,3,0,3,3,0,0,0,Easier,Same,Same,2,2,0,0,1,0,0,1,0,0,96.8,16.1333333333333,64.5333333333333
Industri_199,Remote,Laki-laki,23,D1/D2/D3,Luar Jawa,Pekerja,Pelaksana,2,Staf,Selalu (Setiap Hari),1,0,0,0,0,0,1,5.75,5.7,5.38888888888889,5.57142857142857,4.8125,5.7,4.8,6,5.333333333,5.2,5.333333333,3.8,100,4,14,53.5,3.82142857142857,90,0,,0,0,0,201.15,20.115,20,0,3,3,0,0,4,0,2,33.3333333333333,0,1,1,25.5055555555556,0,9,1,0,1,1,1,1,1,1,1,1,1,1,1,2,3,1,2,3,1,2,3,1,0,0,0,0,0,0,0,0,0,0,Easy,Easy,Easy,Easy,Easy,Easy,Easy,Easy,Easy,Normal,34.4666666666667,20.1166666666667,31.7166666666667,39.6666666666667,10.7833333333333,10.6833333333333,8.15,11.65,9.53333333333333,24.3833333333333,1,0,1,1,0,0,0,0,0,0,27.05,,18.7,30.7666666666667,,,,,,,1,2,1,1,3,3,3,3,3,2,0,0,0,Same,Same,Harder,1,1,0,1,0,0,0,0,0,1,34.05,8.5125,22.7
Industri_200,Remote,Laki-laki,27,D1/D2/D3,Jawa,Pekerja,Teknisi Sub Unit Los Depo Kereta Solobalapan,3,Staf,Sering (3-4 kali dalam seminggu),1,0,0,1,0,0,2,4.75,5.2,5.22222222222222,5.42857142857143,5.0625,5.2,4,5.5,5.833333333,5.2,5,5,70,0,7,25.5,2.125,90,72.6333333333333,,0,0,1,234.733333333333,23.4733333333333,0,100,1,1,0,0,2,0,3,0,0,0,0,35.5666666666667,0,10,0,0,1,0,1,1,0,1,1,0,1,1,1,2,3,1,2,3,1,2,3,1,0,1,0,0,0,0,0,0,0,0,Easy,Easy,Easy,Easy,Easy,Easy,Easy,Easy,Easy,Easy,27.5833333333333,43,6.83333333333333,8.28333333333333,45,4.15,15.9333333333333,45,17.3833333333333,21.5666666666667,0,0,0,0,0,0,0,1,0,0,,,,,,,,35.5666666666667,,,2,0,3,3,0,3,2,0,2,2,0,0,0,Same,Same,Same,0,1,0,0,1,0,0,0,0,0,108.95,54.475,72.6333333333333
Industri_201,Remote,Laki-laki,27,D1/D2/D3,Jawa,Pekerja,OPERATOR KPJR,4,Supervisor,Jarang (3-4 kali dalam sebulan),1,0,0,1,0,0,2,4.25,4.7,4.22222222222222,4,3.9375,4.7,3.8,4.666666667,4.166666667,4.4,3.833333333,3.6,100,5,15,61,4.06666666666667,100,0,,0,0,0,160.533333333333,16.0533333333333,10,0,1,1,0,0,5,0,2,33.3333333333333,0,0,1,27.3166666666667,0,9,1,0,1,1,1,1,1,1,1,1,1,1,1,2,3,1,2,3,1,2,3,1,0,0,0,0,0,0,0,0,0,0,Easy,Easy,Easy,Easy,Easy,Easy,Easy,Easy,Easy,Normal,39.3333333333333,28.4833333333333,10.4333333333333,18.1333333333333,12.95,3.71666666666667,5.46666666666667,19.65,3.08333333333333,19.2833333333333,1,0,0,0,0,0,0,0,0,0,27.3166666666667,,,,,,,,,,1,2,3,2,3,3,3,2,3,2,0,0,0,Same,Same,Harder,1,1,0,1,0,0,0,1,0,1,38.5666666666667,7.71333333333333,25.7111111111111
Industri_202,Remote,Laki-laki,24,S1/D4,Luar Jawa,Pekerja,Pengawas Peron,3,Staf,Selalu (Setiap Hari),1,0,0,1,0,0,2,6,5.7,5.61111111111111,5.92857142857143,5.1875,5.7,5.6,5.166666667,6,5.4,5.333333333,4.8,90,3,12,47.5,3.65384615384615,50,2.93333333333333,,0,0,1,110.7,11.07,0,33.3333333333333,5,5,0,0,3,0,2,33.3333333333333,4,1,0,4.49333333333333,0,6,4,0,0,1,1,1,1,1,1,1,1,1,1,2,3,1,2,3,1,2,3,1,1,0,0,0,0,0,0,0,0,0,Easy,Easy,Easy,Easy,Easy,Easy,Normal,Normal,Normal,Normal,13.6,18.9,4.65,12.25,11.75,9.65,5.95,17.7166666666667,7.71666666666667,8.51666666666667,1,0,1,1,0,0,0,1,1,0,10.2,,2.43333333333333,2.41666666666667,,,,3.8,3.61666666666667,,0,3,1,1,3,3,3,1,1,3,0,0,0,Same,Harder,Same,1,0,0,1,0,0,0,1,0,0,26.3833333333333,8.79444444444444,17.5888888888889
Industri_203,Remote,Laki-laki,25,D1/D2/D3,Jawa,Pekerja,Teknisi Subunit Elektrik,2,Staf,Jarang (3-4 kali dalam sebulan),1,0,0,0,0,0,1,6,6,5.72222222222222,5.64285714285714,5.5,6,5,6,6,6,5.5,5,100,3,13,51,3.92307692307692,90,0,,0,0,0,119.05,11.905,0,0,1,1,0,0,3,1,2,0,0,1,0,13.2666666666667,1,9,0,0,1,1,1,1,1,1,1,1,1,1,1,2,3,1,2,3,1,2,3,1,0,0,0,0,0,0,0,0,0,0,Easy,Easy,Easy,Easy,Easy,Easy,Easy,Easy,Easy,Very Easy,26.9333333333333,24.8666666666667,4.1,5.4,13.3333333333333,3.2,6.56666666666667,22.5333333333333,5.4,6.71666666666667,1,0,0,0,0,0,0,0,0,0,13.2666666666667,,,,,,,,,,1,2,3,3,3,3,3,2,3,3,0,0,0,Same,Same,Easier,1,1,0,0,0,0,0,1,0,0,27.8666666666667,9.28888888888889,18.5777777777778
Industri_204,Remote,Laki-laki,24,D1/D2/D3,Luar Jawa,Pekerja,Calon asisten ppka,1,Staf,Jarang (3-4 kali dalam sebulan),0,0,0,1,0,0,1,4.5,4.3,4.38888888888889,4.42857142857143,4.0625,4.3,3.6,4.333333333,5,4.6,3.5,4.2,50,3,8,27,1.6875,50,59.7111111111111,,0,5,5,335.1,33.51,30,33.3333333333333,10,7,3,66.6666666666667,6,0,1,66.6666666666667,0,0,4,28.9857142857143,0,3,3,4,1,0,1,1,0,1,0,1,0,0,1,2,3,1,2,3,1,2,3,1,0,1,0,0,1,0,1,0,1,1,Easy,Easy,Easy,Normal,Normal,Normal,Hard,Hard,Hard,Hard,33.8666666666667,35.6166666666667,13.1333333333333,19.55,41.5333333333333,32.2,39.9333333333333,33.9666666666667,38.9333333333333,46.3666666666667,1,0,0,0,1,1,1,1,1,1,26.75,,,,30.3,23.6166666666667,26.05,22.1166666666667,30.3333333333333,43.7333333333333,1,0,3,2,0,1,0,1,0,0,0,0,0,Harder,Harder,Same,1,1,0,0,1,0,1,0,0,2,97.3333333333333,16.2222222222222,64.8888888888889
Industri_205,Remote,Perempuan,29,S1/D4,Jawa,Pekerja,Junior Expert,8,Staf,Jarang (3-4 kali dalam sebulan),1,1,1,0,0,0,3,,4.7,4.61111111111111,4.57142857142857,4.75,4.7,2,6,5.166666667,4,5,5.2,90,4,13,52.5,3.75,90,10.7777777777778,,0,0,0,217.333333333333,21.7333333333333,10,33.3333333333333,3,3,0,0,4,1,1,33.3333333333333,0,1,2,20.8,0,7,3,0,1,1,1,1,1,1,1,0,1,1,1,2,3,1,2,3,1,2,3,1,0,0,0,0,0,0,0,0,0,0,Easy,Easy,Easy,Easy,Easy,Easy,Normal,Normal,Normal,Easy,41.75,38.65,16.3833333333333,10.15,14.1833333333333,4.05,19.9333333333333,45,17.3833333333333,9.85,1,0,0,0,0,0,0,1,1,0,25.6333333333333,,,,,,,26.0333333333333,10.7333333333333,,1,2,2,3,3,3,2,0,1,3,0,0,0,Same,Harder,Easier,1,1,0,0,0,0,1,1,0,0,40.9666666666667,10.2416666666667,27.3111111111111
Industri_206,Remote,Laki-laki,29,S1/D4,Jawa,Pekerja,Project Control,5,Staf,Sering (3-4 kali dalam seminggu),1,1,1,0,0,0,3,,5.2,4.94444444444445,5,4.5,5.2,4.4,4.833333333,5.333333333,5,4.333333333,4.2,100,4,14,72,5.14285714285714,80,0,,0,0,0,205.033333333333,20.5033333333333,0,0,2,2,0,0,4,0,1,66.6666666666667,0,0,2,21.0666666666667,0,3,6,1,1,1,1,1,1,1,1,1,1,1,1,2,3,1,2,3,1,2,3,1,0,0,0,0,0,0,0,0,0,0,Easy,Easy,Easy,Normal,Normal,Normal,Normal,Normal,Normal,Hard,29.7166666666667,25.4,5.48333333333333,14.15,37.05,19.3333333333333,13.6666666666667,13.0333333333333,3.41666666666667,43.7833333333333,1,0,0,0,0,0,0,0,0,1,20.5333333333333,,,,,,,,,21.6,1,2,3,3,2,2,3,3,3,1,0,0,0,Harder,Same,Harder,1,1,0,0,1,0,0,0,0,1,35.75,8.9375,23.8333333333333
Industri_207,Remote,Laki-laki,30,S1/D4,Jawa,Pekerja,Staff,7,Staf,Sering (3-4 kali dalam seminggu),1,0,0,0,0,0,1,,5,4.38888888888889,4.5,4,5,3.2,4.333333333,5.333333333,4.4,4.333333333,3.2,90,7,16,55.5,3.08333333333333,40,7.53333333333333,,0,0,0,254.316666666667,25.4316666666667,0,33.3333333333333,8,7,1,0,8,0,2,33.3333333333333,6,0,1,7.53333333333333,0,6,4,0,0,1,1,1,1,1,1,1,1,1,1,2,3,1,2,3,1,2,3,1,0,0,0,0,0,0,0,0,0,0,Easy,Easy,Easy,Easy,Easy,Easy,Normal,Normal,Normal,Normal,45,35.15,13.85,20.8333333333333,41.2333333333333,10.7833333333333,19.5,27.0833333333333,12.9833333333333,27.9,1,0,1,1,0,0,1,1,1,1,25.2166666666667,,5.88333333333333,3.78333333333333,,,2.73333333333333,3.4,5.46666666666667,6.25,0,2,1,1,2,3,1,1,1,1,0,0,0,Same,Harder,Same,1,1,0,1,0,0,2,1,0,2,94.3833333333333,11.7979166666667,62.9222222222222
Industri_208,Remote,Perempuan,28,S2,Jawa,Pekerja,HSE Staff,6,Staf,Selalu (Setiap Hari),0,0,1,0,1,0,2,,5.3,4.94444444444445,5.21428571428571,5.0625,5.3,3.8,5.833333333,4.833333333,5,5.166666667,5,80,1,9,41,3.72727272727273,80,5.78888888888889,,0,1,1,266.733333333333,26.6733333333333,40,0,5,5,0,33.3333333333333,1,0,1,66.6666666666667,1,0,2,25.61,0,3,3,4,1,1,1,1,0,1,1,1,1,0,1,2,3,1,2,3,1,2,3,1,0,0,0,0,0,0,0,0,0,1,Easy,Easy,Easy,Normal,Normal,Normal,Hard,Hard,Hard,Hard,41.4333333333333,25.35,12.1,9.6,45,29.2333333333333,43.85,17.9,38.8,3.46666666666667,1,0,0,1,0,1,1,0,1,0,36.6666666666667,,,3.78333333333333,,24.3333333333333,37.1666666666667,,26.1,,1,2,3,1,0,1,1,2,1,0,0,0,0,Harder,Harder,Same,0,0,0,0,0,0,0,0,0,1,8.68333333333333,8.68333333333333,5.78888888888889
Industri_209,Remote,Laki-laki,29,S1/D4,Jawa,Pekerja,Staff Engineering,6,Staf,Jarang (3-4 kali dalam sebulan),1,0,1,1,0,0,3,,4.1,4.66666666666667,4.85714285714286,4,4.1,3.4,4.5,5.666666667,3.8,4,4.2,90,5,14,61.5,4.1,50,0,,0,0,1,239.933333333333,23.9933333333333,0,33.3333333333333,4,4,0,0,5,0,1,66.6666666666667,2,1,1,11.9208333333333,0,6,3,1,1,1,0,1,1,1,1,1,1,1,1,2,3,1,2,3,1,2,3,1,0,0,1,0,0,0,0,0,0,0,Easy,Easy,Easy,Easy,Easy,Easy,Normal,Normal,Normal,Hard,41.6666666666667,23.7666666666667,40.6833333333333,6.1,9.03333333333333,16.8833333333333,36.55,34.0333333333333,10.3333333333333,20.8833333333333,0,0,0,0,0,1,0,1,1,1,,,,,,11.2333333333333,,20.9666666666667,5.5,9.98333333333333,2,2,0,3,3,1,2,1,1,1,0,0,0,Same,Harder,Harder,1,1,0,0,0,0,1,1,0,1,37.9833333333333,7.59666666666667,25.3222222222222
Industri_210,Remote,Perempuan,30,S1/D4,Jawa,Pekerja,Junior Expert of Finance,8,Supervisor,Jarang (3-4 kali dalam sebulan),0,0,0,0,1,0,1,,4.7,4.61111111111111,4.57142857142857,4.375,4.7,3.6,5,5,4,4.5,4.6,80,4,12,54,3.6,100,25.6333333333333,,0,0,0,266.35,26.635,0,66.6666666666667,0,0,0,0,5,0,2,33.3333333333333,0,0,0,,0,3,7,0,1,1,1,1,0,1,1,0,1,1,1,2,3,1,2,3,1,2,3,1,0,0,0,0,0,0,0,0,0,0,Easy,Easy,Easy,Normal,Normal,Normal,Normal,Normal,Normal,Normal,33.6166666666667,34.7,17.2833333333333,21.05,45,35.6833333333333,16.2666666666667,45,5.1,12.65,0,0,0,0,0,0,0,0,0,0,,,,,,,,,,,2,2,2,2,0,2,2,0,3,3,0,0,0,Harder,Same,Same,1,1,0,1,1,0,1,0,0,0,81.7666666666667,16.3533333333333,54.5111111111111
Industri_212,Remote,Laki-laki,29,S1/D4,Jawa,Pekerja,Junior Expert,6,Staf,Jarang (3-4 kali dalam sebulan),0,0,0,1,0,0,1,,4.5,4.38888888888889,4.64285714285714,4.5,4.5,3.2,4.333333333,5.333333333,4,4.833333333,4.6,90,9,18,86,4.52631578947368,30,6.23333333333333,,0,0,0,247.4,24.74,0,33.3333333333333,8,8,0,0,9,0,1,66.6666666666667,4,3,0,12.4,0,3,3,4,1,1,1,1,1,1,1,0,1,1,1,2,3,1,2,3,1,2,3,1,0,0,0,0,0,0,0,0,0,0,Easy,Easy,Easy,Normal,Normal,Normal,Hard,Hard,Hard,Hard,27.1166666666667,30.9833333333333,18.1666666666667,14.4166666666667,28.35,13.6666666666667,19.85,45,43.55,6.3,1,0,1,1,1,1,1,1,1,0,9.88333333333333,,11.0333333333333,3.05,7.2,6,13.0666666666667,33.4666666666667,15.5,,1,2,1,1,1,1,1,0,1,3,0,0,0,Harder,Harder,Same,4,1,0,1,1,0,1,1,0,0,81.2666666666667,9.02962962962963,54.1777777777778
Industri_213,Remote,Laki-laki,30,S1/D4,Jawa,Pekerja,Junior Expert,9,Supervisor,Sering (3-4 kali dalam seminggu),0,0,0,1,0,0,1,,5,5.05555555555556,5.14285714285714,4.5,5,5.6,4.333333333,5.333333333,5,3.666666667,5,90,,9,29,2.9,90,0,,0,0,1,157.316666666667,15.7316666666667,0,33.3333333333333,0,0,0,0,0,1,1,33.3333333333333,0,0,0,,6,4,0,0,1,1,1,1,0,1,1,1,1,1,1,2,3,1,2,3,1,2,3,1,0,0,0,0,1,0,0,0,0,0,Easy,Easy,Easy,Very Easy,Very Easy,Very Easy,Very Easy,Very Easy,Very Easy,Easy,29.9166666666667,30,4.68333333333333,7.38333333333333,39.8166666666667,4.31666666666667,6.76666666666667,21.7833333333333,7.05,5.6,0,0,0,0,0,0,0,0,0,0,,,,,,,,,,,2,2,3,3,0,3,3,2,3,3,0,0,0,Easier,Same,Harder,0,0,0,0,0,0,0,0,0,0,0,,0
Industri_214,Remote,Laki-laki,29,S1/D4,Jawa,Pekerja,staff engineering,6,Staf,Jarang (3-4 kali dalam sebulan),1,0,1,0,1,0,3,,5.1,5.22222222222222,5.21428571428571,4.25,5.1,4.2,5.5,5.666666667,4.8,4.333333333,3.6,90,5,14,64,4.26666666666667,90,11.7111111111111,,0,0,0,252.366666666667,25.2366666666667,20,0,4,4,0,33.3333333333333,5,0,1,66.6666666666667,0,1,1,29.925,0,6,3,1,1,1,1,1,1,1,1,0,1,1,1,2,3,1,2,3,1,2,3,1,0,0,0,0,0,0,0,0,0,0,Easy,Easy,Easy,Easy,Easy,Easy,Normal,Normal,Normal,Hard,40.4166666666667,25.6,19.9333333333333,6.65,10.95,6.1,31.7,45,21.05,44.9666666666667,1,0,0,0,0,0,0,1,1,1,29.0333333333333,,,,,,,39.15,14.25,37.2666666666667,1,2,2,3,3,3,2,0,1,1,0,0,0,Same,Harder,Harder,1,1,0,0,0,0,1,1,0,1,51.4,10.28,34.2666666666667
Industri_215,Remote,Perempuan,29,S1/D4,Jawa,Pekerja,Junior Expert Operation Risk Management,8,Supervisor,Jarang (3-4 kali dalam sebulan),0,0,0,0,1,0,1,5,5.2,5.5,5.71428571428571,4.8125,5.2,4.8,5.666666667,5.833333333,4.4,5.333333333,4.6,100,1,11,47.5,4.31818181818182,80,0,,0,0,0,69.9166666666667,6.99166666666667,0,0,2,2,0,0,1,1,1,33.3333333333333,2,0,0,3.175,0,7,3,0,1,1,1,1,1,1,1,1,1,1,1,2,3,1,2,3,1,2,3,1,0,0,0,0,0,0,0,0,0,0,Easy,Easy,Easy,Easy,Easy,Easy,Normal,Normal,Normal,Easy,5.78333333333333,9.81666666666667,3.23333333333333,5.61666666666667,9.46666666666667,2.86666666666667,10.8666666666667,10.4333333333333,6.78333333333333,5.05,0,0,0,0,0,0,1,0,1,0,,,,,,,3.13333333333333,,3.21666666666667,,3,3,3,3,3,3,1,3,1,3,0,0,0,Same,Harder,Easier,0,0,0,0,0,0,1,0,0,0,16.4333333333333,16.4333333333333,10.9555555555556
Industri_216,Remote,Laki-laki,30,S1/D4,Luar Jawa,Pekerja,Staff Engineering,7,Staf,Sering (3-4 kali dalam seminggu),1,0,0,0,1,0,2,,4.6,3.94444444444444,4,4.125,4.6,3.2,4,4.333333333,4.4,4,4,90,4,13,44,3.14285714285714,90,10.5333333333333,,0,0,1,154.083333333333,15.4083333333333,0,33.3333333333333,0,0,0,0,4,1,1,33.3333333333333,0,0,0,,6,4,0,0,1,1,1,1,0,1,1,1,1,1,1,2,3,1,2,3,1,2,3,1,0,0,0,0,1,0,0,0,0,0,Easy,Easy,Easy,Very Easy,Very Easy,Very Easy,Very Easy,Very Easy,Very Easy,Easy,32.6833333333333,19.4666666666667,14.7666666666667,5.36666666666667,27.8833333333333,6.18333333333333,12.8666666666667,24.1333333333333,5.48333333333333,5.25,0,0,0,0,0,0,0,0,0,0,,,,,,,,,,,2,2,3,3,0,3,3,2,3,3,0,0,0,Easier,Same,Harder,1,1,0,0,1,0,0,1,0,0,39.6,9.9,26.4
Industri_217,Remote,Laki-laki,29,S1/D4,Jawa,Pekerja,Staaf QAQC,6,Staf,Sering (3-4 kali dalam seminggu),1,1,1,0,1,0,4,,6,5.44444444444445,6,5.375,6,6,5.166666667,5.166666667,6,5.166666667,5,90,5,14,76.5,5.1,60,7.32222222222222,,0,0,0,275.6,27.56,30,0,7,7,0,33.3333333333333,5,0,0,100,1,2,4,19.4785714285714,0,3,3,4,1,0,1,1,1,1,1,1,1,1,1,2,3,1,2,3,1,2,3,1,0,0,0,0,0,0,0,0,0,0,Easy,Easy,Easy,Normal,Normal,Normal,Hard,Hard,Hard,Hard,10.2333333333333,45,26.8666666666667,20.5833333333333,44.8833333333333,16.4833333333333,32.4,33.1,39.8,6.25,0,0,1,1,1,1,1,1,1,0,,,21.3833333333333,8.76666666666667,23.35,13.4333333333333,26.3333333333333,28.4166666666667,14.6666666666667,,3,0,1,1,1,1,1,1,1,3,0,0,0,Harder,Harder,Harder,0,1,0,1,1,0,1,1,0,0,41.6333333333333,8.32666666666667,27.7555555555556
Industri_218,Remote,Perempuan,30,S1/D4,Jawa,Pekerja,Junior Expert Finance - Acc & Tax,7,Staf,Jarang (3-4 kali dalam sebulan),0,0,1,0,1,0,2,,4.7,3.61111111111111,3.64285714285714,3.6875,4.7,2.6,3.166666667,4.666666667,4.2,3.333333333,3.6,70,4,11,26.5,1.76666666666667,80,81.8555555555556,,0,0,0,263.616666666667,26.3616666666667,10,33.3333333333333,5,3,2,33.3333333333333,5,1,1,33.3333333333333,1,1,1,12.6722222222222,6,4,0,0,0,0,1,1,1,1,1,0,1,1,1,2,3,1,2,3,1,2,3,1,0,0,0,0,0,0,0,0,0,0,Easy,Easy,Easy,Very Easy,Very Easy,Very Easy,Very Easy,Very Easy,Very Easy,Easy,45,45,26.35,15.95,20.1166666666667,18.9,9.85,45,5.11666666666667,32.3333333333333,0,1,1,0,0,1,0,0,0,0,,0.3,22.6333333333333,,,15.0833333333333,,,,,0,0,1,2,2,1,3,0,3,2,0,0,0,Easier,Same,Harder,3,1,0,0,0,0,0,1,0,0,131.166666666667,26.2333333333333,87.4444444444444
Industri_219,Remote,Perempuan,29,S1/D4,Luar Jawa,Pekerja,Subsidiary Management / Portfolio Investment Analyst,6,Staf,Jarang (3-4 kali dalam sebulan),1,0,0,0,0,0,1,,4.9,4.27777777777778,4.42857142857143,4.625,4.9,3.4,4.333333333,4.833333333,5,4.333333333,4.6,90,,9,42,4.2,70,0,,0,0,0,242.133333333333,24.2133333333333,0,33.3333333333333,4,4,0,0,0,0,1,66.6666666666667,1,2,0,19.4125,0,3,3,4,1,1,1,1,1,1,0,1,1,1,1,2,3,1,2,3,1,2,3,1,0,0,0,0,0,0,0,0,0,0,Easy,Easy,Easy,Normal,Normal,Normal,Hard,Hard,Hard,Hard,22.85,35.3833333333333,18.9333333333333,21.0833333333333,25.1,15.2333333333333,45,11.9166666666667,29.45,17.1833333333333,0,1,1,0,0,0,1,0,1,0,,15.9166666666667,8.51666666666667,,,,40.4166666666667,,12.8,,2,1,1,2,2,2,0,3,1,2,0,0,0,Harder,Harder,Same,0,0,0,0,0,0,0,0,0,0,0,,0
Industri_220,Remote,Perempuan,29,S1/D4,Jawa,Pekerja,Junior Expert of Infrastructure Investment,7,Staf,Tidak Pernah,0,0,0,0,0,1,0,,5.3,4.83333333333333,5,4.75,5.3,2.4,5.833333333,5.666666667,4.8,5.166666667,4.2,90,4,13,37.5,2.67857142857143,80,3.92222222222222,,0,0,0,167.616666666667,16.7616666666667,0,33.3333333333333,3,3,0,0,4,2,1,0,2,0,0,15.5166666666667,7,3,0,0,0,1,1,1,1,1,1,1,1,1,1,2,3,1,2,3,1,2,3,1,0,0,0,0,0,0,0,0,0,0,Easy,Easy,Easy,Very Easy,Very Easy,Very Easy,Very Easy,Very Easy,Very Easy,Very Easy,45,31.4666666666667,16.9,6.93333333333333,16.3,8.01666666666667,7.91666666666667,25.5166666666667,3.66666666666667,5.9,1,0,1,0,1,0,0,0,0,0,31.2833333333333,,8.58333333333333,,6.68333333333333,,,,,,0,2,1,3,1,3,3,2,3,3,0,0,0,Easier,Easier,Same,1,1,0,0,1,0,0,1,0,0,33.7833333333333,8.44583333333333,22.5222222222222
Industri_221,Remote,Perempuan,29,S1/D4,Luar Jawa,Pekerja,Staff,6,Staf,Jarang (3-4 kali dalam sebulan),0,0,0,0,1,0,1,,5.6,5.72222222222222,5.78571428571429,4.6875,5.6,5.4,6,5.666666667,5.2,4.666666667,4.2,60,4,10,34,2.42857142857143,60,31.7777777777778,,0,4,4,233.7,23.37,0,33.3333333333333,4,0,4,66.6666666666667,4,0,1,66.6666666666667,0,0,0,,0,6,3,1,0,1,1,0,1,1,0,1,1,0,1,2,3,1,2,3,1,2,3,1,1,0,0,1,0,0,1,0,0,1,Easy,Easy,Easy,Easy,Easy,Easy,Normal,Normal,Normal,Hard,34.0666666666667,33.3333333333333,18.3,11.6333333333333,35.9333333333333,4.48333333333333,25.25,21.0166666666667,20.25,29.4333333333333,0,0,0,0,0,0,0,0,0,0,,,,,,,,,,,0,2,2,0,3,3,0,3,2,0,0,0,0,Same,Harder,Harder,1,0,0,1,0,0,1,0,0,1,47.6666666666667,11.9166666666667,31.7777777777778
Industri_223,Remote,Perempuan,30,S1/D4,Jawa,Pekerja,Staff Manajemen Kontrak,4,Staf,Tidak Pernah,0,0,0,0,0,1,0,5.25,4.6,3.77777777777778,4,4.125,4.6,2.4,3.833333333,4.666666667,4.2,3.833333333,4.4,90,5,14,59.5,3.96666666666667,90,8.81111111111111,,0,0,1,246.55,24.655,10,33.3333333333333,1,1,0,0,5,0,2,33.3333333333333,0,0,1,28.8166666666667,0,6,4,0,1,1,1,1,1,1,0,1,1,1,1,2,3,1,2,3,1,2,3,1,0,0,0,0,0,0,1,0,0,0,Easy,Easy,Easy,Easy,Easy,Easy,Normal,Normal,Normal,Normal,26.2,28.5,17.8333333333333,12.15,12.4833333333333,3.98333333333333,42.7,44.8166666666667,37.5166666666667,20.3666666666667,0,0,0,0,0,0,0,0,1,0,,,,,,,,,28.8166666666667,,2,2,2,3,3,3,0,2,1,2,0,0,0,Same,Harder,Same,1,1,0,0,0,0,1,1,0,1,53.9,10.78,35.9333333333333
Industri_224,Remote,Laki-laki,30,S1/D4,Jawa,Pekerja,Business Strategy Speciallist,7,Staf,Sering (3-4 kali dalam seminggu),0,0,0,1,1,0,2,,4.9,4.33333333333333,4.42857142857143,4.6875,4.9,4,4.166666667,4.666666667,4.8,4.5,4.8,100,3,13,66,5.07692307692308,80,0,,0,0,0,164.816666666667,16.4816666666667,0,0,2,2,0,0,3,0,1,66.6666666666667,0,2,0,14.7,0,6,3,1,1,1,1,1,1,1,1,1,1,1,1,2,3,1,2,3,1,2,3,1,0,0,0,0,0,0,0,0,0,0,Easy,Easy,Easy,Easy,Easy,Easy,Normal,Normal,Normal,Hard,11.0166666666667,24.75,6.65,7.88333333333333,12.4666666666667,13.1333333333333,11.3333333333333,28.7166666666667,10.9,37.9666666666667,0,0,0,0,0,0,0,1,0,1,,,,,,,,12.8333333333333,,16.5666666666667,3,2,3,3,3,3,3,1,3,1,0,0,0,Same,Harder,Harder,0,1,0,0,0,0,0,1,0,1,34.3166666666667,11.4388888888889,22.8777777777778
Industri_225,Remote,Laki-laki,29,S1/D4,Jawa,Pekerja,Junior Expert Mechanical,8,Staf,Tidak Pernah,0,0,0,0,0,1,0,,4.9,4.77777777777778,4.85714285714286,4.5,4.9,4.4,4.833333333,5,4.8,4.666666667,4,60,4,10,47.5,3.16666666666667,100,21.4555555555556,,0,5,0,267.65,26.765,0,33.3333333333333,0,0,0,0,5,0,1,66.6666666666667,0,0,0,,0,3,3,4,1,1,1,1,1,1,0,0,0,0,1,2,3,1,2,3,1,2,3,1,0,0,0,0,0,0,0,0,0,0,Easy,Easy,Easy,Normal,Normal,Normal,Hard,Hard,Hard,Hard,17,25.75,5.11666666666667,7.7,17.5833333333333,14.5,45,45,45,45,0,0,0,0,0,0,0,0,0,0,,,,,,,,,,,2,2,3,3,2,3,0,0,0,0,0,0,0,Harder,Harder,Same,1,1,0,1,1,0,1,0,0,0,65.55,13.11,43.7
Industri_226,Remote,Laki-laki,29,S1/D4,Jawa,Pekerja,Staff Keuangan,7,Staf,Selalu (Setiap Hari),1,1,1,0,1,0,4,,5.5,5.05555555555556,5.14285714285714,5.1875,5.5,3.6,5.333333333,5.833333333,5.4,4.833333333,5.4,100,5,15,65.5,4.36666666666667,70,0,,0,0,0,136.533333333333,13.6533333333333,0,0,3,3,0,0,5,0,2,33.3333333333333,2,1,0,8.89444444444444,0,3,7,0,1,1,1,1,1,1,1,1,1,1,1,2,3,1,2,3,1,2,3,1,0,0,0,0,0,0,0,0,0,0,Easy,Easy,Easy,Normal,Normal,Normal,Normal,Normal,Normal,Normal,16.4166666666667,18.7666666666667,10.0833333333333,23.3333333333333,18.1333333333333,11.15,9.08333333333333,12.2666666666667,7.2,10.1,0,0,0,1,0,1,0,0,0,1,,,,16.3666666666667,,5.41666666666667,,,,4.9,2,2,3,1,2,1,3,3,3,1,0,0,0,Harder,Same,Same,1,1,0,1,1,0,0,0,0,1,46.5666666666667,9.31333333333333,31.0444444444445
Industri_227,Remote,Laki-laki,30,S1/D4,Jawa,Pekerja,Staff Engineer,8,Staf,Selalu (Setiap Hari),1,1,0,0,1,0,3,,5.5,4.55555555555556,4.57142857142857,4.5625,5.5,4,4.333333333,5.166666667,4.6,4.333333333,4.8,80,6,14,56,3.5,60,21.8444444444444,,0,0,0,226.1,22.61,0,33.3333333333333,7,6,1,33.3333333333333,6,0,2,33.3333333333333,4,0,1,12.9138888888889,0,3,7,0,1,0,1,1,0,1,1,1,1,1,1,2,3,1,2,3,1,2,3,1,0,0,0,0,0,0,0,0,0,0,Easy,Easy,Easy,Normal,Normal,Normal,Normal,Normal,Normal,Normal,12.9,45,12.1333333333333,24.1666666666667,45,11.7,14.5166666666667,22.3166666666667,11.75,26.6166666666667,0,1,1,0,1,1,0,1,1,0,,23.3,3.88333333333333,,34.3333333333333,4.55,,6.01666666666667,5.4,,3,0,1,2,0,1,3,1,1,2,0,0,0,Harder,Same,Same,0,2,0,1,1,0,0,1,0,1,68.3666666666667,11.3944444444444,45.5777777777778
Industri_229,Remote,Laki-laki,29,S2,Jawa,Pekerja,Engineer,7,Staf,Jarang (3-4 kali dalam sebulan),0,0,0,0,0,1,0,,4.6,4.05555555555556,4.28571428571429,4.3125,4.6,4,4.5,3.666666667,4.4,4.333333333,4.2,100,2,12,32,2.66666666666667,0,0,,0,0,0,159.866666666667,15.9866666666667,0,0,12,10,2,0,2,0,0,100,10,0,0,2.365,0,3,3,4,1,1,1,1,1,1,1,1,1,1,1,2,3,1,2,3,1,2,3,1,0,0,0,0,0,0,0,0,0,0,Easy,Easy,Easy,Normal,Normal,Normal,Hard,Hard,Hard,Hard,29.7333333333333,25.8333333333333,7.38333333333333,18.35,20.0666666666667,5.28333333333333,11.0333333333333,7.51666666666667,24.3,10.3666666666667,1,1,1,1,1,1,1,1,1,1,7.51666666666667,2.93333333333333,1.55,1.68333333333333,1.58333333333333,1.51666666666667,1.76666666666667,1.25,1.28333333333333,2.56666666666667,1,1,1,1,1,1,1,1,1,1,0,0,0,Harder,Harder,Harder,1,0,0,0,0,0,1,0,0,0,21.4166666666667,10.7083333333333,14.2777777777778
Industri_230,Remote,Laki-laki,30,S1/D4,Jawa,Pekerja,Site Manager of Engineering,8,Supervisor,Jarang (3-4 kali dalam sebulan),0,0,0,1,0,0,1,,5.2,4.88888888888889,5.14285714285714,4.4375,5.2,3.8,4.833333333,5.666666667,5,4.666666667,3.6,90,5,14,49.5,3.3,60,7.67777777777778,,0,0,1,168.15,16.815,10,33.3333333333333,4,4,0,0,5,0,3,0,2,1,1,11.475,0,10,0,0,1,0,1,1,1,1,1,1,1,1,1,2,3,1,2,3,1,2,3,1,0,1,0,0,0,0,0,0,0,0,Easy,Easy,Easy,Easy,Easy,Easy,Easy,Easy,Easy,Easy,25.8,37.1166666666667,30.9166666666667,11.9666666666667,22.7166666666667,5.33333333333333,9.7,13.0666666666667,4.28333333333333,7.25,1,0,1,1,0,0,1,0,0,0,13.4166666666667,,26.7,2.73333333333333,,,3.05,,,,1,0,1,1,2,3,1,3,3,3,0,0,0,Same,Same,Same,1,1,0,1,1,0,1,0,0,0,47.5833333333333,9.51666666666667,31.7222222222222
Industri_231,Remote,Perempuan,26,S1/D4,Jawa,Pekerja,HSE Officer,3,Staf,Jarang (3-4 kali dalam sebulan),0,0,0,0,1,0,1,,5.1,4.88888888888889,5.14285714285714,4.1875,5.1,4.4,4.166666667,5.833333333,4.8,3.166666667,4.8,90,9,18,77.5,3.69047619047619,90,7.87777777777778,,0,0,0,211.166666666667,21.1166666666667,20,33.3333333333333,9,3,6,0,11,0,1,66.6666666666667,0,1,1,24.5555555555556,0,6,3,1,0,1,1,1,1,1,1,1,1,1,1,2,3,1,2,3,1,2,3,1,0,0,0,0,0,0,0,0,0,0,Easy,Easy,Easy,Easy,Easy,Easy,Normal,Normal,Normal,Hard,45,16.1833333333333,11.0166666666667,18.9666666666667,9.3,3.43333333333333,13.9166666666667,38.2666666666667,16.95,38.1333333333333,0,0,0,0,0,0,0,1,1,1,,,,,,,,27.5333333333333,12.6166666666667,33.5166666666667,0,2,3,2,3,3,3,1,1,1,0,0,0,Same,Harder,Harder,2,2,0,2,0,0,0,3,0,2,116.233333333333,10.5666666666667,77.4888888888889
Industri_232,Remote,Laki-laki,30,S1/D4,Jawa,Pekerja,Legal Officer,6,Staf,Jarang (3-4 kali dalam sebulan),1,0,1,0,0,0,2,,4.7,4.55555555555556,4.42857142857143,4.5,4.7,3.4,5,5,5,4.333333333,4.2,80,7,15,67,3.94117647058824,70,13.9333333333333,,0,6,1,215.966666666667,21.5966666666667,0,0,4,3,1,33.3333333333333,7,0,1,66.6666666666667,1,1,0,19.8444444444444,0,6,3,1,1,1,1,0,1,1,1,1,1,0,1,2,3,1,2,3,1,2,3,1,0,0,0,1,0,0,0,0,0,0,Easy,Easy,Easy,Easy,Easy,Easy,Normal,Normal,Normal,Hard,15.4,28.0166666666667,13.0833333333333,21.2166666666667,11.8833333333333,12.75,19.1666666666667,32.7833333333333,16.6666666666667,45,1,0,0,0,0,0,1,0,0,1,7.43333333333333,,,,,,12.1666666666667,,,39.9333333333333,1,2,3,0,3,3,1,2,2,0,0,0,0,Same,Harder,Harder,1,1,0,2,0,0,1,1,0,1,60.5,8.64285714285714,40.3333333333333
Industri_233,Remote,Laki-laki,29,S1/D4,Jawa,Pekerja,Staff Contract and Claim Department,6,Staf,Selalu (Setiap Hari),1,0,0,1,0,0,2,,4.2,4.55555555555556,4.92857142857143,4.125,4.2,3.4,4.333333333,5.5,4.8,4,3.6,100,3,13,49,3.76923076923077,60,0,,0,0,0,151.216666666667,15.1216666666667,10,0,5,5,0,0,3,0,2,33.3333333333333,3,1,1,11.03,0,6,4,0,1,1,1,1,1,1,1,1,1,1,1,2,3,1,2,3,1,2,3,1,0,0,0,0,0,0,0,0,0,0,Easy,Easy,Easy,Easy,Easy,Easy,Normal,Normal,Normal,Normal,13.7166666666667,41.9333333333333,15.55,10.35,12.7,4.15,11.6333333333333,13.3666666666667,20.7333333333333,7.08333333333333,1,1,1,0,0,0,0,1,1,0,6.58333333333333,22.2,7.85,,,,,3.31666666666667,15.2,,1,1,1,3,3,3,3,1,1,3,0,0,0,Same,Harder,Same,1,1,0,0,0,0,0,1,0,0,27.5,9.16666666666667,18.3333333333333
Industri_234,Remote,Perempuan,29,S1/D4,Luar Jawa,Pekerja,Staff,6,Staf,Jarang (3-4 kali dalam sebulan),0,0,0,0,1,0,1,,5.6,5.72222222222222,5.78571428571429,4.6875,5.6,5.4,6,5.666666667,5.2,4.666666667,4.2,100,3,13,84.5,6.5,100,0,,0,0,0,153.65,15.365,0,0,0,0,0,0,3,0,0,100,0,0,0,,0,3,3,4,1,1,1,1,1,1,1,1,1,1,1,2,3,1,2,3,1,2,3,1,0,0,0,0,0,0,0,0,0,0,Easy,Easy,Easy,Normal,Normal,Normal,Hard,Hard,Hard,Hard,7.85,16.05,3.15,23.0666666666667,29.4333333333333,32.3666666666667,5.61666666666667,10.4333333333333,19.3333333333333,6.35,0,0,0,0,0,0,0,0,0,0,,,,,,,,,,,3,2,3,2,2,2,3,3,2,3,0,0,0,Harder,Harder,Harder,0,1,0,1,1,0,0,0,0,0,32.85,10.95,21.9
Industri_236,Remote,Perempuan,30,S2,Luar Jawa,Pekerja,Junior Expert of Contract Management,5,Staf,Sering (3-4 kali dalam seminggu),0,0,0,0,1,0,1,,4.5,4.5,4.57142857142857,4.25,4.5,4,4.666666667,4.833333333,4,4.5,4.2,80,4,12,46,3.28571428571429,90,5.47777777777778,,0,0,1,263.216666666667,26.3216666666667,0,33.3333333333333,1,1,0,0,4,1,0,66.6666666666667,0,0,0,33.5666666666667,3,6,1,0,0,1,0,1,1,1,1,1,1,1,1,2,3,1,2,3,1,2,3,1,1,0,0,0,0,0,0,0,0,0,Easy,Easy,Easy,Very Easy,Very Easy,Very Easy,Easy,Easy,Easy,Normal,41.4,46.8,45,12.55,13.5,5.1,21.1333333333333,11.4,42.9666666666667,23.3666666666667,1,0,0,0,0,0,0,0,0,0,33.5666666666667,,,,,,,,,,0,2,0,3,3,3,2,3,2,2,0,0,0,Easier,Harder,Harder,1,1,0,0,0,0,1,0,0,1,42.6833333333333,10.6708333333333,28.4555555555556
Industri_237,Remote,Laki-laki,29,S1/D4,Jawa,Pekerja,Staff Engineering,7,Staf,Jarang (3-4 kali dalam sebulan),0,0,0,0,0,1,0,,4.9,4.22222222222222,4.5,4.6875,4.9,2.8,4.5,4.833333333,4.2,4.666666667,5.2,100,3,13,68.5,5.26923076923077,90,0,,0,0,0,167.833333333333,16.7833333333333,10,0,2,2,0,0,3,0,1,66.6666666666667,0,1,0,23.65,0,3,6,1,1,1,1,1,1,1,1,1,1,1,1,2,3,1,2,3,1,2,3,1,0,0,0,0,0,0,0,0,0,0,Easy,Easy,Easy,Normal,Normal,Normal,Normal,Normal,Normal,Hard,11.9333333333333,24.2166666666667,7.06666666666667,10.3333333333333,22.3666666666667,25.2666666666667,12.5833333333333,12.8333333333333,5.38333333333333,35.85,0,0,0,0,0,1,0,0,0,1,,,,,,16.8,,,,30.5,3,2,3,3,2,1,3,3,3,1,0,0,0,Harder,Same,Harder,0,1,0,0,1,0,0,0,0,1,28.6833333333333,9.56111111111111,19.1222222222222
Industri_238,Remote,Laki-laki,30,S1/D4,Luar Jawa,Pekerja,Staff,7,Staf,Selalu (Setiap Hari),0,1,0,0,1,0,2,,4,3.22222222222222,2.78571428571429,3.75,4,3,3.833333333,2.833333333,3.4,4,3.8,80,3,11,43.5,3.34615384615385,90,7.12222222222222,,0,0,0,243.066666666667,24.3066666666667,10,66.6666666666667,3,3,0,0,3,1,1,33.3333333333333,0,1,1,25.6722222222222,0,7,3,0,1,1,1,1,0,1,1,1,0,1,1,2,3,1,2,3,1,2,3,1,0,0,0,0,0,0,0,0,0,0,Easy,Easy,Easy,Normal,Normal,Normal,Easy,Easy,Easy,Easy,31.7,31.1166666666667,17.25,15.1333333333333,45,31.6166666666667,9.03333333333333,10.7,45,6.51666666666667,1,0,0,0,1,1,0,0,0,0,18.1166666666667,,,,36.1833333333333,22.7166666666667,,,,,1,2,2,2,0,1,3,3,0,3,0,0,0,Harder,Easier,Same,1,0,0,1,1,0,0,0,0,0,24.9,8.3,16.6
Industri_239,Remote,Laki-laki,30,S1/D4,Jawa,Pekerja,Junior Expert,7,Supervisor,Sering (3-4 kali dalam seminggu),1,1,1,1,0,0,4,,5.4,4,4.28571428571429,4.3125,5.4,2.8,4.333333333,4.5,4.4,4.333333333,4.2,100,3,13,66.5,5.11538461538462,100,0,,0,0,0,152.116666666667,15.2116666666667,20,0,2,2,0,0,3,0,1,66.6666666666667,0,0,2,26.7166666666667,0,3,6,1,1,1,1,1,1,1,1,1,1,1,1,2,3,1,2,3,1,2,3,1,0,0,0,0,0,0,0,0,0,0,Easy,Easy,Easy,Normal,Normal,Normal,Normal,Normal,Normal,Hard,9.08333333333333,15.35,4.68333333333333,10.3833333333333,15.5833333333333,28.45,6.08333333333333,12.2666666666667,15.9166666666667,34.3166666666667,0,0,0,0,0,1,0,0,0,1,,,,,,24.5333333333333,,,,28.9,3,2,3,3,2,1,3,3,2,1,0,0,0,Harder,Same,Harder,0,1,0,0,1,0,0,0,0,1,23.7666666666667,7.92222222222222,15.8444444444444
Industri_240,Remote,Laki-laki,28,S1/D4,Jawa,Pekerja,Staff PCP,8,Staf,Sering (3-4 kali dalam seminggu),1,0,0,0,1,0,2,,5.2,5.55555555555556,5.64285714285714,4.1875,5.2,5,5.666666667,5.833333333,5,4.333333333,3.2,70,3,10,46.5,3.1,100,51.5888888888889,,0,0,0,224.95,22.495,0,66.6666666666667,0,0,0,0,5,1,1,33.3333333333333,0,0,0,,0,7,3,0,0,1,1,1,1,1,1,0,0,1,1,2,3,1,2,3,1,2,3,1,0,0,0,0,0,0,0,0,0,0,Easy,Easy,Easy,Easy,Easy,Easy,Normal,Normal,Normal,Easy,45,24.3666666666667,13.1,8.6,10.55,4.05,21.6166666666667,45,45,7.66666666666667,0,0,0,0,0,0,0,0,0,0,,,,,,,,,,,0,2,3,3,3,3,2,0,0,3,0,0,0,Same,Harder,Easier,1,1,0,0,0,0,2,1,0,0,100.083333333333,20.0166666666667,66.7222222222222
Industri_241,Remote,Laki-laki,29,S1/D4,Jawa,Pekerja,Staff,7,Staf,Sering (3-4 kali dalam seminggu),1,0,0,1,0,0,2,4.75,5,4.72222222222222,4.92857143,4.75,5,3,5.333333333,5.333333333,5.4,5.166666667,3.6,90,4,13,58,4.14285714285714,100,7.87777777777778,,0,0,0,214.533333333333,21.4533333333333,10,33.3333333333333,1,1,0,0,4,0,2,33.3333333333333,0,0,1,29.65,0,6,4,0,1,0,1,1,1,1,1,1,1,1,1,2,3,1,2,3,1,2,3,1,0,0,0,0,0,0,0,0,0,0,Easy,Easy,Easy,Easy,Easy,Easy,Normal,Normal,Normal,Normal,38.3,45,7.03333333333333,6.46666666666667,14.6333333333333,9.16666666666667,12.2833333333333,26.3833333333333,36.8166666666667,18.45,0,0,0,0,0,0,0,0,1,0,,,,,,,,,29.65,,2,0,3,3,3,3,3,2,1,2,0,0,0,Same,Harder,Same,1,1,0,0,0,0,0,1,0,1,49.7166666666667,12.4291666666667,33.1444444444445
Industri_242,Remote,Laki-laki,29,S1/D4,Jawa,Pekerja,Account Receivable dan Joint Operation,6,Staf,Sering (3-4 kali dalam seminggu),1,0,0,1,1,0,3,,4.4,4.88888888888889,5.07142857142857,3.5625,4.4,3.6,5.166666667,5.666666667,4.4,3.333333333,3,60,7,13,88,4.63157894736842,80,44.6333333333333,,0,6,2,332.85,33.285,0,0,4,2,2,66.6666666666667,9,0,0,100,0,0,0,38.175,0,3,3,4,1,1,1,1,0,1,0,1,0,0,1,2,3,1,2,3,1,2,3,1,0,0,0,0,0,0,0,0,1,1,Easy,Easy,Easy,Normal,Normal,Normal,Hard,Hard,Hard,Hard,42.45,18.0666666666667,27.0333333333333,28.45,45,13.95,45,35.3833333333333,38.8333333333333,38.6833333333333,0,0,0,0,0,0,1,0,1,0,,,,,,,41.95,,34.4,,2,2,2,2,0,3,0,2,0,0,0,0,0,Harder,Harder,Harder,1,1,0,1,1,0,2,3,0,0,119.433333333333,13.2703703703704,79.6222222222222
Industri_243,Remote,Laki-laki,30,S1/D4,Jawa,Pekerja,QAQC,8,Staf,Jarang (3-4 kali dalam sebulan),0,0,1,0,0,0,1,4.5,4.8,4.44444444444445,4.64285714285714,4.3125,4.8,2.6,4.5,5.666666667,4.6,3.833333333,4.6,100,3,13,40,3.07692307692308,80,0,,0,0,0,161.4,16.14,0,0,2,2,0,0,3,1,1,33.3333333333333,0,2,0,18.3416666666667,6,4,0,0,1,1,1,1,1,1,1,1,1,1,1,2,3,1,2,3,1,2,3,1,0,0,0,0,0,0,0,0,0,0,Easy,Easy,Easy,Very Easy,Very Easy,Very Easy,Very Easy,Very Easy,Very Easy,Easy,27.2333333333333,40.15,23.5166666666667,6.88333333333333,29.35,4.38333333333333,6.6,11.1,3.48333333333333,8.7,0,0,1,0,1,0,0,0,0,0,,,19.55,,17.1333333333333,,,,,,2,2,1,3,1,3,3,3,3,3,0,0,0,Easier,Same,Harder,1,1,0,0,1,0,0,0,0,0,24.3666666666667,8.12222222222222,16.2444444444444
Industri_244,Remote,Laki-laki,29,S1/D4,Jawa,Pekerja,Staff Akuntansi,7,Staf,Selalu (Setiap Hari),1,0,0,0,0,0,1,,4.7,4.44444444444445,4.64285714285714,3.875,4.7,1.6,5.5,5.5,4.4,4.166666667,3,100,3,13,55,4.23076923076923,80,0,,0,0,0,143.933333333333,14.3933333333333,0,0,2,2,0,0,3,0,2,33.3333333333333,1,1,0,11.9,0,6,4,0,1,1,1,1,1,1,1,1,1,1,1,2,3,1,2,3,1,2,3,1,0,0,0,0,0,0,0,0,0,0,Easy,Easy,Easy,Easy,Easy,Easy,Normal,Normal,Normal,Normal,13.3666666666667,20.95,7.01666666666667,6.71666666666667,19.7666666666667,4.01666666666667,9.11666666666667,43.35,10.7833333333333,8.85,0,0,0,0,0,0,0,1,1,0,,,,,,,,16.35,7.45,,3,2,3,3,2,3,3,1,1,3,0,0,0,Same,Harder,Same,0,1,0,0,1,0,0,1,0,0,34.8833333333333,11.6277777777778,23.2555555555556
Industri_246,Remote,Laki-laki,30,S1/D4,Jawa,Pekerja,Kontraktor,6,Staf,Jarang (3-4 kali dalam sebulan),1,0,0,0,0,0,1,3.5,4,4.16666666666667,4.35714285714286,4,4,2.6,4.333333333,5,3,3.833333333,5.2,90,3,12,52.5,4.03846153846154,100,5.32222222222222,,0,0,0,196.45,19.645,10,33.3333333333333,1,1,0,0,3,1,1,33.3333333333333,0,0,1,27.8333333333333,0,7,3,0,0,1,1,1,1,1,1,1,1,1,1,2,3,1,2,3,1,2,3,1,0,0,0,0,0,0,0,0,0,0,Easy,Easy,Easy,Easy,Easy,Easy,Normal,Normal,Normal,Easy,45,40.2166666666667,11.2333333333333,9.71666666666667,13.1333333333333,5.65,13.1666666666667,17.7833333333333,33.1,7.45,0,0,0,0,0,0,0,0,1,0,,,,,,,,,27.8333333333333,,0,2,3,3,3,3,3,2,1,3,0,0,0,Same,Harder,Easier,1,1,0,0,0,0,0,1,0,0,34.95,11.65,23.3
Industri_247,Remote,Laki-laki,29,S1/D4,Jawa,Pekerja,Business Analyst,4,Supervisor,Jarang (3-4 kali dalam sebulan),1,0,1,1,0,0,3,,4.9,4.5,4.57142857142857,4.125,4.9,4.8,4.333333333,4.5,4.6,3.833333333,4,80,7,15,66.5,3.91176470588235,80,17.9,,0,6,0,243.066666666667,24.3066666666667,10,33.3333333333333,6,5,1,0,7,0,1,66.6666666666667,1,1,2,21.4666666666667,0,6,3,1,1,0,1,1,1,1,1,1,1,0,1,2,3,1,2,3,1,2,3,1,0,0,0,0,0,0,0,0,0,0,Easy,Easy,Easy,Easy,Easy,Easy,Normal,Normal,Normal,Hard,39.0833333333333,45,12.8666666666667,9.98333333333333,20.6666666666667,4.91666666666667,15.6166666666667,28.65,21.2833333333333,45,1,1,1,0,0,0,0,0,1,1,24.3166666666667,34.7333333333333,8.3,,,,,,14.7666666666667,25.2166666666667,1,0,1,3,2,3,2,2,1,0,0,0,0,Same,Harder,Harder,1,1,0,0,1,0,1,1,0,2,76.55,10.9357142857143,51.0333333333333
Industri_248,Remote,Laki-laki,30,S1/D4,Jawa,Pekerja,Asisten Kepala Seksi Peralatan,6,Supervisor,Jarang (3-4 kali dalam sebulan),1,0,0,0,0,0,1,,5,4.66666666666667,4.64285714285714,4.75,5,4.2,4.666666667,5,4.4,5,4.8,100,2,12,29.5,2.26923076923077,10,0,,0,0,0,155.35,15.535,0,0,10,9,1,0,3,0,1,66.6666666666667,9,0,0,2.93333333333333,0,3,6,1,1,1,1,1,1,1,1,1,1,1,1,2,3,1,2,3,1,2,3,1,0,0,0,0,0,0,0,0,0,0,Easy,Easy,Easy,Normal,Normal,Normal,Normal,Normal,Normal,Hard,8.33333333333333,29.8166666666667,8.78333333333333,7.85,21.9,10.8,10.7666666666667,26.2833333333333,16.05,14.7666666666667,1,1,1,1,1,1,1,1,0,1,2.06666666666667,1.38333333333333,2.01666666666667,1.51666666666667,2.96666666666667,3.05,2.33333333333333,5.51666666666667,,5.55,1,1,1,1,1,1,1,1,2,1,0,0,0,Harder,Same,Harder,1,0,0,2,0,0,0,0,0,0,36.5333333333333,12.1777777777778,24.3555555555556
Industri_250,Remote,Laki-laki,30,S1/D4,Jawa,Pekerja,Staff,5,Staf,Jarang (3-4 kali dalam sebulan),0,0,0,0,0,1,0,,4.1,3.5,3.64285714285714,3.9375,4.1,1.4,3.166666667,5.333333333,3,4.166666667,4.6,80,5,13,53.5,3.56666666666667,80,5.57777777777778,,0,0,2,171.316666666667,17.1316666666667,0,66.6666666666667,0,0,0,0,5,0,2,33.3333333333333,0,0,0,,0,9,1,0,1,1,0,0,1,1,1,1,1,1,1,2,3,1,2,3,1,2,3,1,0,0,1,1,0,0,0,0,0,0,Easy,Easy,Easy,Easy,Easy,Easy,Easy,Easy,Easy,Normal,15.25,36,12.5166666666667,17.3,17.5,24.45,8.16666666666667,17.7666666666667,3.71666666666667,18.65,0,0,0,0,0,0,0,0,0,0,,,,,,,,,,,2,2,0,0,3,2,3,2,3,2,0,0,0,Same,Same,Harder,1,1,0,1,0,0,0,1,0,1,50.65,10.13,33.7666666666667
Industri_251,Remote,Laki-laki,30,S1/D4,Jawa,Pekerja,Staf Investor Relations & Public Relations,8,Staf,Selalu (Setiap Hari),1,1,1,1,1,0,5,,5.4,4.77777777777778,4.92857142857143,5,5.4,5,4.666666667,4.666666667,5.6,4.833333333,4.6,80,,8,36,3.6,80,0,,0,0,2,147.9,14.79,0,33.3333333333333,0,0,0,0,0,0,2,33.3333333333333,0,0,0,,0,6,4,0,1,1,1,1,1,1,1,0,0,1,1,2,3,1,2,3,1,2,3,1,0,0,0,0,0,0,0,1,1,0,Easy,Easy,Easy,Easy,Easy,Easy,Normal,Normal,Normal,Normal,23.3,25.6833333333333,4.05,13.6333333333333,8.93333333333333,3.3,9.75,36.9833333333333,12.35,9.91666666666667,0,0,0,0,0,0,0,0,0,0,,,,,,,,,,,2,2,3,3,3,3,3,0,0,3,0,0,0,Same,Harder,Same,0,0,0,0,0,0,0,0,0,0,0,,0
Industri_253,Remote,Laki-laki,30,S1/D4,Luar Jawa,Pekerja,SALES ENGINEER,8,Supervisor,Tidak Pernah,0,0,0,0,0,1,0,,5.1,5.11111111111111,5.14285714285714,4.8125,5.1,3.2,5.666666667,6,4.8,5,4.6,90,4,13,53.5,3.82142857142857,90,8.97777777777778,,0,0,0,236.166666666667,23.6166666666667,10,33.3333333333333,3,3,0,0,4,0,2,33.3333333333333,0,1,2,22.2222222222222,0,6,4,0,1,1,1,1,1,1,1,0,1,1,1,2,3,1,2,3,1,2,3,1,0,0,0,0,0,0,0,0,0,0,Easy,Easy,Easy,Easy,Easy,Easy,Normal,Normal,Normal,Normal,27.6666666666667,40.2,20.0333333333333,9.48333333333333,12.05,4.11666666666667,12.3333333333333,45,23.1833333333333,42.1,0,0,0,0,0,0,0,1,1,1,,,,,,,,23.1166666666667,15.5333333333333,28.0166666666667,2,2,2,3,3,3,3,0,1,1,0,0,0,Same,Harder,Same,1,1,0,0,0,0,0,1,0,1,40.3,10.075,26.8666666666667
Industri_254,Remote,Laki-laki,30,D1/D2/D3,Luar Jawa,Pekerja,Staf Juru I Perencana dan Evaluasi Operasi,9,Staf,Jarang (3-4 kali dalam sebulan),1,0,1,0,1,0,3,,5.1,4.55555555555556,4.57142857142857,4.5,5.1,2.4,5.333333333,5.333333333,5,4.5,4,80,6,14,37,2.3125,80,12.8,,0,0,0,185.1,18.51,10,33.3333333333333,6,4,2,0,6,2,1,0,2,0,1,17.8416666666667,7,3,0,0,0,0,1,1,1,1,1,1,1,1,1,2,3,1,2,3,1,2,3,1,0,0,0,0,0,0,0,0,0,0,Easy,Easy,Easy,Very Easy,Very Easy,Very Easy,Very Easy,Very Easy,Very Easy,Very Easy,45,45,5.76666666666667,7.4,31.3166666666667,8.36666666666667,6.23333333333333,25.9166666666667,4.05,6.05,1,0,0,0,1,1,0,1,0,0,39.4,,,,22.2333333333333,2.7,,7.03333333333333,,,0,0,3,3,1,1,3,1,3,3,0,0,0,Easier,Easier,Same,1,2,0,0,2,0,0,1,0,0,63.7666666666667,10.6277777777778,42.5111111111111
Industri_255,Remote,Perempuan,30,S1/D4,Jawa,Pekerja,Asisten Kepala Seksi Teknik Mutu,7,Supervisor,Sering (3-4 kali dalam seminggu),0,0,0,0,1,0,1,,5.3,5.5,5.5,5.4375,5.3,4.2,6,6,5.6,5.666666667,5,80,6,14,55,3.05555555555556,90,40.2666666666667,,0,0,0,270.7,27.07,10,66.6666666666667,3,2,1,0,8,0,2,33.3333333333333,0,1,1,19.8833333333333,0,6,4,0,1,1,0,1,1,1,1,0,1,1,1,2,3,1,2,3,1,2,3,1,0,0,0,0,0,0,0,0,0,0,Easy,Easy,Easy,Easy,Easy,Easy,Normal,Normal,Normal,Normal,37.25,42.5,45,6.86666666666667,12.8666666666667,32.4166666666667,9.73333333333333,45,20.6666666666667,18.4,0,0,0,0,0,1,0,0,1,0,,,,,,26.0833333333333,,,13.6833333333333,,2,2,0,3,3,1,3,0,1,2,0,0,0,Same,Harder,Same,1,2,0,0,0,0,0,4,0,1,110.8,13.85,73.8666666666667
Industri_256,Remote,Perempuan,30,S1/D4,Luar Jawa,Pekerja,Staff keuangan dan SDM,10,Staf,Sering (3-4 kali dalam seminggu),0,0,0,0,1,0,1,5,5.7,4.55555555555556,4.5,4.625,5.7,3.2,5.166666667,5,5.6,4.5,3.8,90,,9,29.5,2.95,80,0,,0,0,0,220.283333333333,22.0283333333333,10,33.3333333333333,3,3,0,0,0,0,2,33.3333333333333,1,1,1,17.0611111111111,0,9,1,0,1,0,1,1,1,1,1,1,1,1,1,2,3,1,2,3,1,2,3,1,0,0,0,0,0,0,0,0,0,0,Easy,Easy,Easy,Easy,Easy,Easy,Easy,Easy,Easy,Normal,34.9,45,37.15,26.3333333333333,27.05,7.51666666666667,7.36666666666667,14.9333333333333,3.33333333333333,16.7,0,0,1,1,1,0,0,0,0,0,,,29.2333333333333,18.5,3.45,,,,,,2,0,1,1,1,3,3,3,3,2,0,0,0,Same,Same,Harder,0,0,0,0,0,0,0,0,0,0,0,,0
Industri_257,Remote,Laki-laki,29,S1/D4,Jawa,Pekerja,Staf Juru I Keuangan dan SDM,6,Staf,Sering (3-4 kali dalam seminggu),1,0,0,0,0,0,1,,5.3,5.72222222222222,5.78571428571429,4.25,5.3,5.4,5.666666667,6,4.8,3.833333333,4.2,50,9,14,67.5,3.55263157894737,70,30.8666666666667,,0,5,1,360.1,36.01,20,0,12,8,4,100,9,0,0,100,1,1,2,27.3979166666667,0,3,3,4,0,0,1,1,0,1,0,1,1,0,1,2,3,1,2,3,1,2,3,1,0,0,0,0,0,0,0,0,0,1,Easy,Easy,Easy,Normal,Normal,Normal,Hard,Hard,Hard,Hard,45,45,23.5,14.9166666666667,45,17.5,45,42.85,39.8,41.5333333333333,1,0,1,0,1,1,1,1,1,1,25.8833333333333,,16.85,,33.6333333333333,7.43333333333333,41.2,35.6166666666667,23.85,34.7166666666667,0,0,1,3,0,1,0,1,1,0,0,0,0,Harder,Harder,Harder,2,2,0,0,1,0,2,2,0,0,79.6166666666667,8.8462962962963,53.0777777777778
Industri_258,Remote,Laki-laki,24,SMA,Jawa,Pekerja,IT,5,Staf,Jarang (3-4 kali dalam sebulan),0,0,0,0,1,0,1,,4.7,4.77777777777778,4.71428571428571,4.875,4.7,4.2,5,5,5,5,4.6,90,6,15,79,4.9375,40,11.2222222222222,,0,0,0,200.083333333333,20.0083333333333,10,0,8,8,0,33.3333333333333,6,0,0,100,5,1,1,11.7979166666667,0,3,3,4,1,1,1,1,0,1,1,1,1,1,1,2,3,1,2,3,1,2,3,1,0,0,0,0,0,0,0,0,0,0,Easy,Easy,Easy,Normal,Normal,Normal,Hard,Hard,Hard,Hard,35.7,28.85,9.25,9.91666666666667,45,21.6666666666667,11.7333333333333,10.9,14.0166666666667,13.05,1,0,1,1,1,1,1,1,1,0,24.1666666666667,,3.58333333333333,2.53333333333333,35.5333333333333,16.2,3.4,4.51666666666667,4.45,,1,2,1,1,0,1,1,1,1,3,0,0,0,Harder,Harder,Harder,1,1,0,1,1,0,1,1,0,0,58.3333333333333,9.72222222222222,38.8888888888889
Industri_259,Remote,Laki-laki,29,S1/D4,Jawa,Pekerja,Staf Public Relations,6,Staf,Jarang (3-4 kali dalam sebulan),0,1,0,1,1,0,3,,4.4,3.77777777777778,3.85714285714286,3.25,4.4,3,3.333333333,4.666666667,4,2.666666667,3.2,100,11,21,84,4,100,0,,0,0,0,152.133333333333,15.2133333333333,0,0,1,0,1,0,11,0,3,0,0,0,0,,0,10,0,0,1,1,1,1,1,1,1,1,1,1,1,2,3,1,2,3,1,2,3,1,0,0,0,0,0,0,0,0,0,0,Easy,Easy,Easy,Easy,Easy,Easy,Easy,Easy,Easy,Easy,26.8333333333333,44.7166666666667,19.75,7.41666666666667,12.2333333333333,8.9,6.58333333333333,11.9333333333333,4.45,9.31666666666667,0,0,0,0,0,0,0,0,0,0,,,,,,,,,,,2,2,2,3,3,3,3,3,3,3,0,0,0,Same,Same,Same,1,1,0,1,1,0,1,1,0,5,93,8.45454545454546,62
Industri_260,Remote,Laki-laki,28,S1/D4,Jawa,Pekerja,Quantity Survey and Production Engineer,5,Staf,Sering (3-4 kali dalam seminggu),0,0,0,1,0,0,1,,5,5.55555555555556,6,5.1875,5,5,5.5,6,6,4.666666667,5,30,0,3,15,1.36363636363636,100,0,,0,1,0,365.866666666667,36.5866666666667,0,33.3333333333333,1,1,0,33.3333333333333,1,1,1,33.3333333333333,0,0,0,36.55,0,7,3,0,1,1,1,0,0,0,0,0,0,0,1,2,3,1,2,3,1,2,3,1,0,0,0,0,0,0,0,0,0,0,Easy,Easy,Easy,Easy,Easy,Easy,Normal,Normal,Normal,Easy,13.3666666666667,30.2,7.3,45,45,45,45,45,45,45,0,0,0,1,0,0,0,0,0,0,,,,36.55,,,,,,,3,2,3,0,0,0,0,0,0,0,0,0,0,Same,Harder,Easier,0,1,0,0,0,0,0,0,0,0,136.466666666667,136.466666666667,90.9777777777778
Industri_261,Remote,Perempuan,26,D1/D2/D3,Jawa,Pekerja,Staff Finance,5,Staf,Sering (3-4 kali dalam seminggu),1,0,0,0,1,0,2,,4.8,4.5,4.64285714285714,4,4.8,4.4,4.333333333,4.666666667,5,3.833333333,3.2,90,4,13,49,3.5,80,14.4333333333333,,0,0,0,201.7,20.17,10,33.3333333333333,4,3,1,0,4,1,1,33.3333333333333,0,2,1,17.4388888888889,0,7,3,0,1,1,1,1,1,1,1,0,1,1,1,2,3,1,2,3,1,2,3,1,0,0,0,0,0,0,0,0,0,0,Easy,Easy,Easy,Easy,Easy,Easy,Normal,Normal,Normal,Easy,35.5,33.8833333333333,21.8333333333333,6.1,13.3166666666667,4.36666666666667,12.15,45,18.8666666666667,10.6833333333333,1,0,1,0,0,0,0,0,1,0,24.5,,15.3833333333333,,,,,,12.4333333333333,,1,2,1,3,3,3,3,0,1,3,0,0,0,Same,Harder,Easier,1,1,0,0,0,0,0,2,0,0,56.1833333333333,14.0458333333333,37.4555555555556
Industri_262,Remote,Laki-laki,30,SMA,Jawa,Pekerja,staf qc,11,Staf,Sering (3-4 kali dalam seminggu),0,1,0,0,0,0,1,4.25,3.8,3.55555555555556,3.57142857142857,3.5625,3.8,2.8,3.666666667,4,3.2,3,4.6,50,1,6,24,1.84615384615385,100,83.0111111111111,,0,3,0,313.233333333333,31.3233333333333,0,100,4,3,1,0,3,0,3,0,0,0,1,30.5833333333333,0,10,0,0,0,0,1,1,0,1,1,0,1,0,1,2,3,1,2,3,1,2,3,1,0,0,0,0,0,0,0,0,0,0,Easy,Easy,Easy,Easy,Easy,Easy,Easy,Easy,Easy,Easy,45,45,14.9666666666667,20.8833333333333,45,9.96666666666667,30.6666666666667,45,11.75,45,1,1,0,0,1,0,0,0,0,0,30.6666666666667,27.9,,,33.1833333333333,,,,,,0,0,3,2,0,3,2,0,3,0,0,0,0,Same,Same,Same,1,1,0,0,1,0,0,0,0,0,124.516666666667,41.5055555555556,83.0111111111111
Industri_263,Remote,Laki-laki,30,S1/D4,Jawa,Pekerja,Koordinator Akuntansi & Pajak,10,Supervisor,Sering (3-4 kali dalam seminggu),0,0,1,1,1,0,3,,5.9,5.83333333333333,6,4.9375,5.9,5.6,5.833333333,6,5.6,5.833333333,3.2,100,5,15,58.5,3.9,70,0,,0,0,0,202.633333333333,20.2633333333333,10,0,4,4,0,0,5,0,2,33.3333333333333,2,1,0,16.0791666666667,0,6,4,0,1,1,1,1,1,1,1,1,1,1,1,2,3,1,2,3,1,2,3,1,0,0,0,0,0,0,0,0,0,0,Easy,Easy,Easy,Easy,Easy,Easy,Normal,Normal,Normal,Normal,36.5666666666667,24.6,16.1333333333333,6.9,11.2833333333333,6.28333333333333,26.2666666666667,37.4833333333333,14.4666666666667,22.65,1,0,1,0,0,0,0,1,1,0,31.8,,8.46666666666667,,,,,18.15,5.9,,1,2,1,3,3,3,2,1,1,2,0,0,0,Same,Harder,Same,1,1,0,0,0,0,1,1,0,1,52.75,10.55,35.1666666666667
Industri_264,Remote,Laki-laki,28,S1/D4,Jawa,Pekerja,Maintenance Supervisor,6,Supervisor,Sering (3-4 kali dalam seminggu),0,0,1,0,1,0,2,,5.8,5.83333333333333,5.85714285714286,4.8125,5.8,5.8,5.833333333,6,5.8,4.666666667,4,70,5,12,56,3.73333333333333,60,28,,0,0,0,287.1,28.71,0,33.3333333333333,6,6,0,33.3333333333333,5,0,1,66.6666666666667,0,4,1,21.5333333333333,0,6,3,1,0,0,1,1,1,1,1,0,1,1,1,2,3,1,2,3,1,2,3,1,0,0,0,0,0,0,0,0,0,0,Easy,Easy,Easy,Easy,Easy,Easy,Normal,Normal,Normal,Hard,45,45,24.6833333333333,12.6166666666667,12.5333333333333,4.81666666666667,37.15,45,26.1666666666667,34.1333333333333,1,0,1,0,0,0,1,1,1,1,24.6666666666667,,17.75,,,,16.35,33.1666666666667,18.2,19.0666666666667,0,0,1,3,3,3,1,0,1,1,0,0,0,Same,Harder,Harder,1,1,0,0,0,0,1,1,0,1,60.9666666666667,12.1933333333333,40.6444444444445
Industri_265,Remote,Laki-laki,30,S1/D4,Jawa,Pekerja,Kepala Seksi Komersial & Engineering,7,Supervisor,Jarang (3-4 kali dalam sebulan),1,0,0,1,1,0,3,,4.8,4.55555555555556,4.64285714285714,4.4375,4.8,4.2,4.5,4.833333333,4.2,4.5,4.6,100,5,15,51.5,3.43333333333333,50,0,,0,0,0,175.166666666667,17.5166666666667,10,0,6,6,0,0,5,0,2,33.3333333333333,3,2,1,11.2666666666667,0,9,1,0,1,1,1,1,1,1,1,1,1,1,1,2,3,1,2,3,1,2,3,1,0,0,0,0,0,0,0,0,0,0,Easy,Easy,Easy,Easy,Easy,Easy,Easy,Easy,Easy,Normal,36.9166666666667,28.6333333333333,14.1833333333333,18.8333333333333,17.55,4.66666666666667,10.6333333333333,12.8,4.06666666666667,26.8833333333333,1,1,1,1,1,0,0,0,0,1,29.0666666666667,1.95,8.21666666666667,11.8833333333333,4.08333333333333,,,,,12.4,1,1,1,1,1,3,3,3,3,1,0,0,0,Same,Same,Harder,1,1,0,1,1,0,0,0,0,1,52.15,10.43,34.7666666666667
Industri_267,Remote,Laki-laki,30,S1/D4,Jawa,Pekerja,pelaksana produksi,7,Staf,Jarang (3-4 kali dalam sebulan),0,0,0,1,0,0,1,,4.3,3.83333333333333,3.85714285714286,4.375,4.3,5.4,3,3.833333333,3.6,4.5,5,60,8,14,35.5,1.86842105263158,70,27.6222222222222,,0,0,1,215.066666666667,21.5066666666667,0,66.6666666666667,6,3,3,0,9,1,1,33.3333333333333,2,0,1,12.9,6,4,0,0,0,0,0,1,0,1,1,1,1,1,1,2,3,1,2,3,1,2,3,1,0,0,1,0,0,0,0,0,0,0,Easy,Easy,Easy,Very Easy,Very Easy,Very Easy,Very Easy,Very Easy,Very Easy,Easy,45,45,18.6,9.46666666666667,45,5.28333333333333,8.33333333333333,22.6166666666667,4.8,10.9666666666667,0,0,0,0,1,0,0,1,0,1,,,,,26.8333333333333,,,7.96666666666667,,3.9,0,0,0,3,0,3,3,1,3,1,0,0,0,Easier,Same,Harder,2,1,0,0,2,0,0,3,0,1,104.75,11.6388888888889,69.8333333333333
Industri_268,Remote,Laki-laki,30,S1/D4,Jawa,Pekerja,Bridge Endineer,9,Staf,Selalu (Setiap Hari),1,0,0,1,0,0,2,,4.2,3.94444444444444,4.14285714285714,4,4.2,4,3.5,4.333333333,4.2,3.666666667,4.2,90,5,14,85,5.66666666666667,90,0,,0,0,1,224.366666666667,22.4366666666667,20,33.3333333333333,3,3,0,0,5,0,1,66.6666666666667,0,1,2,23.9333333333333,0,3,3,4,1,1,1,1,1,1,1,1,0,1,1,2,3,1,2,3,1,2,3,1,0,0,0,0,0,0,0,0,1,0,Easy,Easy,Easy,Normal,Normal,Normal,Hard,Hard,Hard,Hard,26.15,14.75,4.81666666666667,10.7333333333333,34.3666666666667,21.35,38.8833333333333,33.2,34.25,5.86666666666667,0,0,0,0,0,0,1,1,1,0,,,,,,,26.9,25.75,19.15,,2,3,3,3,2,2,1,1,0,3,0,0,0,Harder,Harder,Same,2,0,0,0,1,0,1,1,0,0,37.2333333333333,7.44666666666667,24.8222222222222
Industri_270,Remote,Laki-laki,28,S1/D4,Jawa,Pekerja,Accounting Staf,7,Staf,Jarang (3-4 kali dalam sebulan),0,0,0,0,0,1,0,,5.3,4.77777777777778,4.78571428571429,4.1875,5.3,3.8,4.5,5.833333333,4.4,3.5,4.8,100,3,13,52.5,4.03846153846154,100,0,,0,0,0,152.083333333333,15.2083333333333,10,0,1,1,0,0,3,0,2,33.3333333333333,0,0,1,26.75,0,9,1,0,1,1,1,1,1,1,1,1,1,1,1,2,3,1,2,3,1,2,3,1,0,0,0,0,0,0,0,0,0,0,Easy,Easy,Easy,Easy,Easy,Easy,Easy,Easy,Easy,Normal,32.5333333333333,16.6,31.8833333333333,11.0666666666667,15.2,4.03333333333333,10.1,12.2666666666667,4.98333333333333,13.4166666666667,0,0,1,0,0,0,0,0,0,0,,,26.75,,,,,,,,2,2,1,3,2,3,3,3,3,3,0,0,0,Same,Same,Harder,1,1,0,0,1,0,0,0,0,0,37.2166666666667,12.4055555555556,24.8111111111111
Industri_271,Remote,Perempuan,30,S1/D4,Luar Jawa,Pekerja,KOORDINATOR HUMAN CAPITAL,7,Supervisor,Jarang (3-4 kali dalam sebulan),0,0,0,0,0,1,0,,5,4.38888888888889,4.35714285714286,4.625,5,4.4,3.166666667,5.5,4.8,4.666666667,4.4,80,3,11,45,3,80,31.9666666666667,,0,0,2,203.566666666667,20.3566666666667,0,33.3333333333333,1,0,1,0,5,1,1,33.3333333333333,0,0,0,,0,7,3,0,1,1,1,1,1,1,1,0,0,1,1,2,3,1,2,3,1,2,3,1,0,0,0,0,0,0,0,1,1,0,Easy,Easy,Easy,Easy,Easy,Easy,Normal,Normal,Normal,Easy,28.4666666666667,20.4666666666667,26.9166666666667,19.3166666666667,11.1833333333333,3.35,10.8666666666667,43.15,19.6833333333333,20.1666666666667,0,0,0,0,0,0,0,0,0,0,,,,,,,,,,,2,2,2,2,3,3,3,0,0,3,0,0,0,Same,Harder,Easier,1,1,0,1,0,0,0,2,0,0,76.0166666666667,15.2033333333333,50.6777777777778
Industri_272,Remote,Laki-laki,28,SMA,Jawa,Pekerja,Staf Produksi,10,Staf,Sering (3-4 kali dalam seminggu),0,0,0,0,0,1,0,,4.6,4.16666666666667,4.28571428571429,4.0625,4.6,3.8,3.333333333,5.333333333,4.4,3.166666667,4.8,90,4,13,55.5,3.96428571428571,100,4.31111111111111,,0,0,0,155.333333333333,15.5333333333333,0,33.3333333333333,0,0,0,0,4,0,3,0,0,0,0,,0,10,0,0,0,1,1,1,1,1,1,1,1,1,1,2,3,1,2,3,1,2,3,1,0,0,0,0,0,0,0,0,0,0,Easy,Easy,Easy,Easy,Easy,Easy,Easy,Easy,Easy,Easy,45,21.35,10.6833333333333,11.35,10.1166666666667,13.4,21.5333333333333,10.4,5.11666666666667,6.38333333333333,0,0,0,0,0,0,0,0,0,0,,,,,,,,,,,0,2,3,3,3,3,2,3,3,3,0,0,0,Same,Same,Same,1,1,0,1,0,0,1,0,0,0,29.5166666666667,7.37916666666667,19.6777777777778
Industri_273,Remote,Laki-laki,28,SMA,Jawa,Pekerja,Staf SHE,9,Staf,Selalu (Setiap Hari),1,0,1,0,0,0,2,,3.9,3.77777777777778,3.85714285714286,3.8125,3.9,3.2,4,4,4,4,3.4,80,6,14,59.5,3.71875,50,7.82222222222222,,0,0,2,152.466666666667,15.2466666666667,0,33.3333333333333,5,5,0,0,6,0,2,33.3333333333333,1,4,0,14.3833333333333,0,6,4,0,1,1,1,1,1,1,1,0,0,1,1,2,3,1,2,3,1,2,3,1,0,0,0,0,0,0,0,1,1,0,Easy,Easy,Easy,Easy,Easy,Easy,Normal,Normal,Normal,Normal,19.5833333333333,18.8166666666667,6.48333333333333,6.18333333333333,8.8,6.21666666666667,22.8666666666667,25.05,12.9833333333333,25.4833333333333,1,0,0,0,0,0,1,1,1,1,12.3666666666667,,,,,,18.3666666666667,16.1833333333333,6.88333333333333,18.1166666666667,1,2,3,3,3,3,1,0,0,1,0,0,0,Same,Harder,Same,1,1,0,0,0,0,1,2,0,1,54.3833333333333,9.06388888888889,36.2555555555556
Industri_274,Remote,Laki-laki,30,S1/D4,Luar Jawa,Pekerja,Junior Expert Risk Management,7,Supervisor,Selalu (Setiap Hari),1,0,0,1,1,0,3,,6,5.94444444444445,5.92857142857143,6,6,5.8,6,6,6,6,6,100,5,15,57,3.8,70,0,,0,0,0,190.783333333333,19.0783333333333,10,0,4,4,0,0,5,0,2,33.3333333333333,1,1,2,16.4625,0,6,4,0,1,1,1,1,1,1,1,1,1,1,1,2,3,1,2,3,1,2,3,1,0,0,0,0,0,0,0,0,0,0,Easy,Easy,Easy,Easy,Easy,Easy,Normal,Normal,Normal,Normal,28.9,15.8666666666667,27.1333333333333,7.33333333333333,22.8333333333333,3.76666666666667,8.03333333333333,36.2333333333333,17.9666666666667,22.7166666666667,0,0,1,0,0,0,0,1,1,1,,,23.2,,,,,20.9833333333333,6.86666666666667,14.8,2,2,1,3,2,3,3,1,1,1,0,0,0,Same,Harder,Same,1,1,0,0,1,0,0,1,0,1,43.1333333333333,8.62666666666667,28.7555555555556
Industri_275,Remote,Laki-laki,29,S1/D4,Jawa,Pekerja,Staf,7,Staf,Sering (3-4 kali dalam seminggu),1,1,1,1,1,0,5,,5.8,5.05555555555556,5.5,4.4375,5.8,4.6,4.333333333,6,4.8,4,4.6,100,5,15,50,3.33333333333333,20,0,,0,0,0,163.8,16.38,0,0,8,8,0,0,5,0,2,33.3333333333333,6,2,0,8.47708333333333,0,6,4,0,1,1,1,1,1,1,1,1,1,1,1,2,3,1,2,3,1,2,3,1,0,0,0,0,0,0,0,0,0,0,Easy,Easy,Easy,Easy,Easy,Easy,Normal,Normal,Normal,Normal,7.83333333333333,26.1,13.6333333333333,6.56666666666667,14.25,12.1833333333333,16.8166666666667,30.4333333333333,16.1,19.8833333333333,1,1,1,0,0,1,1,1,1,1,1.8,2.98333333333333,6.08333333333333,,,7.68333333333333,8.43333333333333,18.6,9.88333333333333,12.35,1,1,1,3,3,1,1,1,1,1,0,0,0,Same,Harder,Same,1,1,0,0,0,0,1,1,0,1,49.1833333333333,9.83666666666667,32.7888888888889
Industri_276,Remote,Laki-laki,30,S1/D4,Jawa,Pekerja,Staff ERP,6,Staf,Sering (3-4 kali dalam seminggu),1,1,0,0,0,0,2,,5.2,5.16666666666667,5.42857142857143,4.875,5.2,4.4,4.833333333,6,5,4.833333333,4.8,90,4,13,77.5,5.53571428571429,70,25.0666666666667,,0,0,1,162.083333333333,16.2083333333333,20,0,5,4,1,33.3333333333333,4,0,0,100,2,0,1,17.4708333333333,0,3,3,4,1,1,1,1,0,1,1,1,1,1,1,2,3,1,2,3,1,2,3,1,0,0,0,0,1,0,0,0,0,0,Easy,Easy,Easy,Normal,Normal,Normal,Hard,Hard,Hard,Hard,5.4,8.73333333333333,3.11666666666667,5.33333333333333,26.0833333333333,13.1166666666667,31.7833333333333,38.85,19.5166666666667,10.15,0,0,0,0,0,1,1,1,1,0,,,,,,9.76666666666667,24.1833333333333,30.6666666666667,5.26666666666667,,3,3,3,3,0,1,1,1,1,3,0,0,0,Harder,Harder,Harder,0,0,0,0,2,0,1,1,0,0,56.6166666666667,14.1541666666667,37.7444444444445
Industri_277,Remote,Laki-laki,29,S1/D4,Jawa,Pekerja,Finance Officer,5,Staf,Jarang (3-4 kali dalam sebulan),0,0,0,1,1,0,2,,5.7,4.88888888888889,4.92857142857143,4.8125,5.7,5.2,4.5,5,5.2,4.833333333,4.4,30,1,4,18,1.28571428571429,70,90.8555555555556,,0,4,3,295.816666666667,29.5816666666667,0,33.3333333333333,0,0,0,66.6666666666667,4,0,1,66.6666666666667,0,0,0,,0,6,3,1,0,0,0,1,0,1,1,0,0,0,1,2,3,1,2,3,1,2,3,1,0,0,1,0,0,0,0,0,1,1,Easy,Easy,Easy,Easy,Easy,Easy,Normal,Normal,Normal,Hard,45,45,27.15,10.3333333333333,45,20.4666666666667,14.3666666666667,45,19.1,24.4,0,0,0,0,0,0,0,0,0,0,,,,,,,,,,,0,0,0,3,0,2,3,0,0,0,0,0,0,Same,Harder,Harder,1,1,0,0,1,0,0,0,0,1,136.283333333333,34.0708333333333,90.8555555555556
Industri_279,Remote,Laki-laki,29,S1/D4,Jawa,Pekerja,Engineering Staff,7,Staf,Selalu (Setiap Hari),1,0,0,0,0,0,1,,5.1,4.11111111111111,4.21428571428571,4.3125,5.1,2.2,4.833333333,4.833333333,4.6,4.5,3.8,60,5,11,46.5,3.1,90,37.0666666666667,,0,0,0,249.283333333333,24.9283333333333,10,100,5,5,0,0,5,0,3,0,0,1,4,23.36,0,10,0,0,0,0,1,1,0,1,1,0,1,1,1,2,3,1,2,3,1,2,3,1,0,0,0,0,0,0,0,0,0,0,Easy,Easy,Easy,Easy,Easy,Easy,Easy,Easy,Easy,Easy,45,45,10.25,32.0166666666667,45,4.96666666666667,8.93333333333333,45,6.3,6.81666666666667,1,1,0,1,1,0,0,1,0,0,29,24.7,,24.5333333333333,24.65,,,13.9166666666667,,,0,0,3,1,0,3,3,0,3,3,0,0,0,Same,Same,Same,1,1,0,1,1,0,0,1,0,0,62.4166666666667,12.4833333333333,41.6111111111111
Industri_280,Remote,Perempuan,22,S1/D4,Jawa,Pekerja,Staff Corporate Communication,1,Staf,Jarang (3-4 kali dalam sebulan),0,0,0,0,1,0,1,,4.9,4.83333333333333,4.85714285714286,4.0625,4.9,3.2,4.833333333,6,4.4,4,3.8,90,5,14,57.5,3.83333333333333,80,12.3,,0,0,0,200.883333333333,20.0883333333333,10,33.3333333333333,4,4,0,0,5,0,2,33.3333333333333,0,2,1,20.7541666666667,0,6,4,0,1,1,1,1,1,1,1,0,1,1,1,2,3,1,2,3,1,2,3,1,0,0,0,0,0,0,0,0,0,0,Easy,Easy,Easy,Easy,Easy,Easy,Normal,Normal,Normal,Normal,33.9833333333333,22.5166666666667,8.03333333333333,8.18333333333333,11.5,8.48333333333333,20.45,45,23.2166666666667,19.5166666666667,1,0,0,0,0,0,0,1,1,1,24.9,,,,,,,30.7166666666667,15.1666666666667,12.2333333333333,1,2,3,3,3,3,2,0,1,1,0,0,0,Same,Harder,Same,1,1,0,0,0,0,1,1,0,1,55.0166666666667,11.0033333333333,36.6777777777778
Industri_281,Remote,Laki-laki,30,S1/D4,Jawa,Pekerja,Transformation Officer,1,Staf,Jarang (3-4 kali dalam sebulan),0,0,1,1,0,0,2,,4.9,4.83333333333333,4.85714285714286,4.5,4.9,2.6,5.333333333,6,4.6,3.833333333,5.2,80,4,12,48,3.42857142857143,80,16.2666666666667,,0,0,0,193.55,19.355,10,66.6666666666667,3,3,0,0,4,0,2,33.3333333333333,2,0,0,13.8833333333333,0,9,1,0,1,0,1,1,0,1,1,1,1,1,1,2,3,1,2,3,1,2,3,1,0,0,0,0,0,0,0,0,0,0,Easy,Easy,Easy,Easy,Easy,Easy,Easy,Easy,Easy,Normal,40.2333333333333,45,10.3833333333333,12.5833333333333,45,5.96666666666667,5.11666666666667,15.0166666666667,2.68333333333333,11.5666666666667,1,1,1,0,0,0,0,0,0,0,31.9333333333333,5.45,4.26666666666667,,,,,,,,1,0,1,3,0,3,3,2,3,3,0,0,0,Same,Same,Harder,1,1,0,0,1,0,0,1,0,0,41.9166666666667,10.4791666666667,27.9444444444445
Industri_282,Remote,Laki-laki,26,S1/D4,Jawa,Pekerja,Engineer,3,Staf,Sering (3-4 kali dalam seminggu),0,0,0,1,0,0,1,,4.9,4.38888888888889,4.42857142857143,4.25,4.9,4,4.333333333,4.666666667,4.8,4.166666667,3.8,100,3,13,48.5,3.73076923076923,70,0,,0,0,0,200.316666666667,20.0316666666667,10,0,4,4,0,0,3,0,2,33.3333333333333,0,2,2,17.1875,0,6,4,0,1,1,1,1,1,1,1,1,1,1,1,2,3,1,2,3,1,2,3,1,0,0,0,0,0,0,0,0,0,0,Easy,Easy,Easy,Easy,Easy,Easy,Normal,Normal,Normal,Normal,24.6,14.3833333333333,16.0333333333333,17.8166666666667,12.05,29.3,25.1666666666667,35.2833333333333,18.5333333333333,7.15,0,0,1,0,0,1,0,1,1,0,,,11.8333333333333,,,21.2833333333333,,22.35,13.2833333333333,,2,3,1,2,3,1,2,1,1,3,0,0,0,Same,Harder,Same,0,0,0,1,0,0,1,1,0,0,23.6666666666667,7.88888888888889,15.7777777777778
Industri_283,Remote,Laki-laki,29,S1/D4,Luar Jawa,Pekerja,Kepala Seksi Bagian Engineering,6,Supervisor,Sering (3-4 kali dalam seminggu),0,0,0,1,0,0,1,,4.9,4.55555555555556,4.85714285714286,3.9375,4.9,3.8,4.333333333,5.166666667,4.6,3.333333333,4,100,7,17,40,2.35294117647059,60,0,,0,0,0,157.8,15.78,10,0,5,5,0,0,7,1,1,33.3333333333333,4,0,1,9.62666666666667,6,4,0,0,1,1,1,1,1,1,1,1,1,1,1,2,3,1,2,3,1,2,3,1,0,0,0,0,0,0,0,0,0,0,Easy,Easy,Easy,Very Easy,Very Easy,Very Easy,Very Easy,Very Easy,Very Easy,Easy,35.5333333333333,27.3,9.58333333333333,8.93333333333333,18.3,5.3,9.11666666666667,17.6166666666667,4.43333333333333,21.6833333333333,1,1,1,0,1,0,0,0,0,1,25.6166666666667,4.38333333333333,4.98333333333333,,7.03333333333333,,,,,6.11666666666667,1,1,1,3,1,3,3,2,3,1,0,0,0,Easier,Same,Harder,0,0,0,3,0,0,4,0,0,0,78.3166666666667,11.1880952380952,52.2111111111111
Industri_284,Remote,Laki-laki,30,S1/D4,Jawa,Pekerja,Mechanical Engineer,5,Staf,Sering (3-4 kali dalam seminggu),1,0,0,0,0,0,1,,5.3,5.33333333333333,5.21428571428571,4.75,5.3,4.6,5.166666667,6,5.4,4.666666667,4.2,100,,10,26.5,2.65,20,0,,0,0,0,178.116666666667,17.8116666666667,20,0,10,10,0,0,0,0,1,66.6666666666667,6,2,2,9.08333333333333,0,3,3,4,1,1,1,1,1,1,1,1,1,1,1,2,3,1,2,3,1,2,3,1,0,0,0,0,0,0,0,0,0,0,Easy,Easy,Easy,Normal,Normal,Normal,Hard,Hard,Hard,Hard,20.8,18.9333333333333,7.26666666666667,6.81666666666667,19.2333333333333,15.4833333333333,18.3666666666667,32.3333333333333,31.3166666666667,7.56666666666667,1,1,1,1,1,1,1,1,1,1,11.2666666666667,1.95,2.83333333333333,1.45,2.3,7.33333333333333,13.55,25.5833333333333,22.2333333333333,2.33333333333333,1,1,1,1,1,1,1,1,1,1,0,0,0,Harder,Harder,Same,0,0,0,0,0,0,0,0,0,0,0,,0
Industri_285,Remote,Laki-laki,29,S1/D4,Jawa,Pekerja,Kepala Seksi Proyek,5,Supervisor,Jarang (3-4 kali dalam sebulan),0,0,0,0,0,1,0,,5,5.27777777777778,5.57142857142857,4.75,5,4.2,5.666666667,5.666666667,5,4.833333333,4.4,100,5,15,73,4.86666666666667,100,0,,0,0,0,194.833333333333,19.4833333333333,20,0,2,2,0,0,5,0,1,66.6666666666667,0,0,1,27.9,0,6,3,1,1,1,1,1,1,1,1,1,1,1,1,2,3,1,2,3,1,2,3,1,0,0,0,0,0,0,0,0,0,0,Easy,Easy,Easy,Easy,Easy,Easy,Normal,Normal,Normal,Hard,32.95,20,10.95,9.8,11.4333333333333,3.46666666666667,30.2166666666667,21.7666666666667,14.5833333333333,39.6666666666667,0,0,0,0,0,0,1,0,0,1,,,,,,,23.0666666666667,,,32.7333333333333,2,2,3,3,3,3,1,2,3,1,0,0,0,Same,Harder,Harder,1,1,0,0,0,0,1,1,0,1,52.5333333333333,10.5066666666667,35.0222222222222
Industri_286,Remote,Perempuan,30,S2,Jawa,Pekerja,Junior Expert of Business Performance Evaluation,6,Staf,Jarang (3-4 kali dalam sebulan),0,0,1,0,1,0,2,,4.7,4.38888888888889,4.71428571428571,3.625,4.7,3.6,3.5,5.666666667,5,1.833333333,4.4,90,8,17,62.5,3.28947368421053,60,10.1,,0,0,0,214.25,21.425,10,33.3333333333333,7,6,1,0,9,0,2,33.3333333333333,4,0,2,11.7027777777778,0,6,4,0,1,1,1,1,1,1,1,0,1,1,1,2,3,1,2,3,1,2,3,1,0,0,0,0,0,0,0,0,0,0,Easy,Easy,Easy,Easy,Easy,Easy,Normal,Normal,Normal,Normal,38.3666666666667,33.8333333333333,10.6,16.5666666666667,12.0666666666667,5.51666666666667,14.2166666666667,45,17.7,20.3833333333333,1,0,1,1,0,0,1,1,1,0,28.15,,7.35,2.31666666666667,,,1.93333333333333,24.1333333333333,6.33333333333333,,1,2,1,1,3,3,1,0,1,2,0,0,0,Same,Harder,Same,1,1,0,1,1,0,1,1,0,3,103.066666666667,11.4518518518519,68.7111111111111
Industri_287,Remote,Perempuan,24,S1/D4,Jawa,Pekerja,"Staf Transformation, Innovation, Knowledge",2,Staf,Jarang (3-4 kali dalam sebulan),0,1,1,0,1,0,3,,6,5.05555555555556,5.5,4.5,6,4.6,4.333333333,6,6,3,4.8,80,5,13,38.5,2.56666666666667,70,24.9111111111111,,0,0,0,158.3,15.83,0,66.6666666666667,4,3,1,0,5,3,0,0,2,1,0,6.75,7,3,0,0,1,0,1,1,0,1,1,1,1,1,1,2,3,1,2,3,1,2,3,1,0,0,0,0,0,0,0,0,0,0,Easy,Easy,Easy,Very Easy,Very Easy,Very Easy,Very Easy,Very Easy,Very Easy,Very Easy,29.3666666666667,45,7,5.5,45,4.43333333333333,5.03333333333333,9.3,2.93333333333333,4.73333333333333,1,0,0,0,1,0,0,1,0,0,13.0833333333333,,,,4.83333333333333,,,2.33333333333333,,,1,0,3,3,0,3,3,1,3,3,0,0,0,Easier,Easier,Easier,1,2,0,0,1,0,0,1,0,0,90.5166666666667,18.1033333333333,60.3444444444445
Industri_288,Remote,Laki-laki,28,S1/D4,Jawa,Pekerja,Staf Komersial dan Adkon,4,Staf,Jarang (3-4 kali dalam sebulan),0,0,1,0,0,0,1,,5.4,5.38888888888889,5.5,4.6875,5.4,4.8,5.166666667,6,4.6,5.666666667,3.6,100,4,14,51,3.64285714285714,40,0,,0,0,0,113.333333333333,11.3333333333333,0,0,6,6,0,0,4,0,2,33.3333333333333,4,2,0,8.325,0,6,4,0,1,1,1,1,1,1,1,1,1,1,1,2,3,1,2,3,1,2,3,1,0,0,0,0,0,0,0,0,0,0,Easy,Easy,Easy,Easy,Easy,Easy,Normal,Normal,Normal,Normal,15.7833333333333,23.85,6.26666666666667,5.01666666666667,8.23333333333333,5.36666666666667,9.3,22.6666666666667,12.3,4.55,1,1,1,0,0,0,1,1,1,0,9.58333333333333,14,4.41666666666667,,,,6.28333333333333,12.3166666666667,3.35,,1,1,1,3,3,3,1,1,1,3,0,0,0,Same,Harder,Same,1,1,0,0,0,0,1,1,0,0,23.9833333333333,5.99583333333333,15.9888888888889
Industri_289,Remote,Laki-laki,27,SMA,Jawa,Pekerja,Staff Juru 1,6,Staf,Selalu (Setiap Hari),1,0,0,0,0,0,1,,4.6,4.27777777777778,4.64285714285714,4.25,4.6,4,3.833333333,4.833333333,4.4,3.666666667,4.8,90,2,11,45,3.75,90,7.2,,0,0,0,143.5,14.35,0,33.3333333333333,1,1,0,0,2,0,3,0,0,1,0,19.1166666666667,0,10,0,0,1,0,1,1,1,1,1,1,1,1,1,2,3,1,2,3,1,2,3,1,0,0,0,0,0,0,0,0,0,0,Easy,Easy,Easy,Easy,Easy,Easy,Easy,Easy,Easy,Easy,21.4,45,25.3166666666667,7.93333333333333,13.7166666666667,4.53333333333333,5.58333333333333,11.6166666666667,3.23333333333333,5.16666666666667,0,0,1,0,0,0,0,0,0,0,,,19.1166666666667,,,,,,,,2,0,1,3,3,3,3,3,3,3,0,0,0,Same,Same,Same,1,1,0,0,0,0,0,0,0,0,15.35,7.675,10.2333333333333
Industri_290,Remote,Laki-laki,30,S1/D4,Jawa,Pekerja,Staff Purchasing,5,Staf,Jarang (3-4 kali dalam sebulan),1,0,0,1,1,0,3,5.5,5.7,5.5,5.64285714285714,5.3125,5.7,4.6,5.666666667,6,5.6,5.333333333,5,100,5,15,55,3.66666666666667,70,0,,0,0,0,206.366666666667,20.6366666666667,30,0,6,6,0,0,5,0,2,33.3333333333333,2,1,3,17.4833333333333,0,6,4,0,1,1,1,1,1,1,1,1,1,1,1,2,3,1,2,3,1,2,3,1,0,0,0,0,0,0,0,0,0,0,Easy,Easy,Easy,Easy,Easy,Easy,Normal,Normal,Normal,Normal,32.7,32.9666666666667,14.0333333333333,12.25,11.75,4.76666666666667,21.4833333333333,44.3,14.2,17.9166666666667,1,1,1,0,0,0,1,1,1,0,24.5166666666667,29.75,7.7,,,,13.2333333333333,24.5,5.2,,1,1,1,3,3,3,1,1,1,2,0,0,0,Same,Harder,Same,1,1,0,0,0,0,1,1,0,1,46.5333333333333,9.30666666666667,31.0222222222222
Industri_291,Remote,Perempuan,30,S1/D4,Jawa,Pekerja,Engineering,7,Staf,Tidak Pernah,0,0,0,0,1,1,1,,4.6,4.38888888888889,4.78571428571429,4.625,4.6,3.6,3.666666667,5.5,4.6,3.666666667,5.8,100,5,15,65.5,4.36666666666667,60,0,,0,0,0,208.583333333333,20.8583333333333,10,0,5,5,0,0,5,0,1,66.6666666666667,2,2,0,14.2,0,6,3,1,1,1,1,1,1,1,1,1,1,1,1,2,3,1,2,3,1,2,3,1,0,0,0,0,0,0,0,0,0,0,Easy,Easy,Easy,Easy,Easy,Easy,Normal,Normal,Normal,Hard,35.2833333333333,33.9833333333333,7.53333333333333,8.53333333333333,10.2333333333333,7.93333333333333,37.7166666666667,32.5833333333333,16.3833333333333,18.4,1,0,0,0,0,0,1,1,1,1,12.9666666666667,,,,,,31.1166666666667,10.1,9.91666666666667,6.9,1,2,3,3,3,3,1,1,1,1,0,0,0,Same,Harder,Harder,1,1,0,0,0,0,1,1,0,1,41.5333333333333,8.30666666666667,27.6888888888889
Industri_292,Remote,Laki-laki,30,S1/D4,Jawa,Pekerja,Staf Akuntansi,11,Staf,Jarang (3-4 kali dalam sebulan),0,1,0,0,1,0,2,,4.9,5.05555555555556,5,4.0625,4.9,4.2,5.166666667,5.666666667,5,4,3.2,40,2,6,14,1.07692307692308,90,83.6666666666667,,0,0,0,358.116666666667,35.8116666666667,10,100,6,4,2,0,3,3,0,0,0,1,1,29.4291666666667,7,3,0,0,0,0,0,0,0,1,1,0,1,1,1,2,3,1,2,3,1,2,3,1,0,0,0,0,0,0,0,0,0,0,Easy,Easy,Easy,Very Easy,Very Easy,Very Easy,Very Easy,Very Easy,Very Easy,Very Easy,45,45,45,45,45,31.0666666666667,39,45,7.98333333333333,10.0666666666667,1,0,0,0,0,1,1,1,0,0,42.9666666666667,,,,,24.5166666666667,12.2333333333333,38,,,0,0,0,0,0,1,1,0,3,3,0,0,0,Easier,Easier,Easier,2,1,0,0,0,0,0,0,0,0,135.133333333333,45.0444444444444,90.0888888888889
Industri_293,Remote,Laki-laki,30,SMA,Jawa,Pekerja,staf produksi,11,Staf,Sering (3-4 kali dalam seminggu),0,0,0,1,0,0,1,,5.7,5,5.28571428571429,5.125,5.7,4.4,4.833333333,5.5,5.8,4.666666667,5,90,6,15,56.5,3.53125,90,11.1111111111111,,0,0,0,243.133333333333,24.3133333333333,20,33.3333333333333,4,4,0,0,6,0,2,33.3333333333333,0,1,3,23.0375,0,9,1,0,1,0,1,1,1,1,1,1,1,1,1,2,3,1,2,3,1,2,3,1,0,0,0,0,0,0,0,0,0,0,Easy,Easy,Easy,Easy,Easy,Easy,Easy,Easy,Easy,Normal,32.2666666666667,45,16.8166666666667,43.25,22.3166666666667,6.65,31.5833333333333,14.4333333333333,4.95,25.8666666666667,1,1,1,1,0,0,0,0,0,0,24.6333333333333,26.8833333333333,11.3666666666667,29.2666666666667,,,,,,,1,0,1,1,2,3,2,3,3,2,0,0,0,Same,Same,Harder,1,1,0,1,1,0,1,0,0,1,74.9333333333333,12.4888888888889,49.9555555555556
Industri_295,Remote,Perempuan,26,SMA,Jawa,Pekerja,Staff Arsip,7,Staf,Jarang (3-4 kali dalam sebulan),0,0,0,0,1,0,1,,5.2,4.94444444444445,5.21428571428571,4.375,5.2,3.8,5.166666667,5.5,4.2,5,3.8,80,6,14,34.5,2.15625,60,39.7666666666667,,0,0,0,243.116666666667,24.3116666666667,0,33.3333333333333,4,4,0,0,6,2,1,0,0,3,1,14.8833333333333,7,3,0,0,0,0,1,1,1,1,1,1,1,1,1,2,3,1,2,3,1,2,3,1,0,0,0,0,0,0,0,0,0,0,Easy,Easy,Easy,Very Easy,Very Easy,Very Easy,Very Easy,Very Easy,Very Easy,Very Easy,45,45,24.2666666666667,28.9166666666667,37.7,18.3666666666667,11.55,19.75,3.91666666666667,8.65,0,0,1,1,1,1,0,0,0,0,,,13.2333333333333,12.7666666666667,20.9166666666667,12.6166666666667,,,,,0,0,1,1,1,1,3,2,3,3,0,0,0,Easier,Easier,Same,1,1,0,1,1,0,0,2,0,0,122.766666666667,20.4611111111111,81.8444444444445
Industri_296,Remote,Laki-laki,29,SMA,Jawa,Pekerja,Administrasi Produksi,11,Staf,Selalu (Setiap Hari),0,0,0,0,1,0,1,,4.6,4.11111111111111,4,4,4.6,3.2,4.166666667,4.666666667,4.4,4.166666667,3.4,100,4,14,51.5,3.67857142857143,70,0,,0,0,0,155.2,15.52,10,0,4,4,0,0,4,0,2,33.3333333333333,2,1,1,14.2458333333333,0,9,1,0,1,1,1,1,1,1,1,1,1,1,1,2,3,1,2,3,1,2,3,1,0,0,0,0,0,0,0,0,0,0,Easy,Easy,Easy,Easy,Easy,Easy,Easy,Easy,Easy,Normal,33.5833333333333,20.45,28.9833333333333,18.1833333333333,9.15,2.86666666666667,7.26666666666667,9.3,5.03333333333333,20.3833333333333,1,0,1,1,0,0,0,0,0,1,24.8666666666667,,19.8,2.41666666666667,,,,,,9.9,1,2,1,1,3,3,3,3,3,1,0,0,0,Same,Same,Harder,1,1,0,1,0,0,0,0,0,1,37.3,9.325,24.8666666666667
Industri_297,Remote,Laki-laki,29,SMA,Jawa,Pekerja,kepala regu casting,11,Staf,Selalu (Setiap Hari),0,0,0,1,0,0,1,,5.6,5.33333333333333,5.57142857142857,4.9375,5.6,5.6,4.333333333,6,5.4,4.833333333,4.6,100,3,13,54.5,4.19230769230769,100,0,,0,0,0,134.716666666667,13.4716666666667,10,0,1,1,0,0,3,0,2,33.3333333333333,0,0,1,29.0333333333333,0,9,1,0,1,1,1,1,1,1,1,1,1,1,1,2,3,1,2,3,1,2,3,1,0,0,0,0,0,0,0,0,0,0,Easy,Easy,Easy,Easy,Easy,Easy,Easy,Easy,Easy,Normal,14.95,15.3833333333333,4.95,9.26666666666667,15.9,5.63333333333333,10.9,11.8166666666667,4.85,41.0666666666667,0,0,0,0,0,0,0,0,0,1,,,,,,,,,,29.0333333333333,3,2,3,3,2,3,3,3,3,1,0,0,0,Same,Same,Harder,0,1,0,0,1,0,0,0,0,1,51.2,17.0666666666667,34.1333333333333
Industri_298,Remote,Perempuan,30,S1/D4,Jawa,Pekerja,Finance Section Head,7,Supervisor,Tidak Pernah,0,0,0,0,1,1,1,,4.6,4.27777777777778,4.42857142857143,4.375,4.6,3,5,4.5,4.4,4.666666667,4,80,6,14,37.5,2.34375,50,13.2,,0,0,1,184.75,18.475,0,33.3333333333333,7,6,1,0,6,1,1,33.3333333333333,5,0,1,8.81666666666667,6,4,0,0,0,0,1,1,1,1,1,1,1,1,1,2,3,1,2,3,1,2,3,1,1,0,0,0,0,0,0,0,0,0,Easy,Easy,Easy,Very Easy,Very Easy,Very Easy,Very Easy,Very Easy,Very Easy,Easy,43.6333333333333,46.3666666666667,16.7833333333333,8.38333333333333,26.3833333333333,6.68333333333333,7.85,12.3166666666667,5.18333333333333,11.1666666666667,1,1,1,0,1,0,0,1,0,1,8.51666666666667,24.1166666666667,9.28333333333333,,4.68333333333333,,,2.53333333333333,,3.76666666666667,0,0,1,3,1,3,3,1,3,1,0,0,0,Easier,Same,Harder,1,1,0,0,2,0,0,1,0,1,76.0333333333333,12.6722222222222,50.6888888888889
Industri_299,Remote,Laki-laki,28,S1/D4,Luar Jawa,Pekerja,Quality Control,5,Staf,Selalu (Setiap Hari),1,0,0,0,0,0,1,,6,5.16666666666667,5.64285714285714,4.75,6,4,5.166666667,6,6,3.5,5,60,,6,22.5,2.25,50,0,,0,0,3,221.616666666667,22.1616666666667,0,33.3333333333333,2,2,0,66.6666666666667,0,0,1,66.6666666666667,0,2,0,14.2166666666667,0,6,3,1,0,1,1,0,1,1,0,0,1,1,1,2,3,1,2,3,1,2,3,1,0,0,0,1,0,0,1,1,0,0,Easy,Easy,Easy,Easy,Easy,Easy,Normal,Normal,Normal,Hard,45,23.55,5.71666666666667,29.9166666666667,10.3166666666667,5.6,19.45,39.8833333333333,21.6333333333333,20.55,0,0,0,0,0,0,0,0,1,1,,,,,,,,,16.7166666666667,11.7166666666667,0,2,3,0,3,3,0,0,1,1,0,0,0,Same,Harder,Harder,0,0,0,0,0,0,0,0,0,0,0,,0
Industri_300,Remote,Laki-laki,27,S1/D4,Jawa,Pekerja,Engineering,3,Supervisor,Tidak Pernah,0,0,0,0,0,1,0,,4.7,4.33333333333333,4.35714285714286,4,4.7,3,4.666666667,5,4.8,3.833333333,3.4,100,3,13,36.5,2.80769230769231,70,0,,0,0,0,132.683333333333,13.2683333333333,0,0,3,3,0,0,3,1,2,0,3,0,0,6.07222222222222,7,3,0,0,1,1,1,1,1,1,1,1,1,1,1,2,3,1,2,3,1,2,3,1,0,0,0,0,0,0,0,0,0,0,Easy,Easy,Easy,Very Easy,Very Easy,Very Easy,Very Easy,Very Easy,Very Easy,Very Easy,19.1333333333333,33.15,16.2166666666667,9.1,23.05,4.15,5.93333333333333,11.6,3.48333333333333,6.86666666666667,1,1,1,0,0,0,0,0,0,0,9.85,1.86666666666667,6.5,,,,,,,,1,1,1,3,2,3,3,3,3,3,0,0,0,Easier,Same,Same,1,1,0,0,1,0,0,0,0,0,25.2666666666667,8.42222222222222,16.8444444444444
Industri_301,Remote,Laki-laki,25,D1/D2/D3,Luar Jawa,Pekerja,Petugas Langsir,3,Staf,Jarang (3-4 kali dalam sebulan),0,0,0,0,1,1,1,5,5.5,4.88888888888889,4.92857142857143,4.625,5.5,4.2,4.5,5.833333333,4.8,4,5.2,100,5,15,61,4.06666666666667,50,0,,0,0,0,208.266666666667,20.8266666666667,10,0,6,6,0,0,5,0,1,66.6666666666667,3,1,1,14.9055555555556,0,6,3,1,1,1,1,1,1,1,1,1,1,1,1,2,3,1,2,3,1,2,3,1,0,0,0,0,0,0,0,0,0,0,Easy,Easy,Easy,Easy,Easy,Easy,Normal,Normal,Normal,Hard,44.2,28.1166666666667,12.8833333333333,5.96666666666667,23.6,5.71666666666667,19.3666666666667,36.6333333333333,14.5166666666667,17.2666666666667,1,0,1,0,0,0,1,1,1,1,35.5166666666667,,8.71666666666667,,,,11.0666666666667,20.2166666666667,8.81666666666667,5.1,1,2,1,3,2,3,1,1,1,1,0,0,0,Same,Harder,Harder,1,0,0,0,1,0,1,1,0,1,43.25,8.65,28.8333333333333
Industri_302,Remote,Laki-laki,28,S1/D4,Jawa,Pekerja,Calon Pengatur Perjalanan Kereta Api Stasiun Semarangponcol,1,Staf,Sering (3-4 kali dalam seminggu),1,1,1,1,1,0,5,6,6,6,6,6,6,6,6,6,6,6,6,100,4,14,39.5,2.82142857142857,90,0,,0,0,0,197.9,19.79,30,0,4,4,0,0,4,3,0,0,0,1,2,23.7458333333333,7,3,0,0,1,1,1,1,1,1,1,1,1,1,1,2,3,1,2,3,1,2,3,1,0,0,0,0,0,0,0,0,0,0,Easy,Easy,Easy,Very Easy,Very Easy,Very Easy,Very Easy,Very Easy,Very Easy,Very Easy,42.1333333333333,28.7833333333333,9.51666666666667,9.85,43.5,7.18333333333333,8.31666666666667,34.8333333333333,5.96666666666667,7.81666666666667,1,1,0,0,1,0,0,1,0,0,24.7166666666667,23.9333333333333,,,32.1833333333333,,,14.15,,,1,1,3,3,1,3,3,1,3,3,0,0,0,Easier,Easier,Easier,1,1,0,0,1,0,0,1,0,0,64.6833333333333,16.1708333333333,43.1222222222222
Industri_303,Remote,Laki-laki,28,S1/D4,Jawa,Pekerja,Staff,6,Staf,Sering (3-4 kali dalam seminggu),1,0,0,0,0,0,1,,5.6,4.66666666666667,5,3.8125,5.6,4.8,3.333333333,5.666666667,4.8,3,3.8,50,4,9,34.5,2.3,60,70.3777777777778,,0,0,3,169.816666666667,16.9816666666667,10,66.6666666666667,3,3,0,0,5,1,1,33.3333333333333,1,0,1,23.2388888888889,0,7,3,0,0,0,1,1,1,1,0,0,0,1,1,2,3,1,2,3,1,2,3,1,0,0,0,0,0,0,1,1,1,0,Easy,Easy,Easy,Easy,Easy,Easy,Normal,Normal,Normal,Easy,45,45,32.7166666666667,6.65,18.2666666666667,7.53333333333333,4.9,1.06666666666667,0.633333333333333,8.05,1,0,1,0,0,0,0,0,0,1,39.7166666666667,,27.4833333333333,,,,,,,2.51666666666667,0,0,1,3,2,3,0,0,0,1,0,0,0,Same,Harder,Easier,1,1,0,0,1,0,1,1,0,0,116.383333333333,23.2766666666667,77.5888888888889
Industri_305,Remote,Laki-laki,26,S1/D4,Jawa,Pekerja,CPPKA,1,Staf,Selalu (Setiap Hari),1,1,0,1,0,0,3,5,5,4.83333333333333,5.07142857142857,3.9375,5,3.8,4.333333333,6,5,2.666666667,4.4,100,6,16,72,4.5,70,0,,0,0,0,198.333333333333,19.8333333333333,20,0,5,5,0,0,6,0,1,66.6666666666667,2,1,2,15.6,0,3,6,1,1,1,1,1,1,1,1,1,1,1,1,2,3,1,2,3,1,2,3,1,0,0,0,0,0,0,0,0,0,0,Easy,Easy,Easy,Normal,Normal,Normal,Normal,Normal,Normal,Hard,35.35,25.5166666666667,7.68333333333333,15.6166666666667,43.2833333333333,13.95,10.5833333333333,16.2166666666667,9.31666666666667,20.8166666666667,1,0,0,0,1,1,0,0,1,1,23.8833333333333,,,,25.8166666666667,7.05,,,4.66666666666667,16.5833333333333,1,2,3,2,1,1,3,2,1,1,0,0,0,Harder,Same,Harder,1,1,0,1,1,0,0,1,0,1,56.6333333333333,9.43888888888889,37.7555555555556
Industri_306,Remote,Laki-laki,25,S1/D4,Jawa,Pekerja,CAPEK PELAKSANA OPERASIONAL NON CREW,0,Staf,Sering (3-4 kali dalam seminggu),1,0,0,0,0,0,1,5.25,4.9,4.44444444444445,4.5,4.3125,4.9,4.4,3.833333333,5,4.6,4.333333333,4,100,3,13,38,2.92307692307692,90,0,,0,0,0,199.766666666667,19.9766666666667,10,0,2,2,0,0,3,2,1,0,0,1,1,21.45,7,3,0,0,1,1,1,1,1,1,1,1,1,1,1,2,3,1,2,3,1,2,3,1,0,0,0,0,0,0,0,0,0,0,Easy,Easy,Easy,Very Easy,Very Easy,Very Easy,Very Easy,Very Easy,Very Easy,Very Easy,42.8166666666667,42.6166666666667,27.9666666666667,13.0666666666667,31.9833333333333,6.15,8.93333333333333,12.05,4.83333333333333,9.35,1,0,1,0,0,0,0,0,0,0,26,,16.9,,,,,,,,1,2,1,3,2,3,3,3,3,3,0,0,0,Easier,Easier,Same,1,1,0,0,1,0,0,0,0,0,36.2333333333333,12.0777777777778,24.1555555555556
Industri_307,Remote,Laki-laki,22,SMA,Luar Jawa,Pekerja,Petugas langsir,1,Staf,Selalu (Setiap Hari),1,0,0,0,1,0,2,5,4.9,4.77777777777778,4.85714285714286,4.125,4.9,3.6,4.833333333,5.666666667,5,3,4.6,100,,10,45,4.5,100,0,,0,0,0,51.1666666666667,5.11666666666667,0,0,0,0,0,0,0,0,3,0,0,0,0,,0,10,0,0,1,1,1,1,1,1,1,1,1,1,1,2,3,1,2,3,1,2,3,1,0,0,0,0,0,0,0,0,0,0,Easy,Easy,Easy,Easy,Easy,Easy,Easy,Easy,Easy,Easy,5.46666666666667,9.3,2.55,3.56666666666667,8.2,2.45,4.61666666666667,7.18333333333333,2.56666666666667,5.26666666666667,0,0,0,0,0,0,0,0,0,0,,,,,,,,,,,3,3,3,3,3,3,3,3,3,3,0,0,0,Same,Same,Same,0,0,0,0,0,0,0,0,0,0,0,,0
Industri_309,Remote,Laki-laki,29,S1/D4,Jawa,Pekerja,Technical Advisor,2,Supervisor,Jarang (3-4 kali dalam sebulan),0,0,0,1,0,0,1,4.5,4.1,3.83333333333333,3.78571428571429,4,4.1,3,4.333333333,4,3.8,4.166666667,4,80,1,9,39,3.54545454545455,90,71.5111111111111,,0,0,1,202.516666666667,20.2516666666667,0,33.3333333333333,0,0,0,0,1,1,1,33.3333333333333,0,0,0,,0,7,3,0,1,1,1,1,1,1,1,0,0,1,1,2,3,1,2,3,1,2,3,1,0,0,0,0,0,0,0,0,1,0,Easy,Easy,Easy,Easy,Easy,Easy,Normal,Normal,Normal,Easy,17.4166666666667,33.7666666666667,7.98333333333333,26.5666666666667,13.9,4.06666666666667,11.8833333333333,45,33.6833333333333,8.25,0,0,0,0,0,0,0,0,0,0,,,,,,,,,,,2,2,3,2,3,3,3,0,0,3,0,0,0,Same,Harder,Easier,0,0,0,0,0,0,0,1,0,0,107.266666666667,107.266666666667,71.5111111111111
Industri_310,Remote,Laki-laki,24,S1/D4,Jawa,Pekerja,Petugas Langsir,3,Staf,Selalu (Setiap Hari),1,0,0,0,0,0,1,4.5,4.4,4.44444444444445,4.42857142857143,3.625,4.4,1.2,5.333333333,6,3.8,3.5,3.6,80,3,11,50,3.84615384615385,100,17.2666666666667,,0,2,0,275.05,27.505,10,0,3,2,1,33.3333333333333,3,0,1,66.6666666666667,0,0,2,28.5416666666667,0,6,3,1,1,1,1,1,1,1,1,0,1,0,1,2,3,1,2,3,1,2,3,1,0,0,0,0,0,0,0,0,0,0,Easy,Easy,Easy,Easy,Easy,Easy,Normal,Normal,Normal,Hard,41.2833333333333,24.45,33.4666666666667,16.65,30.25,6,28.0666666666667,45,4.88333333333333,45,0,0,1,0,0,0,0,1,0,0,,,28.2166666666667,,,,,28.8666666666667,,,2,2,1,2,2,3,2,0,3,0,0,0,0,Same,Harder,Harder,0,0,0,0,0,0,0,1,0,2,38.0166666666667,12.6722222222222,25.3444444444444
Industri_312,Remote,Laki-laki,27,D1/D2/D3,Jawa,Pekerja,Pelaksana,4,Staf,Jarang (3-4 kali dalam sebulan),1,0,0,0,0,1,1,5,4.9,4.38888888888889,4.64285714285714,3.4375,4.9,4.2,4,5,5,2.666666667,2.8,100,3,13,54,4.15384615384615,100,0,,0,0,0,155.716666666667,15.5716666666667,0,0,0,0,0,0,3,0,3,0,0,0,0,,0,10,0,0,1,1,1,1,1,1,1,1,1,1,1,2,3,1,2,3,1,2,3,1,0,0,0,0,0,0,0,0,0,0,Easy,Easy,Easy,Easy,Easy,Easy,Easy,Easy,Easy,Easy,34.55,36.35,12.95,8.85,11.25,3.65,8.03333333333333,29.7666666666667,3.18333333333333,7.13333333333333,0,0,0,0,0,0,0,0,0,0,,,,,,,,,,,2,2,3,3,3,3,3,2,3,3,0,0,0,Same,Same,Same,1,1,0,0,0,0,0,1,0,0,29.4666666666667,9.82222222222222,19.6444444444445
Industri_313,Remote,Perempuan,24,D1/D2/D3,Jawa,Pekerja,Staff,2,Staf,Tidak Pernah,0,0,1,0,0,1,1,4,4.7,3.77777777777778,3.71428571428571,3.875,4.7,1.8,3,5.833333333,3.6,3.5,4.6,100,3,13,52.5,4.03846153846154,100,0,,0,0,0,167.366666666667,16.7366666666667,10,0,1,1,0,0,3,0,2,33.3333333333333,0,0,1,24.2333333333333,0,9,1,0,1,1,1,1,1,1,1,1,1,1,1,2,3,1,2,3,1,2,3,1,0,0,0,0,0,0,0,0,0,0,Easy,Easy,Easy,Easy,Easy,Easy,Easy,Easy,Easy,Normal,28.3166666666667,42.7833333333333,29.6,8.56666666666667,20.2666666666667,3.53333333333333,7.78333333333333,8.31666666666667,3.28333333333333,14.9166666666667,0,0,1,0,0,0,0,0,0,0,,,24.2333333333333,,,,,,,,2,2,1,3,2,3,3,3,3,3,0,0,0,Same,Same,Harder,1,1,0,0,1,0,0,0,0,0,26.9666666666667,8.98888888888889,17.9777777777778
Industri_314,Remote,Laki-laki,25,S1/D4,Jawa,Pekerja,Staff Rollingstock Maintenance Planning and Budgeting,2,Staf,Jarang (3-4 kali dalam sebulan),1,0,1,0,0,0,2,5.25,5.4,5.22222222222222,5.21428571428571,4.875,5.4,4.8,5.333333333,5.5,4.8,5.333333333,4.4,100,4,14,55.5,3.96428571428571,100,0,,0,0,0,191.1,19.11,10,0,1,1,0,0,4,0,3,0,0,0,1,28.65,0,10,0,0,1,1,1,1,1,1,1,1,1,1,1,2,3,1,2,3,1,2,3,1,0,0,0,0,0,0,0,0,0,0,Easy,Easy,Easy,Easy,Easy,Easy,Easy,Easy,Easy,Easy,39.3,33.6,13.4666666666667,28.8333333333333,13.15,8.36666666666667,13.7833333333333,28.6333333333333,3.48333333333333,8.48333333333333,1,0,0,0,0,0,0,0,0,0,28.65,,,,,,,,,,1,2,3,2,3,3,3,2,3,3,0,0,0,Same,Same,Same,1,1,0,1,0,0,0,1,0,0,43.75,10.9375,29.1666666666667
Industri_315,Remote,Laki-laki,27,S1/D4,Jawa,Pekerja,Design Engineer,1,Supervisor,Jarang (3-4 kali dalam sebulan),0,0,0,1,0,1,1,5.25,5.5,5.33333333333333,5.35714285714286,5,5.5,4.2,5.666666667,5.833333333,5.4,5.333333333,4.2,70,5,12,54,3.6,70,10.0333333333333,,0,0,3,196.7,19.67,0,66.6666666666667,0,0,0,33.3333333333333,5,0,2,33.3333333333333,0,0,0,,0,6,4,0,0,1,1,0,1,1,1,1,0,1,1,2,3,1,2,3,1,2,3,1,1,0,0,1,0,0,0,0,1,0,Easy,Easy,Easy,Easy,Easy,Easy,Normal,Normal,Normal,Normal,25.2833333333333,36.2833333333333,7.45,25.5833333333333,13.9333333333333,5.41666666666667,13.9333333333333,23.0166666666667,17.0833333333333,28.7166666666667,0,0,0,0,0,0,0,0,0,0,,,,,,,,,,,0,2,3,0,3,3,3,2,0,3,0,0,0,Same,Harder,Same,1,1,0,1,0,0,0,2,0,0,55.55,11.11,37.0333333333333
Industri_316,Remote,Laki-laki,22,D1/D2/D3,Jawa,Pekerja,Calon Masinis Crew KA Bandung,1,Staf,Jarang (3-4 kali dalam sebulan),0,0,0,1,0,0,1,4,4.3,4.61111111111111,4.57142857142857,4.25,4.3,4,5,4.5,4.2,4.166666667,4.4,90,4,13,60.5,4.32142857142857,90,6.16666666666667,,0,0,0,224.3,22.43,30,33.3333333333333,5,5,0,0,4,0,1,66.6666666666667,0,1,4,23.8866666666667,0,6,3,1,1,0,1,1,1,1,1,1,1,1,1,2,3,1,2,3,1,2,3,1,0,0,0,0,0,0,0,0,0,0,Easy,Easy,Easy,Easy,Easy,Easy,Normal,Normal,Normal,Hard,37.5833333333333,45,6.86666666666667,7.08333333333333,9.63333333333333,5.18333333333333,8.95,37.3333333333333,33.45,33.2166666666667,1,1,0,0,0,0,0,1,1,1,27.2666666666667,26.3666666666667,,,,,,12,27.1333333333333,26.6666666666667,1,0,3,3,3,3,3,1,1,1,0,0,0,Same,Harder,Harder,1,1,0,0,0,0,0,1,0,1,31.2666666666667,7.81666666666667,20.8444444444444
Industri_317,Remote,Laki-laki,24,D1/D2/D3,Jawa,Pekerja,Pelaksana Satuan Kerja,3,Staf,Jarang (3-4 kali dalam sebulan),1,0,1,0,0,0,2,6,5.5,6,6,6,5.5,6,6,6,6,6,6,70,5,12,48.5,3.03125,80,16.2333333333333,,0,0,1,243.783333333333,24.3783333333333,10,33.3333333333333,4,3,1,33.3333333333333,6,0,2,33.3333333333333,0,1,0,28.2222222222222,0,6,4,0,1,1,1,0,1,1,1,0,0,1,1,2,3,1,2,3,1,2,3,1,0,0,0,0,0,0,0,0,1,0,Easy,Easy,Easy,Easy,Easy,Easy,Normal,Normal,Normal,Normal,11.4333333333333,27.0833333333333,36.1833333333333,45,13.4,3.01666666666667,22.9166666666667,45,23.7333333333333,16.0166666666667,0,0,1,0,0,0,1,1,0,0,,,32.3166666666667,,,,14.35,38,,,3,2,1,0,3,3,1,0,0,3,0,0,0,Same,Harder,Same,0,1,0,3,0,0,1,1,0,0,45.5333333333333,7.58888888888889,30.3555555555556
Industri_318,Remote,Perempuan,24,S1/D4,Jawa,Pekerja,Pelaksana General Support and Facility Management,1,Staf,Selalu (Setiap Hari),0,0,0,0,1,0,1,6,6,6,6,5.375,6,6,6,6,6,5.833333333,4.2,80,4,12,59,4.21428571428571,90,14.6777777777778,,0,4,0,204.766666666667,20.4766666666667,0,0,3,3,0,33.3333333333333,4,0,1,66.6666666666667,0,1,1,26.7555555555556,0,6,3,1,1,1,1,1,1,1,1,0,1,0,1,2,3,1,2,3,1,2,3,1,0,0,0,0,0,0,0,0,0,0,Easy,Easy,Easy,Easy,Easy,Easy,Normal,Normal,Normal,Hard,20.3666666666667,33.3666666666667,4.96666666666667,5.11666666666667,12.1833333333333,3.1,10.1166666666667,45,25.55,45,0,0,0,0,0,0,0,1,1,1,,,,,,,,36.0833333333333,17.45,26.7333333333333,2,2,3,3,3,3,3,0,1,0,0,0,0,Same,Harder,Harder,1,1,0,0,0,0,0,1,0,1,47.4666666666667,11.8666666666667,31.6444444444445
Industri_319,Remote,Perempuan,26,D1/D2/D3,Jawa,Pekerja,Pelaksana Perawatan Lokomotif dan KRD,4,Staf,Jarang (3-4 kali dalam sebulan),0,0,1,0,0,0,1,4,4.1,4.5,4.64285714285714,4.4375,4.1,3.6,4.833333333,4.833333333,3.6,4.5,5.2,80,5,13,64.5,4.3,100,29.7555555555556,,0,5,0,229.666666666667,22.9666666666667,0,33.3333333333333,0,0,0,0,5,0,1,66.6666666666667,0,0,0,,0,6,3,1,0,1,1,1,1,1,1,1,1,0,1,2,3,1,2,3,1,2,3,1,0,0,0,0,0,0,0,0,0,0,Easy,Easy,Easy,Easy,Easy,Easy,Normal,Normal,Normal,Hard,45,20.95,16.0333333333333,12.4166666666667,11.15,3.88333333333333,29.5833333333333,19.9666666666667,25.6833333333333,45,0,0,0,0,0,0,0,0,0,0,,,,,,,,,,,0,2,2,3,3,3,2,2,2,0,0,0,0,Same,Harder,Harder,1,1,0,0,0,0,1,1,0,1,85.05,17.01,56.7
Industri_320,Remote,Laki-laki,25,D1/D2/D3,Luar Jawa,Pekerja,CALON PETUGAS LANGSIR STASIUN KELAS 1 PADANG,0,Staf,Sering (3-4 kali dalam seminggu),1,0,0,0,0,0,1,6,5.9,5.11111111111111,5,4.75,5.9,3.8,5.166666667,6,5.8,4.833333333,3.6,70,6,13,47,2.9375,60,23.6888888888889,,0,0,2,223.9,22.39,0,66.6666666666667,5,3,2,33.3333333333333,6,2,0,33.3333333333333,1,1,0,19.3722222222222,1,6,3,0,1,0,1,0,1,1,1,0,1,1,1,2,3,1,2,3,1,2,3,1,0,0,0,1,0,0,0,1,0,0,Easy,Easy,Easy,Normal,Normal,Normal,Easy,Easy,Easy,Very Easy,26.9666666666667,45,16.5333333333333,22.2833333333333,34.8,14.4,7.96666666666667,43.5833333333333,3.58333333333333,8.78333333333333,0,0,0,0,1,1,0,1,0,0,,,,,19.4666666666667,5.73333333333333,,32.9166666666667,,,2,0,2,0,1,1,3,0,3,3,0,0,0,Harder,Easier,Easier,0,1,0,2,2,0,0,1,0,0,71.3666666666667,11.8944444444444,47.5777777777778
Industri_321,Remote,Laki-laki,28,D1/D2/D3,Jawa,Pekerja,Supervisor UPT Resor Jalan Rel Kelas B 7.7 Madiun,4,Supervisor,Sering (3-4 kali dalam seminggu),1,0,0,0,0,0,1,5,5,5.55555555555556,5.64285714285714,4.25,5,4.8,6,5.666666667,5,4,3.8,80,7,15,53.5,3.14705882352941,70,23.6222222222222,,0,0,0,247.183333333333,24.7183333333333,10,66.6666666666667,6,4,2,0,7,1,1,33.3333333333333,1,2,1,16.5625,0,7,3,0,0,1,1,1,1,1,1,0,1,1,1,2,3,1,2,3,1,2,3,1,0,0,0,0,0,0,0,0,0,0,Easy,Easy,Easy,Easy,Easy,Easy,Normal,Normal,Normal,Easy,45,29.1166666666667,21.65,37.1166666666667,12.7833333333333,4.21666666666667,24.5,45,18.9166666666667,8.88333333333333,0,0,0,1,0,0,1,1,1,0,,,,25.6833333333333,,,11.4,19.65,9.51666666666667,,0,2,2,1,3,3,1,0,1,3,0,0,0,Same,Harder,Easier,2,1,0,2,0,0,1,1,0,0,75.5166666666667,10.7880952380952,50.3444444444445
Industri_322,Remote,Laki-laki,27,D1/D2/D3,Jawa,Pekerja,Pelaksana,4,Staf,Sering (3-4 kali dalam seminggu),1,0,0,0,0,0,1,6,5.9,5.22222222222222,5.85714285714286,4.75,5.9,4.6,5.166666667,5.666666667,6,3.833333333,4.6,80,3,11,36.5,2.80769230769231,100,14.7333333333333,,0,0,0,168.35,16.835,0,33.3333333333333,0,0,0,0,3,1,1,33.3333333333333,0,0,0,,6,4,0,0,1,0,0,1,1,1,1,1,1,1,1,2,3,1,2,3,1,2,3,1,0,0,0,0,0,0,0,0,0,0,Easy,Easy,Easy,Very Easy,Very Easy,Very Easy,Very Easy,Very Easy,Very Easy,Easy,18.7833333333333,45,45,6.2,23.3833333333333,6.45,5.25,9.1,4.21666666666667,4.96666666666667,0,0,0,0,0,0,0,0,0,0,,,,,,,,,,,2,0,0,3,2,3,3,3,3,3,0,0,0,Easier,Same,Harder,1,1,0,0,1,0,0,0,0,0,37.6166666666667,12.5388888888889,25.0777777777778
Industri_323,Remote,Laki-laki,25,S1/D4,Luar Jawa,Pekerja,Pelaksana/Teknisi,4,Staf,Tidak Pernah,0,0,0,0,0,1,0,4.75,4.7,4.55555555555556,4.57142857142857,4.8125,4.7,4,5.5,4.166666667,4.6,5,4.8,80,10,18,93.5,4.675,90,11.5111111111111,,0,6,1,303.783333333333,30.3783333333333,10,33.3333333333333,2,1,1,0,10,0,1,66.6666666666667,0,0,1,27.7,0,3,6,1,1,1,1,1,1,0,1,1,1,0,1,2,3,1,2,3,1,2,3,1,0,0,0,0,0,1,0,0,0,0,Easy,Easy,Easy,Normal,Normal,Normal,Normal,Normal,Normal,Hard,23.9666666666667,44.3,8.6,31.0333333333333,38.1333333333333,40.6666666666667,19.9333333333333,14.0833333333333,38.0666666666667,45,0,0,0,0,0,0,0,0,1,0,,,,,,,,,27.7,,2,2,3,2,2,0,2,3,1,0,0,0,0,Harder,Same,Harder,1,1,0,1,1,0,1,0,0,5,79.8666666666667,7.98666666666667,53.2444444444444
Industri_324,Remote,Laki-laki,23,D1/D2/D3,Jawa,Pekerja,Calon PPKA,2,Staf,Selalu (Setiap Hari),1,1,1,1,0,0,4,5.5,5,4.38888888888889,4.5,3.9375,5,3.2,4.833333333,4.833333333,4.8,3.5,3.6,90,7,16,80.5,4.73529411764706,80,13.4555555555556,,0,0,0,221.383333333333,22.1383333333333,30,0,8,6,2,33.3333333333333,7,0,0,100,1,1,3,22.3861111111111,0,3,3,4,1,1,1,1,0,1,1,1,1,1,1,2,3,1,2,3,1,2,3,1,0,0,0,0,0,0,0,0,0,0,Easy,Easy,Easy,Normal,Normal,Normal,Hard,Hard,Hard,Hard,9.25,20.3333333333333,20.9666666666667,11.1166666666667,45,26.6,33.5166666666667,32.6833333333333,16.1833333333333,5.73333333333333,0,0,1,0,1,1,1,1,1,0,,,17.9833333333333,,32.55,23.8,26.15,25.2333333333333,8.6,,3,2,1,3,0,1,1,1,1,3,0,0,0,Harder,Harder,Harder,0,3,0,0,2,0,1,1,0,0,87.05,12.4357142857143,58.0333333333333
Industri_325,Remote,Laki-laki,25,D1/D2/D3,Jawa,Pekerja,Petugas Negative Check,3,Staf,Selalu (Setiap Hari),1,1,0,0,1,0,3,6,5.8,6,6,5.375,5.8,6,6,6,6,6,4,100,8,18,57,2.85,60,0,,0,0,0,154.283333333333,15.4283333333333,0,0,8,4,4,0,10,0,2,33.3333333333333,3,1,0,8.3,0,9,1,0,1,1,1,1,1,1,1,1,1,1,1,2,3,1,2,3,1,2,3,1,0,0,0,0,0,0,0,0,0,0,Easy,Easy,Easy,Easy,Easy,Easy,Easy,Easy,Easy,Normal,21.85,20.2833333333333,19.5833333333333,19.8833333333333,24.3166666666667,3.36666666666667,20.0333333333333,12.55,3.93333333333333,8.48333333333333,1,0,1,1,0,0,1,0,0,0,9.25,,15.2166666666667,6.26666666666667,,,2.46666666666667,,,,1,2,1,1,2,3,1,3,3,3,0,0,0,Same,Same,Harder,2,1,0,2,1,0,4,0,0,0,117.316666666667,11.7316666666667,78.2111111111111
Industri_326,Remote,Laki-laki,24,S1/D4,Jawa,Pekerja,Calon Pekerja Pelaksana Development,1,Staf,Sering (3-4 kali dalam seminggu),1,1,0,0,1,0,3,5.75,5.8,5.66666666666667,5.57142857142857,5.375,5.8,4.8,6,6,4.8,5.666666667,5.6,100,3,13,53,4.07692307692308,70,0,,0,0,0,124.116666666667,12.4116666666667,10,0,4,4,0,0,3,0,2,33.3333333333333,1,2,1,14.8125,0,6,4,0,1,1,1,1,1,1,1,1,1,1,1,2,3,1,2,3,1,2,3,1,0,0,0,0,0,0,0,0,0,0,Easy,Easy,Easy,Easy,Easy,Easy,Normal,Normal,Normal,Normal,13.25,14.3666666666667,14.25,20.7166666666667,7.41666666666667,2.8,4.51666666666667,30.8,7.78333333333333,8.21666666666667,1,0,1,1,0,0,0,1,0,0,8.16666666666667,,10.7333333333333,17.5,,,,22.85,,,1,3,1,1,3,3,3,1,3,3,0,0,0,Same,Harder,Same,1,0,0,1,0,0,0,1,0,0,13.9833333333333,4.66111111111111,9.32222222222222
Industri_327,Remote,Laki-laki,27,D1/D2/D3,Jawa,Pekerja,Teknisi,2,Staf,Sering (3-4 kali dalam seminggu),1,0,0,1,0,0,2,4.5,5.3,4.77777777777778,5.07142857142857,4.6875,5.3,3.4,5.166666667,5.333333333,4.6,5.333333333,4,90,6,15,39,2.4375,80,36.9,,0,0,0,172.933333333333,17.2933333333333,10,33.3333333333333,4,3,1,0,6,1,1,33.3333333333333,2,0,1,11.6055555555556,6,4,0,0,1,0,1,1,1,1,1,1,1,1,1,2,3,1,2,3,1,2,3,1,0,0,0,0,0,0,0,0,0,0,Easy,Easy,Easy,Very Easy,Very Easy,Very Easy,Very Easy,Very Easy,Very Easy,Easy,35.0833333333333,45,10.7666666666667,9.7,16.8166666666667,12.2,8,20.6333333333333,5.3,9.43333333333333,1,0,1,0,1,0,0,0,0,0,24.9166666666667,,5.68333333333333,,4.21666666666667,,,,,,1,0,1,3,1,3,3,2,3,3,0,0,0,Easier,Same,Harder,1,2,0,0,1,0,0,2,0,0,119.033333333333,19.8388888888889,79.3555555555556
Industri_328,Remote,Laki-laki,26,D1/D2/D3,Jawa,Pekerja,Staff Bangunan,1,Staf,Jarang (3-4 kali dalam sebulan),1,0,0,0,0,0,1,5,5.6,5.72222222222222,5.64285714285714,5.3125,5.6,6,5.166666667,6,5.8,5.333333333,4.8,90,4,13,36,2.57142857142857,70,8.36666666666667,,0,0,1,177.833333333333,17.7833333333333,10,33.3333333333333,3,3,0,0,4,3,0,0,1,1,1,15.1444444444445,7,3,0,0,1,0,1,1,1,1,1,1,1,1,1,2,3,1,2,3,1,2,3,1,0,1,0,0,0,0,0,0,0,0,Easy,Easy,Easy,Very Easy,Very Easy,Very Easy,Very Easy,Very Easy,Very Easy,Very Easy,39.3333333333333,42.5833333333333,15.2333333333333,11.05,24.35,6.95,7.75,15.5833333333333,5.85,9.15,1,0,1,0,1,0,0,0,0,0,26.1,,7.23333333333333,,12.1,,,,,,1,0,1,3,1,3,3,2,3,3,0,0,0,Easier,Easier,Easier,1,1,0,0,1,0,0,1,0,0,35.9,8.975,23.9333333333333
Industri_329,Remote,Perempuan,27,D1/D2/D3,Jawa,Pekerja,PETUGAS NEGATIVE CHECK,2,Staf,Jarang (3-4 kali dalam sebulan),0,0,0,0,0,1,0,5.75,5.7,4.83333333333333,5,4.5625,5.7,3.2,5.333333333,5.5,5,5.166666667,3.4,90,4,13,61.5,4.39285714285714,100,14.6777777777778,,0,4,0,262.416666666667,26.2416666666667,10,0,2,2,0,0,4,0,1,66.6666666666667,0,0,0,40.575,0,6,3,1,1,1,1,1,1,1,1,1,1,0,1,2,3,1,2,3,1,2,3,1,0,0,0,0,0,0,0,0,0,0,Easy,Easy,Easy,Easy,Easy,Easy,Normal,Normal,Normal,Hard,30.8833333333333,39.5833333333333,33.9166666666667,9.33333333333333,14.2333333333333,4.91666666666667,14.4,27.1666666666667,42.9833333333333,45,0,0,0,0,0,0,0,0,1,1,,,,,,,,,37.75,43.4,2,2,2,3,3,3,3,2,1,0,0,0,0,Same,Harder,Harder,1,1,0,0,0,0,0,1,0,1,57.15,14.2875,38.1
Industri_330,Remote,Laki-laki,26,S1/D4,Jawa,Pekerja,Teknisi,2,Staf,Tidak Pernah,0,0,0,0,0,1,0,4.25,4.7,4.27777777777778,4.42857142857143,5.0625,4.7,4.2,4.666666667,4.166666667,5.2,5,5,100,2,12,58,4.83333333333333,100,0,,0,0,0,119.366666666667,11.9366666666667,0,0,0,0,0,0,2,0,2,33.3333333333333,0,0,0,,0,6,4,0,1,1,1,1,1,1,1,1,1,1,1,2,3,1,2,3,1,2,3,1,0,0,0,0,0,0,0,0,0,0,Easy,Easy,Easy,Easy,Easy,Easy,Normal,Normal,Normal,Normal,6.98333333333333,19,5.73333333333333,5.58333333333333,12.6666666666667,3.5,29.9833333333333,14.6833333333333,10.9,10.3333333333333,0,0,0,0,0,0,0,0,0,0,,,,,,,,,,,3,2,3,3,3,3,2,3,3,3,0,0,0,Same,Harder,Same,0,1,0,0,0,0,1,0,0,0,21.6333333333333,10.8166666666667,14.4222222222222
Industri_331,Remote,Laki-laki,24,D1/D2/D3,Jawa,Pekerja,Pelaksana,2,Staf,Sering (3-4 kali dalam seminggu),1,0,0,0,0,0,1,4.5,5.2,4.33333333333333,4.28571428571429,4.5,5.2,3.8,4.5,4.666666667,4.6,4,5,80,,8,19,1.9,30,0,,0,0,2,164.683333333333,16.4683333333333,10,0,7,7,0,33.3333333333333,0,0,1,66.6666666666667,4,2,1,9.4452380952381,0,6,3,1,1,1,1,1,1,1,1,0,1,0,1,2,3,1,2,3,1,2,3,1,0,0,0,0,0,0,0,1,0,1,Easy,Easy,Easy,Easy,Easy,Easy,Normal,Normal,Normal,Hard,33.3333333333333,30.5833333333333,7.71666666666667,8.68333333333333,13.3166666666667,3.43333333333333,10.9166666666667,23.6833333333333,12.85,20.1666666666667,1,1,1,1,0,0,1,0,1,1,26.3666666666667,11.7,2.53333333333333,2.61666666666667,,,3.91666666666667,,7.96666666666667,11.0166666666667,1,1,1,1,3,3,1,0,1,0,0,0,0,Same,Harder,Harder,0,0,0,0,0,0,0,0,0,0,0,,0
Industri_332,Remote,Laki-laki,27,S1/D4,Jawa,Pekerja,Pengatur Perjalanan Kereta Api,2,Staf,Sering (3-4 kali dalam seminggu),0,0,0,1,0,0,1,4.5,5.2,5.22222222222222,5.07142857142857,4.875,5.2,3.4,5.833333333,6,5,5.5,4,80,4,12,39.5,2.82142857142857,60,25.3111111111111,,0,4,1,196.4,19.64,10,33.3333333333333,6,5,1,0,4,1,1,33.3333333333333,2,1,2,13.6133333333333,0,7,3,0,1,0,1,1,1,1,1,1,1,0,1,2,3,1,2,3,1,2,3,1,0,0,0,0,0,0,0,0,0,1,Easy,Easy,Easy,Easy,Easy,Easy,Normal,Normal,Normal,Easy,39.8833333333333,45,8.96666666666667,9.18333333333333,17.3166666666667,11.7166666666667,13.5833333333333,21.25,22.1166666666667,7.38333333333333,1,1,0,0,0,0,1,1,1,0,22.3166666666667,24.9,,,,,3.45,3.21666666666667,14.1833333333333,,1,0,3,3,2,3,1,1,1,0,0,0,0,Same,Harder,Easier,1,1,0,0,0,0,0,1,0,1,77.9666666666667,19.4916666666667,51.9777777777778
Industri_333,Remote,Laki-laki,25,D1/D2/D3,Jawa,Pekerja,Ass Masinis,2,Staf,Jarang (3-4 kali dalam sebulan),1,0,0,0,0,0,1,4.75,4.3,4.38888888888889,4.71428571428571,4.25,4.3,1.8,5.666666667,5,4.4,4.333333333,4,90,2,11,68,5.66666666666667,80,0,,0,0,0,180.95,18.095,0,33.3333333333333,3,3,0,0,2,1,0,66.6666666666667,0,1,2,21.1166666666667,0,3,4,3,1,1,1,1,1,1,1,1,0,1,1,2,3,1,2,3,1,2,3,1,0,0,0,0,0,0,0,0,0,0,Easy,Easy,Easy,Normal,Normal,Normal,Hard,Hard,Hard,Normal,5.2,10.7666666666667,20.1333333333333,6.63333333333333,12.8666666666667,11.6666666666667,24.9833333333333,35.9333333333333,45,7.76666666666667,0,0,0,0,0,0,1,1,1,0,,,,,,,15.1333333333333,21.6166666666667,26.6,,3,3,2,3,3,3,1,1,0,3,0,0,0,Harder,Harder,Easier,0,0,0,0,0,0,1,1,0,0,10.2666666666667,5.13333333333333,6.84444444444444
Industri_335,Remote,Laki-laki,24,D1/D2/D3,Jawa,Pekerja,Pelaksana,0,Staf,Sering (3-4 kali dalam seminggu),1,0,0,0,0,0,1,5.5,6,5.66666666666667,5.64285714285714,5.375,6,5,5.833333333,6,5.4,5.666666667,5,70,4,11,35.5,2.53571428571429,70,14.4111111111111,,0,0,3,184.283333333333,18.4283333333333,0,33.3333333333333,0,0,0,0,4,1,1,33.3333333333333,0,0,0,,6,4,0,0,0,0,0,1,1,1,1,1,1,1,1,2,3,1,2,3,1,2,3,1,1,1,1,0,0,0,0,0,0,0,Easy,Easy,Easy,Very Easy,Very Easy,Very Easy,Very Easy,Very Easy,Very Easy,Easy,19.4333333333333,31.6666666666667,27.2666666666667,30.1833333333333,30.1,6.15,8.61666666666667,17.6166666666667,4.1,9.15,0,0,0,0,0,0,0,0,0,0,,,,,,,,,,,0,0,0,3,2,3,3,2,3,3,0,0,0,Easier,Same,Harder,1,1,0,0,1,0,0,1,0,0,49.4166666666667,12.3541666666667,32.9444444444444
Industri_336,Remote,Perempuan,23,S1/D4,Jawa,Pekerja,Staff Assesment Center,1,Staf,Tidak Pernah,0,0,0,0,0,1,0,4,4.6,4.72222222222222,4.78571428571429,4.4375,4.6,2.8,5.333333333,5.5,4,4.666666667,4.6,90,3,12,58,4.46153846153846,100,86.9666666666667,,0,1,0,176.666666666667,17.6666666666667,0,0,1,0,1,0,3,0,1,66.6666666666667,0,0,0,,0,6,3,1,1,1,1,1,1,1,1,1,1,0,1,2,3,1,2,3,1,2,3,1,0,0,0,0,0,0,0,0,0,0,Easy,Easy,Easy,Easy,Easy,Easy,Normal,Normal,Normal,Hard,23.1333333333333,22.7833333333333,8.15,13.3833333333333,12.3333333333333,4.15,9.26666666666667,19.55,18.9166666666667,45,0,0,0,0,0,0,0,0,0,0,,,,,,,,,,,2,2,3,3,3,3,3,2,2,0,0,0,0,Same,Harder,Harder,0,0,0,0,0,0,0,0,0,3,141.866666666667,47.2888888888889,94.5777777777778
Industri_337,Remote,Laki-laki,25,S1/D4,Jawa,Pekerja,Staff Budgeting,2,Staf,Sering (3-4 kali dalam seminggu),0,0,0,0,1,0,1,5.75,5.4,4.83333333333333,5.07142857142857,4.5625,5.4,4.4,4.666666667,5.166666667,5.4,4.333333333,4,70,5,12,43.5,2.71875,90,76.9222222222222,,0,0,0,208.1,20.81,10,100,5,4,1,0,6,0,3,0,0,1,2,25.5041666666667,0,10,0,0,1,0,1,1,0,1,1,0,1,1,1,2,3,1,2,3,1,2,3,1,0,0,0,0,0,0,0,0,0,0,Easy,Easy,Easy,Easy,Easy,Easy,Easy,Easy,Easy,Easy,32.1166666666667,45,5.58333333333333,6.76666666666667,45,3,6.7,45,3.43333333333333,15.5,1,1,0,0,1,0,0,1,0,0,24.8166666666667,18.85,,,32.15,,,26.2,,,1,0,3,3,0,3,3,0,3,2,0,0,0,Same,Same,Same,1,2,0,0,1,0,0,1,0,1,128.15,21.3583333333333,85.4333333333333
Industri_338,Remote,Laki-laki,27,D1/D2/D3,Luar Jawa,Pekerja,Petugas Negative Check UPT Resort Sintelis IV.4 Kotabumi,3,Staf,Sering (3-4 kali dalam seminggu),1,0,0,1,0,0,2,5,4.8,4.33333333333333,4.42857142857143,4.125,4.8,3.6,4.333333333,5,4.4,4,4,100,3,13,41.5,3.19230769230769,100,0,,0,0,0,144.45,14.445,10,0,1,1,0,0,3,2,1,0,0,0,0,30.8333333333333,7,3,0,0,1,1,1,1,1,1,1,1,1,1,1,2,3,1,2,3,1,2,3,1,0,0,0,0,0,0,0,0,0,0,Easy,Easy,Easy,Very Easy,Very Easy,Very Easy,Very Easy,Very Easy,Very Easy,Very Easy,27.2166666666667,30.6,9.86666666666667,7.08333333333333,39.5166666666667,4.38333333333333,5.91666666666667,10.0833333333333,3.53333333333333,6.25,0,0,0,0,1,0,0,0,0,0,,,,,30.8333333333333,,,,,,2,2,3,3,1,3,3,3,3,3,0,0,0,Easier,Easier,Same,1,1,0,0,1,0,0,0,0,0,24,8,16
Industri_339,Remote,Laki-laki,25,D1/D2/D3,Jawa,Pekerja,Petugas Negative Check,3,Staf,Jarang (3-4 kali dalam sebulan),0,0,0,1,0,0,1,6,5,5.44444444444445,5.64285714285714,4.75,5,6,4.333333333,6,6,3.833333333,4.6,80,7,15,56.5,3.32352941176471,50,12.4444444444444,,0,0,0,221.7,22.17,0,33.3333333333333,7,7,0,0,7,0,2,33.3333333333333,4,1,1,13.1333333333333,0,6,4,0,0,0,1,1,1,1,1,1,1,1,1,2,3,1,2,3,1,2,3,1,0,0,0,0,0,0,0,0,0,0,Easy,Easy,Easy,Easy,Easy,Easy,Normal,Normal,Normal,Normal,45,45,19,13.65,16.65,4.01666666666667,14.9833333333333,30.5166666666667,15.0166666666667,17.8666666666667,1,1,1,1,0,0,1,1,1,0,32.45,27.9833333333333,10.8666666666667,3.98333333333333,,,3.41666666666667,4.96666666666667,8.26666666666667,,0,0,1,1,2,3,1,1,1,2,0,0,0,Same,Harder,Same,1,1,0,1,1,0,1,1,0,1,67.1333333333333,9.59047619047619,44.7555555555556
Industri_340,Remote,Laki-laki,26,D1/D2/D3,Jawa,Pekerja,Petugas Negative Check,4,Staf,Sering (3-4 kali dalam seminggu),1,0,0,1,0,0,2,,5.5,4.38888888888889,4.5,4.8125,5.5,2.2,4.833333333,5.666666667,4,5.333333333,5,90,3,12,48,3.69230769230769,90,6.84444444444445,,0,0,0,151.233333333333,15.1233333333333,10,33.3333333333333,3,3,0,0,3,0,2,33.3333333333333,0,1,2,20.5944444444444,0,9,1,0,1,0,1,1,1,1,1,1,1,1,1,2,3,1,2,3,1,2,3,1,0,0,0,0,0,0,0,0,0,0,Easy,Easy,Easy,Easy,Easy,Easy,Easy,Easy,Easy,Normal,29.7,45,16.2,9.58333333333333,15.1333333333333,9,4.98333333333333,9.33333333333333,2.68333333333333,9.61666666666667,1,1,1,0,0,0,0,0,0,0,26.5833333333333,24.8666666666667,10.3333333333333,,,,,,,,1,0,1,3,2,3,3,3,3,3,0,0,0,Same,Same,Harder,1,1,0,0,1,0,0,0,0,0,30.9,10.3,20.6
Industri_341,Remote,Laki-laki,26,D1/D2/D3,Luar Jawa,Pekerja,Paramedis,2,Staf,Jarang (3-4 kali dalam sebulan),0,1,0,0,0,0,1,6,5.5,6,6,5.375,5.5,6,6,6,6,5.166666667,5,90,2,11,75.5,6.29166666666667,70,0,,0,0,0,142.266666666667,14.2266666666667,0,0,3,3,0,33.3333333333333,2,0,0,100,1,2,0,13.5166666666667,0,3,3,4,1,1,1,1,1,1,1,1,0,1,1,2,3,1,2,3,1,2,3,1,0,0,0,0,0,0,0,0,0,0,Easy,Easy,Easy,Normal,Normal,Normal,Hard,Hard,Hard,Hard,6.11666666666667,14.1166666666667,2.85,7,14.6,2.63333333333333,23.2,21.2166666666667,45,5.53333333333333,0,0,0,0,0,0,1,1,1,0,,,,,,,17.4666666666667,13.8666666666667,9.21666666666667,,3,3,3,3,3,3,1,1,0,3,0,0,0,Harder,Harder,Harder,0,0,0,0,0,0,1,1,0,0,18.1833333333333,9.09166666666667,12.1222222222222
Industri_342,Remote,Laki-laki,25,S1/D4,Jawa,Pekerja,Pelaksana STE Workshop Engineering,2,Staf,Selalu (Setiap Hari),1,1,1,0,0,0,3,5.75,5.4,5.05555555555556,5.07142857142857,4.875,5.4,4.4,5.333333333,5.333333333,5.2,4.833333333,4.6,100,2,12,51,4.25,90,0,,0,0,0,126.433333333333,12.6433333333333,10,0,3,2,1,0,2,0,2,33.3333333333333,0,1,1,18.1333333333333,0,6,4,0,1,1,1,1,1,1,1,1,1,1,1,2,3,1,2,3,1,2,3,1,0,0,0,0,0,0,0,0,0,0,Easy,Easy,Easy,Easy,Easy,Easy,Normal,Normal,Normal,Normal,12.7833333333333,13.1166666666667,11.5833333333333,3.4,8.38333333333333,2.6,13.8833333333333,38.2,16.55,5.93333333333333,0,0,0,0,0,0,0,1,1,0,,,,,,,,25.15,11.1166666666667,,3,3,3,3,3,3,3,1,1,3,0,0,0,Same,Harder,Same,0,0,0,0,0,0,0,2,0,0,47.0333333333333,23.5166666666667,31.3555555555556
Industri_343,Remote,Laki-laki,26,S1/D4,Jawa,Pekerja,Calon PPKA,2,Staf,Jarang (3-4 kali dalam sebulan),0,0,0,0,1,1,1,5.5,5.8,5.16666666666667,5.14285714285714,4.5625,5.8,4.8,5.666666667,5.166666667,5.8,4.666666667,3.2,90,4,13,49,3.5,80,8.67777777777778,,0,0,0,244.65,24.465,20,33.3333333333333,5,5,0,0,4,1,1,33.3333333333333,0,2,1,27.4366666666667,0,7,3,0,1,1,1,1,1,1,1,0,1,1,1,2,3,1,2,3,1,2,3,1,0,0,0,0,0,0,0,0,0,0,Easy,Easy,Easy,Easy,Easy,Easy,Normal,Normal,Normal,Easy,38.4666666666667,36.0333333333333,41.6833333333333,7.7,13.0166666666667,4.41666666666667,25.7666666666667,45,25.15,7.41666666666667,1,0,1,0,0,0,1,1,1,0,25,,38.2,,,,17.5833333333333,38.7,17.7,,1,2,1,3,3,3,1,0,1,3,0,0,0,Same,Harder,Easier,1,1,0,0,0,0,1,1,0,0,37.4833333333333,9.37083333333333,24.9888888888889
Industri_344,Remote,Laki-laki,28,D1/D2/D3,Jawa,Pekerja,PELAKSANA,3,Staf,Jarang (3-4 kali dalam sebulan),1,0,0,0,0,0,1,6,5.5,6,6,5.8125,5.5,6,6,6,6,6,5.4,100,1,11,71.5,6.5,70,0,,0,0,0,134.483333333333,13.4483333333333,0,0,3,3,0,0,1,0,0,100,0,3,0,16.6222222222222,0,3,3,4,1,1,1,1,1,1,1,1,1,1,1,2,3,1,2,3,1,2,3,1,0,0,0,0,0,0,0,0,0,0,Easy,Easy,Easy,Normal,Normal,Normal,Hard,Hard,Hard,Hard,5.51666666666667,14.2666666666667,2.56666666666667,11.85,14.75,23.4666666666667,5.91666666666667,28.4166666666667,21.6166666666667,6.11666666666667,0,0,0,0,0,1,0,1,1,0,,,,,,16.7166666666667,,18.4666666666667,14.6833333333333,,3,3,3,3,3,1,3,1,1,3,0,0,0,Harder,Harder,Harder,0,0,0,0,0,0,0,1,0,0,8.26666666666667,8.26666666666667,5.51111111111111
Industri_345,Remote,Laki-laki,26,S1/D4,Jawa,Pekerja,Petugas Juru Langsir,3,Staf,Jarang (3-4 kali dalam sebulan),1,0,0,1,0,0,2,6,5.8,5.72222222222222,6,4.1875,5.8,6,5.166666667,6,5.2,3.666666667,3.8,80,6,14,53.5,3.34375,70,16.4,,0,0,1,209.983333333333,20.9983333333333,0,33.3333333333333,4,3,1,0,6,0,2,33.3333333333333,0,2,0,20.4055555555556,0,9,1,0,0,0,1,1,1,1,1,1,1,1,1,2,3,1,2,3,1,2,3,1,1,0,0,0,0,0,0,0,0,0,Easy,Easy,Easy,Easy,Easy,Easy,Easy,Easy,Easy,Normal,41.3833333333333,48.6166666666667,27.8166666666667,10.4666666666667,24.15,4.75,10.65,17.45,4.98333333333333,19.7166666666667,1,0,1,0,0,0,0,0,0,1,31.1833333333333,,18.6,,,,,,,11.4333333333333,0,0,1,3,2,3,3,2,3,1,0,0,0,Same,Same,Harder,1,1,0,0,1,0,0,1,0,2,74.7333333333333,12.4555555555556,49.8222222222222
Industri_346,Remote,Laki-laki,25,D1/D2/D3,Luar Jawa,Pekerja,Pelaksana Health,7,Staf,Jarang (3-4 kali dalam sebulan),1,1,1,1,1,0,5,6,6,5.16666666666667,5.28571428571429,4.4375,6,6,3.5,6,6,3.5,4,100,4,14,42,3,90,0,,0,0,0,169.05,16.905,10,0,2,2,0,0,4,3,0,0,0,1,0,21.55,7,3,0,0,1,1,1,1,1,1,1,1,1,1,1,2,3,1,2,3,1,2,3,1,0,0,0,0,0,0,0,0,0,0,Easy,Easy,Easy,Very Easy,Very Easy,Very Easy,Very Easy,Very Easy,Very Easy,Very Easy,22.8166666666667,40.1333333333333,12.3666666666667,6.08333333333333,42.3666666666667,6.45,6.05,22.7,4.43333333333333,5.65,1,0,0,0,1,0,0,0,0,0,11.45,,,,31.65,,,,,,1,2,3,3,1,3,3,2,3,3,0,0,0,Easier,Easier,Easier,1,1,0,0,1,0,0,1,0,0,45.7666666666667,11.4416666666667,30.5111111111111
Industri_347,Remote,Laki-laki,26,S1/D4,Luar Jawa,Pekerja,Staff Asset and Revenue,4,Staf,Jarang (3-4 kali dalam sebulan),1,0,0,0,0,0,1,6,6,6,6,5.6875,6,6,6,6,6,6,5,100,8,18,65.5,3.63888888888889,10,0,,0,0,0,176.766666666667,17.6766666666667,10,0,10,10,0,0,8,0,1,66.6666666666667,8,1,1,6.91333333333333,0,6,3,1,1,1,1,1,1,1,1,1,1,1,1,2,3,1,2,3,1,2,3,1,0,0,0,0,0,0,0,0,0,0,Easy,Easy,Easy,Easy,Easy,Easy,Normal,Normal,Normal,Hard,30.4166666666667,25.1666666666667,10.1833333333333,15.8,19.4833333333333,9.63333333333333,11.2,25.85,15.9833333333333,13.05,1,1,1,1,1,1,1,1,1,1,25.1833333333333,3.63333333333333,2.75,3.13333333333333,2.85,2.15,3.83333333333333,13.5,7.81666666666667,4.28333333333333,1,1,1,1,1,1,1,1,1,1,0,0,0,Same,Harder,Harder,2,1,0,1,1,0,1,1,0,1,70.9833333333333,8.87291666666667,47.3222222222222
Industri_348,Remote,Laki-laki,26,S1/D4,Jawa,Pekerja,Calon PPKA,1,Staf,Jarang (3-4 kali dalam sebulan),0,0,0,1,0,0,1,6,5.6,4.77777777777778,4.78571428571429,4.75,5.6,3.8,5,5.166666667,5.8,4.166666667,4.4,100,2,12,75.5,6.29166666666667,80,0,,0,0,0,157.1,15.71,20,0,4,4,0,0,2,0,1,66.6666666666667,1,1,2,18.1916666666667,0,3,3,4,1,1,1,1,1,1,1,1,1,1,1,2,3,1,2,3,1,2,3,1,0,0,0,0,0,0,0,0,0,0,Easy,Easy,Easy,Normal,Normal,Normal,Hard,Hard,Hard,Hard,6.03333333333333,11.3833333333333,3.26666666666667,6.75,11.3,10.3333333333333,43.2,32.3666666666667,23.5333333333333,8.93333333333333,0,0,0,0,0,1,1,1,1,0,,,,,,5.38333333333333,26.7333333333333,25.9333333333333,14.7166666666667,,3,3,3,3,3,1,1,1,1,3,0,0,0,Harder,Harder,Same,0,0,0,0,0,0,1,1,0,0,11.0333333333333,5.51666666666667,7.35555555555556
Industri_349,Remote,Laki-laki,25,S1/D4,Jawa,Pekerja,Specialist,3,Supervisor,Tidak Pernah,0,0,0,0,0,1,0,5,4.1,4.66666666666667,4.92857142857143,4.0625,4.1,4,4,5.666666667,4.2,3.333333333,4.8,60,3,9,55,4.23076923076923,90,25,,0,0,0,322.783333333333,32.2783333333333,0,0,4,4,0,66.6666666666667,3,0,0,100,1,0,0,30.6083333333333,0,3,3,4,1,1,1,1,0,0,0,1,0,1,1,2,3,1,2,3,1,2,3,1,0,0,0,0,0,0,0,0,0,0,Easy,Easy,Easy,Normal,Normal,Normal,Hard,Hard,Hard,Hard,18.1333333333333,23.9333333333333,44.7,31.1166666666667,45,45,45,17.3666666666667,45,7.53333333333333,0,0,0,0,1,0,1,1,1,0,,,,,43.8833333333333,,37.25,2.76666666666667,38.5333333333333,,2,2,2,2,0,0,0,1,0,3,0,0,0,Harder,Harder,Harder,0,0,0,0,1,0,1,1,0,0,43.4166666666667,14.4722222222222,28.9444444444445
Industri_351,Remote,Laki-laki,26,S1/D4,Luar Jawa,Pekerja,Calon Satuan Kerja UPT Resor Jalan Rel Kelas A IV.14 Baturaja,2,Staf,Jarang (3-4 kali dalam sebulan),1,0,0,0,0,0,1,6,6,5.72222222222222,6,5.6875,6,6,5.166666667,6,6,6,5,90,6,15,69,4.3125,70,5.28888888888889,,0,6,0,247.433333333333,24.7433333333333,10,0,5,5,0,0,6,0,1,66.6666666666667,0,3,0,23.59,0,3,6,1,1,1,1,1,1,1,1,1,1,0,1,2,3,1,2,3,1,2,3,1,0,0,0,0,0,0,0,0,0,0,Easy,Easy,Easy,Normal,Normal,Normal,Normal,Normal,Normal,Hard,38.5166666666667,21.2833333333333,22.1,21.6833333333333,40.5833333333333,22.7833333333333,6.51666666666667,19.8,9.16666666666667,45,1,0,1,1,0,1,0,0,0,1,31,,18.6333333333333,14.3,,18.0666666666667,,,,35.95,1,2,1,1,2,1,3,2,3,0,0,0,0,Harder,Same,Harder,1,1,0,1,1,0,0,1,0,1,67.7,11.2833333333333,45.1333333333333
Industri_352,Remote,Laki-laki,29,S1/D4,Jawa,Pekerja,PELAKSANA NON TRAIN CREW PLANNING,3,Staf,Jarang (3-4 kali dalam sebulan),1,1,1,1,0,0,4,5.75,6,6,6,4.875,6,6,6,6,6,5,3.6,80,7,15,87.5,4.86111111111111,70,13.9555555555556,,0,0,0,324.55,32.455,30,0,8,8,0,66.6666666666667,8,0,0,100,1,1,4,23.70625,0,3,3,4,1,0,1,1,1,1,0,1,1,1,1,2,3,1,2,3,1,2,3,1,0,0,0,0,0,0,0,0,0,0,Easy,Easy,Easy,Normal,Normal,Normal,Hard,Hard,Hard,Hard,25.9166666666667,45,25.1166666666667,19.3666666666667,43.9166666666667,19.25,45,40.5,36.5333333333333,23.95,1,1,0,0,1,1,1,1,1,1,21.6,40.4,,,22.8333333333333,8.51666666666667,31.2166666666667,28.4666666666667,25.3,11.3166666666667,1,0,2,2,1,1,0,1,1,1,0,0,0,Harder,Harder,Harder,1,1,0,2,1,0,1,1,0,1,68.1333333333333,8.51666666666667,45.4222222222222
Industri_353,Remote,Laki-laki,25,D1/D2/D3,Jawa,Pekerja,Kondektur,4,Staf,Sering (3-4 kali dalam seminggu),1,0,0,1,1,0,3,4.25,4.8,4.11111111111111,4.35714285714286,3.4375,4.8,3.2,3.833333333,5,4.2,3.333333333,2.8,100,3,13,56.5,4.34615384615385,100,0,,0,0,0,168.033333333333,16.8033333333333,10,0,1,1,0,0,3,0,2,33.3333333333333,0,0,1,26.2333333333333,0,6,4,0,1,1,1,1,1,1,1,1,1,1,1,2,3,1,2,3,1,2,3,1,0,0,0,0,0,0,0,0,0,0,Easy,Easy,Easy,Easy,Easy,Easy,Normal,Normal,Normal,Normal,14,15.0166666666667,23.75,11.8,10.9666666666667,4.11666666666667,9.86666666666667,26.25,31.0333333333333,21.2333333333333,0,0,0,0,0,0,0,0,1,0,,,,,,,,,26.2333333333333,,3,2,2,3,3,3,3,2,1,2,0,0,0,Same,Harder,Same,0,1,0,0,0,0,0,1,0,1,45.4666666666667,15.1555555555556,30.3111111111111
Industri_354,Remote,Laki-laki,27,S1/D4,Jawa,Pekerja,Pelaksana,4,Staf,Tidak Pernah,0,0,0,0,0,1,0,4.75,5.2,4.55555555555556,4.85714285714286,4.3125,5.2,4.6,4.166666667,4.833333333,5,3.5,4.6,90,5,14,59.5,3.96666666666667,90,4.84444444444444,,0,0,1,155.183333333333,15.5183333333333,0,33.3333333333333,1,1,0,0,5,0,2,33.3333333333333,0,0,0,34.65,0,9,1,0,0,1,1,1,1,1,1,1,1,1,1,2,3,1,2,3,1,2,3,1,1,0,0,0,0,0,0,0,0,0,Easy,Easy,Easy,Easy,Easy,Easy,Easy,Easy,Easy,Normal,37.7333333333333,28.4666666666667,6.26666666666667,11.4666666666667,15.9666666666667,4.01666666666667,16.1833333333333,11.8,5.85,17.4333333333333,1,0,0,0,0,0,0,0,0,0,34.65,,,,,,,,,,0,2,3,3,2,3,2,3,3,2,0,0,0,Same,Same,Harder,1,1,0,0,1,0,1,0,0,1,53.3666666666667,10.6733333333333,35.5777777777778
Industri_355,Remote,Laki-laki,27,D1/D2/D3,Jawa,Pekerja,MASINIS PERTAMA,2,Staf,Sering (3-4 kali dalam seminggu),1,0,0,0,0,0,1,5,5,4.33333333333333,4.57142857142857,4.625,5,4.2,4.166666667,4.5,5,4,5,100,2,12,75.5,6.29166666666667,90,0,,0,0,0,166.1,16.61,20,0,3,3,0,0,2,0,0,100,1,0,2,19.9666666666667,0,3,3,4,1,1,1,1,1,1,1,1,1,1,1,2,3,1,2,3,1,2,3,1,0,0,0,0,0,0,0,0,0,0,Easy,Easy,Easy,Normal,Normal,Normal,Hard,Hard,Hard,Hard,6.01666666666667,12.6,4.96666666666667,38.8666666666667,14.35,30.65,5.26666666666667,32.1833333333333,16.0333333333333,5.16666666666667,0,0,0,0,0,1,0,1,1,0,,,,,,25.7,,26.6333333333333,7.56666666666667,,3,3,3,2,3,1,3,1,1,3,0,0,0,Harder,Harder,Harder,0,0,0,1,0,0,0,1,0,0,11.2833333333333,5.64166666666667,7.52222222222222
Industri_357,Remote,Laki-laki,25,D1/D2/D3,Luar Jawa,Pekerja,PNC SINTELIS,3,Staf,Jarang (3-4 kali dalam sebulan),1,1,1,1,1,0,5,5,5.1,5.11111111111111,4.92857142857143,4.75,5.1,3.2,5.666666667,6,4.6,4.833333333,4.8,100,3,13,37,2.84615384615385,80,0,,0,0,0,123.433333333333,12.3433333333333,10,0,3,3,0,0,3,2,1,0,2,0,1,13.5888888888889,7,3,0,0,1,1,1,1,1,1,1,1,1,1,1,2,3,1,2,3,1,2,3,1,0,0,0,0,0,0,0,0,0,0,Easy,Easy,Easy,Very Easy,Very Easy,Very Easy,Very Easy,Very Easy,Very Easy,Very Easy,34.9333333333333,21.4166666666667,12.3333333333333,6.6,14.0333333333333,5.9,5.65,12.5666666666667,4.13333333333333,5.86666666666667,1,0,1,0,1,0,0,0,0,0,27.4333333333333,,9.61666666666667,,3.71666666666667,,,,,,1,2,1,3,1,3,3,3,3,3,0,0,0,Easier,Easier,Same,1,1,0,0,1,0,0,0,0,0,22.1,7.36666666666667,14.7333333333333
Industri_358,Remote,Laki-laki,23,D1/D2/D3,Jawa,Pekerja,Petugas Negative Check UPT Resor Sintelis 6.2 Rewulu,2,Staf,Sering (3-4 kali dalam seminggu),1,0,0,0,0,0,1,5,4.3,3.88888888888889,3.92857142857143,4.3125,4.3,3.6,4,4,5,3.833333333,4.2,90,5,14,74.5,4.96666666666667,80,0,,0,0,1,286.55,28.655,30,0,5,5,0,33.3333333333333,5,0,0,100,0,2,1,25.7866666666667,0,3,3,4,1,1,1,1,1,1,1,1,0,1,1,2,3,1,2,3,1,2,3,1,0,0,0,0,0,0,0,0,1,0,Easy,Easy,Easy,Normal,Normal,Normal,Hard,Hard,Hard,Hard,10.1166666666667,41.1333333333333,11.6666666666667,35.2833333333333,18.8833333333333,17.7833333333333,38.35,44.1,44.2166666666667,25.0166666666667,0,0,0,1,0,0,1,1,1,1,,,,27.2166666666667,,,32.6833333333333,38.0833333333333,12.6666666666667,18.2833333333333,3,2,3,1,2,2,1,1,0,1,0,0,0,Harder,Harder,Harder,0,1,0,1,1,0,1,1,0,0,54.05,10.81,36.0333333333333
Industri_359,Remote,Laki-laki,26,D1/D2/D3,Jawa,Pekerja,Petugas Negatif Check Sintelis,2,Staf,Sering (3-4 kali dalam seminggu),1,0,0,1,0,0,2,4.75,4.1,5.05555555555556,5.14285714285714,3.8125,4.1,3.8,5.5,5.5,4.2,4.166666667,3,90,4,13,54.5,3.89285714285714,90,11.5777777777778,,0,0,0,225.983333333333,22.5983333333333,10,33.3333333333333,3,3,0,0,4,0,2,33.3333333333333,0,1,0,31.1555555555556,0,6,4,0,1,1,1,1,1,1,1,0,1,1,1,2,3,1,2,3,1,2,3,1,0,0,0,0,0,0,0,0,0,0,Easy,Easy,Easy,Easy,Easy,Easy,Normal,Normal,Normal,Normal,25.3833333333333,36.6,9.86666666666667,34.5333333333333,9.7,6,10.25,45,39.05,9.6,1,0,0,0,0,0,0,1,1,0,17.65,,,,,,,40.7166666666667,35.1,,1,2,3,2,3,3,3,0,1,3,0,0,0,Same,Harder,Same,1,1,0,1,0,0,0,1,0,0,41.1166666666667,10.2791666666667,27.4111111111111
Industri_360,Remote,Laki-laki,26,D1/D2/D3,Jawa,Pekerja,Pelaksana Tractive Rail Vehicles Line Maintenance,5,Staf,Jarang (3-4 kali dalam sebulan),0,0,1,1,0,0,2,5.5,5.8,5.61111111111111,5.78571428571429,4.5625,5.8,5.4,5.5,5.833333333,5.4,4.5,3.8,70,5,12,50.5,3.36666666666667,80,37.9555555555556,,0,0,0,236.083333333333,23.6083333333333,0,33.3333333333333,4,4,0,33.3333333333333,5,1,1,33.3333333333333,0,2,0,25.8166666666667,0,7,3,0,0,0,1,1,0,1,1,1,1,1,1,2,3,1,2,3,1,2,3,1,0,0,0,0,0,0,0,0,0,0,Easy,Easy,Easy,Normal,Normal,Normal,Easy,Easy,Easy,Easy,45,45,11.1166666666667,17.9833333333333,45,20.2166666666667,12.7,17.7666666666667,6.65,14.65,1,0,0,1,1,1,0,0,0,0,40.8333333333333,,,10.85,33.9,17.6833333333333,,,,,0,0,3,1,0,1,3,2,3,3,0,0,0,Harder,Easier,Same,1,1,0,1,1,0,0,1,0,0,75.65,15.13,50.4333333333333
Industri_361,Remote,Laki-laki,28,S1/D4,Luar Jawa,Pekerja,Staf,3,Staf,Tidak Pernah,0,0,0,0,0,1,0,6,5.1,4.94444444444445,5.35714285714286,4.375,5.1,4.2,4.333333333,6,4.2,4.333333333,4.6,80,5,13,41,2.73333333333333,80,14.8222222222222,,0,0,1,208.483333333333,20.8483333333333,0,66.6666666666667,2,2,0,0,5,1,1,33.3333333333333,0,1,0,23.4416666666667,6,4,0,0,0,1,1,1,0,1,1,1,1,1,1,2,3,1,2,3,1,2,3,1,1,0,0,0,0,0,0,0,0,0,Easy,Easy,Easy,Very Easy,Very Easy,Very Easy,Very Easy,Very Easy,Very Easy,Easy,32.6,34.4833333333333,20.8666666666667,21.6833333333333,45,7.46666666666667,8.65,12.3,4.61666666666667,20.8166666666667,0,0,0,0,1,0,0,0,0,1,,,,,36.5833333333333,,,,,10.3,0,2,2,2,0,3,3,3,3,1,0,0,0,Easier,Same,Harder,1,1,0,1,1,0,0,0,0,1,51.0666666666667,10.2133333333333,34.0444444444445
Industri_362,Remote,Laki-laki,26,S1/D4,Jawa,Pekerja,Masinis Pertama,4,Staf,Sering (3-4 kali dalam seminggu),1,0,1,0,0,0,2,5,5.6,5.27777777777778,5.28571428571429,4.375,5.6,5.8,4.833333333,5.333333333,5.6,4,3.6,80,4,12,38.5,2.75,100,35.0444444444444,,0,0,0,203.016666666667,20.3016666666667,0,33.3333333333333,1,1,0,0,4,1,1,33.3333333333333,0,0,1,27.5166666666667,6,4,0,0,0,0,1,1,1,1,1,1,1,1,1,2,3,1,2,3,1,2,3,1,0,0,0,0,0,0,0,0,0,0,Easy,Easy,Easy,Very Easy,Very Easy,Very Easy,Very Easy,Very Easy,Very Easy,Easy,45,45,18.45,7.45,22.0333333333333,10.55,10.3666666666667,26.3833333333333,10.1,7.68333333333333,1,0,0,0,0,0,0,0,0,0,27.5166666666667,,,,,,,,,,0,0,2,3,2,3,3,2,3,3,0,0,0,Easier,Same,Harder,1,1,0,0,1,0,0,1,0,0,74.7833333333333,18.6958333333333,49.8555555555556
Industri_363,Remote,Laki-laki,30,SMA,Jawa,Pekerja,Staf Produksi,11,Staf,Selalu (Setiap Hari),1,1,0,0,0,0,2,,4.3,4.27777777777778,4.35714285714286,3.75,4.3,2.8,4,5.5,3.4,4,3.8,30,,3,5,0.5,70,0,,0,0,0,355.55,35.555,0,66.6666666666667,9,9,0,33.3333333333333,0,1,1,33.3333333333333,2,0,6,21.0703703703704,0,7,3,0,0,0,1,0,0,1,0,0,1,0,1,2,3,1,2,3,1,2,3,1,0,0,0,0,0,0,0,0,0,0,Easy,Easy,Easy,Easy,Easy,Easy,Normal,Normal,Normal,Easy,45,45,26.2666666666667,45,45,7.56666666666667,45,45,6.71666666666667,45,1,0,1,1,1,1,1,1,1,1,24.9166666666667,,21.3,25.5166666666667,27.2,3.73333333333333,25.9166666666667,33.05,3.01666666666667,24.9833333333333,0,0,1,0,0,1,0,0,1,0,0,0,0,Same,Harder,Easier,0,0,0,0,0,0,0,0,0,0,0,,0
Industri_364,Remote,Laki-laki,30,S1/D4,Jawa,Pekerja,Staff Komersial,6,Staf,Selalu (Setiap Hari),1,1,0,0,0,0,2,,4.1,3.88888888888889,3.92857142857143,3.5,4.1,3,4,4.5,3.4,3.333333333,3.8,100,2,12,44.5,3.70833333333333,80,0,,0,0,0,151.416666666667,15.1416666666667,20,0,4,4,0,0,2,1,1,33.3333333333333,1,1,2,17.675,0,7,3,0,1,1,1,1,1,1,1,1,1,1,1,2,3,1,2,3,1,2,3,1,0,0,0,0,0,0,0,0,0,0,Easy,Easy,Easy,Easy,Easy,Easy,Normal,Normal,Normal,Easy,17.5166666666667,18.4666666666667,25.4666666666667,5.7,10.2666666666667,4.83333333333333,8.61666666666667,42.2,13.5833333333333,4.76666666666667,1,0,1,0,0,0,0,1,1,0,11.5166666666667,,22.35,,,,,27.1,9.73333333333333,,1,2,1,3,3,3,3,1,1,3,0,0,0,Same,Harder,Easier,1,0,0,0,0,0,0,1,0,0,17.1833333333333,8.59166666666667,11.4555555555556
Industri_366,Remote,Laki-laki,30,S2,Jawa,Pekerja,Staff,9,Staf,Sering (3-4 kali dalam seminggu),1,0,0,1,0,0,2,,5.9,5.83333333333333,5.85714285714286,5.3125,5.9,6,6,5.666666667,6,5.666666667,4.2,100,4,14,63.5,4.53571428571429,70,0,,0,0,0,157.833333333333,15.7833333333333,10,0,4,4,0,0,4,0,1,66.6666666666667,1,2,1,16.0833333333333,0,6,3,1,1,1,1,1,1,1,1,1,1,1,1,2,3,1,2,3,1,2,3,1,0,0,0,0,0,0,0,0,0,0,Easy,Easy,Easy,Easy,Easy,Easy,Normal,Normal,Normal,Hard,27.15,17.8166666666667,11.6166666666667,5.98333333333333,11.3666666666667,2.98333333333333,7.93333333333333,40.05,13.35,19.5833333333333,1,0,0,0,0,0,0,1,1,1,22.2833333333333,,,,,,,19.9166666666667,8.76666666666667,13.3666666666667,1,2,3,3,3,3,3,1,1,1,0,0,0,Same,Harder,Harder,1,1,0,0,0,0,0,1,0,1,33.0333333333333,8.25833333333333,22.0222222222222
Industri_367,Remote,Laki-laki,28,S1/D4,Jawa,Pekerja,Staff,5,Staf,Jarang (3-4 kali dalam sebulan),1,0,1,1,0,0,3,,4.9,4.27777777777778,4.21428571428571,4.375,4.9,3.8,4.666666667,4.333333333,4.8,4.166666667,4.2,80,2,10,71.5,5.95833333333333,80,4.85555555555556,,0,0,1,169.933333333333,16.9933333333333,0,0,2,2,0,33.3333333333333,2,0,0,100,1,0,0,21.275,0,3,3,4,1,1,1,1,1,1,0,1,0,1,1,2,3,1,2,3,1,2,3,1,0,0,0,0,0,0,1,0,0,0,Easy,Easy,Easy,Normal,Normal,Normal,Hard,Hard,Hard,Hard,5.5,10.55,4.46666666666667,6.71666666666667,12.0333333333333,16.0833333333333,14.3166666666667,27.8166666666667,45,27.45,0,0,0,0,0,1,0,0,1,0,,,,,,5.91666666666667,,,36.6333333333333,,3,3,3,3,3,1,0,3,0,2,0,0,0,Harder,Harder,Harder,0,0,0,0,0,0,1,0,0,1,12.2,6.1,8.13333333333333
Industri_368,Remote,Laki-laki,29,S1/D4,Jawa,Pekerja,STAFF,7,Staf,Tidak Pernah,0,0,0,0,0,1,0,5.75,5.3,5.5,5.57142857142857,4.6875,5.3,5.2,5.833333333,5.333333333,5.2,4.5,4.4,90,4,13,56,4,80,8.03333333333333,,0,0,0,201.766666666667,20.1766666666667,10,33.3333333333333,3,3,0,0,4,0,2,33.3333333333333,0,2,0,21.8333333333333,0,3,7,0,1,1,1,1,0,1,1,1,1,1,1,2,3,1,2,3,1,2,3,1,0,0,0,0,0,0,0,0,0,0,Easy,Easy,Easy,Normal,Normal,Normal,Normal,Normal,Normal,Normal,41.8666666666667,22.5,9.18333333333333,10.4,45,25.1666666666667,8.53333333333333,15.5666666666667,17.1333333333333,6.41666666666667,1,0,0,0,0,1,0,0,1,0,33.25,,,,,19.1333333333333,,,13.1166666666667,,1,2,3,3,0,1,3,2,1,3,0,0,0,Harder,Same,Same,1,1,0,0,1,0,0,1,0,0,42.3166666666667,10.5791666666667,28.2111111111111
Industri_369,Remote,Laki-laki,30,S1/D4,Jawa,Pekerja,Site Manager,7,Supervisor,Sering (3-4 kali dalam seminggu),1,0,0,1,1,0,3,,5.2,5.27777777777778,5.5,4.875,5.2,4.8,5.166666667,5.666666667,5.2,4.666666667,4.8,100,7,17,58,3.41176470588235,40,0,,0,0,0,211.85,21.185,10,0,8,7,1,0,7,0,2,33.3333333333333,2,2,3,16.6571428571429,0,6,4,0,1,1,1,1,1,1,1,1,1,1,1,2,3,1,2,3,1,2,3,1,0,0,0,0,0,0,0,0,0,0,Easy,Easy,Easy,Easy,Easy,Easy,Normal,Normal,Normal,Normal,32.6166666666667,22.7833333333333,23.5333333333333,20.5666666666667,10.0833333333333,5.46666666666667,12.5833333333333,35.0333333333333,20.6333333333333,28.55,1,0,1,1,0,0,1,1,1,1,21.8833333333333,,15.95,13.8166666666667,,,6.26666666666667,28.7,9.28333333333333,20.7,1,2,1,1,3,3,1,1,1,1,0,0,0,Same,Harder,Same,1,1,0,1,0,0,2,1,0,1,62.6666666666667,8.95238095238095,41.7777777777778
Industri_370,Remote,Laki-laki,30,S2,Jawa,Pekerja,Junior Manager,2,Supervisor,Sering (3-4 kali dalam seminggu),1,0,0,1,0,0,2,,5.7,5.88888888888889,5.92857142857143,5.75,5.7,5.8,5.833333333,6,6,5.5,5.8,70,3,10,37.5,2.34375,60,63.4,,0,0,2,232.95,23.295,0,66.6666666666667,6,4,2,33.3333333333333,6,1,1,33.3333333333333,1,2,0,19.7541666666667,0,7,3,0,1,0,1,1,0,1,1,0,1,1,1,2,3,1,2,3,1,2,3,1,0,0,0,0,1,0,0,1,0,0,Easy,Easy,Easy,Easy,Easy,Easy,Normal,Normal,Normal,Easy,32.05,45,15.0166666666667,7.28333333333333,26.0166666666667,3.65,37.4166666666667,28.75,18.3,19.4666666666667,0,1,1,0,1,0,0,0,1,0,,42.4166666666667,9.06666666666667,,15.0333333333333,,,,12.5,,2,0,1,3,0,3,2,0,1,2,0,0,0,Same,Harder,Easier,1,1,0,0,1,0,1,1,0,1,116.533333333333,19.4222222222222,77.6888888888889
Industri_371,Remote,Perempuan,28,S1/D4,Jawa,Pekerja,Staf QAQC,5,Staf,Tidak Pernah,0,0,0,0,0,1,0,,5.1,5.11111111111111,5.21428571428571,4.75,5.1,4,5.333333333,5.666666667,4.6,4.5,5.2,90,5,14,59,3.93333333333333,60,13.2666666666667,,0,0,0,217.266666666667,21.7266666666667,20,0,7,7,0,33.3333333333333,5,0,1,66.6666666666667,4,0,2,14.2857142857143,0,6,3,1,1,1,1,1,1,1,1,0,1,1,1,2,3,1,2,3,1,2,3,1,0,0,0,0,0,0,0,0,0,0,Easy,Easy,Easy,Easy,Easy,Easy,Normal,Normal,Normal,Hard,44.6333333333333,34.3666666666667,5.78333333333333,8.11666666666667,11.95,4.93333333333333,16.2333333333333,45,14.6333333333333,31.6166666666667,1,1,1,0,0,0,1,1,1,1,31.1,1.8,1.2,,,,7.81666666666667,25.5,9.98333333333333,22.6,1,1,1,3,3,3,1,0,1,1,0,0,0,Same,Harder,Harder,1,1,0,0,0,0,1,1,0,1,50.1166666666667,10.0233333333333,33.4111111111111
Industri_373,Remote,Laki-laki,28,S1/D4,Jawa,Pekerja,Site Manager Engineering,6,Supervisor,Jarang (3-4 kali dalam sebulan),0,1,0,0,0,0,1,5,5,4.33333333333333,4.42857142857143,4.125,5,2.6,5,5,4.4,3.833333333,4.2,100,,10,43,4.3,100,0,,0,0,0,113.416666666667,11.3416666666667,0,0,0,0,0,0,0,0,2,33.3333333333333,0,0,0,,0,9,1,0,1,1,1,1,1,1,1,1,1,1,1,2,3,1,2,3,1,2,3,1,0,0,0,0,0,0,0,0,0,0,Easy,Easy,Easy,Easy,Easy,Easy,Easy,Easy,Easy,Normal,13.7833333333333,21.2333333333333,12.1333333333333,9.13333333333333,12.35,8.46666666666667,5.95,9.63333333333333,3.51666666666667,17.2166666666667,0,0,0,0,0,0,0,0,0,0,,,,,,,,,,,3,2,3,3,3,3,3,3,3,2,0,0,0,Same,Same,Harder,0,0,0,0,0,0,0,0,0,0,0,,0
Industri_374,Remote,Laki-laki,30,S1/D4,Luar Jawa,Pekerja,Site Engineer,8,Staf,Jarang (3-4 kali dalam sebulan),1,0,0,0,0,0,1,,5,4.61111111111111,4.92857142857143,4.4375,5,4,4.666666667,5,5,4,4.4,80,7,15,65.5,3.85294117647059,100,23.3111111111111,,0,0,0,270.766666666667,27.0766666666667,10,66.6666666666667,3,2,1,0,7,0,2,33.3333333333333,0,0,1,29.3083333333333,0,3,7,0,1,1,1,1,0,1,1,0,1,1,1,2,3,1,2,3,1,2,3,1,0,0,0,0,0,0,0,0,0,0,Easy,Easy,Easy,Normal,Normal,Normal,Normal,Normal,Normal,Normal,19.8166666666667,37.8,11.2833333333333,38.7,45,22.2,26.55,45,15.5833333333333,8.83333333333333,0,0,0,1,0,0,0,1,0,0,,,,32.6166666666667,,,,26,,,2,2,3,1,0,2,2,0,2,3,0,0,0,Harder,Same,Same,1,1,0,1,2,0,1,1,0,0,77.5666666666667,11.0809523809524,51.7111111111111
Industri_375,Remote,Perempuan,26,S2,Jawa,Pekerja,Staff Engineering,3,Staf,Sering (3-4 kali dalam seminggu),0,0,0,0,1,0,1,,5.4,5.16666666666667,5.35714285714286,4.75,5.4,4.4,5.333333333,5.5,4.8,4.833333333,4.6,70,0,7,22.5,2.04545454545455,80,85,,0,0,0,242.833333333333,24.2833333333333,0,100,4,4,0,0,1,1,2,0,1,1,2,17.5541666666667,1,9,0,0,1,0,1,1,0,1,1,0,1,1,1,2,3,1,2,3,1,2,3,1,0,0,0,0,0,0,0,0,0,0,Easy,Easy,Easy,Easy,Easy,Easy,Easy,Easy,Easy,Very Easy,23.2666666666667,45,12.4166666666667,24.45,45,3.7,26.0333333333333,45,9.56666666666667,8.4,0,1,0,1,1,0,1,0,0,0,,26.0166666666667,,18.0166666666667,24.2833333333333,,1.9,,,,2,0,3,1,0,3,1,0,3,3,0,0,0,Same,Same,Easier,0,1,0,0,0,0,0,0,0,0,127.5,127.5,85
Industri_377,Remote,Laki-laki,30,S1/D4,Jawa,Pekerja,Pelaksana Utama,6,Supervisor,Sering (3-4 kali dalam seminggu),1,0,0,1,0,0,2,,5,4.22222222222222,4.5,4,5,4,3.833333333,4.833333333,5.6,3,3.6,100,6,16,54,3.375,70,0,,0,0,0,152.466666666667,15.2466666666667,10,0,4,4,0,0,6,0,3,0,3,0,1,9.57083333333333,0,10,0,0,1,1,1,1,1,1,1,1,1,1,1,2,3,1,2,3,1,2,3,1,0,0,0,0,0,0,0,0,0,0,Easy,Easy,Easy,Easy,Easy,Easy,Easy,Easy,Easy,Easy,35.2666666666667,24.5333333333333,10.9,12.1833333333333,19.1833333333333,16,5.35,15.95,3.11666666666667,9.98333333333333,1,0,1,1,0,0,0,0,0,1,25.55,,7.18333333333333,3.56666666666667,,,,,,1.98333333333333,1,2,1,1,2,2,3,2,3,1,0,0,0,Same,Same,Same,1,1,0,1,1,0,0,1,0,1,45.2666666666667,7.54444444444444,30.1777777777778
Industri_379,Remote,Laki-laki,30,SMA,Luar Jawa,Pekerja,Staff PC,13,Staf,Jarang (3-4 kali dalam sebulan),0,0,0,0,0,1,0,,4.6,3.94444444444444,3.85714285714286,3.6875,4.6,2.4,4.5,4.5,3.8,3.833333333,3.4,90,4,13,52.5,3.75,80,12.7,,0,0,0,186.216666666667,18.6216666666667,0,33.3333333333333,3,3,0,0,4,1,1,33.3333333333333,1,1,0,18.2833333333333,0,7,3,0,1,1,1,1,1,1,1,0,1,1,1,2,3,1,2,3,1,2,3,1,0,0,0,0,0,0,0,0,0,0,Easy,Easy,Easy,Easy,Easy,Easy,Normal,Normal,Normal,Easy,20.2666666666667,21.8333333333333,21.9,10.5333333333333,13.6833333333333,8.86666666666667,23.3833333333333,45,15.05,5.7,0,0,1,0,0,0,0,1,1,0,,,10.3166666666667,,,,,38.8666666666667,5.66666666666667,,2,2,1,3,3,3,2,0,1,3,0,0,0,Same,Harder,Easier,1,1,0,0,0,0,1,1,0,0,41.5666666666667,10.3916666666667,27.7111111111111
Industri_380,Remote,Laki-laki,29,S1/D4,Luar Jawa,Pekerja,Site Manager Operation,7,Supervisor,Sering (3-4 kali dalam seminggu),1,0,0,1,0,0,2,,4.9,4.44444444444445,4.57142857142857,4.0625,4.9,3.8,4.166666667,5.166666667,5,3.333333333,4,90,6,15,74.5,4.65625,90,0,,0,0,0,269.433333333333,26.9433333333333,30,0,6,5,1,33.3333333333333,6,0,0,100,0,1,2,26.1733333333333,0,3,3,4,1,1,1,1,1,1,1,1,0,1,1,2,3,1,2,3,1,2,3,1,0,0,0,0,0,0,0,0,0,0,Easy,Easy,Easy,Normal,Normal,Normal,Hard,Hard,Hard,Hard,39.2333333333333,21.2,30.8666666666667,10.4333333333333,34.3666666666667,9.25,38.4,30.0166666666667,45,10.6666666666667,1,0,1,0,1,0,1,0,1,0,24.8666666666667,,24.4333333333333,,16.0166666666667,,30.25,,35.3,,1,2,1,3,1,3,1,2,0,3,0,0,0,Harder,Harder,Harder,1,2,0,0,2,0,1,0,0,0,59.6,9.93333333333333,39.7333333333333
Industri_381,Remote,Laki-laki,30,S1/D4,Jawa,Pekerja,Staff Komersial,8,Staf,Tidak Pernah,0,0,0,0,0,1,0,,4.1,3.55555555555556,3.64285714285714,4.0625,4.1,2.4,4,4,3.6,4,4.6,100,3,13,52,4,100,0,,0,0,0,169.783333333333,16.9783333333333,20,0,2,2,0,0,3,0,2,33.3333333333333,0,0,0,35.7916666666667,0,9,1,0,1,1,1,1,1,1,1,1,1,1,1,2,3,1,2,3,1,2,3,1,0,0,0,0,0,0,0,0,0,0,Easy,Easy,Easy,Easy,Easy,Easy,Easy,Easy,Easy,Normal,20.2,13.35,40.2833333333333,40.3166666666667,13.0333333333333,4.91666666666667,5.76666666666667,9.23333333333333,3.35,19.3333333333333,0,0,1,1,0,0,0,0,0,0,,,36.45,35.1333333333333,,,,,,,2,3,1,1,3,3,3,3,3,2,0,0,0,Same,Same,Harder,1,0,0,1,0,0,0,0,0,1,16.0833333333333,5.36111111111111,10.7222222222222
Industri_382,Remote,Laki-laki,30,S1/D4,Jawa,Pekerja,Staff Keuangan,8,Staf,Jarang (3-4 kali dalam sebulan),0,0,0,1,0,0,1,,5.1,4.94444444444445,5.14285714285714,4.625,5.1,3.6,5.333333333,5.666666667,5,4.5,4.4,100,6,16,62.5,3.90625,30,0,,0,0,0,183.516666666667,18.3516666666667,10,0,8,8,0,0,6,0,1,66.6666666666667,5,2,0,10.4916666666667,0,6,3,1,1,1,1,1,1,1,1,1,1,1,1,2,3,1,2,3,1,2,3,1,0,0,0,0,0,0,0,0,0,0,Easy,Easy,Easy,Easy,Easy,Easy,Normal,Normal,Normal,Hard,44.55,28.2666666666667,19.0833333333333,10.95,11.1333333333333,4.13333333333333,20.45,20.3833333333333,10.9833333333333,13.5833333333333,1,1,1,1,0,0,1,1,1,1,33.55,3.45,10.6666666666667,2.33333333333333,,,14.5166666666667,6.1,5.48333333333333,7.83333333333333,1,1,1,1,3,3,1,1,1,1,0,0,0,Same,Harder,Harder,1,1,0,1,0,0,1,1,0,1,57.1333333333333,9.52222222222222,38.0888888888889
Industri_383,Remote,Laki-laki,30,S1/D4,Jawa,Pekerja,Quality Control,8,Staf,Tidak Pernah,0,0,0,0,0,1,0,,5.2,4.27777777777778,4.35714285714286,4.75,5.2,3.2,4.833333333,4.5,5.2,4.833333333,4.2,90,,9,13,1.3,10,0,,0,0,0,166.016666666667,16.6016666666667,0,33.3333333333333,10,10,0,0,0,1,2,0,7,2,1,7.31833333333333,1,9,0,0,1,0,1,1,1,1,1,1,1,1,1,2,3,1,2,3,1,2,3,1,0,0,0,0,0,0,0,0,0,0,Easy,Easy,Easy,Easy,Easy,Easy,Easy,Easy,Easy,Very Easy,26.9833333333333,45,26.0833333333333,6.75,18.9333333333333,5.3,10.9166666666667,11.45,6.63333333333333,7.96666666666667,1,1,1,1,1,1,1,1,1,1,19.4166666666667,26.6,15.85,1.63333333333333,1.36666666666667,1.51666666666667,1.46666666666667,0.966666666666667,3.15,1.21666666666667,1,0,1,1,1,1,1,1,1,1,0,0,0,Same,Same,Easier,0,0,0,0,0,0,0,0,0,0,0,,0
Industri_384,Remote,Laki-laki,30,S1/D4,Jawa,Pekerja,Staf,5,Staf,Jarang (3-4 kali dalam sebulan),1,0,0,0,0,0,1,,4.9,4.66666666666667,4.64285714285714,4.5,4.9,3.6,4.666666667,5.5,4.6,4.166666667,4.8,100,3,13,49.5,3.80769230769231,80,0,,0,0,0,155.2,15.52,0,0,2,2,0,0,3,0,3,0,2,0,0,5.7,0,10,0,0,1,1,1,1,1,1,1,1,1,1,1,2,3,1,2,3,1,2,3,1,0,0,0,0,0,0,0,0,0,0,Easy,Easy,Easy,Easy,Easy,Easy,Easy,Easy,Easy,Easy,31.4166666666667,37.6666666666667,10.5166666666667,13.7166666666667,16.8166666666667,5.26666666666667,11.0333333333333,12.8333333333333,5.03333333333333,10.9,1,0,1,0,0,0,0,0,0,0,6.38333333333333,,5.01666666666667,,,,,,,,1,2,1,3,2,3,3,3,3,3,0,0,0,Same,Same,Same,1,1,0,0,1,0,0,0,0,0,39.1166666666667,13.0388888888889,26.0777777777778
Industri_386,Remote,Perempuan,30,S1/D4,Jawa,Pekerja,Staff Project Control Department,8,Staf,Jarang (3-4 kali dalam sebulan),0,0,0,0,0,1,0,,5,4.72222222222222,4.92857142857143,4.75,5,2.6,5.666666667,5.333333333,4.4,4.833333333,5,70,4,11,35,2.5,100,26.1111111111111,,0,0,0,230.55,23.055,0,66.6666666666667,0,0,0,0,4,3,0,0,0,0,0,,7,3,0,0,0,1,0,1,0,1,1,1,1,1,1,2,3,1,2,3,1,2,3,1,0,0,0,0,0,0,0,0,0,0,Easy,Easy,Easy,Very Easy,Very Easy,Very Easy,Very Easy,Very Easy,Very Easy,Very Easy,45,22.7833333333333,45,9.13333333333333,45,5.01666666666667,8.35,36.2,6.66666666666667,7.4,0,0,0,0,0,0,0,0,0,0,,,,,,,,,,,0,2,0,3,0,3,3,2,3,3,0,0,0,Easier,Easier,Easier,1,1,0,0,1,0,0,1,0,0,61.9,15.475,41.2666666666667
Industri_387,Remote,Laki-laki,29,S1/D4,Jawa,Pekerja,Structure Engineer,5,Staf,Jarang (3-4 kali dalam sebulan),0,0,0,1,0,0,1,,5.3,4.5,4.64285714285714,4.0625,5.3,3.6,3.666666667,5.833333333,4.2,3.833333333,4.2,70,9,16,46,2.42105263157895,20,16.0444444444444,,0,0,3,220.9,22.09,0,33.3333333333333,8,6,2,0,9,1,0,66.6666666666667,2,3,0,17.3527777777778,3,6,1,0,0,0,0,1,1,1,1,1,1,1,1,2,3,1,2,3,1,2,3,1,1,1,1,0,0,0,0,0,0,0,Easy,Easy,Easy,Very Easy,Very Easy,Very Easy,Easy,Easy,Easy,Normal,18.9666666666667,61.95,26.4,7.38333333333333,21.35,9.05,18.1166666666667,29.0833333333333,5.96666666666667,22.6333333333333,0,1,0,0,1,1,1,1,0,1,,56.9666666666667,,,5.56666666666667,3.1,11.6333333333333,12.1666666666667,,14.6833333333333,0,0,0,3,1,1,1,1,3,1,0,0,0,Easier,Harder,Harder,2,1,0,0,2,0,1,1,0,2,89.2,9.91111111111111,59.4666666666667
Industri_388,Remote,Laki-laki,30,S1/D4,Jawa,Pekerja,Kepala Seksi Teknik dan Mutu,7,Supervisor,Selalu (Setiap Hari),1,0,0,0,0,0,1,,5.1,5.27777777777778,5.28571428571429,5.125,5.1,4.4,5.666666667,5.666666667,5,5.333333333,5,90,4,13,64,4.57142857142857,100,4.65555555555556,,0,0,0,189.516666666667,18.9516666666667,20,33.3333333333333,2,2,0,0,4,0,1,66.6666666666667,0,0,1,28.7333333333333,0,6,3,1,0,1,1,1,1,1,1,1,1,1,1,2,3,1,2,3,1,2,3,1,0,0,0,0,0,0,0,0,0,0,Easy,Easy,Easy,Easy,Easy,Easy,Normal,Normal,Normal,Hard,45,15.2833333333333,7.23333333333333,11.85,11.75,3.33333333333333,9.03333333333333,17.5166666666667,33.8333333333333,34.6833333333333,0,0,0,0,0,0,0,0,1,1,,,,,,,,,30.8833333333333,26.5833333333333,0,2,3,3,3,3,3,2,1,1,0,0,0,Same,Harder,Harder,1,1,0,0,0,0,0,1,0,1,45.0333333333333,11.2583333333333,30.0222222222222
Industri_389,Remote,Laki-laki,30,S1/D4,Luar Jawa,Pekerja,Komersial Proyek,6,Supervisor,Selalu (Setiap Hari),1,1,0,0,0,0,2,,5.1,5.27777777777778,5.35714285714286,4.5,5.1,4.2,5.666666667,5.666666667,5,4.5,4,100,5,15,58.5,3.9,70,0,,0,0,0,221.816666666667,22.1816666666667,10,0,4,4,0,0,5,0,2,33.3333333333333,0,3,0,20.0166666666667,0,6,4,0,1,1,1,1,1,1,1,1,1,1,1,2,3,1,2,3,1,2,3,1,0,0,0,0,0,0,0,0,0,0,Easy,Easy,Easy,Easy,Easy,Easy,Normal,Normal,Normal,Normal,41.5666666666667,27.7833333333333,22.1333333333333,6.36666666666667,13.2666666666667,3.56666666666667,26.8166666666667,39.35,18.3166666666667,22.65,1,0,1,0,0,0,0,1,1,0,33.55,,15.05,,,,,19.0166666666667,12.45,,1,2,1,3,3,3,2,1,1,2,0,0,0,Same,Harder,Same,1,1,0,0,0,0,1,1,0,1,49.25,9.85,32.8333333333333
Industri_390,Remote,Laki-laki,27,S1/D4,Jawa,Pekerja,Kepala Seksi Komersial & Enjiniring,5,Supervisor,Jarang (3-4 kali dalam sebulan),0,0,0,1,0,0,1,,3.7,3.66666666666667,3.71428571428571,3.75,3.7,3.2,3.833333333,3.833333333,3.8,3.833333333,3.6,90,2,11,76,6.33333333333333,100,0,,0,0,0,147.283333333333,14.7283333333333,10,33.3333333333333,2,2,0,0,2,0,1,66.6666666666667,0,0,2,24.1916666666667,0,3,3,4,1,1,1,1,1,1,1,1,0,1,1,2,3,1,2,3,1,2,3,1,0,0,0,0,0,0,0,0,0,0,Easy,Easy,Easy,Normal,Normal,Normal,Hard,Hard,Hard,Hard,5.26666666666667,9.4,4,8.8,10.9833333333333,14.0666666666667,12.0666666666667,30.8666666666667,45,6.83333333333333,0,0,0,0,0,0,0,1,1,0,,,,,,,,25.3166666666667,23.0666666666667,,3,3,3,3,3,3,3,1,0,3,0,0,0,Harder,Harder,Same,1,0,0,0,0,0,0,1,0,0,11.2666666666667,5.63333333333333,7.51111111111111
Industri_391,Remote,Laki-laki,25,S1/D4,Jawa,Pekerja,Civil Engineer,4,Staf,Sering (3-4 kali dalam seminggu),0,0,0,1,0,0,1,,4.8,4.16666666666667,4.21428571428571,4.0625,4.8,3.4,4,4.833333333,4.2,4.166666667,3.8,70,6,13,34.5,2.15625,60,18.1333333333333,,0,0,2,213.716666666667,21.3716666666667,10,33.3333333333333,4,3,1,0,6,2,1,0,1,0,1,18.1166666666667,7,3,0,0,0,0,0,1,1,1,1,1,1,1,1,2,3,1,2,3,1,2,3,1,0,1,1,0,0,0,0,0,0,0,Easy,Easy,Easy,Very Easy,Very Easy,Very Easy,Very Easy,Very Easy,Very Easy,Very Easy,45,13.1666666666667,22.65,45.5333333333333,36.5166666666667,8.73333333333333,9.53333333333333,20.0666666666667,5.46666666666667,7.05,1,0,0,1,0,0,1,0,0,0,20.3666666666667,,,31.45,,,2.53333333333333,,,,0,0,0,1,2,3,1,2,3,3,0,0,0,Easier,Easier,Same,2,1,0,1,0,0,1,1,0,0,66.5,11.0833333333333,44.3333333333333
Industri_392,Remote,Laki-laki,30,S1/D4,Jawa,Pekerja,Production & Maintenance Section Staff,7,Staf,Jarang (3-4 kali dalam sebulan),1,0,0,0,0,0,1,,5.5,5.22222222222222,5.14285714285714,4.375,5.5,5.4,5.166666667,5.166666667,5,4.5,3.6,70,3,10,31,2.06666666666667,70,66.3,,0,0,1,219.516666666667,21.9516666666667,0,66.6666666666667,4,4,0,0,5,1,1,33.3333333333333,2,0,1,17.7916666666667,6,4,0,0,0,0,1,1,0,1,1,1,1,1,1,2,3,1,2,3,1,2,3,1,1,0,0,0,0,0,0,0,0,0,Easy,Easy,Easy,Very Easy,Very Easy,Very Easy,Very Easy,Very Easy,Very Easy,Easy,39.3166666666667,50.6833333333333,18,14.2666666666667,45,6.96666666666667,8.83333333333333,16.6,5.48333333333333,14.3666666666667,0,1,1,0,1,0,0,0,0,1,,31.7166666666667,8.35,,24.7,,,,,6.4,0,0,1,3,0,3,3,2,3,1,0,0,0,Easier,Same,Harder,1,1,0,0,1,0,0,1,0,1,120.983333333333,24.1966666666667,80.6555555555556
Industri_394,Remote,Laki-laki,30,S1/D4,Jawa,Pekerja,STAF,7,Staf,Selalu (Setiap Hari),1,0,0,0,0,0,1,5,4,4.38888888888889,4.5,3.25,4,3.6,4.333333333,5,4.2,3,2.6,90,7,16,54,3.17647058823529,30,9.04444444444444,,0,0,1,179.966666666667,17.9966666666667,0,33.3333333333333,7,6,1,0,7,1,1,33.3333333333333,5,1,0,4.36111111111111,0,7,3,0,1,0,1,1,1,1,1,1,1,1,1,2,3,1,2,3,1,2,3,1,0,1,0,0,0,0,0,0,0,0,Easy,Easy,Easy,Easy,Easy,Easy,Normal,Normal,Normal,Easy,35.45,41.7,6.66666666666667,10.0666666666667,20.25,4.7,11.8,20.95,18.7333333333333,9.65,0,0,0,1,1,0,1,1,1,1,,,,1.63333333333333,3.81666666666667,,1.6,1.9,13.4333333333333,3.78333333333333,2,0,3,1,1,3,1,1,1,1,0,0,0,Same,Harder,Easier,0,1,0,2,1,0,1,1,0,1,70.1166666666667,10.0166666666667,46.7444444444444
Industri_395,Remote,Laki-laki,29,S1/D4,Luar Jawa,Pekerja,Power Plant Engineer,7,Supervisor,Selalu (Setiap Hari),1,0,0,1,0,0,2,,5.5,4.55555555555556,4.85714285714286,4.5,5.5,3.8,4.666666667,5,5.6,4.5,3.4,50,3,8,26,1.625,50,84.6111111111111,,0,0,3,268.55,26.855,20,33.3333333333333,11,8,3,66.6666666666667,6,0,1,66.6666666666667,4,0,2,20.1166666666667,0,3,6,1,1,0,1,0,0,0,1,0,1,1,1,2,3,1,2,3,1,2,3,1,0,0,0,1,1,1,0,0,0,0,Easy,Easy,Easy,Normal,Normal,Normal,Normal,Normal,Normal,Hard,32.5333333333333,45,15.6666666666667,12.95,15.1333333333333,27.3333333333333,21.4833333333333,45,17.9666666666667,35.4833333333333,1,1,1,0,1,1,0,1,1,1,23.6666666666667,39.25,8.33333333333333,,6.05,7.75,,39.3166666666667,9.51666666666667,27.05,1,0,1,0,0,0,3,0,1,1,0,0,0,Harder,Same,Harder,0,2,0,1,2,0,0,1,0,0,126.916666666667,21.1527777777778,84.6111111111111
Industri_396,Remote,Perempuan,28,S1/D4,Jawa,Pekerja,Staff Quantity Survey,4,Staf,Sering (3-4 kali dalam seminggu),0,0,1,0,1,0,2,,5.4,5.27777777777778,5.64285714285714,5.1875,5.4,5,5.666666667,5,5.4,5.833333333,4.2,90,5,14,49.5,3.3,80,4.53333333333333,,0,0,0,214.666666666667,21.4666666666667,0,33.3333333333333,3,3,0,0,5,1,0,66.6666666666667,1,1,0,15.6722222222222,3,6,1,0,0,1,1,1,1,1,1,1,1,1,1,2,3,1,2,3,1,2,3,1,0,0,0,0,0,0,0,0,0,0,Easy,Easy,Easy,Very Easy,Very Easy,Very Easy,Easy,Easy,Easy,Normal,45,42.45,9.25,12.6333333333333,40.5166666666667,9.98333333333333,9.43333333333333,15.05,11.05,19.3,1,1,1,0,0,0,0,0,0,0,30.1,13.3833333333333,3.53333333333333,,,,,,,,0,1,1,3,2,3,3,2,3,2,0,0,0,Easier,Harder,Harder,1,1,0,0,1,0,0,1,0,1,52.9166666666667,10.5833333333333,35.2777777777778
Industri_397,Remote,Laki-laki,28,D1/D2/D3,Jawa,Pekerja,Pelaksana,2,Staf,Jarang (3-4 kali dalam sebulan),0,0,0,1,1,0,2,5,5.3,4.61111111111111,4.5,5,5.3,3,4.666666667,5.666666667,5.2,5.166666667,4.6,80,3,11,42,2.8,70,60.4777777777778,,0,0,0,227.05,22.705,0,33.3333333333333,3,3,0,0,5,0,2,33.3333333333333,2,1,0,9.77222222222222,0,6,4,0,1,1,1,1,1,1,0,0,1,1,1,2,3,1,2,3,1,2,3,1,0,0,0,0,0,0,0,0,0,0,Easy,Easy,Easy,Easy,Easy,Easy,Normal,Normal,Normal,Normal,29.25,33.2666666666667,12.1166666666667,9.33333333333333,11.8833333333333,3.98333333333333,45,45,15.1833333333333,22.0333333333333,1,1,0,0,0,0,0,0,1,0,6.48333333333333,14.55,,,,,,,8.28333333333333,,1,1,3,3,3,3,0,0,1,2,0,0,0,Same,Harder,Same,1,1,0,0,0,0,1,2,0,0,118.133333333333,23.6266666666667,78.7555555555556
Industri_398,Remote,Laki-laki,27,D1/D2/D3,Jawa,Pekerja,Satuan Kerja Jalan Rel,4,Staf,Sering (3-4 kali dalam seminggu),0,0,0,1,0,0,1,4.5,4.7,3.61111111111111,3.5,4.125,4.7,2.8,4,4,4,4.166666667,4.2,90,3,12,53.5,4.11538461538462,100,5.41111111111111,,0,0,0,215.333333333333,21.5333333333333,20,33.3333333333333,2,2,0,0,3,0,2,33.3333333333333,0,0,2,23.075,0,3,7,0,1,1,1,1,1,1,0,1,1,1,1,2,3,1,2,3,1,2,3,1,0,0,0,0,0,0,0,0,0,0,Easy,Easy,Easy,Normal,Normal,Normal,Normal,Normal,Normal,Normal,25.1666666666667,29.9666666666667,12.5333333333333,8.78333333333333,12.7333333333333,29.7833333333333,45,13.9333333333333,27.5333333333333,9.9,0,0,0,0,0,1,0,0,1,0,,,,,,23.45,,,22.7,,2,2,3,3,3,1,0,3,1,3,0,0,0,Harder,Same,Same,1,1,0,0,0,0,1,0,0,0,23.6666666666667,7.88888888888889,15.7777777777778
Industri_399,Remote,Laki-laki,26,D1/D2/D3,Jawa,Pekerja,Satker,3,Staf,Tidak Pernah,1,0,0,0,0,0,1,5.5,5.4,5.72222222222222,5.64285714285714,5.8125,5.4,5.6,6,5.666666667,5.6,5.833333333,6,100,7,17,66.5,3.69444444444445,60,0,,0,0,0,226.25,22.625,20,0,7,6,1,0,8,1,1,33.3333333333333,1,2,2,20.1833333333333,0,4,6,0,1,1,1,1,1,1,1,1,1,1,1,2,3,1,2,3,1,2,3,1,0,0,0,0,0,0,0,0,0,0,Easy,Easy,Easy,Normal,Normal,Normal,Normal,Normal,Normal,Easy,28.5833333333333,27.1666666666667,11.3333333333333,30,43.4,10.5666666666667,27.8666666666667,15.2166666666667,24.05,8.06666666666667,1,0,0,1,1,1,1,0,1,0,25.1833333333333,,,21.3666666666667,30.6166666666667,5.95,18.7666666666667,,19.2166666666667,,1,2,3,1,1,1,1,2,1,3,0,0,0,Harder,Same,Easier,2,1,0,1,1,0,1,1,0,1,76.85,9.60625,51.2333333333333
Industri_400,Remote,Laki-laki,25,D1/D2/D3,Luar Jawa,Pekerja,masinis pertama,4,Staf,Jarang (3-4 kali dalam sebulan),1,0,1,1,1,0,4,6,5.8,5.44444444444445,6,4.8125,5.8,5,5.166666667,6,5.4,3.833333333,5.4,80,7,15,53,3.11764705882353,100,26.4444444444445,,0,6,0,244.75,24.475,0,33.3333333333333,1,0,1,0,7,1,1,33.3333333333333,0,0,0,,3,7,0,0,1,0,1,1,1,1,1,1,1,0,1,2,3,1,2,3,1,2,3,1,0,0,0,0,0,0,0,0,0,0,Easy,Easy,Easy,Easy,Easy,Easy,Very Easy,Very Easy,Very Easy,Easy,31.8166666666667,45,12.55,25.5666666666667,27.0833333333333,4.36666666666667,5.76666666666667,42.7333333333333,4.86666666666667,45,0,0,0,0,0,0,0,0,0,0,,,,,,,,,,,2,0,3,2,2,3,3,2,3,0,0,0,0,Same,Easier,Harder,1,1,0,1,1,0,0,1,0,2,98.4,14.0571428571429,65.6
Industri_401,Remote,Laki-laki,25,D1/D2/D3,Jawa,Pekerja,Satuan Kerja,3,Staf,Selalu (Setiap Hari),1,0,0,0,0,0,1,4.5,4.8,4.38888888888889,4.57142857142857,4,4.8,3.8,3.666666667,5.333333333,4.4,3.5,4.2,90,4,13,56.5,4.03571428571429,100,3.75555555555556,,0,0,0,147.116666666667,14.7116666666667,0,33.3333333333333,1,1,0,0,4,0,2,33.3333333333333,0,0,0,40.6666666666667,0,9,1,0,0,1,1,1,1,1,1,1,1,1,1,2,3,1,2,3,1,2,3,1,0,0,0,0,0,0,0,0,0,0,Easy,Easy,Easy,Easy,Easy,Easy,Easy,Easy,Easy,Normal,45,21.7333333333333,4.8,17.6,10.7166666666667,8.83333333333333,5.78333333333333,9.78333333333333,4.43333333333333,18.4333333333333,1,0,0,0,0,0,0,0,0,0,40.6666666666667,,,,,,,,,,0,2,3,2,3,3,3,3,3,2,0,0,0,Same,Same,Harder,1,1,0,1,0,0,0,0,0,1,26.2166666666667,6.55416666666667,17.4777777777778
Industri_402,Remote,Laki-laki,30,S1/D4,Luar Jawa,Pekerja,JUNIOR EXPERT ENGINEERING,6,Supervisor,Jarang (3-4 kali dalam sebulan),0,0,1,1,1,0,3,,6,6,6,5.875,6,6,6,6,6,6,5.6,100,4,14,64,4.57142857142857,70,0,,0,0,0,127.833333333333,12.7833333333333,0,0,4,3,1,0,4,0,1,66.6666666666667,1,2,0,10.8555555555556,0,6,3,1,1,1,1,1,1,1,1,1,1,1,1,2,3,1,2,3,1,2,3,1,0,0,0,0,0,0,0,0,0,0,Easy,Easy,Easy,Easy,Easy,Easy,Normal,Normal,Normal,Hard,6.6,12.9,3.7,9.6,15.7333333333333,3.01666666666667,20.15,12.9833333333333,24.6833333333333,18.4666666666667,0,0,0,0,0,0,1,0,1,1,,,,,,,10.6666666666667,,14.25,7.65,3,3,3,3,2,3,1,3,1,1,0,0,0,Same,Harder,Harder,0,0,0,0,1,0,2,0,0,1,39.4333333333333,9.85833333333333,26.2888888888889
Industri_403,Remote,Laki-laki,30,S1/D4,Jawa,Pekerja,Asisten Kepala Seksi Teknik dan Mutu,6,Staf,Jarang (3-4 kali dalam sebulan),0,0,0,0,0,1,0,,5.3,4.77777777777778,5.07142857142857,4.4375,5.3,4.8,3.833333333,5.5,4.8,3.833333333,4.8,90,7,16,64,3.76470588235294,60,5.77777777777778,,0,0,0,228.116666666667,22.8116666666667,20,33.3333333333333,6,6,0,0,7,0,1,66.6666666666667,2,2,2,15.95,0,6,3,1,0,1,1,1,1,1,1,1,1,1,1,2,3,1,2,3,1,2,3,1,0,0,0,0,0,0,0,0,0,0,Easy,Easy,Easy,Easy,Easy,Easy,Normal,Normal,Normal,Hard,45,18.4833333333333,31.85,10.1666666666667,13.0833333333333,3.98333333333333,19.95,36.2,14.1833333333333,35.2166666666667,0,0,1,1,0,0,1,1,1,1,,,26.05,3.11666666666667,,,12,16.65,9.95,27.9333333333333,0,2,1,1,3,3,1,1,1,1,0,0,0,Same,Harder,Harder,1,2,0,1,0,0,1,1,0,1,65.55,9.36428571428571,43.7
Industri_405,Remote,Perempuan,29,S1/D4,Jawa,Pekerja,Staf,4,Staf,Jarang (3-4 kali dalam sebulan),1,0,0,0,1,0,2,,4.2,3.72222222222222,3.57142857142857,3.5625,4.2,3.4,4.166666667,3.666666667,3.4,3.5,3.8,100,3,13,43,3.30769230769231,90,0,,0,0,0,154.966666666667,15.4966666666667,20,0,3,3,0,0,3,1,1,33.3333333333333,0,1,2,21,3,7,0,0,1,1,1,1,1,1,1,1,1,1,1,2,3,1,2,3,1,2,3,1,0,0,0,0,0,0,0,0,0,0,Easy,Easy,Easy,Easy,Easy,Easy,Very Easy,Very Easy,Very Easy,Easy,26.6333333333333,28.9166666666667,31.7,6.4,10.1833333333333,3,7.81666666666667,22.65,4.31666666666667,13.35,1,0,1,0,0,0,0,1,0,0,23.4,,27.2166666666667,,,,,12.3833333333333,,,1,2,1,3,3,3,3,1,3,3,0,0,0,Same,Easier,Harder,1,1,0,0,0,0,0,1,0,0,27.1166666666667,9.03888888888889,18.0777777777778
Industri_406,Remote,Perempuan,28,S1/D4,Jawa,Pekerja,Staff HSE,6,Staf,Tidak Pernah,0,0,0,0,0,1,0,,4.3,4.27777777777778,4.42857142857143,4,4.3,4,4.166666667,4.5,4.8,3.666666667,3.6,80,9,17,88.5,4.65789473684211,70,25.6888888888889,,0,4,0,222.65,22.265,0,0,6,4,2,33.3333333333333,9,0,1,66.6666666666667,0,3,1,15.1958333333333,0,3,6,1,1,0,1,1,1,1,1,1,1,0,1,2,3,1,2,3,1,2,3,1,0,0,0,0,0,0,0,0,0,0,Easy,Easy,Easy,Normal,Normal,Normal,Normal,Normal,Normal,Hard,12.35,45,22.4166666666667,19.9333333333333,28.1666666666667,20.5166666666667,9.53333333333333,14.8833333333333,4.85,45,0,0,1,0,1,1,0,0,0,1,,,13.1,,11.7166666666667,10.0833333333333,,,,25.8833333333333,3,0,1,2,1,1,3,3,3,0,0,0,0,Harder,Same,Harder,0,1,0,1,1,0,0,0,0,6,96.0666666666667,10.6740740740741,64.0444444444444
Industri_407,Remote,Laki-laki,30,S1/D4,Jawa,Pekerja,STAFF,7,Staf,Jarang (3-4 kali dalam sebulan),1,0,0,0,0,0,1,,4.9,5.11111111111111,5,5.125,4.9,5,5,5.166666667,5.2,5.333333333,4.8,90,,9,38,3.8,100,0,,0,0,0,188.366666666667,18.8366666666667,0,0,0,0,0,0,0,0,1,66.6666666666667,0,0,0,,0,6,3,1,1,1,1,1,1,1,1,1,1,0,1,2,3,1,2,3,1,2,3,1,0,0,0,0,0,0,0,0,0,0,Easy,Easy,Easy,Easy,Easy,Easy,Normal,Normal,Normal,Hard,20.5333333333333,21.2833333333333,9.18333333333333,9.1,9.85,4.75,22.7333333333333,14.5166666666667,31.4166666666667,45,0,0,0,0,0,0,0,0,0,0,,,,,,,,,,,2,2,3,3,3,3,2,3,2,0,0,0,0,Same,Harder,Harder,0,0,0,0,0,0,0,0,0,0,0,,0
Industri_408,Remote,Laki-laki,29,S1/D4,Jawa,Pekerja,Staf Transaksi,5,Staf,Sering (3-4 kali dalam seminggu),1,1,1,1,0,0,4,,5,4.88888888888889,4.85714285714286,4.1875,5,4.2,5.333333333,5.166666667,4.6,4,4,80,7,15,64.5,3.79411764705882,50,5.78888888888889,,0,0,0,286.8,28.68,0,33.3333333333333,8,7,1,0,7,1,0,66.6666666666667,1,4,0,21.4761904761905,0,3,4,3,1,1,1,1,1,1,1,0,0,1,1,2,3,1,2,3,1,2,3,1,0,0,0,0,0,0,0,0,0,0,Easy,Easy,Easy,Normal,Normal,Normal,Hard,Hard,Hard,Normal,21.9833333333333,26.95,21.1166666666667,20.0666666666667,27.95,25.3166666666667,27.5,45,45,25.9166666666667,0,0,1,0,1,1,1,1,1,1,,,9.93333333333333,,14.6666666666667,18.5833333333333,17.8166666666667,34.7333333333333,36.3666666666667,18.2333333333333,2,2,1,2,1,1,1,0,0,1,0,0,0,Harder,Harder,Easier,1,1,0,1,1,0,1,1,0,1,64.1666666666667,9.16666666666667,42.7777777777778
Industri_409,Remote,Laki-laki,30,S2,Jawa,Pekerja,Junior Expert,5,Supervisor,Sering (3-4 kali dalam seminggu),0,0,1,0,0,0,1,,5.6,5.61111111111111,5.64285714285714,4.5,5.6,5.6,5.5,5.666666667,5.4,4.166666667,4,90,7,16,56,3.29411764705882,60,7.94444444444445,,0,0,0,208.333333333333,20.8333333333333,10,33.3333333333333,6,5,1,0,7,1,1,33.3333333333333,4,0,1,9.20333333333333,0,7,3,0,1,0,1,1,1,1,1,1,1,1,1,2,3,1,2,3,1,2,3,1,0,0,0,0,0,0,0,0,0,0,Easy,Easy,Easy,Easy,Easy,Easy,Normal,Normal,Normal,Easy,14.5333333333333,45,10.5,14.6333333333333,34.4166666666667,4.81666666666667,11.8666666666667,43.4,17.1666666666667,12,0,0,0,1,0,0,1,1,1,1,,,,5.35,,,4.16666666666667,25.2333333333333,6.96666666666667,4.3,3,0,3,1,2,3,1,1,1,1,0,0,0,Same,Harder,Easier,0,1,0,1,1,0,1,2,0,1,89.9666666666667,12.852380952381,59.9777777777778
Industri_410,Remote,Laki-laki,30,S1/D4,Jawa,Pekerja,Junior expert project control,6,Staf,Sering (3-4 kali dalam seminggu),0,0,0,1,0,0,1,,5.3,5.27777777777778,5.42857142857143,5.0625,5.3,4.2,5.5,5.833333333,5.6,4.666666667,5,100,,10,33.5,3.35,90,0,,0,0,0,202.983333333333,20.2983333333333,20,0,3,3,0,0,0,1,1,33.3333333333333,0,1,2,21.6777777777778,0,7,3,0,1,1,1,1,1,1,1,1,1,1,1,2,3,1,2,3,1,2,3,1,0,0,0,0,0,0,0,0,0,0,Easy,Easy,Easy,Easy,Easy,Easy,Normal,Normal,Normal,Easy,12.4833333333333,27.3333333333333,32.4333333333333,8.88333333333333,15.7666666666667,4.61666666666667,28.0333333333333,43.5,21.5833333333333,8.35,0,0,1,0,0,0,0,1,1,0,,,26.35,,,,,27.3666666666667,11.3166666666667,,3,2,1,3,2,3,2,1,1,3,0,0,0,Same,Harder,Easier,0,0,0,0,0,0,0,0,0,0,0,,0
Industri_411,Remote,Laki-laki,28,S1/D4,Jawa,Pekerja,IT Network Infrastructure & Support,9,Staf,Jarang (3-4 kali dalam sebulan),1,0,0,0,1,0,2,,6,5.38888888888889,5.57142857142857,4.375,6,3.8,6,6,6,3.5,3.8,80,6,14,59.5,3.71875,80,14.6444444444444,,0,0,0,301.2,30.12,30,33.3333333333333,6,6,0,33.3333333333333,6,0,1,66.6666666666667,1,1,3,21.8611111111111,0,6,3,1,1,1,0,1,1,1,1,0,1,1,1,2,3,1,2,3,1,2,3,1,0,0,0,0,0,0,0,0,0,0,Easy,Easy,Easy,Easy,Easy,Easy,Normal,Normal,Normal,Hard,36.7666666666667,27.15,45,31.9333333333333,14.7333333333333,12.5333333333333,21.45,45,26.35,40.2833333333333,1,0,0,1,0,1,0,1,1,1,31.6333333333333,,,24.2833333333333,,7.1,,26.8,13.3833333333333,27.9666666666667,1,2,0,1,3,1,2,0,1,1,0,0,0,Same,Harder,Harder,1,1,0,1,0,0,1,1,0,1,63.2666666666667,10.5444444444444,42.1777777777778
Industri_412,Remote,Laki-laki,30,SMA,Jawa,Pekerja,Engineering,11,Staf,Sering (3-4 kali dalam seminggu),1,1,1,0,1,0,4,,5.8,4.5,4.71428571428571,4.6875,5.8,4.4,2.833333333,6,5.4,3.833333333,5,80,4,12,49.5,3.53571428571429,100,13.0666666666667,,0,0,0,190.166666666667,19.0166666666667,0,66.6666666666667,0,0,0,0,4,0,3,0,0,0,0,,0,10,0,0,0,1,1,0,1,1,1,1,1,1,1,2,3,1,2,3,1,2,3,1,0,0,0,0,0,0,0,0,0,0,Easy,Easy,Easy,Easy,Easy,Easy,Easy,Easy,Easy,Easy,45,25.6,24.3666666666667,45,17.0333333333333,3.9,9.1,9.55,5.23333333333333,5.38333333333333,0,0,0,0,0,0,0,0,0,0,,,,,,,,,,,0,2,2,0,2,3,3,3,3,3,0,0,0,Same,Same,Same,1,1,0,1,1,0,0,0,0,0,42.6,10.65,28.4
Industri_413,Remote,Laki-laki,30,S1/D4,Jawa,Pekerja,Staf Project Control and Planning,7,Staf,Jarang (3-4 kali dalam sebulan),1,0,0,1,0,0,2,,4.8,4.44444444444445,4.5,4.375,4.8,4,4.333333333,4.833333333,5,4,4.2,90,5,14,41.5,2.76666666666667,100,11.6888888888889,,0,0,0,156.266666666667,15.6266666666667,0,33.3333333333333,1,0,1,0,5,1,2,0,0,0,0,,7,3,0,0,0,1,1,1,1,1,1,1,1,1,1,2,3,1,2,3,1,2,3,1,0,0,0,0,0,0,0,0,0,0,Easy,Easy,Easy,Very Easy,Very Easy,Very Easy,Very Easy,Very Easy,Very Easy,Very Easy,45,23.5333333333333,23.5,7.08333333333333,16.9666666666667,4.8,9.08333333333333,15.6333333333333,4.55,6.11666666666667,0,0,0,0,0,0,0,0,0,0,,,,,,,,,,,0,2,2,3,2,3,3,2,3,3,0,0,0,Easier,Same,Same,2,1,0,0,1,0,0,1,0,0,60.9833333333333,12.1966666666667,40.6555555555556
Industri_414,Remote,Laki-laki,27,S1/D4,Jawa,Pekerja,Officer,7,Supervisor,Tidak Pernah,0,0,0,0,0,1,0,,4.3,3.77777777777778,3.92857142857143,3.875,4.3,3.2,4,4,3.6,3.5,4.6,100,1,11,49.5,4.5,100,0,,0,0,0,95.9333333333333,9.59333333333333,0,0,0,0,0,0,1,0,2,33.3333333333333,0,0,0,,0,9,1,0,1,1,1,1,1,1,1,1,1,1,1,2,3,1,2,3,1,2,3,1,0,0,0,0,0,0,0,0,0,0,Easy,Easy,Easy,Easy,Easy,Easy,Easy,Easy,Easy,Normal,11.2833333333333,26.5,4.65,6.3,11.6,9.05,5.21666666666667,9.75,3.4,8.18333333333333,0,0,0,0,0,0,0,0,0,0,,,,,,,,,,,3,2,3,3,3,3,3,3,3,3,0,0,0,Same,Same,Harder,0,1,0,0,0,0,0,0,0,0,14.5,14.5,9.66666666666667
Industri_416,Remote,Laki-laki,30,S1/D4,Jawa,Pekerja,Transforamtion Staff,1,Staf,Sering (3-4 kali dalam seminggu),1,0,0,0,0,0,1,,4.4,4.61111111111111,4.64285714285714,4.1875,4.4,4.4,4.5,4.833333333,4.4,3.833333333,4.4,80,5,13,58.5,3.9,80,15.0111111111111,,0,5,0,240.333333333333,24.0333333333333,20,33.3333333333333,5,5,0,0,5,0,1,66.6666666666667,1,1,1,23.2733333333333,0,6,3,1,1,0,1,1,1,1,1,1,1,0,1,2,3,1,2,3,1,2,3,1,0,0,0,0,0,0,0,0,0,0,Easy,Easy,Easy,Easy,Easy,Easy,Normal,Normal,Normal,Hard,40.8,45,8.2,11.0333333333333,11.7833333333333,3.56666666666667,35.4,25.1833333333333,14.3666666666667,45,1,0,0,0,0,0,1,1,1,1,30.3166666666667,,,,,,27.4166666666667,11.9666666666667,6.46666666666667,40.2,1,0,3,3,3,3,1,1,1,0,0,0,0,Same,Harder,Harder,1,1,0,0,0,0,1,1,0,1,50.3833333333333,10.0766666666667,33.5888888888889
Industri_417,Remote,Laki-laki,30,S1/D4,Jawa,Pekerja,STAF,7,Staf,Sering (3-4 kali dalam seminggu),1,1,0,0,0,0,2,,4.3,4.05555555555556,4.57142857142857,4.1875,4.3,1,6,4.333333333,3.8,4.666666667,4,100,2,12,37,3.08333333333333,80,0,,0,0,0,109.3,10.93,0,0,2,2,0,0,2,1,1,33.3333333333333,1,1,0,10.275,6,4,0,0,1,1,1,1,1,1,1,1,1,1,1,2,3,1,2,3,1,2,3,1,0,0,0,0,0,0,0,0,0,0,Easy,Easy,Easy,Very Easy,Very Easy,Very Easy,Very Easy,Very Easy,Very Easy,Easy,12.2166666666667,20.3,24.8166666666667,7.08333333333333,14.0333333333333,5.23333333333333,7.3,9.35,3.81666666666667,5.15,0,0,1,0,1,0,0,0,0,0,,,17.25,,3.3,,,,,,3,2,1,3,1,3,3,3,3,3,0,0,0,Easier,Same,Harder,0,1,0,0,1,0,0,0,0,0,21.05,10.525,14.0333333333333
ittckomsenin1a1,In-person,Perempuan,20,SMA,Jawa,Mahasiswa,-,0,N/A (Bukan Pekerja),Selalu (Setiap Hari),0,0,0,0,0,0,2,5.50,5.8,5.17,4.36,5.42,5.54,4.40,6.00,5.00,5.4,5.67,5.2,90,5,14,15,1.5,90,0,36.7,0,0,1,201.85,20.18,0,33.33,0,0,0,66.67,5,1,1,33.33,0,0,0,0,0,7,3,0,1,1,1,1,1,1,1,1,0,1,1,2,3,1,2,3,1,2,3,1,0,0,0,0,0,0,0,0,1,0,Easy,Easy,Easy,Easy,Easy,Easy,Normal,Normal,Normal,Easy,20.53,19.58,11.58,25.93,11.3,4.02,28.78,37.78,36.7,5.63,0,0,0,0,0,0,0,0,0,0,,,,,,,,,,,2,2,3,2,3,3,2,2,0,3,0,0,33.33,Same,Harder,Easier,1,1,0,1,0,0,1,1,0,0,55.17,11.034,36.78
ittckomsenin1a2,In-person,Perempuan,21,SMA,Jawa,Mahasiswa,-,0,N/A (Bukan Pekerja),Jarang (3-4 kali dalam sebulan),0,0,0,0,0,0,2,4.75,5,4.33,5.00,3.34,3.54,3.60,3.00,6.00,4.4,2.83,2.8,70,4,11,7.5,0.75,90,14.5,42.59,2,2,1,228.75,22.87,0,66.67,0,0,0,66.67,4,1,2,0,0,0,0,0,7,3,0,0,0,1,0,1,0,1,1,1,1,1,1,2,3,1,2,3,1,2,3,1,0,0,1,0,0,0,0,0,0,0,Easy,Easy,Easy,Very Easy,Very Easy,Very Easy,Very Easy,Very Easy,Very Easy,Very Easy,45,21.1,37.78,10.22,45,11.48,10.35,35.23,5.67,6.92,0,0,0,0,0,0,0,0,0,0,,,,,,,,,,,0,2,0,3,0,3,3,2,3,3,66.67,33.33,0,Easier,Same,Same,1,1,0,0,1,0,0,1,0,0,44.66,11.165,29.77333
ittckomsenin1a6,In-person,Perempuan,20,SMA,Jawa,Mahasiswa,-,0,N/A (Bukan Pekerja),Jarang (3-4 kali dalam sebulan),0,0,0,0,0,0,1,4.75,5.2,5,4.29,5.06,5.15,4.00,5.83,5.00,5.2,5.17,4.8,90,7,16,19.5,1.95,60,22.59,45,2,1,0,289.35,28.93,10,0,6,5,1,33.33,7,0,1,66.67,5,1,0,18.86,0,6,3,1,1,1,1,1,1,1,1,0,1,1,1,2,3,1,2,3,1,2,3,1,0,0,0,0,0,0,0,0,0,0,Easy,Easy,Easy,Easy,Easy,Easy,Normal,Normal,Normal,Hard,34.93,44.95,20.25,6.8,36.98,11.32,35.1,45,24.5,29.52,1,0,1,0,0,0,1,0,1,1,24.02,,15,,,,19.72,,19.1,16.45,1,2,1,3,2,3,1,0,1,1,0,0,33.33,Same,Harder,Harder,1,1,0,0,1,0,1,2,0,1,89.56,12.79429,59.70667
ittckomsenin1a7,In-person,Perempuan,21,S1/D4,Jawa,Mahasiswa,-,0,N/A (Bukan Pekerja),Tidak Pernah,0,0,0,0,0,0,1,5.75,5.7,5.11,5.57,5.53,5.77,4.60,5.17,5.43,5.6,6,5,100,3,13,16,1.6,80,0,0,0,0,0,153.93,15.39,10,0,3,3,0,33.33,3,0,2,33.33,3,1,1,20.27,0,9,1,0,1,1,1,1,1,1,1,1,1,1,1,2,3,1,2,3,1,2,3,1,0,0,0,0,0,0,0,0,0,0,Easy,Easy,Easy,Easy,Easy,Easy,Easy,Easy,Easy,Normal,38.6,16.33,19.73,10.45,12.82,5.07,7.87,10.75,10.83,21.48,1,0,1,0,0,0,0,0,0,1,31.17,,15.6,,,,,,,14.05,1,2,1,3,3,3,3,3,3,1,0,0,0,Same,Same,Harder,1,1,0,0,0,0,0,0,0,1,29.09,9.696667,19.39333
labittcsenin1b11,In-person,Perempuan,18,SMA,Jawa,Mahasiswa,-,0,N/A (Bukan Pekerja),Jarang (3-4 kali dalam sebulan),0,0,0,0,0,0,1,4.75,4.4,4.72,5.07,4.02,4.00,4.00,4.17,5.71,4.2,3.67,4.2,100,6,16,17.5,1.75,100,0,0,0,0,0,185.52,18.55,10,0,1,1,0,33.33,6,0,2,33.33,1,1,1,31.5,0,6,4,0,1,1,1,1,1,1,1,1,1,1,1,2,3,1,2,3,1,2,3,1,0,0,0,0,0,0,0,0,0,0,Easy,Easy,Easy,Easy,Easy,Easy,Normal,Normal,Normal,Normal,35.02,16.2,9.67,7.68,15.05,3.58,35.8,17.97,37.02,7.53,0,0,0,0,0,0,0,0,1,0,,,,,,,,,31.5,,2,2,3,3,2,3,2,2,1,3,0,0,0,Same,Harder,Same,1,1,0,1,1,0,1,1,0,0,52.18,8.696667,34.78667
labittcsenin1b12,In-person,Perempuan,18,SMA,Jawa,Mahasiswa,-,0,N/A (Bukan Pekerja),Jarang (3-4 kali dalam sebulan),0,0,0,0,0,0,2,3.50,3.8,2.78,4.93,3.71,3.62,2.00,2.33,3.71,3.6,3.33,4.2,100,5,15,16.5,1.65,40,0,0,0,0,0,193.62,19.36,0,0,6,6,0,33.33,5,1,1,33.33,3,0,0,9.49,0,7,3,0,1,1,1,1,1,1,1,1,1,1,1,2,3,1,2,3,1,2,3,1,0,0,0,0,0,0,0,0,0,0,Easy,Easy,Easy,Easy,Easy,Easy,Normal,Normal,Normal,Easy,32.47,38.22,18.02,9.87,14.5,5.17,13.12,38.23,16.82,7.22,1,0,1,1,0,0,1,1,1,0,7.5,,13.83,2.5,,,2.63,18.1,12.4,,1,2,1,1,3,3,1,1,1,3,0,0,0,Same,Harder,Easier,1,1,0,1,0,0,1,1,0,0,68.03,13.606,45.35333
labittcsenin1b13,In-person,Perempuan,23,S1/D4,Jawa,Pekerja,project officer intern,0,Staf,Jarang (3-4 kali dalam sebulan),0,0,0,0,0,0,2,4.00,4.5,4.39,2.93,3.59,3.62,4.00,4.00,5.00,4,3.17,3.6,90,5,14,20,2,50,4.06,45,1,1,0,178.48,17.85,0,33.33,6,6,0,100,5,0,1,66.67,2,1,0,11.84,0,6,3,1,0,1,1,1,1,1,1,1,1,1,1,2,3,1,2,3,1,2,3,1,0,0,0,0,0,0,0,0,0,0,Easy,Easy,Easy,Easy,Easy,Easy,Normal,Normal,Normal,Hard,45,23.2,12.48,5.88,11.85,4.58,14.9,17.53,15.7,27.35,1,1,1,0,0,0,1,0,1,1,24.32,3.78,7.52,,,,9.1,,8.72,17.62,0,1,1,3,3,3,1,2,1,1,33.33,0,0,Same,Harder,Harder,1,1,0,0,0,0,1,1,0,1,53,10.6,35.33333
labittcsenin1b14,In-person,Perempuan,24,S1/D4,Jawa,Pekerja,Asisten Dosen,1,Staf,Jarang (3-4 kali dalam sebulan),0,0,0,0,0,0,1,5.00,6,4.39,4.43,5.67,5.62,3.00,4.50,5.29,5,6,6,80,9,17,8,0.8,30,16.3,45,3,2,0,177.17,17.72,0,33.33,12,9,3,33.33,9,3,0,0,2,2,1,8.95,7,3,0,0,0,0,1,1,1,1,1,1,1,1,1,2,3,1,2,3,1,2,3,1,0,0,0,0,0,0,0,0,0,0,Easy,Easy,Easy,Very Easy,Very Easy,Very Easy,Very Easy,Very Easy,Very Easy,Very Easy,45,45,6.6,15.2,17.98,8.6,9.12,12.25,9.18,8.23,1,1,1,1,1,1,1,1,1,0,38.25,27.07,2.45,1.62,2.75,2.12,1.83,2.02,2.48,,0,0,1,1,1,1,1,1,1,3,66.67,0,0,Easier,Easier,Easier,2,1,0,1,2,0,1,2,0,0,93.06,10.34,62.04
labittcsenin1b15,In-person,Perempuan,27,S1/D4,Luar Jawa,Mahasiswa,-,5,Freelance,Selalu (Setiap Hari),0,0,0,0,0,0,2,5.25,5.1,4.44,3.93,5.42,5.31,3.00,6.00,4.14,4.8,5.67,5.8,80,4,12,15.5,1.55,90,15.11,45,2,2,0,239.08,23.91,10,0,4,4,0,33.33,4,0,1,66.67,4,3,2,28.32,0,6,3,1,1,1,1,1,1,1,1,0,1,0,1,2,3,1,2,3,1,2,3,1,0,0,0,0,0,0,0,0,0,0,Easy,Easy,Easy,Easy,Easy,Easy,Normal,Normal,Normal,Hard,23.3,30.52,29.07,8.57,14.9,4.68,14.17,45,23.88,45,0,0,1,0,0,0,0,1,1,1,,,25.02,,,,,35.77,19.08,33.43,2,2,1,3,3,3,3,0,1,0,0,0,33.33,Same,Harder,Harder,1,1,0,0,0,0,0,1,0,1,40.37,10.0925,26.91333
labittcsenin1b16,In-person,Laki-laki,19,SMA,Jawa,Mahasiswa,-,0,N/A (Bukan Pekerja),Selalu (Setiap Hari),0,0,0,0,0,0,3,4.50,4.2,3.78,4.29,3.84,3.69,3.00,3.67,4.43,4.2,3.33,4,100,4,14,11,1.1,70,0,0,0,0,0,97.87,9.79,0,0,3,3,0,0,4,2,1,0,0,0,0,5.47,7,3,0,0,1,1,1,1,1,1,1,1,1,1,1,2,3,1,2,3,1,2,3,1,0,0,0,0,0,0,0,0,0,0,Easy,Easy,Easy,Very Easy,Very Easy,Very Easy,Very Easy,Very Easy,Very Easy,Very Easy,11.88,23.9,7.03,4.55,16.27,4.9,4.85,16.28,3,5.2,1,1,0,0,1,0,0,0,0,0,5.32,2.7,,,8.4,,,,,,1,1,3,3,1,3,3,2,3,3,0,0,0,Easier,Same,Easier,1,1,0,0,1,0,0,1,0,0,29.82,7.455,19.88
labittcsenin1b17,In-person,Laki-laki,20,SMA,Jawa,Mahasiswa,-,0,N/A (Bukan Pekerja),Selalu (Setiap Hari),0,0,0,0,0,0,2,5.25,5.2,5.28,4.00,4.71,4.69,4.60,5.17,5.86,5,4.33,4.8,100,4,14,15,1.5,50,0,0,0,0,0,115.75,11.57,0,0,5,5,0,0,4,0,3,0,0,0,0,4.14,0,10,0,0,1,1,1,1,1,1,1,1,1,1,1,2,3,1,2,3,1,2,3,1,0,0,0,0,0,0,0,0,0,0,Easy,Easy,Easy,Easy,Easy,Easy,Easy,Easy,Easy,Easy,24.63,17.92,8.05,8.62,13.65,10.97,8.65,13.05,4.58,5.63,1,0,1,1,0,1,1,0,0,0,4.15,,3.28,2.32,,8.3,2.67,,,,1,2,1,1,3,1,1,3,3,3,0,0,0,Same,Same,Same,1,1,0,1,0,0,1,0,0,0,30.77,7.6925,20.51333
labittcsenin1b19,In-person,Laki-laki,23,SMA,Jawa,Mahasiswa,-,0,N/A (Bukan Pekerja),Selalu (Setiap Hari),0,0,0,0,0,0,2,5.75,5.9,4.11,5.29,5.30,5.23,2.00,5.33,4.57,5.6,5.5,4.8,100,6,16,21.5,2.15,60,0,0,0,0,0,176.33,17.63,10,0,5,5,0,66.67,6,0,1,66.67,3,1,0,12.82,0,6,3,1,1,1,1,1,1,1,1,1,1,1,1,2,3,1,2,3,1,2,3,1,0,0,0,0,0,0,0,0,0,0,Easy,Easy,Easy,Easy,Easy,Easy,Normal,Normal,Normal,Hard,35.22,22.1,6.28,14.85,16.35,6.92,10.08,22.75,21.22,20.57,1,0,0,1,0,0,0,1,1,1,25.02,,,8.22,,,,5.18,14.32,11.35,1,2,3,1,2,3,3,1,1,1,0,0,0,Same,Harder,Harder,1,1,0,1,1,0,0,1,0,1,50.68,8.446667,33.78667
labittcsenin1b2,In-person,Perempuan,20,SMA,Jawa,Mahasiswa,-,0,N/A (Bukan Pekerja),Jarang (3-4 kali dalam sebulan),0,0,0,0,0,0,1,4.50,4.9,4,4.07,4.39,4.38,3.20,4.17,4.43,4.4,4.17,4.6,100,4,14,17.5,1.75,80,0,0,0,0,0,202.53,20.25,20,0,4,4,0,33.33,4,0,2,33.33,3,2,0,17.88,0,6,4,0,1,1,1,1,1,1,1,1,1,1,1,2,3,1,2,3,1,2,3,1,0,0,0,0,0,0,0,0,0,0,Easy,Easy,Easy,Easy,Easy,Easy,Normal,Normal,Normal,Normal,33.6,39.75,17.42,5.93,31.28,5.25,8.97,32.82,14.6,12.92,1,0,1,0,0,0,0,1,1,0,25.35,,12.77,,,,,24.47,8.93,,1,2,1,3,2,3,3,1,1,3,0,0,0,Same,Harder,Same,1,1,0,0,1,0,0,1,0,0,39.26,9.815,26.17333
labittcsenin1b20,In-person,Laki-laki,24,S1/D4,Jawa,Pekerja,Associate Design Researcher,1,Staf,Tidak Pernah,0,0,0,0,0,0,1,4.50,4.8,4.5,4.21,3.79,4.08,3.80,5.00,4.57,5.2,3.17,3,100,2,12,17.5,1.75,90,0,0,0,0,0,136.7,13.67,0,0,1,1,0,33.33,2,0,2,33.33,1,0,0,17.92,0,6,4,0,1,1,1,1,1,1,1,1,1,1,1,2,3,1,2,3,1,2,3,1,0,0,0,0,0,0,0,0,0,0,Easy,Easy,Easy,Easy,Easy,Easy,Normal,Normal,Normal,Normal,11.98,21.93,12.92,6.57,13.77,4.23,12.63,19.1,26.88,6.68,0,0,0,0,0,0,0,0,1,0,,,,,,,,,17.92,,3,2,3,3,3,3,3,2,1,3,0,0,0,Same,Harder,Same,0,1,0,0,0,0,0,1,0,0,29.58,14.79,19.72
labittcsenin1b22,In-person,Laki-laki,19,SMA,Jawa,Mahasiswa,Health Safety Executive,0,N/A (Bukan Pekerja),Sering (3-4 kali dalam seminggu),0,0,0,0,0,0,4,3.75,4.7,3.89,4.64,3.83,3.92,3.20,3.50,4.71,4.2,3.5,3.8,100,3,13,16,1.6,80,0,0,0,0,0,164.17,16.42,10,0,3,3,0,33.33,3,0,2,33.33,3,2,0,22.35,0,9,1,0,1,1,1,1,1,1,1,1,1,1,1,2,3,1,2,3,1,2,3,1,0,0,0,0,0,0,0,0,0,0,Easy,Easy,Easy,Easy,Easy,Easy,Easy,Easy,Easy,Normal,26.13,18.02,22.87,5.77,12.25,25.53,5.05,10.23,5.63,32.68,1,0,1,0,0,0,0,0,0,1,20.67,,19.4,,,,,,,26.98,1,2,1,3,3,2,3,3,3,1,0,0,0,Same,Same,Harder,1,1,0,0,0,0,0,0,0,1,21.16,7.053333,14.10667
labittcsenin1b24,In-person,Perempuan,18,SMA,Jawa,Mahasiswa,-,0,N/A (Bukan Pekerja),Jarang (3-4 kali dalam sebulan),0,0,0,0,0,0,1,4.75,4.3,3.83,4.14,4.31,4.15,3.00,3.33,4.86,5,3.33,4.6,90,6,15,16,1.6,40,8.11,45,1,1,0,218.25,21.82,0,33.33,7,7,0,66.67,6,0,2,33.33,5,1,1,14.96,0,6,4,0,1,0,1,1,1,1,1,1,1,1,1,2,3,1,2,3,1,2,3,1,0,0,0,0,0,0,0,0,0,0,Easy,Easy,Easy,Easy,Easy,Easy,Normal,Normal,Normal,Normal,32.4,45,11.13,10.68,22.1,4.47,24.67,37.68,18.68,11.43,1,1,1,1,0,0,1,1,1,0,19.2,33.95,5.63,2.9,,,15.6,14.33,13.1,,1,0,1,1,2,3,1,1,1,3,33.33,0,0,Same,Harder,Same,1,1,0,1,1,0,1,1,0,0,64.69,10.78167,43.12667
labittcsenin1b25,In-person,Perempuan,20,SMA,Jawa,Mahasiswa,-,0,N/A (Bukan Pekerja),Jarang (3-4 kali dalam sebulan),0,0,0,0,0,0,1,3.50,3.5,3,3.93,3.14,3.23,2.40,2.50,3.86,3.6,2.83,3,100,0,10,17.5,1.75,100,0,0,0,0,0,103.28,10.33,0,0,0,0,0,33.33,0,0,2,33.33,0,0,0,0,0,6,4,0,1,1,1,1,1,1,1,1,1,1,1,2,3,1,2,3,1,2,3,1,0,0,0,0,0,0,0,0,0,0,Easy,Easy,Easy,Easy,Easy,Easy,Normal,Normal,Normal,Normal,8.12,17.48,5.47,6.45,15.73,4.15,6.75,17.22,4.15,17.77,0,0,0,0,0,0,0,0,0,0,,,,,,,,,,,3,2,3,3,2,3,3,2,3,2,0,0,0,Same,Harder,Same,0,0,0,0,0,0,0,0,0,0,0,0,0
labittcsenin1b4,In-person,Laki-laki,20,SMA,Jawa,Mahasiswa,-,0,N/A (Bukan Pekerja),Tidak Pernah,0,0,0,0,0,0,2,4.50,4.1,3.83,3.00,4.07,3.92,3.80,3.17,4.43,4,4,4.2,100,4,14,21.5,2.15,90,0,0,0,0,0,206.37,20.64,30,0,4,4,0,66.67,4,0,1,66.67,4,4,1,26.52,0,6,3,1,1,1,1,1,1,1,1,1,1,1,1,2,3,1,2,3,1,2,3,1,0,0,0,0,0,0,0,0,0,0,Easy,Easy,Easy,Easy,Easy,Easy,Normal,Normal,Normal,Hard,41.83,18.1,7.22,9.6,12.1,3.83,10.52,36.02,30.45,36.7,1,0,0,0,0,0,0,1,1,1,32.87,,,,,,,20.43,24.32,28.47,1,2,3,3,3,3,3,1,1,1,0,0,0,Same,Harder,Harder,1,1,0,0,0,0,0,1,0,1,36.38,9.095,24.25333
labittcsenin1b6,In-person,Laki-laki,21,SMA,Jawa,Mahasiswa,-,0,N/A (Bukan Pekerja),Tidak Pernah,0,0,0,0,0,0,1,4.50,4.2,4,4.07,4.16,4.08,2.20,3.83,5.43,4.2,3.67,4.6,80,1,9,19,1.9,100,51.28,45,1,1,0,313.45,31.34,10,33.33,3,2,1,100,1,1,0,66.67,2,2,2,32.35,0,3,4,3,1,1,1,1,1,1,0,1,0,1,1,2,3,1,2,3,1,2,3,1,0,0,0,0,0,0,0,0,0,0,Easy,Easy,Easy,Normal,Normal,Normal,Hard,Hard,Hard,Normal,21.72,38.7,10.4,40.33,20.88,37.88,45,32.32,45,21.22,0,0,0,0,0,1,0,0,1,0,,,,,,33.8,,,30.9,,2,2,3,2,2,1,0,2,0,2,0,0,66.67,Harder,Harder,Easier,0,0,0,0,0,0,1,0,0,0,76.92,76.92,51.28
labittcsenin1b7,In-person,Laki-laki,24,S1/D4,Jawa,Pekerja,Legal Staff,2,Staf,Sering (3-4 kali dalam seminggu),0,0,0,0,0,0,3,6.00,6,5.72,4.21,5.74,5.85,5.80,5.83,5.57,5.8,5.83,5.6,70,7,14,17,1.7,80,23.96,38.87,3,2,1,287.2,28.72,10,33.33,6,4,2,66.67,7,1,0,66.67,4,3,3,27.88,0,3,4,3,1,1,1,1,0,1,0,1,0,1,1,2,3,1,2,3,1,2,3,1,0,0,0,0,0,0,0,0,1,0,Easy,Easy,Easy,Normal,Normal,Normal,Hard,Hard,Hard,Normal,40.87,39.97,6.38,7.93,45,23.32,45,42.43,26.62,9.68,1,0,0,0,1,1,1,0,0,0,31.78,,,,30.9,16.48,32.37,,,,1,2,3,3,0,1,0,2,0,3,0,33.33,66.67,Harder,Harder,Easier,1,1,0,0,1,0,2,2,0,0,74.42,10.63143,49.61333
labittcsenin1b9,In-person,Perempuan,18,SMA,Jawa,Mahasiswa,-,0,N/A (Bukan Pekerja),Sering (3-4 kali dalam seminggu),0,0,0,0,0,0,3,4.75,4.7,3.44,5.64,3.92,4.00,2.60,2.83,4.57,3.8,4.17,3.8,70,9,16,11,1.1,30,15.87,35.1,5,2,2,233.6,23.36,0,33.33,13,8,5,66.67,9,1,0,66.67,4,2,0,11.95,3,6,1,0,0,1,0,0,1,1,1,1,1,1,1,2,3,1,2,3,1,2,3,1,1,0,0,1,0,0,0,0,0,0,Easy,Easy,Easy,Very Easy,Very Easy,Very Easy,Easy,Easy,Easy,Normal,15.88,62.42,45,44.42,13.93,5.88,16.37,12.92,5.62,11.17,1,1,1,1,1,0,1,0,1,1,13.37,10.22,28.23,27.1,3.12,,9.08,,2.35,2.12,0,1,0,0,1,3,1,3,1,1,66.67,33.33,0,Easier,Harder,Harder,2,1,0,3,2,0,1,0,0,0,102.13,11.34778,68.08667
labjumatsesi1a10,In-person,Laki-laki,21,SMA,Jawa,Mahasiswa,-,0,N/A (Bukan Pekerja),Sering (3-4 kali dalam seminggu),0,0,0,0,0,0,3,4.75,4.8,4.56,3.57,4.69,4.77,3.40,4.17,5.71,5,4.67,4.4,90,5,14,27,2.7,80,12.43,45,2,1,0,196.9,19.69,10,0,5,4,1,66.67,5,0,0,100,4,2,1,24,0,3,3,4,1,1,1,1,0,1,1,1,1,1,1,2,3,1,2,3,1,2,3,1,0,0,0,0,0,0,0,0,0,0,Easy,Easy,Easy,Normal,Normal,Normal,Hard,Hard,Hard,Hard,7.33,18.93,10.02,13.47,45,27.82,21.15,26.32,20.88,5.98,0,0,0,0,1,1,0,1,1,0,,,,,39.93,24.02,,18.02,14.03,,3,2,3,3,0,1,2,1,1,3,0,33.33,0,Harder,Harder,Harder,0,1,0,0,2,0,1,1,0,0,63.53,12.706,42.35333
labjumatsesi1a11,In-person,Laki-laki,19,SMA,Jawa,Mahasiswa,-,0,N/A (Bukan Pekerja),Selalu (Setiap Hari),0,0,0,0,0,0,2,5.00,4.8,4.56,4.64,4.67,5.00,3.80,4.50,5.14,5,5,4,100,5,15,16.5,1.65,60,0,0,0,0,0,188.38,18.84,10,0,5,5,0,33.33,5,1,1,33.33,3,2,0,15.15,0,7,3,0,1,1,1,1,1,1,1,1,1,1,1,2,3,1,2,3,1,2,3,1,0,0,0,0,0,0,0,0,0,0,Easy,Easy,Easy,Easy,Easy,Easy,Normal,Normal,Normal,Easy,36.47,19.82,19.42,16.72,10.35,3.5,21.55,35.67,19.03,5.87,1,0,1,1,0,0,0,1,1,0,25.7,,12.98,8.15,,,,20.1,8.8,,1,2,1,1,3,3,2,1,1,3,0,0,0,Same,Harder,Easier,1,1,0,1,0,0,1,1,0,0,44.12,8.824,29.41333
labjumatsesi1a12,In-person,Laki-laki,20,SMA,Jawa,Mahasiswa,-,0,N/A (Bukan Pekerja),Selalu (Setiap Hari),0,0,0,0,0,0,1,5.25,5.4,4.56,4.57,4.61,4.62,3.40,4.50,5.43,4.6,4.83,4.4,90,1,10,14.5,1.45,80,48.39,38.37,1,1,1,215.88,21.59,10,33.33,3,2,1,66.67,2,1,1,33.33,1,1,1,20.36,0,7,3,0,1,1,1,1,1,1,0,1,1,1,1,2,3,1,2,3,1,2,3,1,0,0,0,0,0,0,1,0,0,0,Easy,Easy,Easy,Easy,Easy,Easy,Normal,Normal,Normal,Easy,30.32,34.35,8.28,7.6,10.87,4.07,38.37,49.35,15.17,17.52,0,0,0,0,0,0,0,1,1,0,,,,,,,,33.23,7.48,,2,2,3,3,3,3,0,1,1,2,0,0,33.33,Same,Harder,Easier,0,0,0,0,0,0,1,1,0,0,99.3,49.65,66.2
labjumatsesi1a13,In-person,Laki-laki,20,SMA,Jawa,Mahasiswa,mahasiswa,0,N/A (Bukan Pekerja),Selalu (Setiap Hari),0,0,0,0,0,0,1,3.75,4.2,4.67,4.71,3.92,3.62,4.40,5.00,4.57,4.2,3.17,4.4,80,1,9,9,0.9,100,90.34,45,2,2,0,204.57,20.46,0,66.67,0,0,0,66.67,2,1,2,0,0,0,0,0,7,3,0,0,1,1,1,1,0,1,1,0,1,1,1,2,3,1,2,3,1,2,3,1,0,0,0,0,0,0,0,0,0,0,Easy,Easy,Easy,Very Easy,Very Easy,Very Easy,Very Easy,Very Easy,Very Easy,Very Easy,30.43,40.23,9.87,8.08,45,4.32,8.7,45,4.5,8.43,0,0,0,0,0,0,0,0,0,0,,,,,,,,,,,2,2,3,3,0,3,3,0,3,3,0,33.33,33.33,Easier,Same,Same,0,0,0,0,1,0,0,1,0,0,135.51,67.755,90.34
labjumatsesi1a14,In-person,Laki-laki,19,SMA,Jawa,Mahasiswa,-,0,N/A (Bukan Pekerja),Sering (3-4 kali dalam seminggu),0,0,0,0,0,0,2,4.25,4.3,4.33,4.79,4.40,4.54,2.60,5.33,4.71,4.2,5,4,90,3,12,15.5,1.55,90,9.56,45,1,1,0,135.4,13.54,0,33.33,2,2,0,100,3,1,0,66.67,2,1,0,19.08,0,6,4,0,1,1,1,1,0,1,1,1,1,1,1,2,3,1,2,3,1,2,3,1,0,0,0,0,0,0,0,0,0,0,Easy,Easy,Easy,Normal,Normal,Normal,Easy,Easy,Easy,Normal,7.58,16.15,4.6,15.32,45,16.8,5.87,9.93,5.27,8.88,0,0,0,0,1,1,0,0,0,0,,,,,24.73,13.43,,,,,3,2,3,2,0,1,3,3,3,3,0,33.33,0,Harder,Easier,Harder,0,1,0,1,1,0,0,0,0,0,29.05,9.683333,19.36667
labjumatsesi1a15,In-person,Perempuan,20,SMA,Jawa,Mahasiswa,-,0,N/A (Bukan Pekerja),Sering (3-4 kali dalam seminggu),0,0,0,0,0,0,2,4.75,4.8,4,4.43,4.04,4.23,2.80,5.17,3.86,4.2,4.33,3.6,100,3,13,12.5,1.25,100,0,0,0,0,0,121.73,12.17,0,0,0,0,0,0,3,1,2,0,0,0,0,0,4,6,0,0,1,1,1,1,1,1,1,1,1,1,1,2,3,1,2,3,1,2,3,1,0,0,0,0,0,0,0,0,0,0,Easy,Easy,Easy,Easy,Easy,Easy,Very Easy,Very Easy,Very Easy,Very Easy,23.1,13.98,4.93,24.23,10.9,3.98,6.53,23.75,3.63,6.68,0,0,0,0,0,0,0,0,0,0,,,,,,,,,,,2,3,3,2,3,3,3,2,3,3,0,0,0,Same,Easier,Same,1,0,0,1,0,0,0,1,0,0,26.87,8.956667,17.91333
labjumatsesi1a16,In-person,Perempuan,19,SMA,Jawa,Mahasiswa,-,0,N/A (Bukan Pekerja),Jarang (3-4 kali dalam sebulan),0,0,0,0,0,0,2,5.00,4.8,3.83,4.07,4.01,4.08,1.80,4.17,5.00,4,3.83,4.2,100,10,20,16,1.6,70,0,0,0,0,0,114.72,11.47,0,0,3,3,0,33.33,10,0,2,33.33,1,0,0,7.43,0,9,1,0,1,1,1,1,1,1,1,1,1,1,1,2,3,1,2,3,1,2,3,1,0,0,0,0,0,0,0,0,0,0,Easy,Easy,Easy,Easy,Easy,Easy,Easy,Easy,Easy,Normal,22.25,19.67,8.45,14.18,12.97,3.47,6.05,13.7,3.62,10.37,1,0,1,1,0,0,0,0,0,0,12.67,,5.75,3.87,,,,,,,1,2,1,1,3,3,3,3,3,3,0,0,0,Same,Same,Harder,2,1,0,2,1,0,1,1,0,2,87.99,8.799,58.66
labjumatsesi1a17,In-person,Perempuan,18,SMA,Jawa,Mahasiswa,-,0,N/A (Bukan Pekerja),Jarang (3-4 kali dalam sebulan),0,0,0,0,0,0,2,4.75,4.5,3.56,3.86,3.60,3.85,3.40,3.67,3.57,4,4,2.8,100,7,17,12,1.2,30,0,0,0,0,0,159.52,15.95,10,0,9,8,1,33.33,7,1,1,33.33,1,1,0,5.31,6,4,0,0,1,1,1,1,1,1,1,1,1,1,1,2,3,1,2,3,1,2,3,1,0,0,0,0,0,0,0,0,0,0,Easy,Easy,Easy,Very Easy,Very Easy,Very Easy,Very Easy,Very Easy,Very Easy,Easy,34.17,44.72,6.8,20.68,12.92,5.9,7.68,10.88,5.15,10.62,1,1,1,1,1,1,0,1,0,1,24.63,2.2,1.7,4.6,2.77,1.73,,2.83,,2.05,1,1,1,1,1,1,3,1,3,1,0,0,0,Easier,Same,Harder,1,1,0,1,2,0,0,1,0,1,69.99,9.998571,46.66
labjumatsesi1a19,In-person,Perempuan,19,SMA,Jawa,Mahasiswa,-,0,N/A (Bukan Pekerja),Tidak Pernah,0,0,0,0,0,0,2,5.00,4.7,3.56,3.43,4.23,4.23,2.20,3.83,4.29,4.2,4.5,4,80,2,10,15.5,1.55,100,87.42,45,2,2,0,204.23,20.42,10,0,4,2,2,33.33,2,0,1,66.67,2,2,0,24.33,0,6,3,1,1,1,1,1,1,1,1,0,1,0,1,2,3,1,2,3,1,2,3,1,0,0,0,0,0,0,0,0,0,0,Easy,Easy,Easy,Easy,Easy,Easy,Normal,Normal,Normal,Hard,10.73,35.35,6.07,7.15,10.27,3.48,9.62,45,31.57,45,0,0,0,0,0,0,0,0,1,1,,,,,,,,,24.87,23.8,3,2,3,3,3,3,3,0,1,0,0,0,33.33,Same,Harder,Harder,0,0,0,0,0,0,0,1,0,1,131.14,65.57,87.42667
labjumatsesi1a2,In-person,Laki-laki,19,SMA,Jawa,Mahasiswa,-,0,N/A (Bukan Pekerja),Jarang (3-4 kali dalam sebulan),0,0,0,0,0,0,3,5.75,5.9,5.89,3.57,5.21,5.62,6.00,6.00,5.71,6,5.83,3.8,100,6,16,23,2.3,90,0,0,0,0,0,190.25,19.02,30,0,4,4,0,66.67,6,0,1,66.67,4,4,0,23.88,0,3,6,1,1,1,1,1,1,1,1,1,1,1,1,2,3,1,2,3,1,2,3,1,0,0,0,0,0,0,0,0,0,0,Easy,Easy,Easy,Normal,Normal,Normal,Normal,Normal,Normal,Hard,30.45,17.37,6.05,18.28,36.28,27.97,6.15,16.22,3.83,27.65,1,0,0,0,1,1,0,0,0,1,27.67,,,,21.95,23.3,,,,22.6,1,2,3,2,1,1,3,2,3,1,0,0,0,Harder,Same,Harder,1,1,0,1,1,0,0,1,0,1,52.46,8.743333,34.97333
labjumatsesi1a20,In-person,Perempuan,18,SMA,Jawa,Mahasiswa,-,0,N/A (Bukan Pekerja),Selalu (Setiap Hari),0,0,0,0,0,0,3,4.25,4.2,4.22,5.86,4.06,4.08,3.80,4.00,4.71,4,4.17,4,100,1,11,16.5,1.65,90,0,0,0,0,0,136.92,13.69,10,0,2,2,0,33.33,1,1,1,33.33,2,1,0,21.2,0,7,3,0,1,1,1,1,1,1,1,1,1,1,1,2,3,1,2,3,1,2,3,1,0,0,0,0,0,0,0,0,0,0,Easy,Easy,Easy,Easy,Easy,Easy,Normal,Normal,Normal,Easy,10.3,14.85,8.37,6.58,13.77,4.82,9.42,43.52,19.05,6.25,0,0,0,0,0,0,0,1,1,0,,,,,,,,27.43,14.97,,3,3,3,3,3,3,3,1,1,3,0,0,0,Same,Harder,Easier,0,0,0,0,0,0,0,1,0,0,19.75,19.75,13.16667
labjumatsesi1a3,In-person,Laki-laki,18,SMA,Jawa,Mahasiswa,-,0,N/A (Bukan Pekerja),Selalu (Setiap Hari),0,0,0,0,0,0,2,4.50,5.4,5.33,4.29,5.23,5.69,4.40,5.67,5.71,5.8,5.5,4.4,100,6,16,25,2.5,50,0,0,0,0,0,169,16.9,10,0,6,6,0,66.67,6,1,0,66.67,3,1,0,11.79,0,3,4,3,1,1,1,1,1,1,1,1,1,1,1,2,3,1,2,3,1,2,3,1,0,0,0,0,0,0,0,0,0,0,Easy,Easy,Easy,Normal,Normal,Normal,Hard,Hard,Hard,Normal,17.7,20.95,4.73,9.1,18.63,17.07,15.5,40.8,13.42,11.1,1,0,0,1,0,1,1,1,1,0,8.65,,,4.1,,12.65,10.55,28.67,6.12,,1,2,3,1,2,1,1,1,1,3,0,0,0,Harder,Harder,Easier,1,1,0,1,1,0,1,1,0,0,52.48,8.746667,34.98667
labjumatsesi1a4,In-person,Laki-laki,19,SMA,Jawa,Mahasiswa,-,0,N/A (Bukan Pekerja),Selalu (Setiap Hari),0,0,0,0,0,0,3,5.00,5.2,4.61,5.50,4.80,5.08,4.00,5.00,4.71,5.4,5,4,90,3,12,17.5,1.75,90,0,16.95,0,0,1,177.35,17.73,30,0,3,3,0,33.33,3,0,1,66.67,3,3,0,26.22,0,6,3,1,1,1,1,1,1,1,1,1,0,1,1,2,3,1,2,3,1,2,3,1,0,0,0,0,0,0,0,0,1,0,Easy,Easy,Easy,Easy,Easy,Easy,Normal,Normal,Normal,Hard,34.18,11.22,13.68,6.85,11.45,3.47,6.68,41.78,16.95,31.08,1,0,0,0,0,0,0,1,0,1,24.65,,,,,,,28.33,,25.67,1,3,3,3,3,3,3,1,0,1,0,0,33.33,Same,Harder,Harder,1,0,0,0,0,0,0,1,0,1,31.1,10.36667,20.73333
labjumatsesi1a6,In-person,Laki-laki,18,SMA,Jawa,Mahasiswa,-,0,N/A (Bukan Pekerja),Jarang (3-4 kali dalam sebulan),0,0,0,0,0,0,1,5.00,4.8,4.17,4.57,4.31,4.85,3.60,4.50,4.29,4.4,5.33,3.2,100,3,13,16,1.6,90,0,0,0,0,0,137.58,13.76,10,0,2,2,0,33.33,3,0,2,33.33,1,1,0,14.88,0,9,1,0,1,1,1,1,1,1,1,1,1,1,1,2,3,1,2,3,1,2,3,1,0,0,0,0,0,0,0,0,0,0,Easy,Easy,Easy,Easy,Easy,Easy,Easy,Easy,Easy,Normal,33.22,21.78,12.75,7,11.7,11.47,12,10.97,3.25,13.45,1,0,0,0,0,0,0,0,0,1,26.63,,,,,,,,,3.12,1,2,3,3,3,3,3,3,3,1,0,0,0,Same,Same,Harder,1,1,0,0,0,0,0,0,0,1,24.1,8.033333,16.06667
labjumatsesi1a9,In-person,Laki-laki,19,SMA,Jawa,Mahasiswa,-,0,N/A (Bukan Pekerja),Sering (3-4 kali dalam seminggu),0,0,0,0,0,0,2,3.75,4.3,4.39,4.29,3.73,3.54,3.20,4.00,5.57,4,3,4.2,90,3,12,17,1.7,80,7.92,45,1,1,0,185.65,18.57,0,33.33,2,2,0,66.67,3,0,2,33.33,2,0,0,16.24,0,3,7,0,1,1,1,1,0,1,1,1,1,1,1,2,3,1,2,3,1,2,3,1,0,0,0,0,0,0,0,0,0,0,Easy,Easy,Easy,Normal,Normal,Normal,Normal,Normal,Normal,Normal,10.25,15.53,10.65,9.57,45,25.08,10.23,28.87,21.22,9.25,0,0,0,0,0,1,0,1,0,0,,,,,,18.43,,14.05,,,3,2,3,3,0,1,3,1,2,3,0,33.33,0,Harder,Same,Same,0,1,0,0,1,0,0,1,0,0,33.56,11.18667,22.37333
labjumatsesi1b1,In-person,Laki-laki,20,SMA,Luar Jawa,Mahasiswa,,0,N/A (Bukan Pekerja),Jarang (3-4 kali dalam sebulan),0,0,0,0,0,0,2,6.00,5.7,4.67,4.50,4.96,5.15,4.00,4.00,5.71,5.6,4.67,4.6,100,6,16,16.5,1.65,70,0,0,0,0,0,168,16.8,0,0,3,3,0,33.33,6,1,1,33.33,2,0,0,12.57,0,7,3,0,1,1,1,1,1,1,1,1,1,1,1,2,3,1,2,3,1,2,3,1,0,0,0,0,0,0,0,0,0,0,Easy,Easy,Easy,Normal,Normal,Normal,Easy,Easy,Easy,Easy,23.15,19.42,4.8,22.6,27.42,19.13,8.35,15.15,11.25,16.73,0,0,0,1,0,1,0,0,0,1,,,,15.45,,15.45,,,,6.8,2,2,3,1,2,1,3,2,3,1,0,0,0,Harder,Easier,Same,1,1,0,1,1,0,0,1,0,1,54.33,9.055,36.22
labjumatsesi1b10,In-person,Laki-laki,23,S1/D4,Jawa,Mahasiswa,mahasiswa,0,N/A (Bukan Pekerja),Jarang (3-4 kali dalam sebulan),0,0,0,0,0,0,1,5.25,5.4,4.94,4.64,4.88,4.92,3.00,5.50,5.86,5.2,4.83,4.6,70,5,12,10.5,1.05,80,25.31,42.18,4,3,2,221.67,22.17,0,66.67,3,0,3,66.67,5,0,3,0,0,0,0,0,0,10,0,0,0,0,1,0,1,1,1,1,1,1,1,2,3,1,2,3,1,2,3,1,1,0,0,1,0,0,0,0,0,0,Easy,Easy,Easy,Easy,Easy,Easy,Easy,Easy,Easy,Easy,33.98,56.02,37.25,36.53,17.02,5.9,7.6,15.62,3.22,8.53,0,0,0,0,0,0,0,0,0,0,,,,,,,,,,,0,0,2,0,3,3,3,2,3,3,66.67,33.33,0,Same,Same,Same,1,1,0,2,0,0,0,1,0,0,59.47,11.894,39.64667
labjumatsesi1b12,In-person,Laki-laki,22,S1/D4,Jawa,Pekerja,Graphic Designer,1,Freelance,Jarang (3-4 kali dalam sebulan),0,0,0,0,0,0,1,5.75,5.5,4.89,4.93,5.07,5.15,4.40,5.33,4.86,5.4,5,4.8,100,5,15,21.5,2.15,60,0,0,0,0,0,209.95,20.99,20,0,6,6,0,66.67,5,0,1,66.67,4,2,0,15.6,0,6,3,1,1,1,1,1,1,1,1,1,1,1,1,2,3,1,2,3,1,2,3,1,0,0,0,0,0,0,0,0,0,0,Easy,Easy,Easy,Easy,Easy,Easy,Normal,Normal,Normal,Hard,28.53,43.5,12.62,6.4,14.83,3.68,20.72,36.13,14.2,29.33,1,1,1,0,0,0,0,1,1,1,25.62,15.37,6.83,,,,,13.58,9.65,22.57,1,1,1,3,3,3,2,1,1,1,0,0,0,Same,Harder,Harder,1,1,0,0,0,0,1,1,0,1,46.1,9.22,30.73333
labjumatsesi1b15,In-person,Perempuan,20,SMA,Jawa,Mahasiswa,-,0,N/A (Bukan Pekerja),Sering (3-4 kali dalam seminggu),0,0,0,0,0,0,2,3.00,3.7,3.5,5.00,3.40,3.38,3.00,3.67,3.71,3.8,3,3.4,90,9,18,16,1.6,90,15.22,45,2,1,0,256.35,25.64,10,33.33,3,2,1,66.67,9,1,1,33.33,1,1,0,14.94,0,4,6,0,1,1,1,1,0,1,1,1,1,1,1,2,3,1,2,3,1,2,3,1,0,0,0,0,0,0,0,0,0,0,Easy,Easy,Easy,Normal,Normal,Normal,Normal,Normal,Normal,Easy,25.13,39.55,16.62,26.18,45,30.6,33.23,17.37,16.88,5.78,0,0,0,0,0,1,0,1,0,0,,,,,,26.3,,3.58,,,2,2,2,2,0,1,2,1,2,3,0,33.33,0,Harder,Same,Easier,1,1,0,1,2,0,3,1,0,0,108.26,12.02889,72.17333
labjumatsesi1b16,In-person,Perempuan,24,SMA,Jawa,Mahasiswa,-,0,N/A (Bukan Pekerja),Jarang (3-4 kali dalam sebulan),0,0,0,0,0,0,1,3.50,3.4,3.5,3.57,3.44,3.38,1.60,3.67,4.71,3,3.33,4,100,5,15,16,1.6,90,0,0,0,0,0,166.67,16.67,10,0,3,2,1,33.33,5,0,2,33.33,1,1,1,22.08,0,9,1,0,1,1,1,1,1,1,1,1,1,1,1,2,3,1,2,3,1,2,3,1,0,0,0,0,0,0,0,0,0,0,Easy,Easy,Easy,Easy,Easy,Easy,Easy,Easy,Easy,Normal,20.38,24.18,41.15,7.98,13.93,10.35,7.87,20.63,3.75,16.43,0,0,1,0,0,0,0,0,0,1,,,37.83,,,,,,,6.32,2,2,1,3,3,3,3,2,3,1,0,0,0,Same,Same,Harder,1,1,0,0,0,0,0,1,0,2,53.88,10.776,35.92
labjumatsesi1b17,In-person,Perempuan,20,SMA,Jawa,Mahasiswa,-,0,N/A (Bukan Pekerja),Jarang (3-4 kali dalam sebulan),0,0,0,0,0,0,2,5.25,4.7,4.5,3.64,4.23,4.62,4.40,4.83,4.29,4.8,4.5,3.4,100,5,15,21.5,2.15,60,0,0,0,0,0,193.03,19.3,0,0,4,4,0,66.67,5,0,1,66.67,4,0,0,16.08,0,6,3,1,1,1,1,1,1,1,1,1,1,1,1,2,3,1,2,3,1,2,3,1,0,0,0,0,0,0,0,0,0,0,Easy,Easy,Easy,Easy,Easy,Easy,Normal,Normal,Normal,Hard,27.5,38.92,21.53,7.57,12.03,3.52,15.87,37.23,3.83,25.03,1,0,1,0,0,0,0,1,0,1,17.98,,12.22,,,,,16.55,,17.58,1,2,1,3,3,3,2,1,3,1,0,0,0,Same,Harder,Harder,1,1,0,0,0,0,1,1,0,1,46.04,9.208,30.69333
labjumatsesi1b2,In-person,Laki-laki,18,SMA,Jawa,Mahasiswa,-,0,N/A (Bukan Pekerja),Sering (3-4 kali dalam seminggu),0,0,0,0,0,0,1,4.50,4.3,4.17,4.50,3.96,3.92,3.40,3.67,5.14,3.8,3.67,4.4,100,5,15,19,1.9,60,0,0,0,0,0,216.53,21.65,10,0,5,5,0,33.33,5,0,2,33.33,4,1,0,13.29,0,3,7,0,1,1,1,1,1,1,1,1,1,1,1,2,3,1,2,3,1,2,3,1,0,0,0,0,0,0,0,0,0,0,Easy,Easy,Easy,Normal,Normal,Normal,Normal,Normal,Normal,Normal,23.28,17.45,8.83,37.73,43.35,15.3,34.67,14.9,13.75,7.27,1,0,1,0,1,1,0,0,1,0,13.63,,5.88,,24.7,11.42,,,10.8,,1,2,1,2,1,1,2,3,1,3,0,0,0,Harder,Same,Same,1,1,0,1,1,0,1,0,0,0,41.62,8.324,27.74667
labjumatsesi1b20,In-person,Perempuan,19,SMA,Jawa,Mahasiswa,-,0,N/A (Bukan Pekerja),Selalu (Setiap Hari),0,0,0,0,0,0,3,5.50,4.1,3.39,4.07,3.90,4.00,3.20,3.17,3.71,4,3.5,4.2,100,4,14,19,1.9,100,0,0,0,0,0,180.85,18.09,30,0,3,3,0,33.33,4,0,2,33.33,3,3,0,24.88,0,3,7,0,1,1,1,1,1,1,1,1,1,1,1,2,3,1,2,3,1,2,3,1,0,0,0,0,0,0,0,0,0,0,Easy,Easy,Easy,Normal,Normal,Normal,Normal,Normal,Normal,Normal,8.5,15.2,5.65,17.95,21.53,27.82,34.03,12.4,25.9,11.87,0,0,0,0,0,1,1,0,1,0,,,,,,24.48,27.83,,22.32,,3,2,3,2,2,1,1,3,1,3,0,0,0,Harder,Same,Same,0,1,0,1,1,0,1,0,0,0,37.66,9.415,25.10667
labjumatsesi1b21,In-person,Perempuan,21,SMA,Jawa,Mahasiswa,-,0,N/A (Bukan Pekerja),Jarang (3-4 kali dalam sebulan),0,0,0,0,0,0,1,4.00,4.5,3.67,3.50,3.99,4.08,2.40,4.33,4.00,3.8,4.17,4,90,3,12,10.5,1.05,90,4.72,45,1,1,0,147.65,14.76,0,33.33,2,2,0,66.67,3,1,1,33.33,2,2,1,29.63,6,4,0,0,0,1,1,1,1,1,1,1,1,1,1,2,3,1,2,3,1,2,3,1,0,0,0,0,0,0,0,0,0,0,Easy,Easy,Easy,Very Easy,Very Easy,Very Easy,Very Easy,Very Easy,Very Easy,Easy,45,17.02,11.55,6.9,28.38,6.5,8.23,12.12,4.67,7.28,1,0,0,0,1,0,0,0,0,0,38.92,,,,20.35,,,,,,0,2,3,3,1,3,3,3,3,3,33.33,0,0,Easier,Same,Harder,1,1,0,0,1,0,0,0,0,0,28.65,9.55,19.1
labjumatsesi1b23,In-person,Perempuan,21,SMA,Luar Jawa,Mahasiswa,,0,N/A (Bukan Pekerja),Tidak Pernah,0,0,0,0,0,0,1,5.00,4.6,4.67,4.00,4.12,4.00,3.40,4.67,5.57,4.6,3.17,4.6,90,8,17,15.5,1.55,100,18.18,45,2,1,0,243.7,24.37,20,33.33,3,2,1,66.67,9,0,2,33.33,2,2,0,25.38,0,6,4,0,1,1,1,1,1,1,1,0,1,1,1,2,3,1,2,3,1,2,3,1,0,0,0,0,0,0,0,0,0,0,Easy,Easy,Easy,Easy,Easy,Easy,Normal,Normal,Normal,Normal,32.53,32.37,18.07,25.17,14.2,5.68,23.38,45,30.9,16.4,1,0,0,0,0,0,0,0,1,0,27.07,,,,,,,,23.7,,1,2,2,2,3,3,2,0,1,2,0,0,33.33,Same,Harder,Same,1,1,0,1,0,0,1,2,0,3,109.83,12.20333,73.22
labjumatsesi1b24,In-person,Perempuan,19,S1/D4,Jawa,Mahasiswa,-,0,N/A (Bukan Pekerja),Jarang (3-4 kali dalam sebulan),0,0,0,0,0,0,1,5.25,5.1,4.22,4.71,4.70,4.77,2.00,5.00,5.14,5,4.5,4.6,100,3,13,15,1.5,100,0,0,0,0,0,133.98,13.4,0,0,0,0,0,0,3,0,3,0,0,0,0,0,0,10,0,0,1,1,1,1,1,1,1,1,1,1,1,2,3,1,2,3,1,2,3,1,0,0,0,0,0,0,0,0,0,0,Easy,Easy,Easy,Easy,Easy,Easy,Easy,Easy,Easy,Easy,32.62,25.42,5,9.02,10.72,3.35,25.68,11.65,4.57,5.97,0,0,0,0,0,0,0,0,0,0,,,,,,,,,,,2,2,3,3,3,3,2,3,3,3,0,0,0,Same,Same,Same,1,1,0,0,0,0,1,0,0,0,26.65,8.883333,17.76667
labjumatsesi1b25,In-person,Perempuan,20,SMA,Jawa,Mahasiswa,-,0,N/A (Bukan Pekerja),Selalu (Setiap Hari),0,0,0,0,0,0,1,5.50,4.8,4.89,4.29,4.42,4.77,4.00,5.17,5.29,4.8,4.67,3.8,100,0,10,15,1.5,100,0,0,0,0,0,54.78,5.48,0,0,0,0,0,0,0,0,3,0,0,0,0,0,0,10,0,0,1,1,1,1,1,1,1,1,1,1,1,2,3,1,2,3,1,2,3,1,0,0,0,0,0,0,0,0,0,0,Easy,Easy,Easy,Easy,Easy,Easy,Easy,Easy,Easy,Easy,5,8.07,3.37,5.07,8.13,2.4,5.28,10.22,2.75,4.5,0,0,0,0,0,0,0,0,0,0,,,,,,,,,,,3,3,3,3,3,3,3,3,3,3,0,0,0,Same,Same,Same,0,0,0,0,0,0,0,0,0,0,0,0,0
labjumatsesi1b3,In-person,Laki-laki,20,SMA,Jawa,Mahasiswa,-,0,N/A (Bukan Pekerja),Selalu (Setiap Hari),0,0,0,0,0,0,3,5.75,5.4,5.06,5.00,5.21,5.15,4.80,4.33,5.86,5.6,4.83,5.2,80,3,11,13,1.3,80,17.11,39,1,1,2,192.48,19.25,0,66.67,0,0,0,100,4,1,1,33.33,0,0,0,0,0,7,3,0,1,1,1,1,0,1,1,1,0,1,1,2,3,1,2,3,1,2,3,1,0,0,0,0,1,0,0,0,1,0,Easy,Easy,Easy,Normal,Normal,Normal,Easy,Easy,Easy,Easy,12.03,22.13,12.95,15.98,35.12,23.28,6.4,15.02,42.88,6.68,0,0,0,0,0,0,0,0,0,0,,,,,,,,,,,3,2,3,2,0,3,3,2,0,3,0,33.33,33.33,Harder,Easier,Same,0,1,0,1,1,0,0,1,0,0,55.98,13.995,37.32
labjumatsesi1b4,In-person,Laki-laki,18,SMA,Jawa,Mahasiswa,-,0,N/A (Bukan Pekerja),Sering (3-4 kali dalam seminggu),0,0,0,0,0,0,2,5.25,5.1,4.78,5.07,4.19,4.54,4.00,4.50,5.57,4.8,4.17,3.6,100,2,12,16,1.6,90,0,0,0,0,0,121.47,12.15,10,0,2,2,0,33.33,2,0,2,33.33,1,1,0,16.66,0,9,1,0,1,1,1,1,1,1,1,1,1,1,1,2,3,1,2,3,1,2,3,1,0,0,0,0,0,0,0,0,0,0,Easy,Easy,Easy,Easy,Easy,Easy,Easy,Easy,Easy,Normal,36.83,13.88,8.1,16.45,9.6,3.03,5.85,10.27,5.03,12.42,1,0,0,1,0,0,0,0,0,0,25.48,,,7.83,,,,,,,1,3,3,1,3,3,3,3,3,3,0,0,0,Same,Same,Harder,1,0,0,1,0,0,0,0,0,0,15.37,7.685,10.24667
labjumatsesi1b5,In-person,Laki-laki,18,SMA,Jawa,Mahasiswa,-,0,N/A (Bukan Pekerja),Selalu (Setiap Hari),0,0,0,0,0,0,4,4.50,4.4,4.28,4.79,4.51,4.46,2.60,5.00,4.86,4.4,4.33,4.8,100,6,16,23,2.3,100,0,0,0,0,0,203.28,20.33,30,0,3,3,0,66.67,6,0,1,66.67,3,3,1,28.26,0,3,6,1,1,1,1,1,1,1,1,1,1,1,1,2,3,1,2,3,1,2,3,1,0,0,0,0,0,0,0,0,0,0,Easy,Easy,Easy,Normal,Normal,Normal,Normal,Normal,Normal,Hard,31.08,16.65,11.78,15.73,18.75,32.07,8.37,18.95,5.93,43.97,1,0,0,0,0,1,0,0,0,1,24.98,,,,,28.07,,,,31.72,1,2,3,2,2,1,3,2,3,1,0,0,0,Harder,Same,Harder,1,1,0,1,1,0,0,1,0,1,70.31,11.71833,46.87333
labjumatsesi1b6,In-person,Laki-laki,19,SMA,Jawa,Mahasiswa,_,0,N/A (Bukan Pekerja),Jarang (3-4 kali dalam sebulan),0,0,0,0,0,0,1,4.00,4.3,3.39,4.36,3.53,3.77,1.20,2.83,5.43,3.4,4,3.2,100,4,14,11,1.1,60,0,0,0,0,0,212.15,21.21,10,0,5,5,0,0,4,3,0,0,5,2,0,18.04,7,3,0,0,1,1,1,1,1,1,1,1,1,1,1,2,3,1,2,3,1,2,3,1,0,0,0,0,0,0,0,0,0,0,Easy,Easy,Easy,Very Easy,Very Easy,Very Easy,Very Easy,Very Easy,Very Easy,Very Easy,41.15,21.07,18,8.38,31.42,35.17,9.63,34.2,6.22,6.92,1,0,1,0,1,1,0,1,0,0,25.45,,10.3,,15.08,18.78,,20.6,,,1,2,1,3,1,1,3,1,3,3,0,0,0,Easier,Easier,Easier,1,1,0,0,1,0,0,1,0,0,55.36,13.84,36.90667
labjumatsesi1b7,In-person,Laki-laki,19,SMA,Luar Jawa,Mahasiswa,-,0,N/A (Bukan Pekerja),Selalu (Setiap Hari),0,0,0,0,0,0,4,5.25,4.8,4.5,3.43,4.77,4.77,4.40,4.00,5.00,5.2,4.5,4.6,100,3,13,17.5,1.75,80,0,0,0,0,0,151.42,15.14,10,0,3,3,0,33.33,3,0,2,33.33,3,1,0,19.32,0,6,4,0,1,1,1,1,1,1,1,1,1,1,1,2,3,1,2,3,1,2,3,1,0,0,0,0,0,0,0,0,0,0,Easy,Easy,Easy,Easy,Easy,Easy,Normal,Normal,Normal,Normal,22.28,16,12.08,7.58,9.63,5.05,13.03,36.32,22.28,7.15,1,0,0,0,0,0,0,1,1,0,13.72,,,,,,,26.73,17.5,,1,2,3,3,3,3,3,1,1,3,0,0,0,Same,Harder,Same,1,1,0,0,0,0,0,1,0,0,24.45,8.15,16.3
labjumatsesi1b8,In-person,Laki-laki,19,SMA,Luar Jawa,Mahasiswa,-,0,N/A (Bukan Pekerja),Sering (3-4 kali dalam seminggu),0,0,0,0,0,0,2,4.50,4.9,4.5,4.71,4.39,4.38,4.40,5.17,4.00,5,4.17,4,90,6,15,20,2,100,10.03,45,1,1,0,273.67,27.37,10,33.33,1,1,0,100,6,0,1,66.67,1,1,0,26.82,0,6,3,1,1,0,1,1,1,1,1,1,1,1,1,2,3,1,2,3,1,2,3,1,0,0,0,0,0,0,0,0,0,0,Easy,Easy,Easy,Easy,Easy,Easy,Normal,Normal,Normal,Hard,44.97,45,9.58,23.92,16.33,5.83,38,42.5,35,12.53,1,0,0,0,0,0,0,0,0,0,26.82,,,,,,,,,,1,0,3,2,2,3,2,2,2,3,33.33,0,0,Same,Harder,Harder,1,1,0,1,1,0,1,1,0,0,92.85,15.475,61.9
labjumatsesi1b9,In-person,Laki-laki,25,S1/D4,Jawa,Mahasiswa,-,0,N/A (Bukan Pekerja),Tidak Pernah,0,0,0,0,0,0,1,4.00,4.2,3.44,4.36,3.87,3.92,2.00,3.00,4.86,3.8,4,3.8,100,7,17,15,1.5,100,0,0,0,0,0,131.67,13.17,0,0,0,0,0,0,7,0,3,0,0,0,0,0,0,10,0,0,1,1,1,1,1,1,1,1,1,1,1,2,3,1,2,3,1,2,3,1,0,0,0,0,0,0,0,0,0,0,Easy,Easy,Easy,Easy,Easy,Easy,Easy,Easy,Easy,Easy,11.25,39.58,14.3,21.03,11.73,3.97,6.63,14.42,3.2,5.55,0,0,0,0,0,0,0,0,0,0,,,,,,,,,,,3,2,3,2,3,3,3,3,3,3,0,0,0,Same,Same,Same,1,1,0,2,0,0,0,2,0,1,63.25,9.035714,42.16667
labkamistrial1b12,In-person,Laki-laki,20,SMA,Jawa,Mahasiswa,-,0,N/A (Bukan Pekerja),Sering (3-4 kali dalam seminggu),0,0,0,0,0,0,4,4.25,4.6,4,3.43,4.18,4.31,3.00,4.17,4.57,4.2,4.33,4,100,6,16,21.5,2.15,80,0,0,0,0,0,247.9,24.79,20,0,4,4,0,66.67,6,0,1,66.67,4,2,0,21.66,0,6,3,1,1,1,1,1,1,1,1,1,1,1,1,2,3,1,2,3,1,2,3,1,0,0,0,0,0,0,0,0,0,0,Easy,Easy,Easy,Easy,Easy,Easy,Normal,Normal,Normal,Hard,25.45,30.33,13.65,18.15,11.88,15.82,28.47,42.43,24.53,37.18,1,0,0,0,0,0,0,1,1,1,15.6,,,,,,,23.9,17.53,29.6,1,2,3,2,3,2,2,1,1,1,0,0,0,Same,Harder,Harder,1,1,0,1,0,0,1,1,0,1,59.85,9.975,39.9
labkamistrial1b13,In-person,Laki-laki,19,SMA,Jawa,Mahasiswa,-,0,N/A (Bukan Pekerja),Sering (3-4 kali dalam seminggu),0,0,0,0,0,0,4,4.75,5,4.28,4.14,4.27,4.08,2.60,3.83,5.86,3.6,4,5.2,100,4,14,16,1.6,80,0,0,0,0,0,145.27,14.53,0,0,2,2,0,33.33,4,0,2,33.33,0,0,0,2.29,0,9,1,0,1,1,1,1,1,1,1,1,1,1,1,2,3,1,2,3,1,2,3,1,0,0,0,0,0,0,0,0,0,0,Easy,Easy,Easy,Easy,Easy,Easy,Easy,Easy,Easy,Normal,16.88,20.98,13.07,7.87,15.8,11.88,6.78,13.65,3.25,35.1,1,1,0,0,0,0,0,0,0,0,2.85,1.73,,,,,,,,,1,1,3,3,2,3,3,3,3,2,0,0,0,Same,Same,Harder,1,1,0,0,1,0,0,0,0,1,34.71,8.6775,23.14
labkamistrial1b14,In-person,Laki-laki,19,SMA,Jawa,Mahasiswa,-,0,N/A (Bukan Pekerja),Sering (3-4 kali dalam seminggu),0,0,0,0,0,0,3,5.00,4.3,3.78,4.07,4.06,4.23,2.00,5.17,3.86,4.2,4.17,3.8,100,4,14,21.5,2.15,80,0,0,0,0,0,145.07,14.51,0,0,2,2,0,66.67,4,0,1,66.67,2,0,0,16.61,0,6,3,1,1,1,1,1,1,1,1,1,1,1,1,2,3,1,2,3,1,2,3,1,0,0,0,0,0,0,0,0,0,0,Easy,Easy,Easy,Easy,Easy,Easy,Normal,Normal,Normal,Hard,17.22,20.22,9.5,7.25,13.1,2.8,10.2,18.93,21.98,23.87,0,0,0,0,0,0,0,0,1,1,,,,,,,,,16.85,16.37,2,2,3,3,3,3,3,2,1,1,0,0,0,Same,Harder,Harder,1,1,0,0,0,0,0,1,0,1,31.1,7.775,20.73333
labkamistrial1b18,In-person,Perempuan,19,SMA,Jawa,Mahasiswa,-,0,N/A (Bukan Pekerja),Jarang (3-4 kali dalam sebulan),0,0,0,0,0,0,2,4.00,4.1,4.22,3.64,3.97,4.08,3.00,5.00,4.43,3.6,4.5,3.8,80,6,14,13.5,1.35,60,10.68,23.71,2,2,2,236.77,23.68,10,33.33,3,3,0,33.33,6,1,1,33.33,3,1,0,18.03,0,7,3,0,0,1,1,0,1,1,1,1,1,1,1,2,3,1,2,3,1,2,3,1,1,0,0,1,0,0,0,0,0,0,Easy,Easy,Easy,Easy,Easy,Easy,Normal,Normal,Normal,Easy,18.72,58.87,6.43,28.7,10.77,4.3,29.08,43.45,16.22,20.23,0,0,0,0,0,0,1,1,1,0,,,,,,,19.65,24.28,10.15,,0,2,3,0,3,3,1,1,1,2,33.33,33.33,0,Same,Harder,Easier,1,1,0,1,0,0,1,1,0,1,75.13,12.52167,50.08667
labkamistrial1b19,In-person,Perempuan,19,SMA,Jawa,Mahasiswa,-,0,N/A (Bukan Pekerja),Jarang (3-4 kali dalam sebulan),0,0,0,0,0,0,2,4.50,4.8,4.39,4.50,4.34,4.69,1.80,5.00,5.71,4.2,4.83,4,90,4,13,14,1.4,100,5.68,45,2,1,0,167.47,16.75,0,0,1,0,1,33.33,4,0,2,33.33,0,0,0,0,0,9,1,0,1,1,1,1,1,1,1,1,1,0,1,2,3,1,2,3,1,2,3,1,0,0,0,0,0,0,0,0,0,0,Easy,Easy,Easy,Easy,Easy,Easy,Easy,Easy,Easy,Normal,23.25,42.53,13.3,6.05,11.97,4.03,5.1,12.53,3.7,45,0,0,0,0,0,0,0,0,0,0,,,,,,,,,,,2,2,3,3,3,3,3,3,3,0,0,0,0,Same,Same,Harder,1,1,0,0,0,0,0,0,0,2,33.25,8.3125,22.16667
labkamistrial1b20,In-person,Perempuan,19,SMA,Jawa,Mahasiswa,-,0,N/A (Bukan Pekerja),Jarang (3-4 kali dalam sebulan),0,0,0,0,0,0,1,5.75,5.9,5,4.43,4.94,5.62,2.60,5.83,6.00,5.4,5.83,3.6,90,3,12,9.5,0.95,80,7.18,39.18,1,1,1,142.38,14.24,0,33.33,1,1,0,33.33,3,1,2,0,1,0,0,11.87,7,3,0,0,0,1,1,1,1,1,1,1,1,1,1,2,3,1,2,3,1,2,3,1,1,0,0,0,0,0,0,0,0,0,Easy,Easy,Easy,Very Easy,Very Easy,Very Easy,Very Easy,Very Easy,Very Easy,Very Easy,39.18,21.82,15.63,5.88,26.5,5.73,5.13,10.93,5.02,6.55,0,0,1,0,0,0,0,0,0,0,,,11.87,,,,,,,,0,2,1,3,2,3,3,3,3,3,33.33,0,0,Easier,Same,Same,1,1,0,0,1,0,0,0,0,0,32.24,10.74667,21.49333
labkamistrial1b22,In-person,Perempuan,20,SMA,Jawa,Mahasiswa,-,0,N/A (Bukan Pekerja),Sering (3-4 kali dalam seminggu),0,0,0,0,0,0,1,4.75,4.8,4.5,5.00,4.86,5.15,3.80,4.33,5.14,4.8,5.17,4.6,70,8,15,16,1.6,70,28.79,41.46,4,3,3,284.2,28.42,30,33.33,5,4,1,66.67,8,0,1,66.67,4,4,1,27.17,0,6,3,1,0,1,1,1,1,1,0,0,1,1,1,2,3,1,2,3,1,2,3,1,1,0,0,0,0,0,1,1,0,0,Easy,Easy,Easy,Easy,Easy,Easy,Normal,Normal,Normal,Hard,42.28,26.72,30.72,8.68,15.88,8.8,37.52,44.58,27.62,41.4,1,0,1,0,0,0,0,0,1,1,26.52,,25.27,,,,,,22.9,34,0,2,1,3,2,3,0,0,1,1,33.33,0,66.67,Same,Harder,Harder,1,1,0,0,2,0,1,2,0,1,107.63,13.45375,71.75333
labkamistrial1b24,In-person,Perempuan,19,SMA,Jawa,Mahasiswa,-,0,N/A (Bukan Pekerja),Jarang (3-4 kali dalam sebulan),0,0,0,0,0,0,1,4.25,4.2,3.94,4.64,4.22,4.31,3.00,4.33,4.29,4,4.67,4,90,4,13,15.5,1.55,100,14.82,45,2,1,0,175.73,17.57,10,33.33,2,1,1,100,4,1,0,66.67,1,1,0,25.12,0,6,4,0,1,1,1,1,0,1,1,1,1,1,1,2,3,1,2,3,1,2,3,1,0,0,0,0,0,0,0,0,0,0,Easy,Easy,Easy,Normal,Normal,Normal,Easy,Easy,Easy,Normal,13.88,16.58,7.28,9.77,45,30.98,6.02,30.38,3.55,12.28,0,0,0,0,0,1,0,0,0,0,,,,,,25.12,,,,,3,2,3,3,0,1,3,2,3,3,0,33.33,0,Harder,Easier,Harder,0,1,0,0,2,0,0,1,0,0,73.76,18.44,49.17333
labkamistrial1b25,In-person,Perempuan,23,SMA,Jawa,Mahasiswa,-,0,N/A (Bukan Pekerja),Jarang (3-4 kali dalam sebulan),0,0,0,0,0,0,2,5.50,5.1,4.11,3.86,4.57,4.54,3.80,4.83,3.71,4.6,4.5,4.6,100,3,13,13.5,1.35,90,0,0,0,0,0,114.93,11.49,0,0,1,1,0,33.33,3,1,1,33.33,0,0,0,8.78,3,7,0,0,1,1,1,1,1,1,1,1,1,1,1,2,3,1,2,3,1,2,3,1,0,0,0,0,0,0,0,0,0,0,Easy,Easy,Easy,Easy,Easy,Easy,Very Easy,Very Easy,Very Easy,Easy,19.85,22.4,11.38,7.48,10.6,4.93,6.82,20.27,3.68,7.52,1,0,0,0,0,0,0,0,0,0,8.78,,,,,,,,,,1,2,3,3,3,3,3,2,3,3,0,0,0,Same,Easier,Harder,1,1,0,0,0,0,0,1,0,0,26.93,8.976667,17.95333
labkomjumat1a1,In-person,Perempuan,19,SMA,Jawa,Mahasiswa,-,0,N/A (Bukan Pekerja),Jarang (3-4 kali dalam sebulan),0,0,0,0,0,0,1,4.75,4.7,4.22,4.07,4.37,4.62,3.20,4.50,4.71,4.4,4.5,4.2,100,4,14,17.5,1.75,60,0,0,0,0,0,178.8,17.88,10,0,5,5,0,33.33,4,0,2,33.33,4,2,0,15.65,0,6,4,0,1,1,1,1,1,1,1,1,1,1,1,2,3,1,2,3,1,2,3,1,0,0,0,0,0,0,0,0,0,0,Easy,Easy,Easy,Easy,Easy,Easy,Normal,Normal,Normal,Normal,38.92,22.55,12.47,6.23,14.08,4.5,15.9,37.68,15.22,11.25,1,0,1,0,0,0,1,1,1,0,27.53,,9.05,,,,10.13,20.7,10.82,,1,2,1,3,3,3,1,1,1,3,0,0,0,Same,Harder,Same,1,1,0,0,0,0,1,1,0,0,37.88,9.47,25.25333
labkomjumat1a10,In-person,Laki-laki,21,SMA,Jawa,Mahasiswa,-,0,N/A (Bukan Pekerja),Selalu (Setiap Hari),0,0,0,0,0,0,3,4.50,4.4,4.22,4.07,4.08,4.08,3.80,4.33,4.43,4.4,3.83,4,90,3,12,19,1.9,80,23.67,26.63,2,1,1,151.25,15.12,0,0,3,2,1,66.67,3,0,1,66.67,2,1,0,21.73,0,3,6,1,1,1,1,1,1,1,1,1,1,0,1,2,3,1,2,3,1,2,3,1,0,0,0,0,0,0,0,0,0,1,Easy,Easy,Easy,Normal,Normal,Normal,Normal,Normal,Normal,Hard,5.93,14.4,7.97,8.65,35.15,23.48,12.83,12.05,4.15,26.63,0,0,0,0,0,1,0,0,0,1,,,,,,19.08,,,,24.37,3,3,3,3,2,1,3,3,3,0,0,0,0,Harder,Same,Harder,0,0,0,0,1,0,0,0,0,2,49.22,16.40667,32.81333
labkomjumat1a13,In-person,Perempuan,22,SMA,Jawa,Mahasiswa,-,0,N/A (Bukan Pekerja),Tidak Pernah,0,0,0,0,0,0,1,4.00,3.9,3.67,4.36,3.53,3.46,3.40,3.67,3.86,3.8,3,3.8,70,6,13,11.5,1.15,80,36.17,45,3,3,0,247.77,24.78,0,66.67,6,3,3,100,6,0,2,33.33,1,1,0,11.32,0,9,1,0,0,0,1,0,1,1,1,1,1,1,1,2,3,1,2,3,1,2,3,1,0,0,0,0,0,0,0,0,0,0,Easy,Easy,Easy,Easy,Easy,Easy,Easy,Easy,Easy,Normal,45,45,19.77,45,20.95,6.73,24.28,15.03,5.32,20.68,1,0,0,0,0,0,1,0,0,1,28.28,,,,,,3.7,,,1.97,0,0,2,0,2,3,1,2,3,1,66.67,33.33,0,Same,Same,Harder,1,1,0,1,1,0,1,1,0,0,94.55,15.75833,63.03333
labkomjumat1a14,In-person,Laki-laki,18,SMA,Jawa,Mahasiswa,-,0,N/A (Bukan Pekerja),Jarang (3-4 kali dalam sebulan),0,0,0,0,0,0,2,5.00,4.9,4.44,3.79,4.36,4.62,3.80,4.67,4.71,4.6,4.67,3.8,100,3,13,15,1.5,90,0,0,0,0,0,109.93,10.99,0,0,1,1,0,0,3,0,3,0,0,0,0,9.87,0,10,0,0,1,1,1,1,1,1,1,1,1,1,1,2,3,1,2,3,1,2,3,1,0,0,0,0,0,0,0,0,0,0,Easy,Easy,Easy,Easy,Easy,Easy,Easy,Easy,Easy,Easy,24.15,18.3,10.6,5.95,14.33,5.13,5.48,16.15,4.88,4.95,1,0,0,0,0,0,0,0,0,0,9.87,,,,,,,,,,1,2,3,3,3,3,3,2,3,3,0,0,0,Same,Same,Same,1,1,0,0,0,0,0,1,0,0,30.75,10.25,20.5
labkomjumat1a15,In-person,Laki-laki,20,SMA,Jawa,Mahasiswa,-,0,N/A (Bukan Pekerja),Sering (3-4 kali dalam seminggu),0,0,0,0,0,0,2,5.00,5.5,4.83,4.29,4.96,5.31,3.60,5.33,5.29,4.8,5.67,4.4,80,11,19,16,1.6,20,9.26,45,6,2,0,190.98,19.1,0,33.33,16,10,6,100,12,0,1,66.67,3,2,2,11.06,0,6,3,1,0,1,1,1,1,1,1,1,1,0,1,2,3,1,2,3,1,2,3,1,0,0,0,0,0,0,0,0,0,0,Easy,Easy,Easy,Easy,Easy,Easy,Normal,Normal,Normal,Hard,45,40.67,5.9,7.28,12.25,4.27,6.68,19.85,4.08,45,1,1,1,1,1,1,1,1,1,1,36.23,3.1,2.1,1.7,1.75,1.43,1.02,17.93,1.08,44.22,0,1,1,1,1,1,1,1,1,0,33.33,0,0,Same,Harder,Harder,5,2,0,2,2,0,0,0,0,1,103.92,8.66,69.28
labkomjumat1a16,In-person,Laki-laki,21,SMA,Jawa,Mahasiswa,-,0,N/A (Bukan Pekerja),Jarang (3-4 kali dalam sebulan),0,0,0,0,0,0,3,3.75,4.3,4.06,4.79,3.52,3.46,3.00,3.83,5.00,3.6,3.17,3.8,90,2,11,13.5,1.35,90,0,30.53,0,0,1,170.62,17.06,0,33.33,0,0,0,33.33,2,0,3,0,0,0,0,0,0,10,0,0,1,1,0,1,1,1,1,1,1,1,1,2,3,1,2,3,1,2,3,1,0,0,1,0,0,0,0,0,0,0,Easy,Easy,Easy,Easy,Easy,Easy,Easy,Easy,Easy,Easy,12.18,31.23,30.53,27.75,13.62,9.77,23.7,11.07,3.6,7.17,0,0,0,0,0,0,0,0,0,0,,,,,,,,,,,3,2,0,3,3,3,2,3,3,3,33.33,0,0,Same,Same,Same,0,1,0,0,0,0,1,0,0,0,19.98,9.99,13.32
labkomjumat1a18,In-person,Laki-laki,19,SMA,Jawa,Mahasiswa,-,0,N/A (Bukan Pekerja),Jarang (3-4 kali dalam sebulan),0,0,0,0,0,0,2,4.25,4.7,3.83,4.00,4.16,4.08,3.20,3.67,4.43,4.8,3.67,4,80,3,11,8,0.8,70,13.88,42.84,2,2,2,191.28,19.13,10,33.33,2,2,0,33.33,3,1,2,0,2,1,0,24.12,7,3,0,0,0,0,1,1,1,1,1,1,1,1,1,2,3,1,2,3,1,2,3,1,1,1,0,0,0,0,0,0,0,0,Easy,Easy,Easy,Very Easy,Very Easy,Very Easy,Very Easy,Very Easy,Very Easy,Very Easy,35.8,49.88,33.82,10.93,26.37,5.9,6.4,12.1,3.97,6.12,0,0,1,0,1,0,0,0,0,0,,,29.4,,18.83,,,,,,0,0,1,3,1,3,3,3,3,3,66.67,0,0,Easier,Same,Same,1,1,0,0,1,0,0,0,0,0,31.29,10.43,20.86
labkomjumat1a19,In-person,Laki-laki,18,SMA,Jawa,Mahasiswa,-,0,N/A (Bukan Pekerja),Sering (3-4 kali dalam seminggu),0,0,0,0,0,0,3,4.25,4.6,4.11,3.86,3.99,4.00,3.20,4.50,4.43,3.8,4.17,4,80,6,14,14,1.4,80,19.39,42.94,4,3,1,220.92,22.09,10,33.33,4,2,2,66.67,7,1,1,33.33,2,1,0,21.52,0,4,6,0,1,1,1,0,0,1,1,1,1,1,1,2,3,1,2,3,1,2,3,1,0,0,0,0,1,0,0,0,0,0,Easy,Easy,Easy,Normal,Normal,Normal,Normal,Normal,Normal,Easy,18.8,20.4,11.63,45,40.88,22.98,8.27,36.72,10.05,6.18,1,0,0,0,0,0,0,1,0,0,16.28,,,,,,,26.75,,,1,2,3,0,0,2,3,1,3,3,0,66.67,0,Harder,Same,Easier,1,1,0,2,2,0,0,1,0,0,59.88,8.554286,39.92
labkomjumat1a2,In-person,Perempuan,19,SMA,Jawa,Mahasiswa,-,0,N/A (Bukan Pekerja),Tidak Pernah,0,0,0,0,0,0,1,5.75,5.4,4.28,4.57,4.68,4.77,2.20,5.17,5.00,4.6,4.83,4.6,50,3,8,5,0.5,100,63.4,45,2,2,0,303.48,30.35,0,100,0,0,0,100,4,1,2,0,0,0,0,0,7,3,0,0,0,0,0,1,1,0,1,1,0,1,1,2,3,1,2,3,1,2,3,1,0,0,0,0,0,0,0,0,0,0,Easy,Easy,Easy,Very Easy,Very Easy,Very Easy,Very Easy,Very Easy,Very Easy,Very Easy,45,45,45,23.1,15.58,45,11.6,19.93,45,8.27,0,0,0,0,0,0,0,0,0,0,,,,,,,,,,,0,0,0,2,2,0,3,2,0,3,100,33.33,33.33,Easier,Same,Same,1,1,0,1,0,0,0,1,0,0,115.98,28.995,77.32
labkomjumat1a20,In-person,Perempuan,19,SMA,Jawa,Mahasiswa,-,0,N/A (Bukan Pekerja),Jarang (3-4 kali dalam sebulan),0,0,0,0,0,0,1,4.75,4.2,4.56,4.36,4.22,4.23,3.20,4.67,5.43,4.4,3.67,4.6,90,5,14,19.5,1.95,90,14.92,45,2,1,0,208.43,20.84,10,0,3,2,1,33.33,5,0,1,66.67,1,1,1,23.62,0,6,3,1,1,1,1,1,1,1,1,0,1,1,1,2,3,1,2,3,1,2,3,1,0,0,0,0,0,0,0,0,0,0,Easy,Easy,Easy,Easy,Easy,Easy,Normal,Normal,Normal,Hard,28.25,18.38,22.9,7.1,10.95,6.77,9.52,45,14.97,44.6,0,0,0,0,0,0,0,0,1,1,,,,,,,,,9.45,37.78,2,2,2,3,3,3,3,0,1,1,0,0,33.33,Same,Harder,Harder,1,1,0,0,0,0,0,2,0,1,66.59,13.318,44.39333
labkomjumat1a23,In-person,Perempuan,18,SMA,Jawa,Mahasiswa,-,0,N/A (Bukan Pekerja),Selalu (Setiap Hari),0,0,0,0,0,0,3,4.75,4.9,4.78,4.57,4.53,4.85,4.20,5.00,5.00,4.8,5,3.8,50,0,5,5,0.5,100,33.16,45,1,1,0,293.87,29.39,0,100,0,0,0,100,1,3,0,0,0,0,0,0,7,3,0,0,0,0,0,0,1,1,1,0,1,1,1,2,3,1,2,3,1,2,3,1,0,0,0,0,0,0,0,0,0,0,Easy,Easy,Easy,Very Easy,Very Easy,Very Easy,Very Easy,Very Easy,Very Easy,Very Easy,45,45,45,45,40.58,6.75,8.6,45,4.2,8.73,0,0,0,0,0,0,0,0,0,0,,,,,,,,,,,0,0,0,0,2,3,3,0,3,3,100,33.33,33.33,Easier,Easier,Easier,1,0,0,0,0,0,0,0,0,0,49.73,49.73,33.15333
labkomjumat1a24,In-person,Perempuan,18,SMA,Jawa,Mahasiswa,-,0,N/A (Bukan Pekerja),Jarang (3-4 kali dalam sebulan),0,0,0,0,0,0,3,5.50,5.8,4.94,4.79,5.17,5.69,4.20,5.50,5.00,6,5.5,4,90,5,14,11,1.1,100,5.69,45,1,1,0,204.9,20.49,10,33.33,3,2,1,66.67,5,1,1,33.33,2,2,2,32.83,6,4,0,0,1,1,1,1,0,1,1,1,1,1,1,2,3,1,2,3,1,2,3,1,0,0,0,0,0,0,0,0,0,0,Easy,Easy,Easy,Very Easy,Very Easy,Very Easy,Very Easy,Very Easy,Very Easy,Easy,39.33,35.18,4.9,12.42,45,3.75,6.93,44.68,5.12,7.58,1,0,0,0,1,0,0,0,0,0,31.12,,,,34.55,,,,,,1,2,3,3,0,3,3,2,3,3,0,33.33,0,Easier,Same,Harder,2,1,0,0,1,0,0,1,0,0,51.24,10.248,34.16
labkomjumat1a25,In-person,Laki-laki,21,SMA,Jawa,Mahasiswa,-,0,N/A (Bukan Pekerja),Sering (3-4 kali dalam seminggu),0,0,0,0,0,0,3,4.50,4.6,3.78,4.86,3.98,3.85,4.00,4.83,2.71,4.6,3.33,4,100,2,12,23,2.3,70,0,0,0,0,0,130.97,13.1,0,0,3,3,0,66.67,2,0,1,66.67,3,0,0,14.26,0,3,6,1,1,1,1,1,1,1,1,1,1,1,1,2,3,1,2,3,1,2,3,1,0,0,0,0,0,0,0,0,0,0,Easy,Easy,Easy,Normal,Normal,Normal,Normal,Normal,Normal,Hard,12.52,12.4,8.7,8.33,28.53,15.32,10.13,11.4,3.43,20.2,0,0,0,0,1,1,0,0,0,1,,,,,17.3,11.33,,,,14.15,3,3,3,3,1,1,3,3,3,1,0,0,0,Harder,Same,Harder,0,0,0,0,1,0,0,0,0,1,17.43,8.715,11.62
labkomjumat1a3,In-person,Perempuan,18,SMA,Jawa,Mahasiswa,-,0,N/A (Bukan Pekerja),Sering (3-4 kali dalam seminggu),0,0,0,0,0,0,1,4.00,4,3.61,3.64,4.27,4.46,2.20,4.17,4.14,3.8,5,4,90,3,12,14.5,1.45,90,4.97,45,1,1,0,165.52,16.55,0,33.33,2,2,0,66.67,3,0,2,33.33,2,1,1,25.33,0,9,1,0,0,1,1,1,1,1,1,1,1,1,1,2,3,1,2,3,1,2,3,1,0,0,0,0,0,0,0,0,0,0,Easy,Easy,Easy,Easy,Easy,Easy,Easy,Easy,Easy,Normal,45,19.92,19.08,12.32,14.23,5.72,11.05,12.33,6.6,19.27,1,0,0,0,0,0,0,0,0,1,34.82,,,,,,,,,15.85,0,2,2,3,3,3,3,3,3,1,33.33,0,0,Same,Same,Harder,1,1,0,0,0,0,0,0,0,1,25.9,8.633333,17.26667
labkomjumat1a4,In-person,Perempuan,24,SMA,Jawa,Mahasiswa,-,0,N/A (Bukan Pekerja),Jarang (3-4 kali dalam sebulan),0,0,0,0,0,0,3,4.75,4.8,4.33,3.57,4.19,4.31,4.40,4.67,4.00,4.4,4.17,4,100,5,15,17.5,1.75,90,0,0,0,0,0,184.5,18.45,10,0,2,2,0,33.33,5,0,2,33.33,2,2,0,21.93,0,6,4,0,1,1,1,1,1,1,1,1,1,1,1,2,3,1,2,3,1,2,3,1,0,0,0,0,0,0,0,0,0,0,Easy,Easy,Easy,Easy,Easy,Easy,Normal,Normal,Normal,Normal,35.27,18.33,18.13,7.23,10.63,3.42,12.98,42.53,24.57,11.4,1,0,0,0,0,0,0,0,1,0,23.83,,,,,,,,20.03,,1,2,2,3,3,3,3,2,1,3,0,0,0,Same,Harder,Same,1,1,0,0,0,0,0,1,0,2,44.64,8.928,29.76
labkomjumat1a5,In-person,Perempuan,18,SMA,Jawa,Mahasiswa,-,0,N/A (Bukan Pekerja),Jarang (3-4 kali dalam sebulan),0,0,0,0,0,0,2,4.00,4.4,3.94,4.36,3.97,3.62,2.60,3.83,5.00,3.6,3.5,4.8,90,6,15,15.5,1.55,100,14.03,45,2,1,0,250.2,25.02,10,33.33,2,1,1,66.67,6,0,2,33.33,1,1,1,33.42,0,6,4,0,1,1,1,1,1,1,1,0,1,1,1,2,3,1,2,3,1,2,3,1,0,0,0,0,0,0,0,0,0,0,Easy,Easy,Easy,Easy,Easy,Easy,Normal,Normal,Normal,Normal,9.23,30.77,16.7,35.52,15.72,5.68,13.43,45,39.45,38.7,0,0,0,0,0,0,0,0,1,0,,,,,,,,,33.42,,3,2,2,2,2,3,3,0,1,2,0,0,33.33,Same,Harder,Same,0,1,0,1,1,0,0,2,0,1,78.43,13.07167,52.28667
labkomjumat1a8,In-person,Perempuan,20,SMA,Jawa,Mahasiswa,-,0,N/A (Bukan Pekerja),Selalu (Setiap Hari),0,0,0,0,0,0,2,4.25,4.4,4.33,3.93,4.34,4.46,3.20,5.00,4.57,4,4.83,4.2,100,2,12,15,1.5,100,0,0,0,0,0,96.52,9.65,0,0,0,0,0,0,2,0,3,0,0,0,0,0,0,10,0,0,1,1,1,1,1,1,1,1,1,1,1,2,3,1,2,3,1,2,3,1,0,0,0,0,0,0,0,0,0,0,Easy,Easy,Easy,Easy,Easy,Easy,Easy,Easy,Easy,Easy,7.72,18.38,16.78,4.5,23.63,3.18,4.7,9.57,2.63,5.42,0,0,0,0,0,0,0,0,0,0,,,,,,,,,,,3,2,2,3,2,3,3,3,3,3,0,0,0,Same,Same,Same,0,1,0,0,1,0,0,0,0,0,28.7,14.35,19.13333
labkomjumat1a9,In-person,Laki-laki,18,SMA,Jawa,Mahasiswa,-,0,N/A (Bukan Pekerja),Sering (3-4 kali dalam seminggu),0,0,0,0,0,0,1,4.25,3.4,3.28,4.50,3.88,3.77,1.00,4.83,3.57,2,4.83,4.8,100,6,16,16.5,1.65,40,0,0,0,0,0,183.15,18.32,10,0,7,7,0,33.33,6,1,1,33.33,2,1,0,10.09,0,7,3,0,1,1,1,1,1,1,1,1,1,1,1,2,3,1,2,3,1,2,3,1,0,0,0,0,0,0,0,0,0,0,Easy,Easy,Easy,Easy,Easy,Easy,Normal,Normal,Normal,Easy,38.6,41.42,10.33,20.05,11.62,5.28,17.08,19.28,10.93,8.55,1,0,1,1,0,0,1,1,1,1,27.2,,5.53,9.93,,,9.08,11.32,5.2,2.38,1,2,1,1,3,3,1,1,1,1,0,0,0,Same,Harder,Easier,1,1,0,1,0,0,1,1,0,1,48.41,8.068333,32.27333
labkomjumat1b1,In-person,Laki-laki,22,SMA,Jawa,Mahasiswa,-,0,N/A (Bukan Pekerja),Tidak Pernah,0,0,0,0,0,0,1,3.50,3.8,3.06,3.50,3.88,3.77,2.80,3.17,3.14,3.6,3.83,4.2,100,4,14,16.5,1.65,100,0,0,0,0,0,206.88,20.69,40,0,4,4,0,33.33,4,1,1,33.33,4,4,0,26.01,0,7,3,0,1,1,1,1,1,1,1,1,1,1,1,2,3,1,2,3,1,2,3,1,0,0,0,0,0,0,0,0,0,0,Easy,Easy,Easy,Easy,Easy,Easy,Normal,Normal,Normal,Easy,33.5,21.43,13.42,5.9,12.1,4.43,31.87,43.32,34.18,6.73,1,0,0,0,0,0,1,1,1,0,29.98,,,,,,24.52,25.3,24.25,,1,2,3,3,3,3,1,1,1,3,0,0,0,Same,Harder,Easier,1,1,0,0,0,0,1,1,0,0,48.56,12.14,32.37333
labkomjumat1b10,In-person,Perempuan,18,SMA,Jawa,Mahasiswa,manajer,0,Manajer,Sering (3-4 kali dalam seminggu),0,0,0,0,0,0,1,5.50,5.6,4.67,3.21,4.63,5.00,3.00,5.17,5.43,5.4,4.5,4,100,5,15,12,1.2,60,0,0,0,0,0,180.55,18.05,10,0,5,5,0,33.33,5,1,1,33.33,3,1,0,14.42,6,4,0,0,1,1,1,1,1,1,1,1,1,1,1,2,3,1,2,3,1,2,3,1,0,0,0,0,0,0,0,0,0,0,Easy,Easy,Easy,Very Easy,Very Easy,Very Easy,Very Easy,Very Easy,Very Easy,Easy,36.1,20.63,9.6,8.95,34.27,15.67,7.88,19.45,5.08,22.92,1,0,0,0,1,1,0,1,0,1,25.58,,,,14.87,9.13,,8.42,,14.12,1,2,3,3,1,1,3,1,3,1,0,0,0,Easier,Same,Harder,1,1,0,0,1,0,0,1,0,1,54.48,10.896,36.32
labkomjumat1b11,In-person,Perempuan,19,SMA,Jawa,Mahasiswa,-,0,N/A (Bukan Pekerja),Jarang (3-4 kali dalam sebulan),0,0,0,0,0,0,1,4.75,4.7,3.78,4.86,4.39,4.69,1.80,4.67,4.43,4.2,5.17,3.8,90,5,14,16,1.6,70,7.38,45,1,1,0,227.8,22.78,10,33.33,4,4,0,66.67,5,0,2,33.33,3,2,0,17.58,0,6,4,0,1,0,1,1,1,1,1,1,1,1,1,2,3,1,2,3,1,2,3,1,0,0,0,0,0,0,0,0,0,0,Easy,Easy,Easy,Easy,Easy,Easy,Normal,Normal,Normal,Normal,32.65,45,8.97,11.62,23.1,3.63,30.4,35.23,24.53,12.67,1,0,0,0,1,0,0,1,1,0,25.3,,,,8.72,,,15.68,20.63,,1,0,3,3,1,3,2,1,1,3,33.33,0,0,Same,Harder,Same,1,1,0,0,1,0,1,1,0,0,55.24,11.048,36.82667
labkomjumat1b12,In-person,Perempuan,19,SMA,Jawa,Mahasiswa,-,0,N/A (Bukan Pekerja),Jarang (3-4 kali dalam sebulan),0,0,0,0,0,0,4,4.75,3.9,3.72,3.93,4.22,4.23,3.20,2.17,5.43,4.4,3.67,4.6,100,2,12,17.5,1.75,100,0,0,0,0,0,152.85,15.29,10,0,1,1,0,33.33,2,0,2,33.33,1,1,0,25.78,0,6,4,0,1,1,1,1,1,1,1,1,1,1,1,2,3,1,2,3,1,2,3,1,0,0,0,0,0,0,0,0,0,0,Easy,Easy,Easy,Easy,Easy,Easy,Normal,Normal,Normal,Normal,8.42,18.15,13.38,8.8,14.57,3.47,10.13,29.5,36.95,9.48,0,0,0,0,0,0,0,0,1,0,,,,,,,,,25.78,,3,2,3,3,3,3,3,2,1,3,0,0,0,Same,Harder,Same,0,1,0,0,0,0,0,1,0,0,25.83,12.915,17.22
labkomjumat1b13,In-person,Perempuan,18,SMA,Jawa,Mahasiswa,-,0,N/A (Bukan Pekerja),Sering (3-4 kali dalam seminggu),0,0,0,0,0,0,1,4.50,4.8,3.67,3.71,4.27,4.23,2.40,3.67,4.57,4.4,4,4.4,100,2,12,15,1.5,100,0,0,0,0,0,86.32,8.63,0,0,0,0,0,0,2,0,3,0,0,0,0,0,0,10,0,0,1,1,1,1,1,1,1,1,1,1,1,2,3,1,2,3,1,2,3,1,0,0,0,0,0,0,0,0,0,0,Easy,Easy,Easy,Easy,Easy,Easy,Easy,Easy,Easy,Easy,7.57,20.35,4.93,17.47,9.02,3.1,6.32,9.05,3.68,4.83,0,0,0,0,0,0,0,0,0,0,,,,,,,,,,,3,2,3,2,3,3,3,3,3,3,0,0,0,Same,Same,Same,0,1,0,1,0,0,0,0,0,0,17.33,8.665,11.55333
labkomjumat1b14,In-person,Perempuan,21,SMA,Jawa,Mahasiswa,-,0,N/A (Bukan Pekerja),Selalu (Setiap Hari),0,0,0,0,0,0,3,2.75,3.3,3.56,3.64,3.56,3.62,2.20,5.00,3.29,2.6,4.67,3.4,90,5,14,10.5,1.05,100,5.6,45,2,1,0,175.53,17.55,10,33.33,2,1,1,66.67,5,1,1,33.33,1,1,0,28.47,6,4,0,0,0,1,1,1,1,1,1,1,1,1,1,2,3,1,2,3,1,2,3,1,0,0,0,0,0,0,0,0,0,0,Easy,Easy,Easy,Very Easy,Very Easy,Very Easy,Very Easy,Very Easy,Very Easy,Easy,45,18,35.42,5.32,31.2,6.28,8.9,15.67,3.55,6.2,0,0,1,0,0,0,0,0,0,0,,,28.47,,,,,,,,0,2,1,3,2,3,3,2,3,3,33.33,0,0,Easier,Same,Harder,2,1,0,0,1,0,0,1,0,0,43.96,8.792,29.30667
labkomjumat1b15,In-person,Perempuan,19,SMA,Jawa,Mahasiswa,-,0,N/A (Bukan Pekerja),Jarang (3-4 kali dalam sebulan),0,0,0,0,0,0,1,4.50,4.7,3.78,3.64,4.63,4.62,3.40,3.17,4.57,4.6,4.5,4.8,0,2,2,0,0,0,53.57,20.98,5,5,10,209.85,20.98,0,0,1,1,0,0,5,0,0,100,1,1,0,25.18,0,3,3,4,0,0,0,0,0,0,0,0,0,0,1,2,3,1,2,3,1,2,3,1,1,1,1,1,1,1,1,1,1,1,Easy,Easy,Easy,Normal,Normal,Normal,Hard,Hard,Hard,Hard,33.13,42.35,10.57,9.3,51.82,7.28,15.63,21.78,6.58,11.4,1,0,0,0,0,0,0,0,0,0,25.18,,,,,,,,,,0,0,0,0,0,0,0,0,0,0,100,100,100,Harder,Harder,Harder,1,1,0,1,2,0,0,0,0,0,80.36,16.072,53.57333
labkomjumat1b16,In-person,Perempuan,21,SMA,Jawa,Mahasiswa,-,0,N/A (Bukan Pekerja),Tidak Pernah,0,0,0,0,0,0,1,4.25,4.6,3.56,3.43,4.13,4.08,2.60,3.17,4.57,4,4,4.4,90,5,14,15.5,1.55,70,8.99,45,1,1,0,175.68,17.57,0,33.33,4,4,0,66.67,5,0,2,33.33,2,1,0,13.55,0,6,4,0,1,1,1,1,1,1,1,0,1,1,1,2,3,1,2,3,1,2,3,1,0,0,0,0,0,0,0,0,0,0,Easy,Easy,Easy,Easy,Easy,Easy,Normal,Normal,Normal,Normal,24.23,16.8,13.93,12.95,11.53,3.77,20.22,45,16.68,10.57,1,0,0,1,0,0,0,1,1,0,17.77,,,2.53,,,,27.05,6.83,,1,2,3,1,3,3,2,0,1,3,0,0,33.33,Same,Harder,Same,1,1,0,1,0,0,1,1,0,0,45.08,9.016,30.05333
labkomjumat1b17,In-person,Perempuan,22,SMA,Jawa,Mahasiswa,-,0,N/A (Bukan Pekerja),Jarang (3-4 kali dalam sebulan),0,0,0,0,0,0,1,5.25,5.4,3.61,3.64,3.93,4.15,1.20,3.50,5.43,4.6,4,3.2,90,4,13,10.5,1.05,90,3.8,45,1,1,0,148.35,14.83,0,33.33,2,2,0,66.67,4,1,1,33.33,2,1,1,24.16,6,4,0,0,0,1,1,1,1,1,1,1,1,1,1,2,3,1,2,3,1,2,3,1,0,0,0,0,0,0,0,0,0,0,Easy,Easy,Easy,Very Easy,Very Easy,Very Easy,Very Easy,Very Easy,Very Easy,Easy,45,22.37,8.18,6.55,21.33,5.85,5.78,17.07,4.98,11.23,1,0,0,0,1,0,0,0,0,0,36.88,,,,11.43,,,,,,0,2,3,3,1,3,3,2,3,3,33.33,0,0,Easier,Same,Harder,1,1,0,0,1,0,0,1,0,0,43.47,10.8675,28.98
labkomjumat1b2,In-person,Laki-laki,19,SMA,Jawa,Mahasiswa,-,0,N/A (Bukan Pekerja),Jarang (3-4 kali dalam sebulan),0,0,0,0,0,0,1,5.00,4.4,3.72,3.57,3.71,3.85,3.00,3.67,4.29,3.2,4.33,3.6,30,0,3,7.5,0.75,100,68.14,45,1,1,0,388.02,38.8,0,33.33,0,0,0,33.33,1,0,1,66.67,0,0,0,0,0,3,3,4,0,1,1,0,0,1,0,0,0,0,1,2,3,1,2,3,1,2,3,1,0,0,0,0,0,0,0,0,0,0,Easy,Easy,Easy,Normal,Normal,Normal,Hard,Hard,Hard,Hard,45,32.43,26.15,45,45,14.43,45,45,45,45,0,0,0,0,0,0,0,0,0,0,,,,,,,,,,,0,2,2,0,0,3,0,0,0,0,33.33,66.67,100,Harder,Harder,Same,0,0,0,0,1,0,0,0,0,0,102.22,102.22,68.14667
labkomjumat1b22,In-person,Perempuan,18,SMA,Jawa,Mahasiswa,-,0,N/A (Bukan Pekerja),Sering (3-4 kali dalam seminggu),0,0,0,0,0,0,2,4.75,4.5,4.33,3.79,4.11,4.23,4.20,3.33,5.29,4.6,4.33,3.4,80,3,11,17,1.7,70,6.16,28.07,1,1,1,201.85,20.18,10,33.33,4,4,0,66.67,3,0,1,66.67,4,2,2,30.23,0,3,6,1,1,1,1,1,0,1,1,1,0,1,1,2,3,1,2,3,1,2,3,1,0,0,0,0,0,0,0,0,1,0,Easy,Easy,Easy,Normal,Normal,Normal,Normal,Normal,Normal,Hard,20.32,12.22,6.92,10.47,45,20.08,5.48,10.42,11.15,59.8,1,0,0,0,1,1,0,0,0,1,17.87,,,,34.43,17.75,,,,50.88,1,3,3,3,0,1,3,3,0,1,0,33.33,33.33,Harder,Same,Harder,1,0,0,0,1,0,0,0,0,1,17.3,5.766667,11.53333
labkomjumat1b24,In-person,Perempuan,19,SMA,Jawa,Mahasiswa,mahasiswa,0,N/A (Bukan Pekerja),Tidak Pernah,0,0,0,0,0,0,1,4.00,4.5,4,4.36,4.44,4.46,3.40,3.50,4.86,4.4,4.33,4.6,60,0,6,6,0.6,100,0,45,0,0,0,286.93,28.69,0,100,0,0,0,100,0,2,1,0,0,0,0,0,7,3,0,0,0,0,1,1,0,1,1,0,1,1,1,2,3,1,2,3,1,2,3,1,0,0,0,0,0,0,0,0,0,0,Easy,Easy,Easy,Very Easy,Very Easy,Very Easy,Very Easy,Very Easy,Very Easy,Very Easy,45,45,23.42,30.02,45,9.47,26.35,45,7.05,10.63,0,0,0,0,0,0,0,0,0,0,,,,,,,,,,,0,0,2,2,0,3,2,0,3,3,66.67,33.33,33.33,Easier,Easier,Same,0,0,0,0,0,0,0,0,0,0,0,0,0
labkomjumat1b25,In-person,Perempuan,20,S1/D4,Jawa,Mahasiswa,0,0,N/A (Bukan Pekerja),Jarang (3-4 kali dalam sebulan),0,0,0,0,0,0,1,4.00,3.8,3.94,4.21,3.69,3.69,2.80,4.33,4.43,3.6,3.67,3.8,20,1,3,2,0.2,100,94.24,45,2,2,0,379.23,37.92,0,100,2,0,2,100,2,3,0,0,0,0,0,0,7,3,0,0,0,0,0,0,0,0,1,0,0,1,1,2,3,1,2,3,1,2,3,1,0,0,0,0,0,0,0,0,0,0,Easy,Easy,Easy,Very Easy,Very Easy,Very Easy,Very Easy,Very Easy,Very Easy,Very Easy,45,45,45,45,45,45,10.02,45,45,9.22,0,0,0,0,0,0,0,0,0,0,,,,,,,,,,,0,0,0,0,0,0,3,0,0,3,100,100,66.67,Easier,Easier,Easier,1,1,0,0,0,0,0,0,0,0,141.37,70.685,94.24667
labkomjumat1b4,In-person,Laki-laki,20,SMA,Jawa,Mahasiswa,-,0,N/A (Bukan Pekerja),Jarang (3-4 kali dalam sebulan),0,0,0,0,0,0,2,5.75,5.5,4.61,4.00,4.28,4.23,4.40,3.83,5.43,4.2,3.83,4.8,100,4,14,12,1.2,100,0,0,0,0,0,155.4,15.54,10,0,1,1,0,33.33,4,1,1,33.33,1,1,1,33.62,6,4,0,0,1,1,1,1,1,1,1,1,1,1,1,2,3,1,2,3,1,2,3,1,0,0,0,0,0,0,0,0,0,0,Easy,Easy,Easy,Very Easy,Very Easy,Very Easy,Very Easy,Very Easy,Very Easy,Easy,44.28,20.35,5.68,9.93,29.15,7.17,12.98,15.97,3.55,6.33,1,0,0,0,0,0,0,0,0,0,33.62,,,,,,,,,,1,2,3,3,2,3,3,2,3,3,0,0,0,Easier,Same,Harder,1,1,0,0,1,0,0,1,0,0,45.41,11.3525,30.27333
labkomjumat1b5,In-person,Laki-laki,22,SMA,Jawa,Mahasiswa,-,0,N/A (Bukan Pekerja),Sering (3-4 kali dalam seminggu),0,0,0,0,0,0,4,4.50,4.6,3.94,4.43,4.60,4.38,3.00,3.50,5.00,4.6,4,5.2,90,7,16,17,1.7,40,8.13,45,1,1,0,212.38,21.24,0,33.33,7,7,0,66.67,7,0,2,33.33,5,1,1,15.3,0,3,7,0,1,1,1,1,0,1,1,1,1,1,1,2,3,1,2,3,1,2,3,1,0,0,0,0,0,0,0,0,0,0,Easy,Easy,Easy,Normal,Normal,Normal,Normal,Normal,Normal,Normal,24.9,21.13,14.12,14.72,45,17.3,12.55,20.78,23.6,18.28,1,0,0,1,1,1,1,0,1,1,12.93,,,9.65,40.93,13.28,4,,15.15,11.12,1,2,3,1,0,1,1,2,1,1,0,33.33,0,Harder,Same,Same,1,1,0,1,1,0,1,1,0,1,58.78,8.397143,39.18667
labkomjumat1b6,In-person,Laki-laki,24,D1/D2/D3,Jawa,Mahasiswa,-,0,N/A (Bukan Pekerja),Jarang (3-4 kali dalam sebulan),0,0,0,0,0,0,2,4.75,5,4.56,3.93,4.24,4.54,4.20,3.50,5.71,4.6,4.33,3.8,100,5,15,12.5,1.25,50,0,0,0,0,0,135.97,13.6,0,0,6,5,1,0,5,1,2,0,1,0,0,6.88,4,6,0,0,1,1,1,1,1,1,1,1,1,1,1,2,3,1,2,3,1,2,3,1,0,0,0,0,0,0,0,0,0,0,Easy,Easy,Easy,Easy,Easy,Easy,Very Easy,Very Easy,Very Easy,Very Easy,27.07,28.82,8.72,14.42,13.2,15.83,5.78,11.62,4.43,6.08,1,0,1,1,0,1,0,1,0,0,16.63,,3.07,3.12,,8.47,,3.1,,,1,2,1,1,3,1,3,1,3,3,0,0,0,Same,Easier,Same,1,1,0,1,0,0,0,2,0,0,65.2,13.04,43.46667
labkomjumat1b7,In-person,Laki-laki,21,SMA,Luar Jawa,Mahasiswa,-,0,N/A (Bukan Pekerja),Sering (3-4 kali dalam seminggu),0,0,0,0,0,0,1,4.50,4.7,4.17,4.43,4.24,4.31,4.20,3.67,4.57,4.2,4.33,4.2,70,1,8,19,1.9,80,22.14,37.77,1,1,1,246.87,24.69,10,33.33,3,2,1,66.67,1,0,1,66.67,2,1,0,19.96,0,3,3,4,1,1,1,1,0,0,1,1,0,1,1,2,3,1,2,3,1,2,3,1,0,0,0,0,0,1,0,0,0,0,Easy,Easy,Easy,Normal,Normal,Normal,Hard,Hard,Hard,Hard,10.55,19.58,6.27,10.85,45,23.32,32.15,41.43,45,12.72,0,0,0,0,0,0,0,1,1,0,,,,,,,,25.77,14.15,,3,2,3,3,0,0,3,1,0,3,0,66.67,33.33,Harder,Harder,Same,0,0,0,0,1,0,0,0,0,0,33.22,33.22,22.14667
labkomjumat1b8,In-person,Laki-laki,19,SMA,Jawa,Mahasiswa,-,0,N/A (Bukan Pekerja),Sering (3-4 kali dalam seminggu),0,0,0,0,0,0,3,5.50,5.5,5.44,4.14,5.41,5.62,4.60,5.83,5.71,5.4,5.83,5,90,5,14,14.5,1.45,90,51.72,45,2,1,0,228.13,22.81,20,33.33,5,4,1,66.67,5,1,1,33.33,4,4,1,27.01,0,7,3,0,1,1,1,1,1,1,1,0,1,1,1,2,3,1,2,3,1,2,3,1,0,0,0,0,0,0,0,0,0,0,Easy,Easy,Easy,Easy,Easy,Easy,Normal,Normal,Normal,Easy,37.03,43.8,10.58,33.78,11.85,4.13,20.15,45,16.08,5.72,1,1,0,1,0,0,0,1,0,0,26.42,26.6,,21.92,,,,33.12,,,1,1,3,1,3,3,2,0,2,3,0,0,33.33,Same,Harder,Easier,1,1,0,1,0,0,0,2,0,0,107.73,21.546,71.82
labkomjumat1b9,In-person,Perempuan,18,SMA,Jawa,Mahasiswa,-,0,N/A (Bukan Pekerja),Jarang (3-4 kali dalam sebulan),0,0,0,0,0,0,3,4.50,5.1,3.11,5.36,4.27,4.38,2.80,2.50,3.86,4.8,4,4,80,3,11,12,1.2,80,20.37,11.02,2,1,2,137.83,13.78,10,66.67,2,1,1,66.67,3,0,3,0,1,1,0,23.4,0,10,0,0,1,1,0,0,1,1,1,1,1,1,1,2,3,1,2,3,1,2,3,1,0,0,1,1,0,0,0,0,0,0,Easy,Easy,Easy,Easy,Easy,Easy,Easy,Easy,Easy,Easy,10.45,27.03,6.85,15.18,12.48,28.53,12.92,10.47,6.98,6.93,0,0,0,0,0,1,0,0,0,0,,,,,,23.4,,,,,3,2,0,0,3,1,3,3,3,3,33.33,33.33,0,Same,Same,Same,0,1,0,2,0,0,0,0,0,0,46.83,15.61,31.22
labkomkamis1a1,In-person,Perempuan,20,SMA,Jawa,Mahasiswa,-,0,N/A (Bukan Pekerja),Sering (3-4 kali dalam seminggu),0,0,0,0,0,0,3,4.25,4,3.72,3.21,3.87,4.00,2.60,3.50,4.71,3.8,4,3.8,100,4,14,14.5,1.45,80,0,0,0,0,0,177.58,17.76,0,0,2,2,0,66.67,4,1,0,66.67,2,0,0,12.72,3,6,1,0,1,1,1,1,1,1,1,1,1,1,1,2,3,1,2,3,1,2,3,1,0,0,0,0,0,0,0,0,0,0,Easy,Easy,Easy,Very Easy,Very Easy,Very Easy,Easy,Easy,Easy,Normal,33.87,40.18,10,8.37,29.85,5.32,7.3,12.83,11.68,18.18,1,0,0,0,1,0,0,0,0,0,13.7,,,,11.73,,,,,,1,2,3,3,1,3,3,3,3,2,0,0,0,Easier,Harder,Harder,1,1,0,0,1,0,0,0,0,1,39.37,9.8425,26.24667
labkomkamis1a10,In-person,Perempuan,20,D1/D2/D3,Jawa,Mahasiswa,-,0,N/A (Bukan Pekerja),Jarang (3-4 kali dalam sebulan),0,0,0,0,0,0,1,5.00,4.8,4.61,3.64,4.62,4.54,3.00,4.83,5.57,4.4,4.67,4.8,100,6,16,12,1.2,80,0,0,0,0,0,166,16.6,20,0,4,4,0,33.33,6,1,1,33.33,3,2,1,18.07,6,4,0,0,1,1,1,1,1,1,1,1,1,1,1,2,3,1,2,3,1,2,3,1,0,0,0,0,0,0,0,0,0,0,Easy,Easy,Easy,Very Easy,Very Easy,Very Easy,Very Easy,Very Easy,Very Easy,Easy,39.23,18.47,20.8,7.53,17.35,5.88,4.92,34.3,3.27,14.25,1,0,1,0,0,0,0,1,0,1,31.12,,15.35,,,,,22.28,,3.55,1,2,1,3,2,3,3,1,3,1,0,0,0,Easier,Same,Harder,1,1,0,0,1,0,0,2,0,1,47.24,7.873333,31.49333
labkomkamis1a11,In-person,Perempuan,18,SMA,Jawa,Mahasiswa,-,0,N/A (Bukan Pekerja),Sering (3-4 kali dalam seminggu),0,0,0,0,0,0,2,5.00,4.7,3.72,4.64,3.98,4.15,2.00,3.00,5.57,3.6,4.33,4,60,5,11,12.5,1.25,90,56.5,45,6,4,0,302.38,30.24,10,33.33,7,4,3,33.33,6,0,1,66.67,4,3,1,27.45,0,6,3,1,1,0,1,1,0,1,1,0,1,0,1,2,3,1,2,3,1,2,3,1,0,0,0,0,0,0,0,0,0,0,Easy,Easy,Easy,Easy,Easy,Easy,Normal,Normal,Normal,Hard,8.77,45,20.85,31.22,45,3.13,19.12,45,39.3,45,0,1,0,0,0,0,0,1,1,1,,18.88,,,,,,28.87,35.83,26.2,3,0,2,2,0,3,2,0,1,0,33.33,33.33,33.33,Same,Harder,Harder,0,1,0,0,1,0,0,3,0,1,124.05,20.675,82.7
labkomkamis1a12,In-person,Laki-laki,19,SMA,Jawa,Mahasiswa,-,0,N/A (Bukan Pekerja),Sering (3-4 kali dalam seminggu),0,0,0,0,0,0,2,4.50,5.1,5,3.57,4.80,5.00,5.20,5.83,4.14,5,6,3.4,90,2,11,10.5,1.05,90,8.32,45,1,1,0,139.37,13.94,0,33.33,2,2,0,66.67,2,1,1,33.33,2,1,0,21.15,6,4,0,0,1,0,1,1,1,1,1,1,1,1,1,2,3,1,2,3,1,2,3,1,0,0,0,0,0,0,0,0,0,0,Easy,Easy,Easy,Very Easy,Very Easy,Very Easy,Very Easy,Very Easy,Very Easy,Easy,9.65,45,22.15,8.07,19.65,5.38,7.42,11.82,3.7,6.53,0,1,1,0,0,0,0,0,0,0,,24.47,17.83,,,,,,,,3,0,1,3,2,3,3,3,3,3,33.33,0,0,Easier,Same,Harder,0,1,0,0,1,0,0,0,0,0,20.15,10.075,13.43333
labkomkamis1a13,In-person,Laki-laki,19,SMA,Jawa,Mahasiswa,-,0,N/A (Bukan Pekerja),Sering (3-4 kali dalam seminggu),0,0,0,0,0,0,3,4.25,5.1,4.28,5.00,4.73,4.69,2.60,5.17,4.71,4.8,5,4.4,100,4,14,23,2.3,60,0,0,0,0,0,187.45,18.74,10,0,5,5,0,66.67,4,0,1,66.67,3,2,1,17.39,0,3,6,1,1,1,1,1,1,1,1,1,1,1,1,2,3,1,2,3,1,2,3,1,0,0,0,0,0,0,0,0,0,0,Easy,Easy,Easy,Normal,Normal,Normal,Normal,Normal,Normal,Hard,39.77,14.8,6.97,11.7,15.78,34.48,14.47,11.95,14.9,22.63,1,0,0,0,0,1,1,0,1,1,32.12,,,,,21.47,8.32,,8.13,16.9,1,3,3,3,2,1,1,3,1,1,0,0,0,Harder,Same,Harder,1,0,0,0,1,0,1,0,0,1,36.65,9.1625,24.43333
labkomkamis1a14,In-person,Perempuan,21,SMA,Jawa,Mahasiswa,-,0,N/A (Bukan Pekerja),Jarang (3-4 kali dalam sebulan),0,0,0,0,0,0,1,4.25,4.5,4.11,4.93,4.08,4.08,1.40,5.50,4.86,3,4.83,4.4,80,6,14,13,1.3,100,13.02,45,2,1,0,208.73,20.87,0,33.33,1,0,1,66.67,6,1,1,33.33,0,0,0,0,0,7,3,0,1,1,1,1,1,1,1,0,0,1,1,2,3,1,2,3,1,2,3,1,0,0,0,0,0,0,0,0,0,0,Easy,Easy,Easy,Easy,Easy,Easy,Normal,Normal,Normal,Easy,27.53,18.13,18.7,9.4,15.25,6.3,15.55,45,45,7.87,0,0,0,0,0,0,0,0,0,0,,,,,,,,,,,2,2,2,3,2,3,2,0,0,3,0,0,66.67,Same,Harder,Easier,1,1,0,0,1,0,1,2,0,0,80.18,13.36333,53.45333
labkomkamis1a15,In-person,Perempuan,21,SMA,Jawa,Mahasiswa,mahasiswa,0,N/A (Bukan Pekerja),Sering (3-4 kali dalam seminggu),0,0,0,0,0,0,2,5.25,4.9,4.44,4.07,4.17,4.54,2.80,4.33,5.71,4.6,4.5,3.4,80,4,12,9.5,0.95,90,23.74,45,3,2,0,236.1,23.61,20,66.67,4,3,1,100,4,1,1,33.33,3,2,0,22.5,6,4,0,0,1,0,1,1,0,1,1,1,1,1,1,2,3,1,2,3,1,2,3,1,0,0,0,0,0,0,0,0,0,0,Easy,Easy,Easy,Very Easy,Very Easy,Very Easy,Very Easy,Very Easy,Very Easy,Easy,38.82,45,35.32,7.37,45,31.82,8.13,15.25,4.27,5.13,1,1,1,0,0,0,0,0,0,0,24.9,17.57,25.03,,,,,,,,1,0,1,3,0,2,3,2,3,3,33.33,33.33,0,Easier,Same,Harder,1,1,0,0,2,0,0,0,0,0,51.36,12.84,34.24
labkomkamis1a16,In-person,Perempuan,19,SMA,Jawa,Mahasiswa,-,0,N/A (Bukan Pekerja),Jarang (3-4 kali dalam sebulan),0,0,0,0,0,0,4,4.50,5.1,4.78,4.21,5.01,5.15,4.00,5.17,5.00,5.4,4.83,4.8,100,4,14,16.5,1.65,90,0,0,0,0,0,156.03,15.6,10,0,2,2,0,33.33,4,1,1,33.33,2,1,0,18.48,0,7,3,0,1,1,1,1,1,1,1,1,1,1,1,2,3,1,2,3,1,2,3,1,0,0,0,0,0,0,0,0,0,0,Easy,Easy,Easy,Easy,Easy,Easy,Normal,Normal,Normal,Easy,22.52,19.07,6.27,23.93,10.62,3.57,6.75,37.47,18.68,7.17,0,0,0,0,0,0,0,1,1,0,,,,,,,,24.83,12.12,,2,2,3,2,3,3,3,1,1,3,0,0,0,Same,Harder,Easier,1,1,0,1,0,0,0,1,0,0,36.66,9.165,24.44
labkomkamis1a19,In-person,Laki-laki,18,SMA,Luar Jawa,Mahasiswa,-,0,N/A (Bukan Pekerja),Sering (3-4 kali dalam seminggu),0,0,0,0,0,0,3,4.75,5.3,5.56,5.00,4.54,4.85,5.60,5.50,5.57,4.8,4.83,4,90,5,14,13,1.3,60,7.74,45,1,1,0,173.02,17.3,0,33.33,4,4,0,100,5,1,0,66.67,1,0,0,9.62,3,6,1,0,1,0,1,1,1,1,1,1,1,1,1,2,3,1,2,3,1,2,3,1,0,0,0,0,0,0,0,0,0,0,Easy,Easy,Easy,Very Easy,Very Easy,Very Easy,Easy,Easy,Easy,Normal,17.68,45,18.03,7.32,21.02,9.25,15.72,17.12,8.22,13.67,1,1,1,0,0,0,0,1,0,0,7,16.02,8.32,,,,,7.15,,,1,0,1,3,2,3,2,1,3,3,33.33,0,0,Easier,Harder,Harder,1,1,0,0,1,0,1,1,0,0,44.77,8.954,29.84667
labkomkamis1a20,In-person,Perempuan,19,SMA,Jawa,Mahasiswa,-,0,N/A (Bukan Pekerja),Sering (3-4 kali dalam seminggu),0,0,0,0,0,0,2,5.25,4.6,3.83,5.50,4.82,4.69,3.40,3.33,4.57,4.6,4.67,5.2,90,5,14,14.5,1.45,70,12.91,45,2,1,0,205.8,20.58,10,33.33,5,4,1,66.67,5,1,1,33.33,4,1,0,20.23,0,7,3,0,1,1,1,1,1,1,1,0,1,1,1,2,3,1,2,3,1,2,3,1,0,0,0,0,0,0,0,0,0,0,Easy,Easy,Easy,Easy,Easy,Easy,Normal,Normal,Normal,Easy,34.5,16.83,25.37,10.9,11.2,3.75,26.52,45,24,7.73,1,0,1,0,0,0,1,0,1,0,25.07,,19.92,,,,18.43,,17.52,,1,2,1,3,3,3,1,0,1,3,0,0,33.33,Same,Harder,Easier,1,1,0,0,0,0,1,2,0,0,60.85,12.17,40.56667
labkomkamis1a21,In-person,Perempuan,22,SMA,Jawa,Mahasiswa,-,0,N/A (Bukan Pekerja),Sering (3-4 kali dalam seminggu),0,0,0,0,0,0,2,4.25,4.1,3.17,3.93,3.62,3.69,1.40,3.50,4.14,2.6,4.67,3.6,100,6,16,16,1.6,70,0,0,0,0,0,205.93,20.59,10,0,4,4,0,33.33,6,0,2,33.33,4,1,0,18.53,0,9,1,0,1,1,1,1,1,1,1,1,1,1,1,2,3,1,2,3,1,2,3,1,0,0,0,0,0,0,0,0,0,0,Easy,Easy,Easy,Easy,Easy,Easy,Easy,Easy,Easy,Normal,42.17,37.87,22.68,26.3,17.22,4.03,7.17,20.4,3.58,24.52,1,0,1,1,0,0,0,0,0,1,27.57,,15.62,15.42,,,,,,15.52,1,2,1,1,2,3,3,2,3,1,0,0,0,Same,Same,Harder,1,1,0,1,1,0,0,1,0,1,59.12,9.853333,39.41333
labkomkamis1a22,In-person,Perempuan,20,SMA,Jawa,Mahasiswa,-,0,N/A (Bukan Pekerja),Sering (3-4 kali dalam seminggu),0,0,0,0,0,0,3,5.00,4.9,4.5,3.57,4.99,5.08,3.60,4.50,5.14,5,5.17,4.8,100,3,13,15,1.5,90,0,0,0,0,0,134.6,13.46,10,0,2,2,0,0,3,0,3,0,2,1,0,22.52,0,10,0,0,1,1,1,1,1,1,1,1,1,1,1,2,3,1,2,3,1,2,3,1,0,0,0,0,0,0,0,0,0,0,Easy,Easy,Easy,Easy,Easy,Easy,Easy,Easy,Easy,Easy,37.23,21.8,20.23,5.77,10.32,5.28,4.88,19.5,4.65,4.93,1,1,0,0,0,0,0,0,0,0,25.43,19.6,,,,,,,,,1,1,2,3,3,3,3,2,3,3,0,0,0,Same,Same,Same,1,1,0,0,0,0,0,1,0,0,37.5,12.5,25
labkomkamis1a23,In-person,Perempuan,19,SMA,Jawa,Mahasiswa,-,0,N/A (Bukan Pekerja),Selalu (Setiap Hari),0,0,0,0,0,0,1,4.75,4.5,4.06,4.50,4.32,4.38,3.80,3.50,4.71,5,4.17,3.8,90,4,13,16,1.6,90,4.07,45,1,1,0,198.32,19.83,10,33.33,2,2,0,66.67,4,0,2,33.33,2,1,1,22.67,0,6,4,0,0,1,1,1,1,1,1,1,1,1,1,2,3,1,2,3,1,2,3,1,0,0,0,0,0,0,0,0,0,0,Easy,Easy,Easy,Easy,Easy,Easy,Normal,Normal,Normal,Normal,45,21.93,15.35,10.67,15.07,3.75,11.57,44.23,23.22,7.53,0,0,0,0,0,0,0,1,1,0,,,,,,,,32.73,12.6,,0,2,2,3,2,3,3,1,1,3,33.33,0,0,Same,Harder,Same,1,1,0,0,1,0,0,1,0,0,44.2,11.05,29.46667
labkomkamis1a24,In-person,Perempuan,19,SMA,Jawa,Mahasiswa,-,0,N/A (Bukan Pekerja),Jarang (3-4 kali dalam sebulan),0,0,0,0,0,0,2,4.00,4.8,4.17,4.21,4.14,4.31,2.20,5.17,4.71,3.6,4.83,4,100,5,15,13.5,1.35,40,0,0,0,0,0,181.3,18.13,0,0,6,6,0,33.33,5,1,1,33.33,1,0,0,8.1,3,7,0,0,1,1,1,1,1,1,1,1,1,1,1,2,3,1,2,3,1,2,3,1,0,0,0,0,0,0,0,0,0,0,Easy,Easy,Easy,Easy,Easy,Easy,Very Easy,Very Easy,Very Easy,Easy,40.52,35.23,11.23,25.5,13.73,5.37,8.08,24.63,5.87,11.13,1,1,1,1,0,0,0,1,0,1,18.63,5,6.77,5.88,,,,8.72,,3.6,1,1,1,1,3,3,3,1,3,1,0,0,0,Same,Easier,Harder,1,1,0,1,0,0,0,1,0,1,50.16,10.032,33.44
labkomkamis1a25,In-person,Perempuan,18,SMA,Jawa,Mahasiswa,-,0,N/A (Bukan Pekerja),Sering (3-4 kali dalam seminggu),0,0,0,0,0,0,1,5.00,5.2,4.94,4.21,4.60,4.69,3.60,5.83,5.14,4.2,5,4.6,80,4,12,12,1.2,90,7.08,45,1,1,0,220.4,22.04,10,33.33,2,2,0,100,4,1,0,66.67,2,1,0,22.77,3,6,1,0,1,0,0,1,1,1,1,1,1,1,1,2,3,1,2,3,1,2,3,1,0,0,0,0,0,0,0,0,0,0,Easy,Easy,Easy,Very Easy,Very Easy,Very Easy,Easy,Easy,Easy,Normal,28,45,45,8.8,9.27,3.65,36.73,10.22,4.45,29.28,1,0,0,0,0,0,1,0,0,0,17.57,,,,,,27.97,,,,1,0,0,3,3,3,1,3,3,2,66.67,0,0,Easier,Harder,Harder,1,1,0,0,0,0,1,0,0,1,29.46,7.365,19.64
labkomkamis1a28,In-person,Perempuan,19,SMA,Jawa,Mahasiswa,-,0,N/A (Bukan Pekerja),Jarang (3-4 kali dalam sebulan),0,0,0,0,0,0,2,5.00,4.7,3.78,5.14,4.10,4.23,3.20,3.17,4.71,5.2,3.5,3.6,80,5,13,8.5,0.85,100,16.67,45,2,2,0,201.62,20.16,0,66.67,2,1,1,66.67,5,3,0,0,1,1,1,39.63,7,3,0,0,1,0,1,1,0,1,1,1,1,1,1,2,3,1,2,3,1,2,3,1,0,0,0,0,0,0,0,0,0,0,Easy,Easy,Easy,Very Easy,Very Easy,Very Easy,Very Easy,Very Easy,Very Easy,Very Easy,35.77,45,10.45,9.43,45,10.1,12.27,15.83,9.43,8.33,0,0,0,0,1,0,0,0,0,0,,,,,39.63,,,,,,2,0,3,3,0,3,3,2,3,3,33.33,33.33,0,Easier,Easier,Easier,2,1,0,0,1,0,0,1,0,0,50.54,10.108,33.69333
labkomkamis1a29,In-person,Laki-laki,21,SMA,Jawa,Mahasiswa,-,0,N/A (Bukan Pekerja),Selalu (Setiap Hari),0,0,0,0,0,0,1,4.25,4.1,3.72,3.57,3.68,3.69,3.20,4.00,3.86,3.6,3.83,3.6,100,5,15,17.5,1.75,100,0,0,0,0,0,160.28,16.03,10,0,1,1,0,33.33,5,0,2,33.33,1,1,0,24.23,0,6,4,0,1,1,1,1,1,1,1,1,1,1,1,2,3,1,2,3,1,2,3,1,0,0,0,0,0,0,0,0,0,0,Easy,Easy,Easy,Easy,Easy,Easy,Normal,Normal,Normal,Normal,15.5,22.67,4.78,5.72,9.7,7.68,20.17,26.9,27.87,19.3,0,0,0,0,0,0,0,0,1,0,,,,,,,,,24.23,,2,2,3,3,3,3,2,2,1,2,0,0,0,Same,Harder,Same,1,1,0,0,0,0,1,1,0,1,38.44,7.688,25.62667
labkomkamis1a3,In-person,Laki-laki,21,SMA,Jawa,Mahasiswa,-,0,N/A (Bukan Pekerja),Selalu (Setiap Hari),0,0,0,0,0,0,4,3.50,3.6,4.72,3.71,3.94,4.08,3.40,5.50,5.00,4.4,3.83,3.6,80,3,11,15,1.5,70,11.28,15.1,1,1,2,197.8,19.78,20,33.33,3,3,0,66.67,3,0,2,33.33,3,2,0,25.13,0,3,7,0,1,1,1,1,0,0,1,1,1,1,1,2,3,1,2,3,1,2,3,1,0,0,0,0,1,1,0,0,0,0,Easy,Easy,Easy,Normal,Normal,Normal,Normal,Normal,Normal,Normal,33.83,13.18,21.08,8.47,16.92,13.28,6.65,43.45,30.5,10.43,1,0,0,0,0,0,0,1,1,0,28.05,,,,,,,27.77,19.58,,1,3,2,3,0,0,3,1,1,3,0,66.67,0,Harder,Same,Same,1,0,0,0,1,0,0,1,0,0,32.41,10.80333,21.60667
labkomkamis1a30,In-person,Laki-laki,21,SMA,Jawa,Mahasiswa,-,0,N/A (Bukan Pekerja),Jarang (3-4 kali dalam sebulan),0,0,0,0,0,0,1,4.75,4.8,3.67,4.93,4.66,4.69,3.80,3.33,3.86,5,4.17,4.8,100,3,13,14.5,1.45,70,0,0,0,0,0,160.32,16.03,10,0,4,4,0,66.67,3,1,0,66.67,2,1,0,14.71,3,6,1,0,1,1,1,1,1,1,1,1,1,1,1,2,3,1,2,3,1,2,3,1,0,0,0,0,0,0,0,0,0,0,Easy,Easy,Easy,Very Easy,Very Easy,Very Easy,Easy,Easy,Easy,Normal,34.63,44.48,15.12,8.8,12.05,3.6,10.37,12.85,4.2,14.22,1,1,1,0,0,0,1,0,0,0,19.8,29.37,6.52,,,,3.17,,,,1,1,1,3,3,3,1,3,3,3,0,0,0,Easier,Harder,Harder,1,1,0,0,0,0,1,0,0,0,24.4,8.133333,16.26667
labkomkamis1a32,In-person,Laki-laki,23,S1/D4,Jawa,Pekerja,crew store,2,Staf,Jarang (3-4 kali dalam sebulan),0,0,0,0,0,0,1,3.75,4.3,4.33,3.50,4.06,4.08,4.00,4.00,4.86,4.2,4.17,3.8,90,7,16,17,1.7,40,8.7,45,1,1,0,209.25,20.93,0,33.33,7,6,1,66.67,7,0,2,33.33,1,1,0,9.44,0,3,7,0,1,1,1,1,0,1,1,1,1,1,1,2,3,1,2,3,1,2,3,1,0,0,0,0,0,0,0,0,0,0,Easy,Easy,Easy,Normal,Normal,Normal,Normal,Normal,Normal,Normal,22.1,20.72,5.22,20.15,45,13.83,16.77,36.12,14.73,14.62,1,0,0,1,0,1,1,1,1,0,6.45,,,5.48,,8.53,8.08,20.12,7.97,,1,2,3,1,0,1,1,1,1,3,0,33.33,0,Harder,Same,Same,1,1,0,2,1,0,1,1,0,0,97.57,13.93857,65.04667
labkomkamis1a33,In-person,Laki-laki,22,S1/D4,Jawa,Pekerja,-,0,N/A (Bukan Pekerja),Selalu (Setiap Hari),0,0,0,0,0,0,1,4.00,4.2,3.39,4.36,3.58,3.69,3.00,2.33,4.57,4,3.33,3.4,90,3,12,14,1.4,90,17.82,26.3,1,1,1,138.3,13.83,0,0,0,0,0,33.33,3,0,2,33.33,0,0,0,0,0,9,1,0,1,1,1,1,1,1,1,1,1,0,1,2,3,1,2,3,1,2,3,1,0,0,0,0,0,0,0,0,0,1,Easy,Easy,Easy,Easy,Easy,Easy,Easy,Easy,Easy,Normal,7.58,27.95,16.07,13.2,10.95,3.2,10.3,17.83,4.92,26.3,0,0,0,0,0,0,0,0,0,0,,,,,,,,,,,3,2,2,3,3,3,3,2,3,0,0,0,0,Same,Same,Harder,0,1,0,0,0,0,0,1,0,1,56.07,18.69,37.38
labkomkamis1a36,In-person,Perempuan,20,SMA,Jawa,Mahasiswa,-,0,N/A (Bukan Pekerja),Sering (3-4 kali dalam seminggu),0,0,0,0,0,0,1,3.00,3.3,3,3.43,3.03,2.85,1.60,2.33,4.57,3,2.5,3.6,100,3,13,16,1.6,80,0,0,0,0,0,148.05,14.81,10,0,3,3,0,33.33,3,0,2,33.33,2,1,0,18.74,0,9,1,0,1,1,1,1,1,1,1,1,1,1,1,2,3,1,2,3,1,2,3,1,0,0,0,0,0,0,0,0,0,0,Easy,Easy,Easy,Easy,Easy,Easy,Easy,Easy,Easy,Normal,37.45,24,10.88,8.2,10.98,5.32,5.3,12.37,3.65,29.9,1,1,0,0,0,0,0,0,0,1,28.97,7.97,,,,,,,,19.28,1,1,3,3,3,3,3,3,3,1,0,0,0,Same,Same,Harder,1,1,0,0,0,0,0,0,0,1,33.05,11.01667,22.03333
labkomkamis1a37,In-person,Perempuan,18,SMA,Jawa,Mahasiswa,-,0,N/A (Bukan Pekerja),Jarang (3-4 kali dalam sebulan),0,0,0,0,0,0,2,6.00,5.9,4.94,3.07,4.81,5.38,3.60,4.83,6.00,4.6,5.83,4,90,7,16,10.5,1.05,100,18.92,45,1,1,0,195.98,19.6,0,0,0,0,0,33.33,7,1,1,33.33,0,0,0,0,6,4,0,0,1,1,1,1,1,1,1,1,1,0,1,2,3,1,2,3,1,2,3,1,0,0,0,0,0,0,0,0,0,0,Easy,Easy,Easy,Very Easy,Very Easy,Very Easy,Very Easy,Very Easy,Very Easy,Easy,25.35,29.73,5.63,20.27,28.57,4.92,9.65,22.35,4.52,45,0,0,0,0,0,0,0,0,0,0,,,,,,,,,,,2,2,3,2,2,3,3,2,3,0,0,0,0,Easier,Same,Harder,1,1,0,1,1,0,1,1,0,1,81.12,11.58857,54.08
labkomkamis1a38,In-person,Perempuan,21,SMA,Jawa,Mahasiswa,mahasiswa,0,N/A (Bukan Pekerja),Jarang (3-4 kali dalam sebulan),0,0,0,0,0,0,3,5.00,3.9,3.44,4.64,3.28,3.08,2.00,3.67,4.29,3,2.83,4,90,2,11,16,1.6,90,0,23.72,0,0,1,131.78,13.18,0,33.33,0,0,0,100,2,1,0,66.67,0,0,0,0,0,6,4,0,1,1,1,1,1,0,1,1,1,1,1,2,3,1,2,3,1,2,3,1,0,0,0,0,0,1,0,0,0,0,Easy,Easy,Easy,Normal,Normal,Normal,Easy,Easy,Easy,Normal,17.4,13.88,4.78,10.47,34,23.72,5.1,10.58,3.9,7.95,0,0,0,0,0,0,0,0,0,0,,,,,,,,,,,2,3,3,3,2,0,3,3,3,3,0,33.33,0,Harder,Easier,Harder,1,0,0,0,1,0,0,0,0,0,17.33,8.665,11.55333
labkomkamis1a39,In-person,Perempuan,18,SMA,Jawa,Mahasiswa,-,0,N/A (Bukan Pekerja),Sering (3-4 kali dalam seminggu),0,0,0,0,0,0,2,5.75,4.1,4.33,3.21,4.18,4.38,4.00,4.00,4.86,4,4.33,4.2,90,4,13,16,1.6,80,4.62,9.38,1,1,1,170.8,17.08,10,33.33,2,2,0,66.67,4,0,2,33.33,1,1,0,16.5,0,6,4,0,0,1,1,1,1,1,1,1,1,1,1,2,3,1,2,3,1,2,3,1,1,0,0,0,0,0,0,0,0,0,Easy,Easy,Easy,Easy,Easy,Easy,Normal,Normal,Normal,Normal,9.38,26.97,9.55,18.62,13.73,3.97,19.88,40.67,13.33,14.7,0,0,0,0,0,0,0,1,1,0,,,,,,,,25.77,7.23,,0,3,3,2,3,3,2,1,1,3,33.33,0,0,Same,Harder,Same,1,0,0,1,0,0,1,1,0,0,39.33,9.8325,26.22
labkomkamis1a5,In-person,Laki-laki,20,SMA,Jawa,Mahasiswa,-,0,N/A (Bukan Pekerja),Sering (3-4 kali dalam seminggu),0,0,0,0,0,0,3,4.00,4.6,4,4.36,4.02,4.00,4.60,4.33,3.29,4.4,3.67,4,100,4,14,25,2.5,90,0,0,0,0,0,218.23,21.82,30,0,4,4,0,66.67,4,1,0,66.67,4,3,1,23.9,0,3,4,3,1,1,1,1,1,1,1,1,1,1,1,2,3,1,2,3,1,2,3,1,0,0,0,0,0,0,0,0,0,0,Easy,Easy,Easy,Normal,Normal,Normal,Hard,Hard,Hard,Normal,17.12,12.5,23.88,12.5,21.18,31.58,34.17,34.23,22.82,8.25,0,0,0,0,0,1,1,1,1,0,,,,,,26.37,30.22,27.05,11.95,,2,3,2,3,2,1,1,1,1,3,0,0,0,Harder,Harder,Easier,1,0,0,0,1,0,1,1,0,0,31.27,7.8175,20.84667
labkomkamis1a6,In-person,Laki-laki,20,SMA,Jawa,Mahasiswa,-,0,N/A (Bukan Pekerja),Sering (3-4 kali dalam seminggu),0,0,0,0,0,0,1,4.75,4.9,4,4.14,4.28,4.38,2.20,4.33,5.00,3.6,4.83,4.4,100,4,14,16,1.6,40,0,0,0,0,0,110.83,11.08,0,0,6,6,0,33.33,4,0,2,33.33,1,0,0,4.42,0,9,1,0,1,1,1,1,1,1,1,1,1,1,1,2,3,1,2,3,1,2,3,1,0,0,0,0,0,0,0,0,0,0,Easy,Easy,Easy,Easy,Easy,Easy,Easy,Easy,Easy,Normal,41.33,17.92,5.15,6.35,10.4,5.65,4.83,9.82,2.9,6.48,1,1,1,1,0,1,0,0,0,1,16.4,2,1.92,1.3,,3.22,,,,1.7,1,1,1,1,3,1,3,3,3,1,0,0,0,Same,Same,Harder,1,1,0,1,0,0,0,0,0,1,24.59,6.1475,16.39333
labkomkamis1a8,In-person,Laki-laki,26,SMA,Jawa,Mahasiswa,-,0,N/A (Bukan Pekerja),Sering (3-4 kali dalam seminggu),0,0,0,0,0,0,1,4.75,4.9,3.61,3.93,3.94,4.08,2.80,3.50,4.29,4,3.83,4,90,12,21,9.5,0.95,70,4.47,19.73,1,1,1,161.77,16.18,0,33.33,5,3,2,33.33,12,1,2,0,2,1,0,12.01,7,3,0,0,0,1,1,1,1,1,1,1,1,1,1,2,3,1,2,3,1,2,3,1,1,0,0,0,0,0,0,0,0,0,Easy,Easy,Easy,Very Easy,Very Easy,Very Easy,Very Easy,Very Easy,Very Easy,Very Easy,19.73,28.18,8.15,12.13,19.62,4.43,17.07,33.52,11.78,7.15,1,0,0,0,1,0,0,1,0,0,10.85,,,,4.73,,,20.43,,,0,3,3,3,1,3,2,1,3,3,33.33,0,0,Easier,Same,Same,1,1,0,2,3,0,1,1,0,3,119.97,9.9975,79.98
labkomkamis1a9,In-person,Laki-laki,20,S1/D4,Luar Jawa,Mahasiswa,-,0,N/A (Bukan Pekerja),Sering (3-4 kali dalam seminggu),0,0,0,0,0,0,2,4.50,4.7,4.11,3.50,4.48,4.62,4.80,4.00,3.71,4.6,4.83,4,80,9,17,18.5,1.85,70,15.59,45,3,2,0,255.88,25.59,10,33.33,6,4,2,100,10,0,1,66.67,4,2,0,21.24,0,6,3,1,0,0,1,1,1,1,1,1,1,1,1,2,3,1,2,3,1,2,3,1,0,0,0,0,0,0,0,0,0,0,Easy,Easy,Easy,Easy,Easy,Easy,Normal,Normal,Normal,Hard,45,45,14.75,36.02,18.2,4.67,13.3,19.4,21.93,37.62,1,0,0,1,0,0,0,0,1,1,21.87,,,19.77,,,,,16.48,26.83,0,0,3,1,2,3,3,2,1,1,66.67,0,0,Same,Harder,Harder,2,1,0,2,3,0,0,1,0,1,114.28,11.428,76.18667
labkomkamis1b1,In-person,Laki-laki,18,SMA,Jawa,Mahasiswa,-,0,N/A (Bukan Pekerja),Sering (3-4 kali dalam seminggu),0,0,0,0,0,0,2,5.50,4.8,4.22,4.21,4.28,4.62,4.00,4.17,4.43,5,4.83,3,90,3,12,25,2.5,70,0,45,0,0,0,168.33,16.83,0,0,4,4,0,66.67,3,0,0,100,3,2,1,20.28,0,3,3,4,1,1,1,1,1,1,1,1,0,1,1,2,3,1,2,3,1,2,3,1,0,0,0,0,0,0,0,0,0,0,Easy,Easy,Easy,Normal,Normal,Normal,Hard,Hard,Hard,Hard,4.8,8.65,3.78,11.48,25.23,13.27,26.18,25.95,45,3.98,0,0,0,0,1,0,1,1,1,0,,,,,3.1,,20.07,18.8,39.15,,3,3,3,3,1,3,1,1,0,3,0,0,33.33,Harder,Harder,Harder,0,0,0,0,1,0,1,1,0,0,20.49,6.83,13.66
labkomkamis1b10,In-person,Perempuan,19,SMA,Jawa,Mahasiswa,-,0,N/A (Bukan Pekerja),Jarang (3-4 kali dalam sebulan),0,0,0,0,0,0,1,4.25,4.1,3.78,4.14,3.86,3.92,1.60,4.33,4.86,3.4,4.17,4,80,6,14,9,0.9,60,16.5,28.65,2,1,2,187,18.7,0,66.67,3,2,1,66.67,6,1,2,0,1,0,0,9.58,7,3,0,0,1,1,0,1,0,1,1,1,1,1,1,2,3,1,2,3,1,2,3,1,0,0,1,0,1,0,0,0,0,0,Easy,Easy,Easy,Very Easy,Very Easy,Very Easy,Very Easy,Very Easy,Very Easy,Very Easy,30.13,37.45,21.25,9.88,36.05,12.7,7.17,21.38,3.93,7.05,0,0,0,0,0,1,0,1,0,0,,,,,,6.88,,12.28,,,2,2,0,3,0,1,3,1,3,3,33.33,33.33,0,Easier,Same,Same,1,1,0,0,2,0,0,2,0,0,85.77,14.295,57.18
labkomkamis1b11,In-person,Perempuan,20,SMA,Luar Jawa,Mahasiswa,-,0,N/A (Bukan Pekerja),Jarang (3-4 kali dalam sebulan),0,0,0,0,0,0,2,4.25,5.3,4.56,4.21,4.57,4.77,3.80,4.50,5.14,5,4.5,4.2,90,5,14,15,1.5,100,0,45,0,0,0,220.57,22.06,0,33.33,1,1,0,66.67,5,1,1,33.33,1,1,1,42.92,0,7,3,0,1,1,1,1,1,1,1,1,0,1,1,2,3,1,2,3,1,2,3,1,0,0,0,0,0,0,0,0,0,0,Easy,Easy,Easy,Easy,Easy,Easy,Normal,Normal,Normal,Easy,32.98,18.6,5.55,22.05,14.43,14.45,17.23,44.23,45,6.03,0,0,0,0,0,0,0,0,1,0,,,,,,,,,42.92,,2,2,3,2,3,3,2,2,0,3,0,0,33.33,Same,Harder,Easier,1,1,0,1,0,0,1,1,0,0,52.4,10.48,34.93333
labkomkamis1b12,In-person,Perempuan,22,S1/D4,Jawa,Pekerja,Freelance,0,Freelance,Sering (3-4 kali dalam seminggu),0,0,0,0,0,0,2,4.75,5.2,4.28,4.57,4.69,4.85,3.80,3.50,5.29,5.2,4.67,4.2,100,3,13,16.5,1.65,80,0,0,0,0,0,135.43,13.54,0,0,2,2,0,33.33,3,1,1,33.33,2,0,0,11.65,0,7,3,0,1,1,1,1,1,1,1,1,1,1,1,2,3,1,2,3,1,2,3,1,0,0,0,0,0,0,0,0,0,0,Easy,Easy,Easy,Easy,Easy,Easy,Normal,Normal,Normal,Easy,15.05,33.1,15.38,6.33,10.47,3.57,12.63,15.53,17.6,5.77,1,0,0,0,0,0,0,0,1,0,10.8,,,,,,,,12.5,,1,2,2,3,3,3,3,2,1,3,0,0,0,Same,Harder,Easier,1,1,0,0,0,0,0,1,0,0,26.38,8.793333,17.58667
labkomkamis1b14,In-person,Laki-laki,22,SMA,Jawa,Mahasiswa,-,0,N/A (Bukan Pekerja),Sering (3-4 kali dalam seminggu),0,0,0,0,0,0,2,5.25,5.1,3.72,4.29,3.64,3.54,3.00,4.50,3.57,4.2,3.33,3.4,100,5,15,17.5,1.75,100,0,0,0,0,0,189.87,18.99,20,0,2,2,0,33.33,5,0,2,33.33,2,2,0,26.88,0,6,4,0,1,1,1,1,1,1,1,1,1,1,1,2,3,1,2,3,1,2,3,1,0,0,0,0,0,0,0,0,0,0,Easy,Easy,Easy,Easy,Easy,Easy,Normal,Normal,Normal,Normal,35.4,36.8,4.73,7.2,13.95,4.43,16.12,19.67,34.15,17.42,1,0,0,0,0,0,0,0,1,0,24.57,,,,,,,,29.18,,1,2,3,3,3,3,2,2,1,2,0,0,0,Same,Harder,Same,1,1,0,0,0,0,1,1,0,1,41.62,8.324,27.74667
labkomkamis1b15,In-person,Laki-laki,21,SMA,Jawa,Mahasiswa,-,0,N/A (Bukan Pekerja),Selalu (Setiap Hari),0,0,0,0,0,0,3,5.00,5.3,4.28,3.79,5.06,5.23,4.40,3.33,5.00,5.2,5.17,4.8,100,4,14,16.5,1.65,70,0,0,0,0,0,139.15,13.92,10,0,4,4,0,33.33,4,1,1,33.33,3,1,0,14.04,0,7,3,0,1,1,1,1,1,1,1,1,1,1,1,2,3,1,2,3,1,2,3,1,0,0,0,0,0,0,0,0,0,0,Easy,Easy,Easy,Easy,Easy,Easy,Normal,Normal,Normal,Easy,20.38,15.12,6.75,6.07,12.63,3.07,9.2,40.7,17.37,7.87,1,0,0,0,0,0,1,1,1,0,14.1,,,,,,4.32,23.85,13.9,,1,2,3,3,3,3,1,1,1,3,0,0,0,Same,Harder,Easier,1,1,0,0,0,0,1,1,0,0,37.18,9.295,24.78667
labkomkamis1b18,In-person,Perempuan,22,SMA,Jawa,Mahasiswa,-,0,N/A (Bukan Pekerja),Jarang (3-4 kali dalam sebulan),0,0,0,0,0,0,4,5.25,5.5,4.67,4.00,5.12,5.23,4.40,4.83,4.71,5.2,5.17,5,80,5,13,15.5,1.55,80,31.1,45,3,2,0,189.43,18.94,0,0,5,4,1,33.33,5,0,1,66.67,2,2,1,18.77,0,6,3,1,1,1,1,1,1,1,1,0,1,0,1,2,3,1,2,3,1,2,3,1,0,0,0,0,0,0,0,0,0,0,Easy,Easy,Easy,Easy,Easy,Easy,Normal,Normal,Normal,Hard,20.58,19.27,13.8,5.6,12.8,4.42,12.25,45,10.72,45,0,0,1,0,0,0,0,1,1,1,,,6.38,,,,,34.33,7.38,26.98,2,2,1,3,3,3,3,0,1,0,0,0,33.33,Same,Harder,Harder,1,1,0,0,0,0,0,1,0,2,68.53,13.706,45.68667
labkomkamis1b19,In-person,Perempuan,19,SMA,Jawa,Mahasiswa,-,0,N/A (Bukan Pekerja),Jarang (3-4 kali dalam sebulan),0,0,0,0,0,0,2,5.25,5,4.28,4.71,4.56,4.85,4.20,4.33,4.29,5,4.67,4,70,10,17,7,0.7,50,31.59,45,5,3,0,228.08,22.81,0,66.67,10,7,3,66.67,10,2,1,0,3,2,2,13.45,7,3,0,0,0,0,1,1,0,1,1,1,1,1,1,2,3,1,2,3,1,2,3,1,0,0,0,0,0,0,0,0,0,0,Easy,Easy,Easy,Very Easy,Very Easy,Very Easy,Very Easy,Very Easy,Very Easy,Very Easy,45,45,8.38,38.67,45,14.6,8.48,11.73,4.3,6.92,1,1,1,1,1,1,0,1,0,0,30.95,5.38,3.37,14.27,34.75,2.68,,2.77,,,0,0,1,1,0,1,3,1,3,3,66.67,33.33,0,Easier,Easier,Same,2,1,0,1,2,0,0,4,0,0,109.14,10.914,72.76
labkomkamis1b2,In-person,Laki-laki,18,SMA,Jawa,Mahasiswa,-,0,N/A (Bukan Pekerja),Selalu (Setiap Hari),0,0,0,0,0,0,2,5.25,5.9,5.06,4.43,4.97,5.00,4.00,5.50,5.43,5.4,4.5,5,100,4,14,21.5,2.15,70,0,0,0,0,0,142.73,14.27,10,0,4,4,0,66.67,4,0,1,66.67,2,1,0,13.27,0,6,3,1,1,1,1,1,1,1,1,1,1,1,1,2,3,1,2,3,1,2,3,1,0,0,0,0,0,0,0,0,0,0,Easy,Easy,Easy,Easy,Easy,Easy,Normal,Normal,Normal,Hard,31.88,17.33,5.73,6.67,12.6,8.05,9.85,18.53,13.03,19.05,1,0,0,0,0,0,0,1,1,1,28.65,,,,,,,5.03,7.88,11.53,1,2,3,3,3,3,3,1,1,1,0,0,0,Same,Harder,Harder,1,1,0,0,0,0,0,1,0,1,30.9,7.725,20.6
labkomkamis1b20,In-person,Perempuan,19,SMA,Jawa,Mahasiswa,mahasiswa,0,N/A (Bukan Pekerja),Jarang (3-4 kali dalam sebulan),0,0,0,0,0,0,1,4.50,5.1,3.56,5.21,4.68,4.54,2.40,2.83,5.00,3.8,4.83,5.4,100,3,13,16.5,1.65,100,0,0,0,0,0,146.9,14.69,0,0,0,0,0,33.33,3,1,1,33.33,0,0,0,0,0,7,3,0,1,1,1,1,1,1,1,1,1,1,1,2,3,1,2,3,1,2,3,1,0,0,0,0,0,0,0,0,0,0,Easy,Easy,Easy,Easy,Easy,Easy,Normal,Normal,Normal,Easy,32.18,23.73,10.27,6.5,10.58,3.22,10,25.28,17.88,7.25,0,0,0,0,0,0,0,0,0,0,,,,,,,,,,,2,2,3,3,3,3,3,2,2,3,0,0,0,Same,Harder,Easier,1,1,0,0,0,0,0,1,0,0,25.79,8.596667,17.19333
labkomkamis1b21,In-person,Perempuan,19,SMA,Jawa,Mahasiswa,-,0,N/A (Bukan Pekerja),Jarang (3-4 kali dalam sebulan),0,0,0,0,0,0,1,4.75,5,4.11,3.50,3.84,4.08,3.00,4.50,4.57,4,4.33,3.2,80,1,9,12,1.2,100,0,45,0,0,0,208.72,20.87,0,66.67,0,0,0,66.67,1,0,3,0,0,0,0,0,0,10,0,0,1,1,0,1,1,0,1,1,1,1,1,2,3,1,2,3,1,2,3,1,0,0,0,0,0,0,0,0,0,0,Easy,Easy,Easy,Easy,Easy,Easy,Easy,Easy,Easy,Easy,12.15,44.95,45,8.07,11.55,45,7.5,11.17,17.1,6.23,0,0,0,0,0,0,0,0,0,0,,,,,,,,,,,3,2,0,3,3,0,3,3,2,3,33.33,33.33,0,Same,Same,Same,0,1,0,0,0,0,0,0,0,0,10.27,10.27,6.846667
labkomkamis1b22,In-person,Perempuan,21,SMA,Jawa,Mahasiswa,-,0,N/A (Bukan Pekerja),Selalu (Setiap Hari),0,0,0,0,0,0,1,4.50,4.4,4.33,4.00,3.94,4.00,2.40,5.00,5.14,4.2,3.83,3.8,80,3,11,15,1.5,80,32.11,31.22,2,1,2,153.6,15.36,0,0,1,0,1,33.33,3,0,1,66.67,0,0,0,0,0,3,6,1,1,1,1,1,1,1,1,1,0,0,1,2,3,1,2,3,1,2,3,1,0,0,0,0,0,0,0,0,1,1,Easy,Easy,Easy,Normal,Normal,Normal,Normal,Normal,Normal,Hard,9.62,14.73,10.9,10.68,20.15,6.37,8.45,10.27,27.37,35.07,0,0,0,0,0,0,0,0,0,0,,,,,,,,,,,3,3,3,3,2,3,3,3,0,0,0,0,33.33,Harder,Same,Harder,0,0,0,0,1,0,0,0,0,2,63.18,21.06,42.12
labkomkamis1b23,In-person,Perempuan,18,SMA,Jawa,Mahasiswa,-,0,N/A (Bukan Pekerja),Jarang (3-4 kali dalam sebulan),0,0,0,0,0,0,1,4.50,4.9,4.11,4.50,4.92,5.15,2.80,5.17,4.14,5.2,5.17,4.4,70,5,12,8.5,0.85,90,45.24,44.58,4,3,1,216.6,21.66,0,100,3,2,1,100,5,1,2,0,2,2,1,33.47,4,6,0,0,1,0,1,1,0,1,1,0,1,1,1,2,3,1,2,3,1,2,3,1,0,0,0,0,0,0,0,1,0,0,Easy,Easy,Easy,Easy,Easy,Easy,Very Easy,Very Easy,Very Easy,Very Easy,14.43,45,20.2,18.8,45,4.23,7.45,43.73,10.45,7.3,0,0,0,0,1,0,0,1,0,0,,,,,27.62,,,39.32,,,3,0,2,2,0,3,3,0,3,3,33.33,33.33,33.33,Same,Easier,Same,0,2,0,1,1,0,0,1,0,0,89.96,17.992,59.97333
labkomkamis1b24,In-person,Perempuan,21,SMA,Jawa,Mahasiswa,-,0,N/A (Bukan Pekerja),Sering (3-4 kali dalam seminggu),0,0,0,0,0,0,5,4.75,4.5,4.39,4.00,4.37,4.31,3.60,4.50,4.86,4,4.5,4.6,100,5,15,21.5,2.15,40,0,0,0,0,0,114.05,11.4,0,0,6,6,0,66.67,5,0,1,66.67,0,0,0,3.18,0,6,3,1,1,1,1,1,1,1,1,1,1,1,1,2,3,1,2,3,1,2,3,1,0,0,0,0,0,0,0,0,0,0,Easy,Easy,Easy,Easy,Easy,Easy,Normal,Normal,Normal,Hard,17.92,14.78,4.62,6.87,10.53,6.47,14.08,14.48,9.35,14.95,1,1,0,1,0,0,1,0,1,1,2.13,1.25,,1.83,,,1.52,,4.82,7.52,1,1,3,1,3,3,1,3,1,1,0,0,0,Same,Harder,Harder,1,1,0,1,0,0,1,0,0,1,38.87,7.774,25.91333
labkomkamis1b25,In-person,Perempuan,19,SMA,Luar Jawa,Mahasiswa,-,0,N/A (Bukan Pekerja),Jarang (3-4 kali dalam sebulan),0,0,0,0,0,0,1,4.50,4.4,4.78,4.14,4.21,4.54,4.20,5.17,4.86,4,4.83,3.8,60,5,11,15,1.5,50,28.77,44.25,4,3,3,350.13,35.01,20,0,11,8,3,33.33,5,0,0,100,7,6,1,22.71,0,3,3,4,1,1,1,1,0,1,0,1,0,0,1,2,3,1,2,3,1,2,3,1,0,0,0,0,0,0,1,0,1,1,Easy,Easy,Easy,Normal,Normal,Normal,Hard,Hard,Hard,Hard,39.52,39.13,32.35,19.85,45,16.6,44.67,25.68,43.13,44.2,1,0,1,0,1,1,1,1,1,1,26.05,,26.43,,23.7,8.87,21.2,16.12,20.92,38.43,1,2,1,2,0,1,0,1,0,0,0,33.33,66.67,Harder,Harder,Harder,0,0,0,0,1,0,2,1,0,1,59.67,11.934,39.78
labkomkamis1b3,In-person,Laki-laki,27,SMA,Jawa,Pekerja,Sales,1,Freelance,Jarang (3-4 kali dalam sebulan),0,0,0,0,0,0,5,4.00,4.1,3.5,4.86,4.07,3.92,3.20,3.17,4.00,3.8,4,4.4,100,5,15,11,1.1,80,0,0,0,0,0,149.78,14.98,10,0,5,3,2,0,5,3,0,0,3,1,0,16.73,7,3,0,0,1,1,1,1,1,1,1,1,1,1,1,2,3,1,2,3,1,2,3,1,0,0,0,0,0,0,0,0,0,0,Easy,Easy,Easy,Very Easy,Very Easy,Very Easy,Very Easy,Very Easy,Very Easy,Very Easy,8.42,19.37,25.18,14.92,34.22,4.15,7.03,25.5,3.87,7.13,0,0,1,0,1,0,0,1,0,0,,,11.12,,23.93,,,15.15,,,3,2,1,3,1,3,3,1,3,3,0,0,0,Easier,Easier,Easier,0,1,0,0,3,0,0,1,0,0,65.87,13.174,43.91333
labkomkamis1b7,In-person,Perempuan,19,SMA,Jawa,Mahasiswa,-,0,N/A (Bukan Pekerja),Sering (3-4 kali dalam seminggu),0,0,0,0,0,0,2,4.50,5,4.44,3.50,4.32,4.62,3.40,5.33,4.43,4.8,4.17,4,100,2,12,15,1.5,100,0,0,0,0,0,110.33,11.03,0,0,0,0,0,0,2,0,3,0,0,0,0,0,0,10,0,0,1,1,1,1,1,1,1,1,1,1,1,2,3,1,2,3,1,2,3,1,0,0,0,0,0,0,0,0,0,0,Easy,Easy,Easy,Easy,Easy,Easy,Easy,Easy,Easy,Easy,21.52,20.7,6.75,9.1,14.77,4.67,7.53,11.8,3.12,10.38,0,0,0,0,0,0,0,0,0,0,,,,,,,,,,,2,2,3,3,3,3,3,3,3,3,0,0,0,Same,Same,Same,1,1,0,0,0,0,0,0,0,0,19.43,9.715,12.95333
labkomkamis1b8,In-person,Perempuan,19,SMA,Jawa,Mahasiswa,-,0,N/A (Bukan Pekerja),Selalu (Setiap Hari),0,0,0,0,0,0,1,4.50,5.5,4.5,4.36,4.33,4.46,3.80,5.17,4.43,5,4,4,100,4,14,12,1.2,90,0,0,0,0,0,184.18,18.42,10,0,2,2,0,33.33,4,1,1,33.33,2,1,0,21.53,6,4,0,0,1,1,1,1,1,1,1,1,1,1,1,2,3,1,2,3,1,2,3,1,0,0,0,0,0,0,0,0,0,0,Easy,Easy,Easy,Very Easy,Very Easy,Very Easy,Very Easy,Very Easy,Very Easy,Easy,42.5,21.25,24.13,8.12,35.03,7.23,9.4,25.93,3.55,7.03,1,0,1,0,0,0,0,0,0,0,29.03,,14.02,,,,,,,,1,2,1,3,2,3,3,2,3,3,0,0,0,Easier,Same,Harder,1,1,0,0,1,0,0,1,0,0,48.08,12.02,32.05333
labkomkamis1b9,In-person,Perempuan,19,SMA,Jawa,Mahasiswa,-,0,N/A (Bukan Pekerja),Jarang (3-4 kali dalam sebulan),0,0,0,0,0,0,2,4.50,5.3,4.56,4.57,3.90,4.31,2.40,5.67,5.14,4.8,3.5,3.4,80,8,16,9,0.9,80,15.01,45,2,2,0,199.72,19.97,0,33.33,7,3,4,66.67,8,1,1,33.33,3,1,0,19.2,6,4,0,0,0,0,1,1,1,1,1,1,1,1,1,2,3,1,2,3,1,2,3,1,0,0,0,0,0,0,0,0,0,0,Easy,Easy,Easy,Very Easy,Very Easy,Very Easy,Very Easy,Very Easy,Very Easy,Easy,45,45,10.8,10.08,39.57,5.3,7.22,23.85,3.83,9.07,1,0,0,0,1,0,0,1,0,0,26.55,,,,19.85,,,11.2,,,0,0,3,3,1,3,3,1,3,3,66.67,0,0,Easier,Same,Harder,1,1,0,0,3,0,0,3,0,0,125.07,15.63375,83.38
labkomkamis2a19,In-person,Perempuan,20,SMA,Jawa,Mahasiswa,-,0,N/A (Bukan Pekerja),Sering (3-4 kali dalam seminggu),0,0,0,0,0,0,2,4.75,4.7,5,4.50,4.66,4.92,4.00,5.67,5.14,5.2,5.17,3.6,90,3,12,11,1.1,90,0,13.28,0,0,1,141.55,14.16,10,33.33,1,1,0,66.67,3,1,1,33.33,1,1,0,28.67,6,4,0,0,1,1,0,1,1,1,1,1,1,1,1,2,3,1,2,3,1,2,3,1,0,0,1,0,0,0,0,0,0,0,Easy,Easy,Easy,Very Easy,Very Easy,Very Easy,Very Easy,Very Easy,Very Easy,Easy,6.83,27.98,13.28,5.82,40.4,10.62,18.15,8.8,3.87,5.8,0,0,0,0,1,0,0,0,0,0,,,,,28.67,,,,,,3,2,0,3,1,3,2,3,3,3,33.33,0,0,Easier,Same,Harder,0,1,0,0,1,0,1,0,0,0,31.81,10.60333,21.20667
labkomsenin1a12,In-person,Laki-laki,19,SMA,Jawa,Mahasiswa,-,0,N/A (Bukan Pekerja),Sering (3-4 kali dalam seminggu),0,0,0,0,0,0,2,4.50,4.4,4.44,5.07,4.51,4.92,4.40,3.33,5.43,5.6,4.33,3.6,100,3,13,21.5,2.15,80,0,0,0,0,0,185.05,18.51,20,0,4,4,0,66.67,3,0,1,66.67,4,3,1,23.93,0,6,3,1,1,1,1,1,1,1,1,1,1,1,1,2,3,1,2,3,1,2,3,1,0,0,0,0,0,0,0,0,0,0,Easy,Easy,Easy,Easy,Easy,Easy,Normal,Normal,Normal,Hard,40.88,13.5,9.77,6.65,8.57,3.18,13.67,42.38,18.03,28.42,1,0,0,0,0,0,0,1,1,1,33.82,,,,,,,27.6,12.32,21.97,1,3,3,3,3,3,3,1,1,1,0,0,0,Same,Harder,Harder,1,0,0,0,0,0,0,1,0,1,27.46,9.153333,18.30667
labkomsenin1a13,In-person,Laki-laki,19,SMA,Jawa,Mahasiswa,-,0,N/A (Bukan Pekerja),Jarang (3-4 kali dalam sebulan),0,0,0,0,0,0,2,4.25,4.8,4.28,4.57,4.13,4.15,4.00,4.83,4.00,4.4,4,4,100,4,14,17.5,1.75,60,0,0,0,0,0,135.83,13.58,0,0,4,4,0,33.33,4,0,2,33.33,2,0,0,10.02,0,6,4,0,1,1,1,1,1,1,1,1,1,1,1,2,3,1,2,3,1,2,3,1,0,0,0,0,0,0,0,0,0,0,Easy,Easy,Easy,Easy,Easy,Easy,Normal,Normal,Normal,Normal,5.58,10.22,16.17,17.08,8.02,1.88,19.6,27.47,8.73,21.08,0,0,1,1,0,0,0,1,1,0,,,9.03,12.65,,,,12.6,5.78,,3,3,1,1,3,3,2,1,1,2,0,0,0,Same,Harder,Same,0,0,0,1,0,0,1,1,0,1,22.71,5.6775,15.14
labkomsenin1a14,In-person,Laki-laki,18,SMA,Luar Jawa,Mahasiswa,Mahasiswa,0,N/A (Bukan Pekerja),Jarang (3-4 kali dalam sebulan),0,0,0,0,0,0,2,4.75,5.3,5.67,4.29,5.17,5.38,4.80,6.00,6.00,5.2,5.5,4.8,60,3,9,9.5,0.95,60,23.87,27.55,1,1,4,260.07,26.01,0,66.67,0,0,0,66.67,3,0,2,33.33,0,0,0,0,0,9,1,0,0,1,0,1,1,0,1,1,0,1,1,2,3,1,2,3,1,2,3,1,1,0,1,0,0,1,0,0,1,0,Easy,Easy,Easy,Easy,Easy,Easy,Easy,Easy,Easy,Normal,34.32,38,38.18,36.68,13.93,27.87,21.95,11.08,9.85,28.2,0,0,0,0,0,0,0,0,0,0,,,,,,,,,,,0,2,0,2,3,0,3,3,0,3,66.67,33.33,33.33,Same,Same,Harder,1,1,0,1,0,0,0,0,0,0,53.97,17.99,35.98
labkomsenin1a16,In-person,Perempuan,18,SMA,Jawa,Mahasiswa,-,0,N/A (Bukan Pekerja),Jarang (3-4 kali dalam sebulan),0,0,0,0,0,0,1,4.25,4.3,4.22,5.93,3.78,4.00,2.80,5.50,4.14,3.6,4.33,3.4,100,3,13,16,1.6,60,0,0,0,0,0,87.57,8.76,0,0,4,4,0,33.33,3,0,2,33.33,2,0,0,8.33,0,9,1,0,1,1,1,1,1,1,1,1,1,1,1,2,3,1,2,3,1,2,3,1,0,0,0,0,0,0,0,0,0,0,Easy,Easy,Easy,Easy,Easy,Easy,Easy,Easy,Easy,Normal,18.03,14.58,8.33,9.98,12.57,2.17,4.28,8.95,2.53,6.13,1,1,1,1,0,0,0,0,0,0,10.73,10.48,6.15,5.95,,,,,,,1,1,1,1,3,3,3,3,3,3,0,0,0,Same,Same,Harder,1,1,0,1,0,0,0,0,0,0,16.48,5.493333,10.98667
labkomsenin1a17,In-person,Perempuan,19,SMA,Luar Jawa,Mahasiswa,-,0,N/A (Bukan Pekerja),Jarang (3-4 kali dalam sebulan),0,0,0,0,0,0,1,5.00,5.1,3.89,4.43,4.36,4.31,3.00,4.17,4.29,4.8,3.67,4.6,70,5,12,11.5,1.15,60,16.37,24.88,4,3,2,152.72,15.27,0,66.67,4,3,1,66.67,5,1,1,33.33,1,1,1,14.29,0,7,3,0,0,1,1,0,1,1,1,0,1,1,1,2,3,1,2,3,1,2,3,1,1,0,0,1,0,0,0,0,0,0,Easy,Easy,Easy,Easy,Easy,Easy,Normal,Normal,Normal,Easy,20.52,19.8,12.8,9.12,10.77,3.3,11.35,45,13.05,7.02,0,0,0,0,0,0,0,1,1,1,,,,,,,,30.82,9.63,2.42,0,3,3,0,3,3,3,0,1,1,33.33,33.33,33.33,Same,Harder,Easier,2,0,0,1,0,0,0,1,0,1,33.07,6.614,22.04667
labkomsenin1a19,In-person,Laki-laki,20,SMA,Jawa,Mahasiswa,-,0,N/A (Bukan Pekerja),Sering (3-4 kali dalam seminggu),0,0,0,0,0,0,2,4.75,4.2,4.33,3.86,4.19,4.15,3.60,4.17,5.00,4,4.17,4.4,50,6,11,5.5,0.55,20,57.03,40.82,6,6,4,300.87,30.09,0,100,9,9,0,100,8,2,1,0,4,3,1,13.97,7,3,0,0,0,1,1,0,0,1,0,1,1,0,1,2,3,1,2,3,1,2,3,1,0,0,0,1,1,0,1,0,0,1,Easy,Easy,Easy,Very Easy,Very Easy,Very Easy,Very Easy,Very Easy,Very Easy,Very Easy,45,40.72,14.45,36.88,49.17,20.27,37.68,12.83,8.52,35.35,1,1,1,1,1,1,1,1,0,1,38.97,6.62,2.67,26.07,3.02,1.9,16.48,2.18,,27.8,0,1,1,0,0,1,0,1,3,0,33.33,66.67,33.33,Easier,Easier,Same,1,1,0,1,1,0,1,1,0,2,116.3,14.5375,77.53333
labkomsenin1a21,In-person,Laki-laki,19,SMA,Luar Jawa,Mahasiswa,-,0,N/A (Bukan Pekerja),Jarang (3-4 kali dalam sebulan),0,0,0,0,0,0,1,4.50,5.2,4.11,4.29,4.72,5.08,2.60,3.50,5.71,4.6,5.17,4.4,100,2,12,17.5,1.75,80,0,0,0,0,0,125.93,12.59,10,0,3,3,0,33.33,2,0,2,33.33,1,1,0,14.09,0,6,4,0,1,1,1,1,1,1,1,1,1,1,1,2,3,1,2,3,1,2,3,1,0,0,0,0,0,0,0,0,0,0,Easy,Easy,Easy,Easy,Easy,Easy,Normal,Normal,Normal,Normal,7.15,9.48,3.55,6.58,10.93,5.75,18.8,36.78,15.17,11.73,0,0,0,0,0,0,1,1,1,0,,,,,,,9.8,25.03,7.43,,3,3,3,3,3,3,1,1,1,3,0,0,0,Same,Harder,Same,0,0,0,0,0,0,1,1,0,0,20.71,10.355,13.80667
labkomsenin1a24,In-person,Perempuan,19,SMA,Jawa,Mahasiswa,-,0,N/A (Bukan Pekerja),Jarang (3-4 kali dalam sebulan),0,0,0,0,0,0,4,4.75,4.4,4.5,4.07,4.83,4.69,2.40,5.17,5.43,4.6,4.5,5.4,100,1,11,17.5,1.75,90,0,0,0,0,0,104.05,10.41,0,0,1,1,0,33.33,1,0,2,33.33,1,0,0,18.2,0,6,4,0,1,1,1,1,1,1,1,1,1,1,1,2,3,1,2,3,1,2,3,1,0,0,0,0,0,0,0,0,0,0,Easy,Easy,Easy,Easy,Easy,Easy,Normal,Normal,Normal,Normal,4.05,24.98,5.23,5.82,7.73,2.57,12.07,9.4,20.22,11.98,0,0,0,0,0,0,0,0,1,0,,,,,,,,,18.2,,3,2,3,3,3,3,3,3,1,3,0,0,0,Same,Harder,Same,0,1,0,0,0,0,0,0,0,0,7.82,7.82,5.213333
labkomsenin1a26,In-person,Laki-laki,19,SMA,Jawa,Mahasiswa,-,0,N/A (Bukan Pekerja),Sering (3-4 kali dalam seminggu),0,0,0,0,0,0,1,4.75,4.4,4.11,4.43,3.90,4.00,3.20,4.33,4.57,3.2,4.5,4,50,2,7,5,0.5,60,15.81,33.23,1,1,4,229.78,22.98,0,66.67,0,0,0,66.67,3,2,1,0,0,0,0,0,7,3,0,0,0,0,0,1,0,0,1,1,1,1,1,2,3,1,2,3,1,2,3,1,1,0,1,0,1,1,0,0,0,0,Easy,Easy,Easy,Very Easy,Very Easy,Very Easy,Very Easy,Very Easy,Very Easy,Very Easy,26.55,63.45,42.05,11.43,33.95,0.13,6.9,31.7,6.78,6.83,0,0,0,0,0,0,0,0,0,0,,,,,,,,,,,0,0,0,3,0,0,3,2,3,3,100,66.67,0,Easier,Easier,Same,1,0,0,0,0,0,0,2,0,0,50.92,16.97333,33.94667
labkomsenin1b1,In-person,Laki-laki,20,SMA,Jawa,Mahasiswa,-,0,N/A (Bukan Pekerja),Selalu (Setiap Hari),0,0,0,0,0,0,5,4.00,4.4,4.44,4.00,4.59,4.62,4.20,4.50,4.57,5,4.17,4.6,100,10,20,11,1.1,70,0,0,0,0,0,117.92,11.79,10,0,4,4,0,0,10,3,0,0,2,1,0,13.66,7,3,0,0,1,1,1,1,1,1,1,1,1,1,1,2,3,1,2,3,1,2,3,1,0,0,0,0,0,0,0,0,0,0,Easy,Easy,Easy,Very Easy,Very Easy,Very Easy,Very Easy,Very Easy,Very Easy,Very Easy,31.7,31.32,8.48,3.5,11.92,3.08,4.92,16.72,2.2,4.08,1,1,1,0,1,0,0,0,0,0,25.63,18.82,5.38,,4.82,,,,,,1,1,1,3,1,3,3,2,3,3,0,0,0,Easier,Easier,Easier,4,3,0,1,1,0,0,1,0,0,78.96,7.896,52.64
labkomsenin1b10,In-person,Laki-laki,20,SMA,Jawa,Mahasiswa,-,0,N/A (Bukan Pekerja),Selalu (Setiap Hari),0,0,0,0,0,0,3,3.25,3.8,3.39,4.36,3.72,3.92,2.40,4.00,3.57,3.8,4.17,3.2,100,5,15,21.5,2.15,70,0,0,0,0,0,185.63,18.56,10,0,4,4,0,66.67,5,0,1,66.67,4,2,0,19.69,0,6,3,1,1,1,1,1,1,1,1,1,1,1,1,2,3,1,2,3,1,2,3,1,0,0,0,0,0,0,0,0,0,0,Easy,Easy,Easy,Easy,Easy,Easy,Normal,Normal,Normal,Hard,26.95,23.37,4.62,5.5,10.58,2.77,18.32,43.15,24.18,26.2,1,0,0,0,0,0,0,1,1,1,17.23,,,,,,,25.47,14.55,21.52,1,2,3,3,3,3,2,1,1,1,0,0,0,Same,Harder,Harder,1,1,0,0,0,0,1,1,0,1,38.24,7.648,25.49333
labkomsenin1b11,In-person,Laki-laki,19,SMA,Luar Jawa,Mahasiswa,-,0,N/A (Bukan Pekerja),Jarang (3-4 kali dalam sebulan),0,0,0,0,0,0,3,5.00,4.9,4.11,3.29,4.27,4.54,3.60,4.00,4.57,3.8,5,4,90,6,15,25,2.5,80,0,45,0,0,0,262.45,26.24,30,0,6,6,0,66.67,6,0,0,100,5,4,2,22.24,0,3,3,4,1,1,1,1,1,1,1,1,0,1,1,2,3,1,2,3,1,2,3,1,0,0,0,0,0,0,0,0,0,0,Easy,Easy,Easy,Normal,Normal,Normal,Hard,Hard,Hard,Hard,12.13,19.05,28.55,23,24.58,37.53,37.47,30.77,45,4.37,1,0,1,0,0,1,1,1,1,0,3.7,,18.62,,,32.37,30.68,25.35,22.73,,1,2,1,2,2,1,1,1,0,3,0,0,33.33,Harder,Harder,Harder,1,1,0,1,1,0,1,1,0,0,43.28,7.213333,28.85333
labkomsenin1b12,In-person,Perempuan,18,SMA,Jawa,Mahasiswa,-,0,N/A (Bukan Pekerja),Sering (3-4 kali dalam seminggu),0,0,0,0,0,0,2,5.00,4.9,4.33,4.21,4.93,4.92,4.00,4.50,4.43,5,5,4.8,100,2,12,16,1.6,100,0,0,0,0,0,92.93,9.29,0,0,0,0,0,33.33,2,0,2,33.33,0,0,0,0,0,9,1,0,1,1,1,1,1,1,1,1,1,1,1,2,3,1,2,3,1,2,3,1,0,0,0,0,0,0,0,0,0,0,Easy,Easy,Easy,Easy,Easy,Easy,Easy,Easy,Easy,Normal,15.37,31.73,2.73,3.63,8.9,3.37,5.73,7.97,2.52,10.98,0,0,0,0,0,0,0,0,0,0,,,,,,,,,,,2,2,3,3,3,3,3,3,3,3,0,0,0,Same,Same,Harder,1,1,0,0,0,0,0,0,0,0,13.14,6.57,8.76
labkomsenin1b2,In-person,Laki-laki,22,SMA,Jawa,Mahasiswa,-,0,N/A (Bukan Pekerja),Selalu (Setiap Hari),0,0,0,0,0,0,1,5.25,5.3,3.67,4.71,4.54,4.62,3.60,3.50,3.86,4.8,4.83,4,90,4,13,21,2.1,70,6.74,45,1,1,0,166.08,16.61,10,33.33,4,4,0,100,4,0,1,66.67,3,1,1,17.13,0,3,6,1,1,1,1,1,0,1,1,1,1,1,1,2,3,1,2,3,1,2,3,1,0,0,0,0,0,0,0,0,0,0,Easy,Easy,Easy,Normal,Normal,Normal,Normal,Normal,Normal,Hard,14.45,16.87,2.48,6.63,45,8.37,4.93,17.57,11.48,38.3,0,1,0,0,1,1,0,0,0,1,,10.93,,,16.58,5.72,,,,35.3,3,1,3,3,0,1,3,2,3,1,0,33.33,0,Harder,Same,Harder,0,1,0,0,1,0,0,1,0,1,32.89,8.2225,21.92667
labkomsenin1b3,In-person,Laki-laki,20,SMA,Jawa,Mahasiswa,-,0,N/A (Bukan Pekerja),Selalu (Setiap Hari),0,0,0,0,0,0,3,4.00,4.7,5,3.21,4.52,4.62,4.80,5.00,5.14,5.2,4.17,4.2,100,5,15,23,2.3,90,0,0,0,0,0,221.98,22.2,30,0,4,4,0,66.67,5,0,1,66.67,4,3,1,24.29,0,3,6,1,1,1,1,1,1,1,1,1,1,1,1,2,3,1,2,3,1,2,3,1,0,0,0,0,0,0,0,0,0,0,Easy,Easy,Easy,Normal,Normal,Normal,Normal,Normal,Normal,Hard,37.95,16.23,12.8,22.12,27.35,35.22,9.05,12.02,17.88,31.37,1,0,0,0,1,1,0,0,0,1,26.52,,,,13.22,31.7,,,,25.72,1,2,3,2,1,1,3,3,2,1,0,0,0,Harder,Same,Harder,1,1,0,1,1,0,0,0,0,1,43.81,8.762,29.20667
labkomsenin1b5,In-person,Perempuan,22,SMA,Jawa,Mahasiswa,-,0,N/A (Bukan Pekerja),Tidak Pernah,0,0,0,0,0,0,1,5.50,5.2,4.33,4.86,4.46,4.38,4.40,3.67,4.86,5.2,3.17,5,100,3,13,13.5,1.35,100,0,0,0,0,0,190.73,19.07,10,0,1,1,0,33.33,3,1,1,33.33,1,1,0,28,3,7,0,0,1,1,1,1,1,1,1,1,1,1,1,2,3,1,2,3,1,2,3,1,0,0,0,0,0,0,0,0,0,0,Easy,Easy,Easy,Easy,Easy,Easy,Very Easy,Very Easy,Very Easy,Easy,44,34.48,21,12.2,14.78,5.95,9.28,37.17,4.97,6.9,0,0,0,0,0,0,0,1,0,0,,,,,,,,28,,,2,2,2,3,3,3,3,1,3,3,0,0,0,Same,Easier,Harder,1,1,0,0,0,0,0,1,0,0,28.42,9.473333,18.94667
labkomsenin1b6,In-person,Perempuan,18,SMA,Jawa,Mahasiswa,-,0,N/A (Bukan Pekerja),Sering (3-4 kali dalam seminggu),0,0,0,0,0,0,2,4.75,5,4.78,4.64,4.80,4.85,4.20,5.00,5.00,4.6,5,4.8,100,3,13,14.5,1.45,90,0,0,0,0,0,80.1,8.01,0,0,1,1,0,66.67,3,1,0,66.67,0,0,0,7.98,3,6,1,0,1,1,1,1,1,1,1,1,1,1,1,2,3,1,2,3,1,2,3,1,0,0,0,0,0,0,0,0,0,0,Easy,Easy,Easy,Very Easy,Very Easy,Very Easy,Easy,Easy,Easy,Normal,16.32,15.43,5.25,4,17.2,2.23,4.03,8.28,2.02,5.33,1,0,0,0,0,0,0,0,0,0,7.98,,,,,,,,,,1,2,3,3,2,3,3,3,3,3,0,0,0,Easier,Harder,Harder,1,1,0,0,1,0,0,0,0,0,18.45,6.15,12.3
labkomsenin1b7,In-person,Perempuan,21,SMA,Luar Jawa,Mahasiswa,-,0,N/A (Bukan Pekerja),Jarang (3-4 kali dalam sebulan),0,0,0,0,0,0,1,5.50,5.8,4.72,4.86,5.00,5.23,3.80,5.67,4.57,5.4,5,4.6,90,1,10,9.5,0.95,90,5.32,20.1,1,1,1,86.13,8.61,0,33.33,0,0,0,33.33,1,1,2,0,0,0,0,0,7,3,0,0,0,1,1,1,1,1,1,1,1,1,1,2,3,1,2,3,1,2,3,1,1,0,0,0,0,0,0,0,0,0,Easy,Easy,Easy,Very Easy,Very Easy,Very Easy,Very Easy,Very Easy,Very Easy,Very Easy,20.1,11.88,7.6,8.9,10.95,3.62,5.43,11.12,2.52,4.02,0,0,0,0,0,0,0,0,0,0,,,,,,,,,,,0,3,3,3,3,3,3,3,3,3,33.33,0,0,Easier,Same,Same,1,0,0,0,0,0,0,0,0,0,7.98,7.98,5.32
labkomsenin1b9,In-person,Laki-laki,18,SMA,Jawa,Mahasiswa,-,0,N/A (Bukan Pekerja),Jarang (3-4 kali dalam sebulan),0,0,0,0,0,0,2,4.75,4.7,4.06,4.57,3.72,4.00,3.20,4.17,4.57,3.4,4.17,3.6,80,3,11,16,1.6,80,55.5,20.33,2,2,2,162.57,16.26,0,33.33,1,0,1,100,6,0,1,66.67,0,0,0,0,0,6,3,1,0,1,1,1,1,1,1,1,1,0,1,2,3,1,2,3,1,2,3,1,1,0,0,0,0,0,0,0,0,1,Easy,Easy,Easy,Easy,Easy,Easy,Normal,Normal,Normal,Hard,24.83,29.32,5.92,9.85,21.33,3.83,8.67,33.92,9.07,15.83,0,0,0,0,0,0,0,0,0,0,,,,,,,,,,,0,3,3,3,2,3,3,2,3,0,33.33,0,0,Same,Harder,Harder,1,0,0,0,2,0,0,2,0,1,129.96,21.66,86.64
labkomsenin2a3,In-person,Laki-laki,18,SMA,Jawa,Mahasiswa,-,0,N/A (Bukan Pekerja),Jarang (3-4 kali dalam sebulan),0,0,0,0,0,0,2,4.25,5,4.22,3.86,3.97,4.08,3.60,4.17,4.71,4.4,3.5,4,100,6,16,29,2.9,20,0,0,0,0,0,190.97,19.1,10,0,9,9,0,100,6,0,0,100,4,1,1,14.05,0,3,3,4,1,1,1,1,1,1,1,1,1,1,1,2,3,1,2,3,1,2,3,1,0,0,0,0,0,0,0,0,0,0,Easy,Easy,Easy,Normal,Normal,Normal,Hard,Hard,Hard,Hard,40.2,30.03,8.62,14.08,32.78,12.07,14.07,11.78,19.35,7.98,1,1,1,1,1,1,1,1,1,0,35.23,18.2,6.1,8.67,19.27,8.7,8.42,7.25,14.65,,1,1,1,1,1,1,1,1,1,3,0,0,0,Harder,Harder,Harder,1,1,0,1,1,0,1,1,0,0,38.92,6.486667,25.94667
labkomsenin2a5,In-person,Perempuan,19,SMA,Jawa,Mahasiswa,-,0,N/A (Bukan Pekerja),Sering (3-4 kali dalam seminggu),0,0,0,0,0,0,3,4.75,4.8,4.56,4.21,4.53,4.62,2.40,5.33,5.43,4,5,4.6,100,1,11,16,1.6,90,0,0,0,0,0,100.55,10.05,10,0,2,2,0,33.33,1,0,2,33.33,1,1,0,15.2,0,9,1,0,1,1,1,1,1,1,1,1,1,1,1,2,3,1,2,3,1,2,3,1,0,0,0,0,0,0,0,0,0,0,Easy,Easy,Easy,Easy,Easy,Easy,Easy,Easy,Easy,Normal,33.23,12.82,10.37,7.45,13.23,2.17,4.67,8.8,2.03,5.78,1,0,1,0,0,0,0,0,0,0,25.28,,5.12,,,,,,,,1,3,1,3,3,3,3,3,3,3,0,0,0,Same,Same,Harder,1,0,0,0,0,0,0,0,0,0,3.82,3.82,2.546667
labseninittc1a1,In-person,Perempuan,19,SMA,Jawa,Mahasiswa,-,0,N/A (Bukan Pekerja),Sering (3-4 kali dalam seminggu),0,0,0,0,0,0,1,4.75,5.1,4,4.64,4.32,4.46,3.40,3.67,4.71,4.8,4.17,4,100,6,16,21.5,2.15,80,0,0,0,0,0,252.42,25.24,20,0,4,4,0,66.67,6,0,1,66.67,4,3,1,23.67,0,6,3,1,1,1,1,1,1,1,1,1,1,1,1,2,3,1,2,3,1,2,3,1,0,0,0,0,0,0,0,0,0,0,Easy,Easy,Easy,Easy,Easy,Easy,Normal,Normal,Normal,Hard,19.88,26.07,16.72,41.53,11.3,3.43,33.03,37.23,25.7,37.52,0,0,1,1,0,0,0,0,1,1,,,12.78,28.98,,,,,21.98,30.93,2,2,1,1,3,3,2,2,1,1,0,0,0,Same,Harder,Harder,1,1,0,1,0,0,1,1,0,1,56.45,9.408333,37.63333
labseninittc1a11,In-person,Perempuan,18,SMA,Jawa,Mahasiswa,-,0,N/A (Bukan Pekerja),Sering (3-4 kali dalam seminggu),0,0,0,0,0,0,2,5.00,5.3,3.56,4.00,4.29,4.38,2.60,3.50,4.29,4.8,4.67,3.4,100,4,14,16,1.6,80,0,0,0,0,0,153.23,15.32,10,0,3,3,0,33.33,4,0,2,33.33,2,1,1,16.15,0,9,1,0,1,1,1,1,1,1,1,1,1,1,1,2,3,1,2,3,1,2,3,1,0,0,0,0,0,0,0,0,0,0,Easy,Easy,Easy,Easy,Easy,Easy,Easy,Easy,Easy,Normal,19.63,29.35,37.7,10.07,9.78,5.1,6.57,10.55,6.25,18.23,0,0,1,1,0,0,0,0,0,1,,,33.98,4.15,,,,,,10.32,2,2,1,1,3,3,3,3,3,1,0,0,0,Same,Same,Harder,1,1,0,1,0,0,0,0,0,1,26.67,6.6675,17.78
labseninittc1a12,In-person,Perempuan,17,SMA,Jawa,Mahasiswa,-,0,N/A (Bukan Pekerja),Jarang (3-4 kali dalam sebulan),0,0,0,0,0,0,1,4.50,5.1,3.78,3.07,4.67,4.92,3.20,4.17,3.86,4.6,5,4.4,90,7,16,13,1.3,10,6.86,44.18,1,1,1,150.58,15.06,0,33.33,10,9,1,100,7,1,0,66.67,2,1,0,6.35,3,6,1,0,1,0,1,1,1,1,1,1,1,1,1,2,3,1,2,3,1,2,3,1,0,1,0,0,0,0,0,0,0,0,Easy,Easy,Easy,Very Easy,Very Easy,Very Easy,Easy,Easy,Easy,Normal,21.7,44.18,7.67,9.15,28.7,6.1,7.55,10.27,5.07,10.2,1,1,1,1,1,1,1,0,1,1,10.28,25.85,2.25,6.73,1.8,2.08,1.63,,1.97,4.55,1,0,1,1,1,1,1,3,1,1,33.33,0,0,Easier,Harder,Harder,1,1,0,1,2,0,1,0,0,1,67.34,9.62,44.89333
labseninittc1a13,In-person,Perempuan,25,S1/D4,Jawa,Mahasiswa,-,3,Staf,Jarang (3-4 kali dalam sebulan),0,0,0,0,0,0,2,4.00,4.1,4.06,3.86,4.46,4.31,3.80,4.50,3.86,4.2,4.17,5,100,7,17,17.5,1.75,20,0,0,0,0,0,199.35,19.93,0,0,8,8,0,33.33,7,0,2,33.33,2,0,0,8.69,0,6,4,0,1,1,1,1,1,1,1,1,1,1,1,2,3,1,2,3,1,2,3,1,0,0,0,0,0,0,0,0,0,0,Easy,Easy,Easy,Easy,Easy,Easy,Normal,Normal,Normal,Normal,33.62,30.42,8.7,7.55,34.13,3.75,15.12,40.53,12.63,12.9,1,1,1,1,0,0,1,1,1,1,18.63,5.05,3.03,5.18,,,6.53,19.9,7.88,3.27,1,1,1,1,2,3,1,1,1,1,0,0,0,Same,Harder,Same,1,1,0,1,1,0,1,1,0,1,64.99,9.284286,43.32667
labseninittc1a14,In-person,Perempuan,25,S1/D4,Jawa,Mahasiswa,-,2,Staf,Jarang (3-4 kali dalam sebulan),0,0,0,0,0,0,3,5.00,4.4,3.56,4.14,3.73,3.85,2.80,3.67,4.00,3.8,4,3.4,100,5,15,21.5,2.15,80,0,0,0,0,0,250.15,25.01,30,0,5,5,0,66.67,5,0,1,66.67,5,3,1,22.96,0,6,3,1,1,1,1,1,1,1,1,1,1,1,1,2,3,1,2,3,1,2,3,1,0,0,0,0,0,0,0,0,0,0,Easy,Easy,Easy,Easy,Easy,Easy,Normal,Normal,Normal,Hard,36.92,29.68,27.67,9.03,13.95,6.27,25.62,29.5,28.53,42.98,1,0,1,0,0,0,1,0,1,1,26.35,,22.28,,,,15.42,,15.95,34.82,1,2,1,3,3,3,1,2,1,1,0,0,0,Same,Harder,Harder,1,1,0,0,0,0,1,1,0,1,50.44,10.088,33.62667
labseninittc1a15,In-person,Perempuan,18,SMA,Jawa,Mahasiswa,-,0,N/A (Bukan Pekerja),Jarang (3-4 kali dalam sebulan),0,0,0,0,0,0,1,3.50,4,3.61,3.50,3.98,4.08,3.00,3.50,4.14,3.8,4.33,3.8,70,3,10,8.5,0.85,100,62.79,45,4,4,0,192.95,19.29,0,100,1,1,0,100,4,1,2,0,1,1,1,33.6,4,6,0,0,1,0,1,1,0,1,1,0,1,1,1,2,3,1,2,3,1,2,3,1,0,0,0,0,0,0,0,0,0,0,Easy,Easy,Easy,Easy,Easy,Easy,Very Easy,Very Easy,Very Easy,Very Easy,13.02,45,7.05,7.17,45,4.38,11.78,45,8.63,5.92,0,0,0,0,1,0,0,0,0,0,,,,,33.6,,,,,,3,0,3,3,0,3,3,0,3,3,33.33,33.33,33.33,Same,Easier,Same,0,1,0,0,1,0,0,2,0,0,94.19,23.5475,62.79333
labseninittc1a18,In-person,Laki-laki,19,SMA,Jawa,Mahasiswa,-,0,N/A (Bukan Pekerja),Sering (3-4 kali dalam seminggu),0,0,0,0,0,0,1,4.50,4.8,5.61,4.07,4.82,4.92,5.00,6.00,5.71,5,4.67,4.8,100,2,12,15,1.5,100,0,0,0,0,0,106.82,10.68,0,0,0,0,0,0,2,0,3,0,0,0,0,0,0,10,0,0,1,1,1,1,1,1,1,1,1,1,1,2,3,1,2,3,1,2,3,1,0,0,0,0,0,0,0,0,0,0,Easy,Easy,Easy,Easy,Easy,Easy,Easy,Easy,Easy,Easy,19.08,18,15.82,8.52,10.5,4.57,7.48,10.58,4.77,7.5,0,0,0,0,0,0,0,0,0,0,,,,,,,,,,,2,2,2,3,3,3,3,3,3,3,0,0,0,Same,Same,Same,1,1,0,0,0,0,0,0,0,0,18.16,9.08,12.10667
labseninittc1a21,In-person,Laki-laki,19,SMA,Luar Jawa,Mahasiswa,-,0,N/A (Bukan Pekerja),Selalu (Setiap Hari),0,0,0,0,0,0,2,3.25,5.1,5.33,5.71,5.14,5.38,5.00,5.83,5.14,4.8,5.83,4.8,90,0,9,17.5,1.75,100,0,45,0,0,0,142.53,14.25,0,0,0,0,0,66.67,0,0,1,66.67,0,0,0,0,0,6,3,1,1,1,1,1,1,1,1,1,1,0,1,2,3,1,2,3,1,2,3,1,0,0,0,0,0,0,0,0,0,0,Easy,Easy,Easy,Easy,Easy,Easy,Normal,Normal,Normal,Hard,7.68,13.73,16.18,6.27,13.65,8.42,10.02,16.1,5.48,45,0,0,0,0,0,0,0,0,0,0,,,,,,,,,,,3,3,2,3,3,3,3,2,3,0,0,0,0,Same,Harder,Harder,0,0,0,0,0,0,0,0,0,0,0,0,0
labseninittc1a22,In-person,Laki-laki,23,SMA,Jawa,Mahasiswa,-,0,N/A (Bukan Pekerja),Selalu (Setiap Hari),0,0,0,0,0,0,3,4.00,3.2,2.33,5.57,3.40,3.31,2.80,1.67,2.57,3.2,3,4,100,5,15,21.5,2.15,50,0,0,0,0,0,186.92,18.69,0,0,5,5,0,66.67,5,0,1,66.67,5,1,0,17.1,0,6,3,1,1,1,1,1,1,1,1,1,1,1,1,2,3,1,2,3,1,2,3,1,0,0,0,0,0,0,0,0,0,0,Easy,Easy,Easy,Easy,Easy,Easy,Normal,Normal,Normal,Hard,22.27,26.27,15.65,6.58,15.17,4.35,7.78,33.1,24.37,31.38,1,0,1,0,0,0,0,1,1,1,15.43,,12.73,,,,,18.8,16.85,21.7,1,2,1,3,2,3,3,1,1,1,0,0,0,Same,Harder,Harder,1,1,0,0,1,0,0,1,0,1,40.29,8.058,26.86
labseninittc1a25,In-person,Laki-laki,23,S1/D4,Jawa,Mahasiswa,-,0,N/A (Bukan Pekerja),Selalu (Setiap Hari),0,0,0,0,0,0,3,4.50,4,3.33,2.00,4.57,4.46,2.40,3.00,4.29,4.2,4.5,5,100,5,15,16.5,1.65,60,0,0,0,0,0,169.02,16.9,0,0,4,4,0,33.33,5,1,1,33.33,4,1,0,16.12,0,7,3,0,1,1,1,1,1,1,1,1,1,1,1,2,3,1,2,3,1,2,3,1,0,0,0,0,0,0,0,0,0,0,Easy,Easy,Easy,Easy,Easy,Easy,Normal,Normal,Normal,Easy,21.32,19.17,8.82,25.27,12.4,3.7,16.62,38.02,18.27,5.45,0,0,0,1,0,0,1,1,1,0,,,,18.42,,,10.02,21.5,14.57,,2,2,3,1,3,3,1,1,1,3,0,0,0,Same,Harder,Easier,1,1,0,1,0,0,1,1,0,0,57.57,11.514,38.38
labseninittc1a3,In-person,Laki-laki,22,SMA,Jawa,Pekerja,Barista,1,Freelance,Sering (3-4 kali dalam seminggu),0,0,0,0,0,0,1,4.50,4.1,3.28,3.36,3.90,3.69,2.00,5.00,2.71,2.4,4.5,4.8,100,3,13,17.5,1.75,60,0,0,0,0,0,105,10.5,0,0,4,4,0,33.33,3,0,2,33.33,0,0,0,6.1,0,6,4,0,1,1,1,1,1,1,1,1,1,1,1,2,3,1,2,3,1,2,3,1,0,0,0,0,0,0,0,0,0,0,Easy,Easy,Easy,Easy,Easy,Easy,Normal,Normal,Normal,Normal,9.82,13.02,4.3,7.2,9.52,4.58,15.5,14.18,9.62,17.27,0,0,0,0,0,0,1,1,1,1,,,,,,,7.43,2.4,4.88,9.67,3,3,3,3,3,3,1,1,1,1,0,0,0,Same,Harder,Same,0,0,0,0,0,0,1,1,0,1,28.95,9.65,19.3
labseninittc1a5,In-person,Laki-laki,20,SMA,Jawa,Mahasiswa,-,0,N/A (Bukan Pekerja),Jarang (3-4 kali dalam sebulan),0,0,0,0,0,0,1,4.25,5.2,4.78,3.36,4.62,4.77,4.20,5.00,5.00,4.4,4.67,4.8,100,5,15,21.5,2.15,50,0,0,0,0,0,189.18,18.92,10,0,6,6,0,66.67,5,0,1,66.67,6,1,0,15.47,0,6,3,1,1,1,1,1,1,1,1,1,1,1,1,2,3,1,2,3,1,2,3,1,0,0,0,0,0,0,0,0,0,0,Easy,Easy,Easy,Easy,Easy,Easy,Normal,Normal,Normal,Hard,15.85,21.23,28.33,19.07,12.12,4.43,21.68,28,20,18.47,0,0,1,1,0,0,1,1,1,1,,,24.48,11.77,,,15.17,15.77,14.08,11.58,2,2,1,1,3,3,1,1,1,1,0,0,0,Same,Harder,Harder,0,1,0,1,0,0,1,1,0,1,49.1,9.82,32.73333
labseninittc1a9,In-person,Laki-laki,19,SMA,Luar Jawa,Mahasiswa,-,0,N/A (Bukan Pekerja),Jarang (3-4 kali dalam sebulan),0,0,0,0,0,0,1,4.75,4.6,3.22,5.07,4.38,4.46,2.60,2.17,4.57,4.4,4.33,4.4,100,0,10,15,1.5,100,0,0,0,0,0,78.98,7.9,0,0,0,0,0,0,0,0,3,0,0,0,0,0,0,10,0,0,1,1,1,1,1,1,1,1,1,1,1,2,3,1,2,3,1,2,3,1,0,0,0,0,0,0,0,0,0,0,Easy,Easy,Easy,Easy,Easy,Easy,Easy,Easy,Easy,Easy,8.28,10.07,3.57,6.9,9.95,8.72,8.75,11.18,4.57,7,0,0,0,0,0,0,0,0,0,0,,,,,,,,,,,3,3,3,3,3,3,3,3,3,3,0,0,0,Same,Same,Same,0,0,0,0,0,0,0,0,0,0,0,0,0
labseninittc1b1,In-person,Perempuan,24,S1/D4,Jawa,Pekerja,Assistant Teacher,1,Staf,Jarang (3-4 kali dalam sebulan),0,0,0,0,0,0,1,4.50,4.6,4.56,3.64,4.46,4.31,4.20,4.17,5.14,4.6,4.17,4.6,90,2,11,17.5,1.75,80,22.72,32.13,2,1,1,138.67,13.87,0,0,2,1,1,66.67,2,0,1,66.67,1,0,0,18.03,0,6,3,1,1,1,1,1,1,1,1,1,1,0,1,2,3,1,2,3,1,2,3,1,0,0,0,0,0,0,0,0,0,1,Easy,Easy,Easy,Easy,Easy,Easy,Normal,Normal,Normal,Hard,9.12,14.78,9.4,5.78,11.35,5.42,14.87,12.88,22.93,32.13,0,0,0,0,0,0,0,0,1,0,,,,,,,,,18.03,,3,3,3,3,3,3,3,3,1,0,0,0,0,Same,Harder,Harder,0,0,0,0,0,0,0,0,0,2,39.78,19.89,26.52
labseninittc1b10,In-person,Laki-laki,23,S1/D4,Jawa,Mahasiswa,fresh graduate,0,Freelance,Sering (3-4 kali dalam seminggu),0,0,0,0,0,0,3,4.25,4.5,4.17,4.79,4.29,4.31,3.40,4.50,4.43,3.8,4.67,4.4,100,5,15,17.5,1.75,40,0,0,0,0,0,105.12,10.51,0,0,6,6,0,33.33,5,0,2,33.33,1,0,0,4.58,0,6,4,0,1,1,1,1,1,1,1,1,1,1,1,2,3,1,2,3,1,2,3,1,0,0,0,0,0,0,0,0,0,0,Easy,Easy,Easy,Easy,Easy,Easy,Normal,Normal,Normal,Normal,18.93,16.07,5.78,5.92,10.23,3.3,8.15,19.48,9.02,8.23,1,0,1,0,0,0,1,1,1,1,12.93,,2.95,,,,2.4,2.22,4.47,2.48,1,2,1,3,3,3,1,1,1,1,0,0,0,Same,Harder,Same,1,1,0,0,0,0,1,1,0,1,37.61,7.522,25.07333
labseninittc1b11,In-person,Perempuan,19,SMA,Jawa,Pekerja,content creator,1,Freelance,Jarang (3-4 kali dalam sebulan),0,0,0,0,0,0,3,3.50,4.5,3.67,4.36,3.78,4.00,1.20,5.17,4.14,4,4.33,3,100,6,16,11,1.1,70,0,0,0,0,0,141.02,14.1,10,0,6,4,2,0,6,1,2,0,1,1,0,9.31,7,3,0,0,1,1,1,1,1,1,1,1,1,1,1,2,3,1,2,3,1,2,3,1,0,0,0,0,0,0,0,0,0,0,Easy,Easy,Easy,Very Easy,Very Easy,Very Easy,Very Easy,Very Easy,Very Easy,Very Easy,29.62,34.78,8.53,11.97,15.87,4.08,8.95,16.53,3.32,7.37,1,0,1,0,1,0,0,1,0,0,24.48,,4.67,,4.5,,,3.6,,,1,2,1,3,1,3,3,1,3,3,0,0,0,Easier,Same,Same,1,1,0,0,2,0,0,2,0,0,70.28,11.71333,46.85333
labseninittc1b12,In-person,Perempuan,26,S1/D4,Jawa,Mahasiswa,pengajar,5,Freelance,Tidak Pernah,0,0,0,0,0,0,1,4.50,4.3,4.44,3.79,4.22,4.00,3.40,4.67,5.00,4.8,3.67,4.2,40,8,12,5,0.5,40,34.17,27.06,5,4,4,241.67,24.17,10,66.67,9,6,3,100,9,1,1,33.33,4,3,0,15.82,6,4,0,0,0,0,0,0,0,0,1,1,1,1,1,2,3,1,2,3,1,2,3,1,0,0,1,1,1,1,0,0,0,0,Easy,Easy,Easy,Very Easy,Very Easy,Very Easy,Very Easy,Very Easy,Very Easy,Easy,45,45,14.48,19.13,32.73,6.03,25.08,35.05,9.87,9.28,1,0,0,1,1,0,0,1,1,1,26.48,,,11.23,26.4,,,25.3,2.77,2.75,0,0,0,0,0,0,3,1,1,1,100,100,0,Easier,Same,Harder,1,1,0,1,2,0,0,3,0,1,101.77,11.30778,67.84667
labseninittc1b13,In-person,Perempuan,18,S1/D4,Jawa,Mahasiswa,-,0,N/A (Bukan Pekerja),Sering (3-4 kali dalam seminggu),0,0,0,0,0,0,1,4.25,4.1,3.56,4.43,3.80,3.85,3.60,4.33,2.86,4,4,3.4,90,4,13,14.5,1.45,90,9.89,45,1,1,0,218.38,21.84,30,33.33,5,5,0,66.67,4,1,1,33.33,5,4,1,25.54,0,7,3,0,1,1,1,1,1,1,1,0,1,1,1,2,3,1,2,3,1,2,3,1,0,0,0,0,0,0,0,0,0,0,Easy,Easy,Easy,Easy,Easy,Easy,Normal,Normal,Normal,Easy,34.92,18.2,31.55,6.67,10.58,8.22,32.52,45,22.7,8.03,1,0,1,0,0,0,1,1,1,0,24.78,,26.1,,,,22.78,37.73,16.28,,1,2,1,3,3,3,1,0,1,3,0,0,33.33,Same,Harder,Easier,1,1,0,0,0,0,1,1,0,0,42.28,10.57,28.18667
labseninittc1b14,In-person,Laki-laki,29,SMA,Jawa,Pekerja,freelance,2,Freelance,Selalu (Setiap Hari),0,0,0,0,0,0,1,5.00,5,3.94,3.36,4.34,4.54,3.80,4.00,4.00,4.2,4.83,4,50,4,9,6,0.6,100,36.14,45,2,2,0,269.05,26.91,0,66.67,0,0,0,66.67,4,1,1,33.33,0,0,0,0,6,4,0,0,0,0,0,1,0,1,1,0,1,1,1,2,3,1,2,3,1,2,3,1,0,0,0,0,0,0,0,0,0,0,Easy,Easy,Easy,Very Easy,Very Easy,Very Easy,Very Easy,Very Easy,Very Easy,Easy,45,45,45,10.4,45,8.55,8.67,45,5.6,10.83,0,0,0,0,0,0,0,0,0,0,,,,,,,,,,,0,0,0,3,0,3,3,0,3,3,100,33.33,33.33,Easier,Same,Harder,1,1,0,0,0,0,1,0,0,1,74.1,18.525,49.4
labseninittc1b16,In-person,Laki-laki,19,SMA,Jawa,Mahasiswa,-,0,N/A (Bukan Pekerja),Selalu (Setiap Hari),0,0,0,0,0,0,1,4.00,4.2,3.33,4.00,3.74,3.92,2.80,3.83,3.29,4,3.83,3.4,90,4,13,10.5,1.05,100,8.92,45,1,1,0,167.88,16.79,10,33.33,2,2,0,66.67,4,1,1,33.33,2,2,1,31.72,6,4,0,0,1,0,1,1,1,1,1,1,1,1,1,2,3,1,2,3,1,2,3,1,0,0,0,0,0,0,0,0,0,0,Easy,Easy,Easy,Very Easy,Very Easy,Very Easy,Very Easy,Very Easy,Very Easy,Easy,27.93,45,7.32,7.55,38.13,6.28,5.97,18.93,3.83,6.93,0,1,0,0,1,0,0,0,0,0,,35.97,,,27.47,,,,,,2,0,3,3,1,3,3,2,3,3,33.33,0,0,Easier,Same,Harder,1,1,0,0,1,0,0,1,0,0,41.93,10.4825,27.95333
labseninittc1b17,In-person,Laki-laki,26,S1/D4,Jawa,Pekerja,coach esports,1,Freelance,Selalu (Setiap Hari),0,0,0,0,0,0,5,6.00,4.9,4.44,3.43,3.74,3.31,5.80,2.67,5.00,4,2.83,4.4,90,5,14,21,2.1,90,10.29,45,1,1,0,251.28,25.13,30,33.33,4,4,0,100,5,0,1,66.67,4,3,0,23.71,0,3,6,1,1,1,1,1,0,1,1,1,1,1,1,2,3,1,2,3,1,2,3,1,0,0,0,0,0,0,0,0,0,0,Easy,Easy,Easy,Normal,Normal,Normal,Normal,Normal,Normal,Hard,12.65,30.12,11.58,8.08,45,21.15,39.22,22.37,28.08,33.03,0,0,0,0,0,1,1,0,1,1,,,,,,16.77,29.97,,23.42,24.68,3,2,3,3,0,1,1,2,1,1,0,33.33,0,Harder,Same,Harder,0,1,0,0,1,0,1,1,0,1,70.22,14.044,46.81333
labseninittc1b19,In-person,Perempuan,19,SMA,Jawa,Pekerja,operator produksi,0,Staf,Jarang (3-4 kali dalam sebulan),0,0,0,0,0,0,2,5.25,5.6,5.22,4.50,5.00,5.38,4.00,6.00,5.43,4.6,6,4.4,100,5,15,16,1.6,90,0,0,0,0,0,162.07,16.21,0,0,1,1,0,33.33,5,0,2,33.33,1,0,0,13.87,0,9,1,0,1,1,1,1,1,1,1,1,1,1,1,2,3,1,2,3,1,2,3,1,0,0,0,0,0,0,0,0,0,0,Easy,Easy,Easy,Easy,Easy,Easy,Easy,Easy,Easy,Normal,18.42,14.83,6.7,23.5,9.78,9.75,16.82,20.63,4.15,37.48,0,0,0,1,0,0,0,0,0,0,,,,13.87,,,,,,,2,3,3,1,3,3,2,2,3,2,0,0,0,Same,Same,Harder,1,0,0,1,0,0,1,1,0,1,46.72,9.344,31.14667
labseninittc1b2,In-person,Perempuan,25,S1/D4,Jawa,Mahasiswa,HRD,3,Staf,Tidak Pernah,0,0,0,0,0,0,4,5.25,5.2,5,5.14,4.86,4.85,3.20,5.50,5.86,4.2,5.17,5.2,100,4,14,15,1.5,70,0,0,0,0,0,123.67,12.37,10,0,4,4,0,0,4,0,3,0,1,1,0,9.72,0,10,0,0,1,1,1,1,1,1,1,1,1,1,1,2,3,1,2,3,1,2,3,1,0,0,0,0,0,0,0,0,0,0,Easy,Easy,Easy,Easy,Easy,Easy,Easy,Easy,Easy,Easy,34.05,21.73,8.37,6.08,16.18,9.67,9.03,9.18,3.65,5.72,1,1,1,0,0,0,1,0,0,0,26.98,1.53,5.98,,,,4.37,,,,1,1,1,3,2,3,1,3,3,3,0,0,0,Same,Same,Same,1,1,0,0,1,0,1,0,0,0,27.9,6.975,18.6
labseninittc1b20,In-person,Perempuan,19,SMA,Jawa,Mahasiswa,-,0,N/A (Bukan Pekerja),Sering (3-4 kali dalam seminggu),0,0,0,0,0,0,3,5.25,5.4,4.56,5.14,4.89,5.00,3.80,4.33,5.29,5.2,4.67,4.8,90,4,13,9.5,0.95,100,5.74,45,1,1,0,178.68,17.87,0,33.33,1,1,0,33.33,4,2,1,0,1,1,1,43.28,7,3,0,0,0,1,1,1,1,1,1,1,1,1,1,2,3,1,2,3,1,2,3,1,0,0,0,0,0,0,0,0,0,0,Easy,Easy,Easy,Very Easy,Very Easy,Very Easy,Very Easy,Very Easy,Very Easy,Very Easy,45,38.45,6.4,9.3,31.7,11.33,7.77,16.22,3.95,8.57,1,0,0,0,0,0,0,0,0,0,43.28,,,,,,,,,,0,2,3,3,2,3,3,2,3,3,33.33,0,0,Easier,Easier,Same,1,1,0,0,1,0,0,1,0,0,43.95,10.9875,29.3
labseninittc1b22,In-person,Perempuan,21,SMA,Jawa,Mahasiswa,-,0,N/A (Bukan Pekerja),Jarang (3-4 kali dalam sebulan),0,0,0,0,0,0,1,5.50,4.8,3.28,4.57,4.31,4.23,2.40,2.83,4.29,4,4.33,4.6,100,4,14,11,1.1,70,0,0,0,0,0,143.78,14.38,0,0,3,3,0,0,4,2,1,0,1,0,0,7.23,7,3,0,0,1,1,1,1,1,1,1,1,1,1,1,2,3,1,2,3,1,2,3,1,0,0,0,0,0,0,0,0,0,0,Easy,Easy,Easy,Very Easy,Very Easy,Very Easy,Very Easy,Very Easy,Very Easy,Very Easy,27.47,39.9,7.22,7.18,15,4.35,7.68,23.63,3.9,7.45,1,0,0,0,1,0,0,1,0,0,14.52,,,,4.97,,,2.22,,,1,2,3,3,1,3,3,1,3,3,0,0,0,Easier,Easier,Same,1,1,0,0,1,0,0,1,0,0,50.32,12.58,33.54667
labseninittc1b23,In-person,Perempuan,19,SMA,Luar Jawa,Mahasiswa,-,0,N/A (Bukan Pekerja),Tidak Pernah,0,0,0,0,0,0,2,4.25,4.3,3.72,2.71,4.06,4.15,2.60,4.00,4.29,4.2,4.17,3.8,60,0,6,10,1,70,0,14.72,0,0,3,179.85,17.99,10,33.33,1,1,0,66.67,0,1,0,66.67,1,1,1,32.33,0,6,4,0,1,1,1,1,0,1,1,0,0,0,1,2,3,1,2,3,1,2,3,1,0,0,0,0,0,0,0,1,1,1,Easy,Easy,Easy,Normal,Normal,Normal,Easy,Easy,Easy,Normal,16,29.4,15.98,13.08,45,39.43,7.07,9.12,1.27,3.5,0,0,0,0,0,1,0,0,0,0,,,,,,32.33,,,,,2,2,2,3,0,1,3,0,0,0,0,33.33,66.67,Harder,Easier,Harder,0,0,0,0,0,0,0,0,0,0,0,0,0
labseninittc1b24,In-person,Perempuan,25,S1/D4,Jawa,Pekerja,fasilitator sekolah alam,1,Staf,Jarang (3-4 kali dalam sebulan),0,0,0,0,0,0,1,4.75,4.3,3.33,3.79,3.71,3.62,3.60,2.67,3.71,4.2,3.33,3.6,90,4,13,15.5,1.55,90,10.93,45,1,1,0,185.8,18.58,10,33.33,3,3,0,66.67,4,0,2,33.33,3,2,1,23.51,0,6,4,0,1,1,1,1,1,1,1,0,1,1,1,2,3,1,2,3,1,2,3,1,0,0,0,0,0,0,0,0,0,0,Easy,Easy,Easy,Easy,Easy,Easy,Normal,Normal,Normal,Normal,35.62,24.3,17.88,6.95,18.57,4.12,6.4,45,20.32,6.65,1,0,0,0,0,0,0,1,1,0,22.55,,,,,,,33.03,14.93,,1,2,2,3,2,3,3,0,1,3,0,0,33.33,Same,Harder,Same,1,1,0,0,1,0,0,1,0,0,55.85,13.9625,37.23333
labseninittc1b25,In-person,Perempuan,27,S1/D4,Jawa,Pekerja,tendik,3,Freelance,Jarang (3-4 kali dalam sebulan),0,0,0,0,0,0,3,4.75,4.8,4.22,3.14,3.93,4.23,2.80,4.50,5.00,4.2,4,3.6,20,0,2,3,0.3,90,0,45,0,0,1,396.88,39.69,0,66.67,2,2,0,66.67,0,1,1,33.33,2,2,1,43.65,3,7,0,0,0,0,0,0,0,0,0,1,0,1,1,2,3,1,2,3,1,2,3,1,0,1,0,0,0,0,0,0,0,0,Easy,Easy,Easy,Very Easy,Very Easy,Very Easy,Easy,Easy,Easy,Easy,45,23.2,66.8,45,45,45,45,27.93,45,8.95,1,0,1,0,0,0,0,0,0,0,25.82,,61.48,,,,,,,,0,0,0,0,0,0,0,2,0,3,100,100,66.67,Easier,Harder,Same,0,0,0,0,0,0,0,0,0,0,0,0,0
labseninittc1b3,In-person,Laki-laki,25,S1/D4,Jawa,Mahasiswa,-,0,N/A (Bukan Pekerja),Sering (3-4 kali dalam seminggu),0,0,0,0,0,0,2,4.25,4.6,3.33,4.14,3.61,4.00,1.60,3.83,4.14,4.2,3.83,2.8,60,3,9,10.5,1.05,60,43.07,23.23,3,3,4,210.48,21.05,0,66.67,2,0,2,100,5,1,1,33.33,0,0,0,0,0,4,6,0,1,1,1,1,0,0,1,0,0,1,1,2,3,1,2,3,1,2,3,1,0,0,0,0,1,1,0,1,1,0,Easy,Easy,Easy,Normal,Normal,Normal,Normal,Normal,Normal,Easy,20.37,24.03,17.78,36.45,18.8,26.93,14.13,19.78,27.38,4.82,0,0,0,0,0,0,0,0,0,0,,,,,,,,,,,2,2,2,2,0,0,3,0,0,3,0,66.67,66.67,Harder,Same,Easier,1,1,0,0,2,0,0,1,0,0,109.39,21.878,72.92667
labseninittc1b6,In-person,Laki-laki,19,SMA,Jawa,Mahasiswa,-,0,N/A (Bukan Pekerja),Jarang (3-4 kali dalam sebulan),0,0,0,0,0,0,1,4.50,4.2,3.56,3.57,3.80,3.85,3.40,2.83,4.29,3.8,4,3.6,80,7,15,18.5,1.85,70,9.34,43.38,2,1,1,239.65,23.97,10,33.33,4,3,1,100,7,0,1,66.67,1,1,0,13.01,0,6,3,1,0,1,0,1,1,1,1,1,1,1,1,2,3,1,2,3,1,2,3,1,1,0,0,0,0,0,0,0,0,0,Easy,Easy,Easy,Easy,Easy,Easy,Normal,Normal,Normal,Hard,41.77,29.28,45,11.4,14.87,6.72,15.37,28.12,31.27,15.87,0,0,0,1,0,0,0,0,1,1,,,,5.13,,,,,26.13,7.77,0,2,0,1,3,3,2,2,1,1,66.67,0,0,Same,Harder,Harder,2,1,0,1,0,0,1,1,0,1,62.76,8.965714,41.84
labseninittc1b7,In-person,Laki-laki,18,SMA,Luar Jawa,Mahasiswa,-,0,N/A (Bukan Pekerja),Sering (3-4 kali dalam seminggu),0,0,0,0,0,0,3,4.00,4.6,3.89,3.64,3.93,3.92,2.00,4.67,4.57,4,4,3.8,100,3,13,16,1.6,90,0,0,0,0,0,156.3,15.63,10,0,2,2,0,33.33,3,0,2,33.33,1,1,0,19.82,0,9,1,0,1,1,1,1,1,1,1,1,1,1,1,2,3,1,2,3,1,2,3,1,0,0,0,0,0,0,0,0,0,0,Easy,Easy,Easy,Easy,Easy,Easy,Easy,Easy,Easy,Normal,11.83,34.03,28.15,5.67,12.37,3.33,4.38,11.13,8.32,37.08,1,0,0,0,0,0,0,0,0,1,9.73,,,,,,,,,29.92,1,2,2,3,3,3,3,3,3,1,0,0,0,Same,Same,Harder,1,1,0,0,0,0,0,0,0,1,21.43,7.143333,14.28667
labseninittc1b8,In-person,Laki-laki,27,S1/D4,Jawa,Pekerja,Penerjemah,1,Freelance,Jarang (3-4 kali dalam sebulan),0,0,0,0,0,0,4,5.00,5,5.22,3.64,4.46,4.38,5.00,5.50,5.14,5,4.17,4.2,100,4,14,11,1.1,80,0,0,0,0,0,139.88,13.99,0,0,2,2,0,0,4,3,0,0,2,0,0,16.77,7,3,0,0,1,1,1,1,1,1,1,1,1,1,1,2,3,1,2,3,1,2,3,1,0,0,0,0,0,0,0,0,0,0,Easy,Easy,Easy,Very Easy,Very Easy,Very Easy,Very Easy,Very Easy,Very Easy,Very Easy,30.75,24.1,13.57,6.58,28.12,6.9,5.47,15.42,3.37,5.62,1,0,0,0,1,0,0,0,0,0,18.17,,,,15.38,,,,,,1,2,3,3,1,3,3,2,3,3,0,0,0,Easier,Easier,Easier,1,1,0,0,1,0,0,1,0,0,40.99,10.2475,27.32667
labseninittc1b9,In-person,Laki-laki,23,S1/D4,Jawa,Pekerja,IT Support,1,Staf,Sering (3-4 kali dalam seminggu),0,0,0,0,0,0,2,5.00,5.2,4.61,5.21,4.14,4.38,4.40,4.33,5.00,4.8,3.83,3.8,100,9,19,15,1.5,100,0,0,0,0,0,153.22,15.32,0,0,0,0,0,0,9,0,3,0,0,0,0,0,0,10,0,0,1,1,1,1,1,1,1,1,1,1,1,2,3,1,2,3,1,2,3,1,0,0,0,0,0,0,0,0,0,0,Easy,Easy,Easy,Easy,Easy,Easy,Easy,Easy,Easy,Easy,37.87,38.5,16.05,7.82,14.43,10.3,6.67,10.67,4.17,6.75,0,0,0,0,0,0,0,0,0,0,,,,,,,,,,,2,2,2,3,3,3,3,3,3,3,0,0,0,Same,Same,Same,1,1,0,0,0,0,2,1,0,4,68.72,7.635556,45.81333
labseninkom1a1,In-person,Laki-laki,18,SMA,Jawa,Mahasiswa,-,0,N/A (Bukan Pekerja),Selalu (Setiap Hari),0,0,0,0,0,0,2,4.75,5.1,4.44,4.64,4.21,4.15,3.00,4.17,5.71,4,3.83,4.8,60,3,9,10.5,1.05,100,50.44,45,5,4,0,254.73,25.47,0,66.67,1,0,1,100,6,1,1,33.33,0,0,0,0,0,4,6,0,1,1,1,1,0,0,1,0,0,1,1,2,3,1,2,3,1,2,3,1,0,0,0,0,0,0,0,0,0,0,Easy,Easy,Easy,Normal,Normal,Normal,Normal,Normal,Normal,Easy,15.3,17.87,13.67,8.7,45,45,12.77,45,45,6.43,0,0,0,0,0,0,0,0,0,0,,,,,,,,,,,2,2,3,3,0,0,3,0,0,3,0,66.67,66.67,Harder,Same,Easier,1,0,0,0,4,0,0,1,0,0,92.23,15.37167,61.48667
labseninkom1a11,In-person,Perempuan,22,SMA,Jawa,Mahasiswa,,0,Staf,Jarang (3-4 kali dalam sebulan),0,0,0,0,0,0,3,4.75,4.9,4.67,4.43,4.66,4.77,3.20,5.33,5.14,4.4,5.17,4.4,100,3,13,12,1.2,100,0,0,0,0,0,146.03,14.6,10,0,1,1,0,33.33,3,1,1,33.33,1,1,0,25.18,6,4,0,0,1,1,1,1,1,1,1,1,1,1,1,2,3,1,2,3,1,2,3,1,0,0,0,0,0,0,0,0,0,0,Easy,Easy,Easy,Very Easy,Very Easy,Very Easy,Very Easy,Very Easy,Very Easy,Easy,42.55,13.75,30.65,7.73,10.92,3.77,5.62,19.6,4.42,7.03,0,0,1,0,0,0,0,0,0,0,,,25.18,,,,,,,,2,3,1,3,3,3,3,2,3,3,0,0,0,Easier,Same,Harder,1,0,0,0,0,0,0,2,0,0,34.19,11.39667,22.79333
labseninkom1a13,In-person,Perempuan,21,SMA,Jawa,Mahasiswa,-,0,N/A (Bukan Pekerja),Jarang (3-4 kali dalam sebulan),0,0,0,0,0,0,1,3.75,4.8,3.72,4.43,4.29,4.38,2.00,4.50,4.29,4.2,4.67,4,80,2,10,9,0.9,70,11.04,45,2,2,0,166.32,16.63,0,33.33,4,4,0,66.67,2,1,1,33.33,1,1,0,10.75,6,4,0,0,0,0,1,1,1,1,1,1,1,1,1,2,3,1,2,3,1,2,3,1,0,0,0,0,0,0,0,0,0,0,Easy,Easy,Easy,Very Easy,Very Easy,Very Easy,Very Easy,Very Easy,Very Easy,Easy,45,45,13.3,9.17,14.18,8.32,8.32,10.38,4.98,7.67,1,1,1,0,0,1,0,0,0,0,25.98,6.28,7.22,,,3.53,,,,,0,0,1,3,3,1,3,3,3,3,66.67,0,0,Easier,Same,Harder,1,1,0,0,0,0,0,0,0,0,16.56,8.28,11.04
labseninkom1a14,In-person,Laki-laki,18,SMA,Jawa,Mahasiswa,-,0,N/A (Bukan Pekerja),Jarang (3-4 kali dalam sebulan),0,0,0,0,0,0,3,5.00,5.3,4.33,4.07,4.43,4.54,2.80,4.67,5.14,5,4.5,3.8,100,4,14,17.5,1.75,50,0,0,0,0,0,145.07,14.51,0,0,5,5,0,33.33,4,0,2,33.33,3,0,0,9.43,0,6,4,0,1,1,1,1,1,1,1,1,1,1,1,2,3,1,2,3,1,2,3,1,0,0,0,0,0,0,0,0,0,0,Easy,Easy,Easy,Easy,Easy,Easy,Normal,Normal,Normal,Normal,18.03,18.98,7.18,7.3,11.83,7.98,21.48,22.1,18.67,11.5,1,0,1,0,0,0,1,1,1,0,10.18,,5.07,,,,14.67,7.08,10.13,,1,2,1,3,3,3,1,1,1,3,0,0,0,Same,Harder,Same,1,1,0,0,0,0,1,1,0,0,37.91,9.4775,25.27333
labseninkom1a15,In-person,Laki-laki,18,SMA,Jawa,Mahasiswa,-,0,N/A (Bukan Pekerja),Sering (3-4 kali dalam seminggu),0,0,0,0,0,0,3,4.50,4.4,4.44,4.57,4.26,4.46,4.00,4.67,4.57,5,4.17,3.6,100,2,12,19,1.9,90,0,0,0,0,0,161.87,16.19,10,0,2,2,0,33.33,2,0,2,33.33,2,1,0,21.67,0,3,7,0,1,1,1,1,1,1,1,1,1,1,1,2,3,1,2,3,1,2,3,1,0,0,0,0,0,0,0,0,0,0,Easy,Easy,Easy,Normal,Normal,Normal,Normal,Normal,Normal,Normal,22.6,14.9,13.42,11.88,16.15,32.9,8.23,9.6,21.07,11.12,1,0,0,0,0,1,0,0,0,0,15.6,,,,,27.73,,,,,1,3,3,3,2,1,3,3,2,3,0,0,0,Harder,Same,Same,1,0,0,0,1,0,0,0,0,0,15.37,7.685,10.24667
labseninkom1a16,In-person,Laki-laki,20,SMA,Jawa,Mahasiswa,-,0,N/A (Bukan Pekerja),Selalu (Setiap Hari),0,0,0,0,0,0,3,5.00,5.7,4.67,4.57,4.70,5.08,3.80,4.50,5.43,5.8,4.5,3.8,100,5,15,21.5,2.15,70,0,0,0,0,0,183.42,18.34,20,0,6,5,1,66.67,5,0,1,66.67,4,2,0,17.31,0,6,3,1,1,1,1,1,1,1,1,1,1,1,1,2,3,1,2,3,1,2,3,1,0,0,0,0,0,0,0,0,0,0,Easy,Easy,Easy,Easy,Easy,Easy,Normal,Normal,Normal,Hard,18.57,12.68,29.72,8.8,13.7,3.05,14.85,31.9,20.97,29.18,0,0,1,0,0,0,1,1,1,1,,,24.88,,,,6.2,15.9,15.97,23.58,2,3,1,3,3,3,1,1,1,1,0,0,0,Same,Harder,Harder,1,0,0,0,0,0,1,1,0,2,50.96,10.192,33.97333
labseninkom1a17,In-person,Laki-laki,18,SMA,Luar Jawa,Mahasiswa,-,0,N/A (Bukan Pekerja),Jarang (3-4 kali dalam sebulan),0,0,0,0,0,0,1,4.00,4.5,4.28,4.79,4.59,4.85,3.80,5.50,3.57,4.4,5.17,4.2,100,2,12,19,1.9,80,0,0,0,0,0,129.77,12.98,0,0,2,2,0,33.33,2,0,2,33.33,2,0,0,15.3,0,3,7,0,1,1,1,1,1,1,1,1,1,1,1,2,3,1,2,3,1,2,3,1,0,0,0,0,0,0,0,0,0,0,Easy,Easy,Easy,Normal,Normal,Normal,Normal,Normal,Normal,Normal,15.8,13.92,6.95,10.67,21.48,22.37,6.43,14.38,9.93,7.83,1,0,0,0,0,1,0,0,0,0,13.22,,,,,17.38,,,,,1,3,3,3,2,1,3,3,3,3,0,0,0,Harder,Same,Same,1,0,0,0,1,0,0,0,0,0,20.1,10.05,13.4
labseninkom1a18,In-person,Laki-laki,22,SMA,Luar Jawa,Mahasiswa,-,0,N/A (Bukan Pekerja),Jarang (3-4 kali dalam sebulan),0,0,0,0,0,0,1,5.75,6,5.72,4.43,4.97,5.77,5.80,6.00,5.43,6,5.5,3.4,100,3,13,17.5,1.75,80,0,0,0,0,0,135.4,13.54,10,0,3,3,0,33.33,3,0,2,33.33,2,1,0,14.43,0,6,4,0,1,1,1,1,1,1,1,1,1,1,1,2,3,1,2,3,1,2,3,1,0,0,0,0,0,0,0,0,0,0,Easy,Easy,Easy,Easy,Easy,Easy,Normal,Normal,Normal,Normal,16.48,16.45,4.48,6.07,11.27,3.97,9.25,41.05,17.77,8.62,1,0,0,0,0,0,0,1,1,0,13.37,,,,,,,23.73,6.2,,1,2,3,3,3,3,3,1,1,3,0,0,0,Same,Harder,Same,1,1,0,0,0,0,0,1,0,0,26.07,8.69,17.38
labseninkom1a19,In-person,Laki-laki,18,SMA,Luar Jawa,Mahasiswa,-,0,N/A (Bukan Pekerja),Jarang (3-4 kali dalam sebulan),0,0,0,0,0,0,3,5.00,5.2,4.06,5.86,4.53,4.62,3.00,4.00,4.86,5.4,4,4.2,80,4,12,13,1.3,80,10.91,30.01,3,2,2,159.28,15.93,0,33.33,1,0,1,66.67,5,1,1,33.33,0,0,0,0,0,7,3,0,1,1,1,1,1,1,1,0,0,1,1,2,3,1,2,3,1,2,3,1,0,0,0,0,0,0,0,1,1,0,Easy,Easy,Easy,Easy,Easy,Easy,Normal,Normal,Normal,Easy,38.37,16.8,8.67,5.98,9.18,2.98,12.07,36.43,23.58,5.22,0,0,0,0,0,0,0,0,0,0,,,,,,,,,,,2,2,3,3,3,3,3,0,0,3,0,0,66.67,Same,Harder,Easier,1,1,0,0,0,0,0,3,0,0,40.85,8.17,27.23333
labseninkom1a2,In-person,Laki-laki,19,SMA,Jawa,Mahasiswa,-,0,N/A (Bukan Pekerja),Jarang (3-4 kali dalam sebulan),0,0,0,0,0,0,1,4.50,4.7,3.67,4.00,4.58,4.77,2.20,4.83,3.71,4.4,5.33,4,80,8,16,11.5,1.15,70,27.42,45,2,2,0,200.52,20.05,0,33.33,6,4,2,100,8,1,0,66.67,2,2,0,12.77,3,6,1,0,0,0,1,1,1,1,1,1,1,1,1,2,3,1,2,3,1,2,3,1,0,0,0,0,0,0,0,0,0,0,Easy,Easy,Easy,Very Easy,Very Easy,Very Easy,Easy,Easy,Easy,Normal,45,45,5.73,15.35,41.6,6.32,16.67,12.4,3.3,9.15,1,0,0,0,1,0,1,0,0,1,25.2,,,,21.33,,2.27,,,2.28,0,0,3,2,1,3,1,3,3,1,66.67,0,0,Easier,Harder,Harder,1,1,0,2,1,0,2,0,0,1,92.91,11.61375,61.94
labseninkom1a20,In-person,Laki-laki,20,SMA,Luar Jawa,Mahasiswa,-,0,N/A (Bukan Pekerja),Jarang (3-4 kali dalam sebulan),0,0,0,0,0,0,1,4.75,4.8,4.11,3.71,4.04,4.15,3.60,4.33,4.29,3.6,4.33,4.2,80,5,13,15.5,1.55,80,20.58,32.67,3,2,1,179.7,17.97,0,0,4,3,1,33.33,5,0,1,66.67,3,1,0,17.21,0,6,3,1,1,1,1,1,1,1,1,0,1,0,1,2,3,1,2,3,1,2,3,1,0,0,0,0,0,0,0,0,0,1,Easy,Easy,Easy,Easy,Easy,Easy,Normal,Normal,Normal,Hard,26,22.45,10.52,7.37,12.58,7.5,7.88,45,20.07,20.33,0,0,0,0,0,0,0,1,1,1,,,,,,,,26.43,13.58,11.6,2,2,3,3,3,3,3,0,1,0,0,0,33.33,Same,Harder,Harder,1,1,0,0,0,0,0,1,0,2,54.37,10.874,36.24667
labseninkom1a21,In-person,Laki-laki,23,S1/D4,Jawa,Mahasiswa,wirausahawan,2,Freelance,Sering (3-4 kali dalam seminggu),0,0,0,0,0,0,4,4.50,5.5,5.28,4.00,4.96,5.00,5.40,5.83,4.71,5.4,4.67,4.8,100,3,13,16,1.6,80,0,0,0,0,0,114.38,11.44,0,0,2,2,0,33.33,3,0,2,33.33,0,0,0,9.2,0,9,1,0,1,1,1,1,1,1,1,1,1,1,1,2,3,1,2,3,1,2,3,1,0,0,0,0,0,0,0,0,0,0,Easy,Easy,Easy,Easy,Easy,Easy,Easy,Easy,Easy,Normal,17.67,17.87,10.8,10.33,12.63,3.48,6.18,9.02,5.72,20.68,1,0,0,0,0,0,0,0,0,1,8.75,,,,,,,,,9.65,1,2,3,3,3,3,3,3,3,1,0,0,0,Same,Same,Harder,1,1,0,0,0,0,0,0,0,1,23.17,7.723333,15.44667
labseninkom1a23,In-person,Perempuan,21,SMA,Jawa,Mahasiswa,-,0,N/A (Bukan Pekerja),Jarang (3-4 kali dalam sebulan),0,0,0,0,0,0,2,5.50,5.7,4.28,5.57,4.46,4.92,4.20,5.00,3.71,5,5.17,3.2,100,3,13,16,1.6,100,0,0,0,0,0,129.15,12.92,10,0,1,1,0,33.33,3,0,2,33.33,1,1,1,33.95,0,9,1,0,1,1,1,1,1,1,1,1,1,1,1,2,3,1,2,3,1,2,3,1,0,0,0,0,0,0,0,0,0,0,Easy,Easy,Easy,Easy,Easy,Easy,Easy,Easy,Easy,Normal,43.32,15.2,11.43,6.93,15.42,3.22,8.03,12.97,3.38,9.25,1,0,0,0,0,0,0,0,0,0,33.95,,,,,,,,,,1,2,3,3,2,3,3,3,3,3,0,0,0,Same,Same,Harder,1,1,0,0,1,0,0,0,0,0,28.91,9.636667,19.27333
labseninkom1a24,In-person,Perempuan,22,SMA,Jawa,Mahasiswa,-,0,N/A (Bukan Pekerja),Sering (3-4 kali dalam seminggu),0,0,0,0,0,0,2,4.25,5.3,5,4.36,4.97,5.31,3.80,6.00,5.00,5.2,5.5,4.2,100,5,15,17.5,1.75,70,0,0,0,0,0,214.55,21.45,20,0,5,5,0,33.33,5,0,2,33.33,4,2,0,17.61,0,6,4,0,1,1,1,1,1,1,1,1,1,1,1,2,3,1,2,3,1,2,3,1,0,0,0,0,0,0,0,0,0,0,Easy,Easy,Easy,Easy,Easy,Easy,Normal,Normal,Normal,Normal,41.27,38.97,13.47,7.8,12.82,4.87,24.68,38.32,15.37,17,1,0,0,0,0,0,1,1,1,1,26.48,,,,,,16.98,25.12,8.62,10.87,1,2,3,3,3,3,1,1,1,1,0,0,0,Same,Harder,Same,1,1,0,0,0,0,1,1,0,1,46.99,9.398,31.32667
labseninkom1a25,In-person,Perempuan,21,SMA,Jawa,Mahasiswa,-,0,N/A (Bukan Pekerja),Sering (3-4 kali dalam seminggu),0,0,0,0,0,0,2,5.25,5.4,4.39,5.14,5.10,5.15,2.00,4.83,5.71,4.8,5.5,5,80,4,12,12.5,1.25,100,6.02,45,1,1,0,203.28,20.33,0,33.33,0,0,0,66.67,4,0,2,33.33,0,0,0,0,0,9,1,0,1,1,0,1,1,1,1,1,1,0,1,2,3,1,2,3,1,2,3,1,0,0,0,0,0,0,0,0,0,0,Easy,Easy,Easy,Easy,Easy,Easy,Easy,Easy,Easy,Normal,31.52,25.3,45,17.32,11.7,5.65,7.42,9.82,4.57,45,0,0,0,0,0,0,0,0,0,0,,,,,,,,,,,2,2,0,2,3,3,3,3,3,0,33.33,0,0,Same,Same,Harder,1,1,0,1,0,0,0,0,0,1,34.67,8.6675,23.11333
labseninkom1a3,In-person,Laki-laki,18,SMA,Jawa,Mahasiswa,-,0,N/A (Bukan Pekerja),Sering (3-4 kali dalam seminggu),0,0,0,0,0,0,4,4.00,5.3,3.39,4.36,4.66,4.77,2.40,3.83,3.71,5,4.17,4.8,70,5,12,8,0.8,90,11.2,45,2,2,0,228.43,22.84,0,33.33,2,2,0,66.67,5,1,1,33.33,1,1,1,23.5,6,4,0,0,0,0,0,1,1,1,1,1,1,1,1,2,3,1,2,3,1,2,3,1,0,0,0,0,0,0,0,0,0,0,Easy,Easy,Easy,Very Easy,Very Easy,Very Easy,Very Easy,Very Easy,Very Easy,Easy,45,45,45,14.82,26.72,5.18,10.37,16.37,3.13,16.85,1,0,0,0,0,0,0,0,0,1,37.1,,,,,,,,,9.9,0,0,0,3,2,3,3,2,3,1,100,0,0,Easier,Same,Harder,1,1,0,0,1,0,0,1,0,1,39.64,7.928,26.42667
labseninkom1a4,In-person,Laki-laki,19,SMA,Jawa,Mahasiswa,-,0,N/A (Bukan Pekerja),Sering (3-4 kali dalam seminggu),0,0,0,0,0,0,3,4.50,5.7,4.83,3.43,4.77,4.85,5.20,3.83,5.43,5.4,4.5,4.4,100,5,15,21.5,2.15,100,0,0,0,0,0,219.83,21.98,30,0,3,3,0,66.67,5,0,1,66.67,3,3,1,27.35,0,6,3,1,1,1,1,1,1,1,1,1,1,1,1,2,3,1,2,3,1,2,3,1,0,0,0,0,0,0,0,0,0,0,Easy,Easy,Easy,Easy,Easy,Easy,Normal,Normal,Normal,Hard,37.02,19.48,27.47,6.78,10.18,3.1,27.47,21.32,28.75,38.27,1,0,0,0,0,0,0,0,1,1,24.48,,,,,,,,23.55,34.02,1,2,2,3,3,3,2,2,1,1,0,0,0,Same,Harder,Harder,1,1,0,0,0,0,1,1,0,1,51.87,10.374,34.58
labseninkom1a5,In-person,Laki-laki,21,SMA,Jawa,Mahasiswa,-,0,N/A (Bukan Pekerja),Jarang (3-4 kali dalam sebulan),0,0,0,0,0,0,1,5.50,5.7,4.94,4.79,5.56,5.62,4.60,5.83,4.43,5.6,5.67,5.4,60,5,11,7,0.7,70,67.9,40.65,6,4,1,216.58,21.66,0,66.67,4,3,1,100,7,2,0,33.33,1,1,0,11.65,6,4,0,0,0,0,0,1,0,1,1,1,1,1,1,2,3,1,2,3,1,2,3,1,0,0,1,0,0,0,0,0,0,0,Easy,Easy,Easy,Very Easy,Very Easy,Very Easy,Very Easy,Very Easy,Very Easy,Easy,45,45,27.6,6.3,45,13.28,10.7,13.48,4.18,6.03,0,1,0,0,0,1,0,1,0,0,,24.87,,,,7.35,,2.73,,,0,0,0,3,0,1,3,1,3,3,100,33.33,0,Easier,Easier,Harder,4,1,0,0,1,0,0,1,0,0,120.77,17.25286,80.51333
labseninkom1a6,In-person,Laki-laki,20,SMA,Luar Jawa,Mahasiswa,-,0,N/A (Bukan Pekerja),Sering (3-4 kali dalam seminggu),0,0,0,0,0,0,1,4.00,5,4.5,4.79,4.50,4.38,3.60,3.83,5.71,4.6,4.5,4.4,100,3,13,17.5,1.75,90,0,0,0,0,0,156.68,15.67,20,0,3,3,0,66.67,3,1,0,66.67,3,2,0,20.7,0,6,4,0,1,1,1,1,1,1,1,1,1,1,1,2,3,1,2,3,1,2,3,1,0,0,0,0,0,0,0,0,0,0,Easy,Easy,Easy,Normal,Normal,Normal,Easy,Easy,Easy,Normal,32.45,16.17,15.48,5.82,38.85,16.58,5.72,10.43,5.57,9.62,1,0,0,0,1,1,0,0,0,0,24.28,,,,24.08,13.73,,,,,1,2,2,3,1,1,3,3,3,3,0,0,0,Harder,Easier,Harder,1,1,0,0,1,0,0,0,0,0,26.32,8.773333,17.54667
labseninkom1a7,In-person,Laki-laki,20,SMA,Luar Jawa,Mahasiswa,-,0,N/A (Bukan Pekerja),Sering (3-4 kali dalam seminggu),0,0,0,0,0,0,3,5.50,5.3,4.28,4.29,4.68,5.15,4.60,4.83,3.57,5.8,4.83,3.4,80,6,14,18,1.8,60,15.19,45,2,2,0,224.23,22.42,0,33.33,6,6,0,66.67,6,0,1,66.67,4,3,1,19.18,0,6,3,1,0,1,1,1,1,1,1,0,1,1,1,2,3,1,2,3,1,2,3,1,0,0,0,0,0,0,0,0,0,0,Easy,Easy,Easy,Easy,Easy,Easy,Normal,Normal,Normal,Hard,45,25.47,21.67,9.92,12.08,3.57,18.1,45,12.98,30.45,1,0,1,1,0,0,1,1,0,1,41.15,,13.05,2.87,,,9.75,27.03,,21.25,0,2,1,1,3,3,1,0,3,1,33.33,0,33.33,Same,Harder,Harder,1,1,0,1,0,0,1,1,0,1,56.96,9.493333,37.97333
labseninkom1a8,In-person,Laki-laki,28,S1/D4,Jawa,Pekerja,Contractor,2,Freelance,Jarang (3-4 kali dalam sebulan),0,0,0,0,0,0,1,4.50,4.1,3.06,4.07,3.47,3.15,1.60,3.17,4.00,3.2,3,4.2,60,6,12,11,1.1,80,24.73,45,4,3,0,296.77,29.68,0,66.67,5,4,1,100,6,0,2,33.33,4,2,2,25.6,0,3,7,0,1,1,1,0,0,0,1,0,1,1,1,2,3,1,2,3,1,2,3,1,0,0,0,0,0,0,0,0,0,0,Easy,Easy,Easy,Normal,Normal,Normal,Normal,Normal,Normal,Normal,11.25,27.88,19.87,45,45,45,15.98,45,28.83,12.95,0,0,1,1,0,0,0,1,1,0,,,15.83,35.72,,,,31.57,19.3,,3,2,1,0,0,0,2,0,1,3,0,100,33.33,Harder,Same,Same,0,1,0,2,1,0,1,1,0,0,62.33,10.38833,41.55333
labseninkom1a9,In-person,Laki-laki,23,S1/D4,Luar Jawa,Mahasiswa,-,0,N/A (Bukan Pekerja),Jarang (3-4 kali dalam sebulan),0,0,0,0,0,0,2,4.25,4.9,4.17,3.36,4.30,4.46,4.20,3.67,4.57,4.4,4.5,4,80,8,16,18,1.8,30,19.61,45,2,2,0,207.53,20.75,0,33.33,10,9,1,66.67,8,0,1,66.67,3,2,2,11.04,0,6,3,1,1,0,1,1,1,1,1,0,1,1,1,2,3,1,2,3,1,2,3,1,0,0,0,0,0,0,0,0,0,0,Easy,Easy,Easy,Easy,Easy,Easy,Normal,Normal,Normal,Hard,28.03,45,9.43,15.78,18.2,4.22,17.23,45,12.05,12.58,1,1,1,1,1,0,1,1,1,1,11.97,32.32,2.27,6.53,1.22,,2.75,32.43,5.75,4.12,1,0,1,1,1,3,1,0,1,1,33.33,0,33.33,Same,Harder,Harder,2,1,0,1,1,0,1,1,0,1,72.97,9.12125,48.64667
labseninkom1b1,In-person,Perempuan,22,SMA,Jawa,Mahasiswa,-,0,N/A (Bukan Pekerja),Sering (3-4 kali dalam seminggu),0,0,0,0,0,0,1,3.50,3.9,3.83,4.07,4.06,4.08,2.80,4.00,4.43,3.6,4.17,4.4,100,4,14,12,1.2,90,0,0,0,0,0,163.58,16.36,10,0,2,2,0,33.33,4,1,1,33.33,2,1,0,18.03,6,4,0,0,1,1,1,1,1,1,1,1,1,1,1,2,3,1,2,3,1,2,3,1,0,0,0,0,0,0,0,0,0,0,Easy,Easy,Easy,Very Easy,Very Easy,Very Easy,Very Easy,Very Easy,Very Easy,Easy,25.13,34.17,16.05,8.25,36.07,6.5,6.62,21.55,3,6.25,0,0,0,0,1,0,0,1,0,0,,,,,25.15,,,10.92,,,2,2,2,3,1,3,3,1,3,3,0,0,0,Easier,Same,Harder,1,1,0,0,1,0,0,1,0,0,39.19,9.7975,26.12667
labseninkom1b10,In-person,Perempuan,17,SMA,Luar Jawa,Mahasiswa,-,0,N/A (Bukan Pekerja),Sering (3-4 kali dalam seminggu),0,0,0,0,0,0,2,5.00,5.3,4.17,3.64,5.02,5.00,3.60,4.17,4.57,4.8,5.67,4.6,90,9,18,21,2.1,90,7.06,45,1,1,0,290.33,29.03,40,33.33,7,5,2,100,10,0,1,66.67,5,4,1,24.22,0,3,6,1,1,1,1,1,0,1,1,1,1,1,1,2,3,1,2,3,1,2,3,1,0,0,0,0,0,0,0,0,0,0,Easy,Easy,Easy,Normal,Normal,Normal,Normal,Normal,Normal,Hard,41.18,29.07,12.52,21.17,45,31.63,38.8,12.93,15.37,42.67,1,0,0,1,0,1,1,0,0,1,27.25,,,11.47,,24.57,22.4,,,35.4,1,2,3,1,0,1,1,3,2,1,0,33.33,0,Harder,Same,Harder,1,3,0,2,1,0,2,0,0,1,98.69,9.869,65.79333
labseninkom1b11,In-person,Perempuan,22,S1/D4,Jawa,Pekerja,freelancer book editor,1,Freelance,Sering (3-4 kali dalam seminggu),0,0,0,0,0,0,2,4.50,4.8,4.56,4.00,4.06,4.00,3.20,5.00,5.14,3.8,4.17,4.2,90,7,16,21,2.1,70,9.33,45,1,1,0,252.93,25.29,10,33.33,6,5,1,100,7,0,1,66.67,5,4,1,23.17,0,3,6,1,1,1,1,1,0,1,1,1,1,1,1,2,3,1,2,3,1,2,3,1,0,0,0,0,0,0,0,0,0,0,Easy,Easy,Easy,Normal,Normal,Normal,Normal,Normal,Normal,Hard,38.52,36.15,9.45,18.93,45,32.48,10.47,16.5,17.1,28.33,1,0,0,0,1,1,0,0,1,1,25.2,,,,35.88,21.27,,,12.63,20.88,1,2,3,2,0,1,3,2,1,1,0,33.33,0,Harder,Same,Harder,1,1,0,1,1,0,0,2,0,1,88.43,12.63286,58.95333
labseninkom1b15,In-person,Perempuan,21,S1/D4,Jawa,Mahasiswa,-,0,N/A (Bukan Pekerja),Jarang (3-4 kali dalam sebulan),0,0,0,0,0,0,1,4.50,3.3,3.61,4.50,3.89,4.00,2.60,4.00,4.00,3,4.67,4,90,5,14,16,1.6,50,8.73,45,1,1,0,203.17,20.32,0,33.33,6,6,0,66.67,5,0,2,33.33,5,1,0,14.88,0,6,4,0,1,0,1,1,1,1,1,1,1,1,1,2,3,1,2,3,1,2,3,1,0,0,0,0,0,0,0,0,0,0,Easy,Easy,Easy,Easy,Easy,Easy,Normal,Normal,Normal,Normal,23.8,45,11.5,7.57,12.5,5.2,27.22,36.6,21.02,12.77,1,1,0,0,0,0,1,1,1,1,11.1,26.4,,,,,15.73,14.7,15.65,5.67,1,0,3,3,3,3,1,1,1,1,33.33,0,0,Same,Harder,Same,1,1,0,0,0,0,1,1,0,1,50.23,10.046,33.48667
labseninkom1b16,In-person,Perempuan,18,SMA,Jawa,Mahasiswa,-,0,N/A (Bukan Pekerja),Sering (3-4 kali dalam seminggu),0,0,0,0,0,0,3,4.50,5.2,5.06,3.71,4.66,5.00,4.20,5.33,5.43,4.6,5.17,4.2,100,4,14,15,1.5,70,0,0,0,0,0,142.9,14.29,0,0,3,3,0,0,4,0,3,0,3,0,0,15.83,0,10,0,0,1,1,1,1,1,1,1,1,1,1,1,2,3,1,2,3,1,2,3,1,0,0,0,0,0,0,0,0,0,0,Easy,Easy,Easy,Easy,Easy,Easy,Easy,Easy,Easy,Easy,29.78,28.28,15.67,22.23,14.08,3.53,6.37,11.93,4.53,6.48,1,0,1,1,0,0,0,0,0,0,17.83,,10.28,19.37,,,,,,,1,2,1,1,3,3,3,3,3,3,0,0,0,Same,Same,Same,1,1,0,1,0,0,0,0,0,1,32.4,8.1,21.6
labseninkom1b17,In-person,Perempuan,21,SMA,Jawa,Mahasiswa,-,0,N/A (Bukan Pekerja),Jarang (3-4 kali dalam sebulan),0,0,0,0,0,0,1,4.25,4.3,3.78,5.00,3.97,4.15,3.20,4.67,3.43,3.6,4.5,3.8,90,4,13,9.5,0.95,100,4.14,45,1,1,0,158.03,15.8,0,33.33,0,0,0,33.33,4,1,2,0,0,0,0,0,7,3,0,0,0,1,1,1,1,1,1,1,1,1,1,2,3,1,2,3,1,2,3,1,0,0,0,0,0,0,0,0,0,0,Easy,Easy,Easy,Very Easy,Very Easy,Very Easy,Very Easy,Very Easy,Very Easy,Very Easy,45,21.03,21.75,6.97,25.45,5.15,5.87,17.08,3.73,6,0,0,0,0,0,0,0,0,0,0,,,,,,,,,,,0,2,2,3,2,3,3,2,3,3,33.33,0,0,Easier,Same,Same,1,1,0,0,1,0,0,1,0,0,36.77,9.1925,24.51333
labseninkom1b18,In-person,Perempuan,22,SMA,Jawa,Mahasiswa,-,0,N/A (Bukan Pekerja),Jarang (3-4 kali dalam sebulan),0,0,0,0,0,0,1,5.25,4.5,4.33,3.71,4.82,4.85,3.20,4.50,5.00,5,4.67,4.8,100,5,15,21.5,2.15,100,0,0,0,0,0,206.7,20.67,20,0,2,2,0,66.67,5,0,1,66.67,2,2,1,29.9,0,6,3,1,1,1,1,1,1,1,1,1,1,1,1,2,3,1,2,3,1,2,3,1,0,0,0,0,0,0,0,0,0,0,Easy,Easy,Easy,Easy,Easy,Easy,Normal,Normal,Normal,Hard,22.82,20.97,5.1,12.78,10.63,7.25,18.22,37.02,33.23,38.68,0,0,0,0,0,0,0,0,1,1,,,,,,,,,28.52,31.28,2,2,3,3,3,3,2,2,1,1,0,0,0,Same,Harder,Harder,1,1,0,0,0,0,1,1,0,1,39.97,7.994,26.64667
labseninkom1b19,In-person,Perempuan,22,SMA,Jawa,Mahasiswa,-,0,N/A (Bukan Pekerja),Jarang (3-4 kali dalam sebulan),0,0,0,0,0,0,3,5.00,5.1,4.06,4.36,4.53,4.77,3.40,4.83,3.86,4.4,5,4.2,90,7,16,19.5,1.95,80,11.22,45,1,1,0,244.58,24.46,10,0,4,4,0,33.33,7,0,1,66.67,4,4,1,24.95,0,6,3,1,1,1,1,1,1,1,1,0,1,1,1,2,3,1,2,3,1,2,3,1,0,0,0,0,0,0,0,0,0,0,Easy,Easy,Easy,Easy,Easy,Easy,Normal,Normal,Normal,Hard,17.03,30.88,27.62,34.37,15.35,3.47,16.87,45,26.07,27.93,0,0,0,1,0,0,0,1,1,1,,,,26.67,,,,30.25,21.75,21.15,2,2,2,1,2,3,2,0,1,1,0,0,33.33,Same,Harder,Harder,1,1,0,1,1,0,1,1,0,1,82.79,11.82714,55.19333
labseninkom1b2,In-person,Perempuan,20,SMA,Jawa,Mahasiswa,-,0,N/A (Bukan Pekerja),Jarang (3-4 kali dalam sebulan),0,0,0,0,0,0,3,4.00,3.4,2.5,4.14,3.68,3.38,1.60,2.50,3.14,2.4,3.83,4.8,90,4,13,10,1,100,0,45,0,0,0,162.48,16.25,0,33.33,0,0,0,33.33,4,3,0,0,0,0,0,0,7,3,0,0,1,1,0,1,1,1,1,1,1,1,1,2,3,1,2,3,1,2,3,1,0,0,0,0,0,0,0,0,0,0,Easy,Easy,Easy,Very Easy,Very Easy,Very Easy,Very Easy,Very Easy,Very Easy,Very Easy,22.43,35.63,45,5.22,17.52,4.37,6.1,17.82,3.75,4.65,0,0,0,0,0,0,0,0,0,0,,,,,,,,,,,2,2,0,3,2,3,3,2,3,3,33.33,0,0,Easier,Easier,Easier,1,1,0,0,1,0,0,1,0,0,74.21,18.5525,49.47333
labseninkom1b20,In-person,Perempuan,21,SMA,Jawa,Mahasiswa,-,0,N/A (Bukan Pekerja),Jarang (3-4 kali dalam sebulan),0,0,0,0,0,0,1,4.00,4.9,4.22,2.36,4.54,4.54,3.20,5.33,4.00,4.2,4.83,4.6,70,2,9,9.5,0.95,70,92.16,25.04,4,4,3,137.17,13.72,0,100,1,0,1,100,4,1,2,0,0,0,0,0,1,9,0,0,1,0,1,1,0,1,1,0,1,1,1,2,3,1,2,3,1,2,3,1,0,1,0,0,1,0,0,1,0,0,Easy,Easy,Easy,Easy,Easy,Easy,Easy,Easy,Easy,Very Easy,21.52,26.17,6.3,6.82,26.03,6.7,7.48,22.93,5.75,7.47,0,0,0,0,0,0,0,0,0,0,,,,,,,,,,,2,0,3,3,0,3,3,0,3,3,33.33,33.33,33.33,Same,Same,Easier,0,2,0,0,1,0,0,1,0,0,138.23,34.5575,92.15333
labseninkom1b22,In-person,Perempuan,21,SMA,Jawa,Mahasiswa,-,0,N/A (Bukan Pekerja),Jarang (3-4 kali dalam sebulan),0,0,0,0,0,0,1,3.75,4,3.61,4.07,4.53,4.77,3.00,4.67,3.14,4.2,5,4.4,90,6,15,14.5,1.45,100,5.9,45,1,1,0,213.02,21.3,10,33.33,2,2,0,66.67,6,0,2,33.33,2,2,1,33.68,0,9,1,0,0,1,1,1,1,1,1,1,1,1,1,2,3,1,2,3,1,2,3,1,0,0,0,0,0,0,0,0,0,0,Easy,Easy,Easy,Easy,Easy,Easy,Easy,Easy,Easy,Normal,45,36.63,8.57,23.9,23.18,8.45,33.08,16.28,4.02,13.9,1,0,0,0,0,0,1,0,0,0,42.77,,,,,,24.6,,,,0,2,3,2,2,3,1,2,3,3,33.33,0,0,Same,Same,Harder,1,1,0,1,1,0,1,1,0,0,67.81,11.30167,45.20667
labseninkom1b23,In-person,Perempuan,19,SMA,Jawa,Mahasiswa,-,0,N/A (Bukan Pekerja),Jarang (3-4 kali dalam sebulan),0,0,0,0,0,0,2,4.75,5.1,4,3.57,4.03,4.15,2.00,4.33,5.14,4.6,3.5,4,90,4,13,9.5,0.95,90,14.28,45,1,1,0,175.82,17.58,10,33.33,2,2,0,33.33,4,1,2,0,1,1,0,15.72,7,3,0,0,1,0,1,1,1,1,1,1,1,1,1,2,3,1,2,3,1,2,3,1,0,0,0,0,0,0,0,0,0,0,Easy,Easy,Easy,Very Easy,Very Easy,Very Easy,Very Easy,Very Easy,Very Easy,Very Easy,40.53,45,12.72,7.47,14.68,10.68,7.42,23.73,5.67,7.92,1,0,0,0,1,0,0,0,0,0,28.77,,,,2.68,,,,,,1,0,3,3,1,3,3,2,3,3,33.33,0,0,Easier,Same,Same,1,1,0,0,1,0,0,1,0,0,58.07,14.5175,38.71333
labseninkom1b25,In-person,Perempuan,20,S1/D4,Jawa,Mahasiswa,-,0,N/A (Bukan Pekerja),Tidak Pernah,0,0,0,0,0,0,1,5.50,3.1,4.61,4.07,3.69,4.15,2.60,5.33,5.43,3.2,5.67,2.2,90,5,14,13,1.3,70,10.41,39.12,1,1,1,215.82,21.58,0,33.33,3,3,0,100,5,1,0,66.67,2,0,0,14.47,3,6,1,0,0,1,1,1,1,1,1,1,1,1,1,2,3,1,2,3,1,2,3,1,1,0,0,0,0,0,0,0,0,0,Easy,Easy,Easy,Very Easy,Very Easy,Very Easy,Easy,Easy,Easy,Normal,39.12,35.72,25.77,11.73,17.97,9.12,29.72,13.75,3.97,28.97,1,0,1,0,0,0,0,0,0,1,14.72,,9.72,,,,,,,18.97,0,2,1,3,2,3,2,3,3,1,33.33,0,0,Easier,Harder,Harder,1,1,0,0,1,0,1,0,0,1,55.29,11.058,36.86
labseninkom1b3,In-person,Perempuan,18,SMA,Jawa,Mahasiswa,-,0,N/A (Bukan Pekerja),Sering (3-4 kali dalam seminggu),0,0,0,0,0,0,2,3.75,4.9,4.11,4.71,4.38,4.85,3.60,5.83,3.00,4.4,5.33,3.4,100,4,14,11,1.1,70,0,0,0,0,0,147.1,14.71,0,0,3,3,0,0,4,1,2,0,1,0,0,10.41,7,3,0,0,1,1,1,1,1,1,1,1,1,1,1,2,3,1,2,3,1,2,3,1,0,0,0,0,0,0,0,0,0,0,Easy,Easy,Easy,Very Easy,Very Easy,Very Easy,Very Easy,Very Easy,Very Easy,Very Easy,31.95,27.03,9.32,9.05,28.45,5.45,6.17,14.42,5.08,10.18,0,0,1,0,1,0,0,1,0,0,,,4.05,,19.87,,,7.32,,,2,2,1,3,1,3,3,1,3,3,0,0,0,Easier,Same,Same,1,1,0,0,1,0,0,1,0,0,37.84,9.46,25.22667
labseninkom1b4,In-person,Perempuan,22,SMA,Jawa,Mahasiswa,-,0,N/A (Bukan Pekerja),Sering (3-4 kali dalam seminggu),0,0,0,0,0,0,2,4.25,4.6,4.89,4.00,4.48,4.69,3.40,5.33,5.57,4.8,4.83,3.8,90,3,12,14.5,1.45,100,76.16,45,1,1,0,196.88,19.69,0,33.33,1,0,1,66.67,4,1,1,33.33,0,0,0,0,0,7,3,0,1,1,1,1,1,1,1,0,1,1,1,2,3,1,2,3,1,2,3,1,0,0,0,0,0,0,0,0,0,0,Easy,Easy,Easy,Easy,Easy,Easy,Normal,Normal,Normal,Easy,43.02,38.92,4.77,10.7,13.73,4.93,15.1,45,14.8,5.92,0,0,0,0,0,0,0,0,0,0,,,,,,,,,,,2,2,3,3,3,3,2,0,3,3,0,0,33.33,Same,Harder,Easier,1,1,0,0,0,0,1,1,0,0,139.48,34.87,92.98667
labseninkom1b6,In-person,Perempuan,18,SMA,Jawa,Mahasiswa,-,0,N/A (Bukan Pekerja),Tidak Pernah,0,0,0,0,0,0,1,5.50,5.4,4.33,5.00,4.71,4.54,5.20,2.50,5.29,5.4,3.33,5.4,90,5,14,19.5,1.95,80,9.68,45,1,1,0,237.85,23.79,20,0,5,5,0,33.33,5,0,1,66.67,5,3,0,22.01,0,6,3,1,1,1,1,1,1,1,1,0,1,1,1,2,3,1,2,3,1,2,3,1,0,0,0,0,0,0,0,0,0,0,Easy,Easy,Easy,Easy,Easy,Easy,Normal,Normal,Normal,Hard,31.8,34.03,18.13,8.3,11.87,4.92,16.43,45,23.68,43.68,1,0,1,0,0,0,0,1,1,1,28.68,,13,,,,,23.75,18.43,26.18,1,2,1,3,3,3,2,0,1,1,0,0,33.33,Same,Harder,Harder,1,1,0,0,0,0,1,1,0,1,65.72,13.144,43.81333
labseninkom1b7,In-person,Perempuan,18,SMA,Jawa,Mahasiswa,-,0,N/A (Bukan Pekerja),Jarang (3-4 kali dalam sebulan),0,0,0,0,0,0,2,4.25,4.3,4.44,4.36,2.83,3.00,2.60,4.33,5.86,3.6,2.5,2.4,50,0,5,7.5,0.75,90,97.93,45,1,1,0,271.27,27.13,0,100,1,1,0,100,1,0,3,0,0,0,0,1.4,0,10,0,0,0,0,1,0,1,1,0,1,1,0,1,2,3,1,2,3,1,2,3,1,0,0,0,0,0,0,0,0,0,0,Easy,Easy,Easy,Easy,Easy,Easy,Easy,Easy,Easy,Easy,45,45,7.65,45,14.65,3.75,45,13.65,6.57,45,0,0,0,0,0,0,0,0,0,1,,,,,,,,,,1.4,0,0,3,0,3,3,0,3,3,0,66.67,33.33,33.33,Same,Same,Same,1,0,0,0,0,0,0,0,0,0,146.9,146.9,97.93333
labseninkom1b8,In-person,Perempuan,18,SMA,Jawa,Mahasiswa,-,0,N/A (Bukan Pekerja),Sering (3-4 kali dalam seminggu),0,0,0,0,0,0,1,4.00,4.3,4.06,4.36,4.06,4.15,2.80,4.67,4.43,4,4.17,4,100,2,12,15,1.5,90,0,0,0,0,0,126.95,12.7,0,0,1,1,0,0,2,0,3,0,0,0,0,9.27,0,10,0,0,1,1,1,1,1,1,1,1,1,1,1,2,3,1,2,3,1,2,3,1,0,0,0,0,0,0,0,0,0,0,Easy,Easy,Easy,Easy,Easy,Easy,Easy,Easy,Easy,Easy,13.3,14.3,28.58,18.12,18.7,3.58,5.28,8.68,8.13,8.27,0,0,0,1,0,0,0,0,0,0,,,,9.27,,,,,,,3,3,2,1,2,3,3,3,3,3,0,0,0,Same,Same,Same,0,0,0,1,1,0,0,0,0,0,14.42,7.21,9.613333
labseninkom1b9,In-person,Perempuan,22,SMA,Jawa,Mahasiswa,-,0,N/A (Bukan Pekerja),Selalu (Setiap Hari),0,0,0,0,0,0,3,4.75,4.7,4.39,4.00,4.20,4.15,4.20,4.00,4.86,4.4,4,4.2,80,6,14,10.5,1.05,90,5.76,45,1,1,0,256.87,25.69,10,33.33,3,3,0,66.67,6,1,1,33.33,3,2,1,22.77,3,7,0,0,0,1,0,1,1,1,1,1,1,1,1,2,3,1,2,3,1,2,3,1,0,0,0,0,0,0,0,0,0,0,Easy,Easy,Easy,Easy,Easy,Easy,Very Easy,Very Easy,Very Easy,Easy,45,36.23,45,30.38,18.35,4.38,7.58,25.88,6.77,37.28,0,0,1,0,0,0,0,1,0,1,,,32.25,,,,,10.6,,25.47,0,2,0,2,2,3,3,1,3,1,66.67,0,0,Same,Easier,Harder,1,1,0,1,1,0,0,1,0,1,57.79,9.631667,38.52667
labsesikamis1b18,In-person,Perempuan,19,SMA,Jawa,Mahasiswa,-,0,N/A (Bukan Pekerja),Jarang (3-4 kali dalam sebulan),0,0,0,0,0,0,1,5.00,5.4,4,4.43,4.69,4.85,3.60,4.67,3.71,4.8,4.67,4.6,70,1,8,10,1,100,29.33,45,1,1,0,223.13,22.31,0,66.67,0,0,0,66.67,2,1,1,33.33,0,0,0,0,3,7,0,0,1,1,0,1,1,0,1,0,1,1,1,2,3,1,2,3,1,2,3,1,0,0,0,0,0,0,0,0,0,0,Easy,Easy,Easy,Easy,Easy,Easy,Very Easy,Very Easy,Very Easy,Easy,29.53,19.9,45,7.37,11.12,45,8.48,45,4.17,7.57,0,0,0,0,0,0,0,0,0,0,,,,,,,,,,,2,2,0,3,3,0,3,0,3,3,33.33,33.33,33.33,Same,Easier,Harder,1,0,0,0,0,0,0,1,0,0,51.53,25.765,34.35333
labsesikamis1b2,In-person,Laki-laki,23,S1/D4,Jawa,Pekerja,Sosmed Specialist,1,Direktur,Sering (3-4 kali dalam seminggu),0,0,0,0,0,0,3,5.25,4.7,3.44,4.00,3.70,3.69,3.20,3.17,3.86,4.4,3.5,3.2,90,0,9,14.5,1.45,70,0,45,0,0,0,163.92,16.39,0,33.33,4,4,0,66.67,0,0,2,33.33,4,1,1,16.77,0,9,1,0,1,0,1,1,1,1,1,1,1,1,1,2,3,1,2,3,1,2,3,1,0,0,0,0,0,0,0,0,0,0,Easy,Easy,Easy,Easy,Easy,Easy,Easy,Easy,Easy,Normal,29.27,45,17.12,6.55,17,4.57,5.75,13.77,4.87,20.03,1,1,1,0,0,0,0,0,0,1,13.2,33.35,10.27,,,,,,,10.25,1,0,1,3,2,3,3,3,3,1,33.33,0,0,Same,Same,Harder,0,0,0,0,0,0,0,0,0,0,0,0,0
labtrialjumat1a12,In-person,Perempuan,18,SMA,Jawa,Pekerja,desain,1,Freelance,Jarang (3-4 kali dalam sebulan),0,0,0,0,0,0,2,4.75,4.7,4.61,3.29,4.16,4.69,4.00,5.67,4.14,4.6,4.67,3.2,80,1,9,10,1,100,36.42,45,1,1,0,206.73,20.67,0,66.67,0,0,0,100,1,1,1,33.33,0,0,0,0,6,4,0,0,1,1,0,1,0,1,1,1,1,1,1,2,3,1,2,3,1,2,3,1,0,0,0,0,0,0,0,0,0,0,Easy,Easy,Easy,Very Easy,Very Easy,Very Easy,Very Easy,Very Easy,Very Easy,Easy,13.72,25.57,45,34.4,45,4.83,6.83,12.6,3.27,15.52,0,0,0,0,0,0,0,0,0,0,,,,,,,,,,,3,2,0,2,0,3,3,3,3,2,33.33,33.33,0,Easier,Same,Harder,0,0,0,0,1,0,0,0,0,0,54.63,54.63,36.42
labtrialjumat1a3,In-person,Perempuan,18,S1/D4,Jawa,Mahasiswa,mahasiswa,0,N/A (Bukan Pekerja),Jarang (3-4 kali dalam sebulan),0,0,0,0,0,0,2,4.50,4.3,3.5,4.79,4.38,4.31,1.60,3.17,5.14,4.4,4.33,4.4,100,4,14,11,1.1,100,0,0,0,0,0,153.65,15.37,20,0,3,2,1,0,4,1,2,0,2,2,0,25.46,7,3,0,0,1,1,1,1,1,1,1,1,1,1,1,2,3,1,2,3,1,2,3,1,0,0,0,0,0,0,0,0,0,0,Easy,Easy,Easy,Very Easy,Very Easy,Very Easy,Very Easy,Very Easy,Very Easy,Very Easy,11.03,29.7,8.23,8.28,38.72,4.85,7.47,34.77,4.07,6.53,0,0,0,0,1,0,0,1,0,0,,,,,27.57,,,23.35,,,3,2,3,3,1,3,3,1,3,3,0,0,0,Easier,Same,Same,0,2,0,0,1,0,0,1,0,0,52.45,13.1125,34.96667
labtrialjumat1a4,In-person,Perempuan,19,SMA,Jawa,Mahasiswa,-,0,N/A (Bukan Pekerja),Sering (3-4 kali dalam seminggu),0,0,0,0,0,0,1,3.50,4.4,4.39,3.57,4.16,4.38,2.60,5.33,4.86,3.8,4.67,4,90,6,15,27,2.7,30,10.3,45,1,1,0,228.85,22.88,10,0,9,9,0,33.33,6,0,1,66.67,5,2,0,13.2,0,3,3,4,1,1,1,1,0,1,1,1,1,1,1,2,3,1,2,3,1,2,3,1,0,0,0,0,0,0,0,0,0,0,Easy,Easy,Easy,Normal,Normal,Normal,Hard,Hard,Hard,Hard,21.58,23.35,19.38,25.22,45,12.43,27.3,15.2,30.42,8.97,1,1,1,1,1,1,1,1,1,0,10.77,4.25,12.93,1.95,27.47,6.97,19.83,7.38,27.27,,1,1,1,1,0,1,1,1,1,3,0,33.33,0,Harder,Harder,Same,1,1,0,1,1,0,1,1,0,0,63.5,10.58333,42.33333
labtrialjumat1a5,In-person,Perempuan,18,SMA,Jawa,Mahasiswa,-,0,N/A (Bukan Pekerja),Jarang (3-4 kali dalam sebulan),0,0,0,0,0,0,1,4.50,4,2.89,4.43,4.22,4.23,2.80,3.17,2.71,3.4,4.67,4.6,60,0,6,10,1,60,65.31,24.04,4,4,4,157.17,15.72,0,66.67,0,0,0,66.67,4,1,1,33.33,0,0,0,0,0,7,3,0,1,0,1,1,0,1,1,0,0,1,1,2,3,1,2,3,1,2,3,1,0,1,0,0,1,0,0,1,1,0,Easy,Easy,Easy,Easy,Easy,Easy,Normal,Normal,Normal,Easy,32.62,31.9,4.13,6.53,17.28,3.57,7.18,31.1,15.87,6.98,0,0,0,0,0,0,0,0,0,0,,,,,,,,,,,2,0,3,3,0,3,3,0,0,3,33.33,33.33,66.67,Same,Harder,Easier,0,1,0,0,1,0,0,2,0,0,97.96,24.49,65.30667
labtrialjumat1a6,In-person,Perempuan,18,SMA,Jawa,Mahasiswa,-,0,N/A (Bukan Pekerja),Sering (3-4 kali dalam seminggu),0,0,0,0,0,0,4,4.50,4.5,4.44,2.43,4.58,4.46,4.20,4.00,5.00,4.6,4.33,4.8,80,7,15,18,1.8,100,16.97,45,3,2,0,269.1,26.91,10,33.33,4,2,2,66.67,7,0,1,66.67,2,2,1,33.08,0,6,3,1,0,1,1,1,1,1,1,0,1,1,1,2,3,1,2,3,1,2,3,1,0,0,0,0,0,0,0,0,0,0,Easy,Easy,Easy,Easy,Easy,Easy,Normal,Normal,Normal,Hard,45,43.9,6.82,12.95,14.9,3.82,44.47,45,14.32,37.93,1,0,0,0,0,0,0,0,0,1,37.57,,,,,,,,,28.6,0,2,3,3,3,3,2,0,3,1,33.33,0,33.33,Same,Harder,Harder,1,1,0,0,0,0,2,2,0,1,72.34,10.33429,48.22667
labtrialjumat1a7,In-person,Perempuan,19,S1/D4,Jawa,Mahasiswa,-,0,N/A (Bukan Pekerja),Jarang (3-4 kali dalam sebulan),0,0,0,0,0,0,1,4.50,4.4,4.78,4.36,4.08,4.46,2.60,5.67,5.57,3.8,4.83,3.6,90,4,13,16,1.6,90,0,45,0,0,0,225.97,22.6,10,33.33,4,3,1,66.67,4,0,2,33.33,3,2,2,29.33,0,6,4,0,1,1,0,1,1,1,1,1,1,1,1,2,3,1,2,3,1,2,3,1,0,0,0,0,0,0,0,0,0,0,Easy,Easy,Easy,Easy,Easy,Easy,Normal,Normal,Normal,Normal,33.47,42.53,45,8.33,11.4,7.92,12.2,35.95,19.67,9.5,1,0,1,0,0,0,0,0,1,0,30.6,,40.98,,,,,,16.4,,1,2,0,3,3,3,3,2,1,3,33.33,0,0,Same,Harder,Same,1,1,0,0,0,0,0,2,0,0,54.51,13.6275,36.34
labtrialjumat1a8,In-person,Laki-laki,19,SMA,Jawa,Mahasiswa,-,0,N/A (Bukan Pekerja),Jarang (3-4 kali dalam sebulan),0,0,0,0,0,0,1,4.75,4.9,4.06,4.79,4.08,3.92,3.20,4.33,4.43,4,3.83,4.4,100,4,14,17.5,1.75,100,0,0,0,0,0,157.95,15.79,10,0,1,1,0,33.33,4,0,2,33.33,1,1,0,22.68,0,6,4,0,1,1,1,1,1,1,1,1,1,1,1,2,3,1,2,3,1,2,3,1,0,0,0,0,0,0,0,0,0,0,Easy,Easy,Easy,Easy,Easy,Easy,Normal,Normal,Normal,Normal,6.53,15.35,12.82,5.73,11.05,3.2,16.72,41.28,29.52,15.75,0,0,0,0,0,0,0,0,1,0,,,,,,,,,22.68,,3,2,3,3,3,3,2,2,1,2,0,0,0,Same,Harder,Same,0,1,0,0,0,0,1,1,0,1,41.37,10.3425,27.58
labtrialkamis1a10,In-person,Perempuan,19,SMA,Jawa,Mahasiswa,-,0,N/A (Bukan Pekerja),Jarang (3-4 kali dalam sebulan),0,0,0,0,0,0,1,4.25,4.2,3.78,3.86,4.44,4.38,2.80,3.00,5.14,4.2,4.33,4.8,90,4,13,15.5,1.55,90,10.97,45,1,1,0,187.38,18.74,0,33.33,2,2,0,66.67,4,0,2,33.33,2,1,1,25.09,0,6,4,0,1,1,1,1,1,1,1,0,1,1,1,2,3,1,2,3,1,2,3,1,0,0,0,0,0,0,0,0,0,0,Easy,Easy,Easy,Easy,Easy,Easy,Normal,Normal,Normal,Normal,23.95,21.93,13.5,6.52,15.38,3.5,21.27,45,18.13,18.2,0,0,0,0,0,0,0,1,1,0,,,,,,,,37.63,12.55,,2,2,3,3,2,3,2,0,1,2,0,0,33.33,Same,Harder,Same,1,0,0,0,1,0,0,1,0,1,47.25,11.8125,31.5
labtrialkamis1a11,In-person,Perempuan,19,SMA,Jawa,Mahasiswa,-,0,N/A (Bukan Pekerja),Selalu (Setiap Hari),0,0,0,0,0,0,1,4.75,5.2,4.89,4.00,4.38,4.62,3.80,5.00,5.57,4.6,4.33,4.2,100,3,13,17.5,1.75,60,0,0,0,0,0,144.43,14.44,10,0,5,5,0,33.33,3,0,2,33.33,3,1,0,13.51,0,6,4,0,1,1,1,1,1,1,1,1,1,1,1,2,3,1,2,3,1,2,3,1,0,0,0,0,0,0,0,0,0,0,Easy,Easy,Easy,Easy,Easy,Easy,Normal,Normal,Normal,Normal,31.7,12.77,6.62,4.92,11.6,2.73,18.73,32.55,11.23,11.58,1,0,1,0,0,0,1,1,1,0,25,,3.53,,,,11.98,19.83,7.18,,1,3,1,3,3,3,1,1,1,3,0,0,0,Same,Harder,Same,1,0,0,0,0,0,1,1,0,0,22.63,7.543333,15.08667
labtrialkamis1a12,In-person,Perempuan,19,SMA,Jawa,Mahasiswa,-,0,N/A (Bukan Pekerja),Jarang (3-4 kali dalam sebulan),0,0,0,0,0,0,2,4.00,4.2,3.72,5.07,3.87,3.85,2.60,4.33,4.00,3.8,4,3.8,60,4,10,9,0.9,90,85.37,45,4,3,1,237.15,23.71,0,33.33,2,0,2,33.33,4,1,0,66.67,0,0,0,0,3,6,1,0,0,0,1,1,0,1,1,0,1,1,1,2,3,1,2,3,1,2,3,1,1,0,0,0,0,0,0,0,0,0,Easy,Easy,Easy,Very Easy,Very Easy,Very Easy,Easy,Easy,Easy,Normal,36.45,53.55,17.05,6.35,45,6.67,11.02,45,4.77,11.3,0,0,0,0,0,0,0,0,0,0,,,,,,,,,,,0,0,2,3,0,3,3,0,3,3,66.67,33.33,33.33,Easier,Harder,Harder,2,1,0,0,1,0,0,0,0,0,134.65,33.6625,89.76667
labtrialkamis1a2,In-person,Perempuan,20,SMA,Jawa,Mahasiswa,-,0,N/A (Bukan Pekerja),Sering (3-4 kali dalam seminggu),0,0,0,0,0,0,2,5.00,4.9,4.5,4.00,4.29,4.54,3.00,5.17,5.00,4.2,4.67,4,100,5,15,16,1.6,50,0,0,0,0,0,164.48,16.45,0,0,5,5,0,33.33,5,0,2,33.33,2,0,0,8.1,0,9,1,0,1,1,1,1,1,1,1,1,1,1,1,2,3,1,2,3,1,2,3,1,0,0,0,0,0,0,0,0,0,0,Easy,Easy,Easy,Easy,Easy,Easy,Easy,Easy,Easy,Normal,29.72,27.93,25.65,11.87,16.32,3.9,6.97,14.15,3.82,24.17,1,1,1,1,0,0,0,0,0,1,14.78,5.77,11.05,5.6,,,,,,3.32,1,1,1,1,2,3,3,3,3,1,0,0,0,Same,Same,Harder,1,1,0,1,1,0,0,0,0,1,46.33,9.266,30.88667
labtrialkamis1a5,In-person,Perempuan,18,SMA,Jawa,Mahasiswa,-,0,N/A (Bukan Pekerja),Jarang (3-4 kali dalam sebulan),0,0,0,0,0,0,2,4.25,4,3.61,4.50,4.11,3.92,2.40,4.33,3.86,3.4,4.33,4.6,100,1,11,13.5,1.35,100,0,0,0,0,0,76.45,7.65,0,0,0,0,0,33.33,1,1,1,33.33,0,0,0,0,3,7,0,0,1,1,1,1,1,1,1,1,1,1,1,2,3,1,2,3,1,2,3,1,0,0,0,0,0,0,0,0,0,0,Easy,Easy,Easy,Easy,Easy,Easy,Very Easy,Very Easy,Very Easy,Easy,15.33,14.72,4.05,4.82,9.9,2.57,5.1,12.53,2.6,4.83,0,0,0,0,0,0,0,0,0,0,,,,,,,,,,,2,3,3,3,3,3,3,3,3,3,0,0,0,Same,Easier,Harder,1,0,0,0,0,0,0,0,0,0,4.95,4.95,3.3
labtrialkamis1a6,In-person,Perempuan,21,SMA,Jawa,Mahasiswa,-,0,N/A (Bukan Pekerja),Jarang (3-4 kali dalam sebulan),0,0,0,0,0,0,3,4.75,5.1,4.83,3.57,4.84,4.85,3.40,5.67,5.14,4.2,5.33,5,90,3,12,14.5,1.45,90,9.42,45,1,1,0,176.97,17.7,0,33.33,2,2,0,66.67,3,1,1,33.33,2,1,1,22.37,0,7,3,0,1,1,1,1,1,1,1,0,1,1,1,2,3,1,2,3,1,2,3,1,0,0,0,0,0,0,0,0,0,0,Easy,Easy,Easy,Easy,Easy,Easy,Normal,Normal,Normal,Easy,13.5,25.78,8.9,7.25,11.43,3.4,35.3,45,19.17,7.23,0,0,0,0,0,0,0,1,1,0,,,,,,,,30.93,13.8,,3,2,3,3,3,3,2,0,1,3,0,0,33.33,Same,Harder,Easier,0,1,0,0,0,0,1,1,0,0,31.65,10.55,21.1
labtrialkamis1a7,In-person,Perempuan,19,D1/D2/D3,Jawa,Mahasiswa,-,0,N/A (Bukan Pekerja),Sering (3-4 kali dalam seminggu),0,0,0,0,0,0,2,6.00,5.9,4.33,4.64,4.78,5.15,3.00,3.50,6.00,4.8,5.33,4.2,80,8,16,14,1.4,80,22.51,45,3,2,0,253.18,25.32,0,66.67,3,2,1,100,8,0,2,33.33,2,0,0,12.96,0,6,4,0,0,1,1,1,1,1,1,0,1,1,1,2,3,1,2,3,1,2,3,1,0,0,0,0,0,0,0,0,0,0,Easy,Easy,Easy,Easy,Easy,Easy,Normal,Normal,Normal,Normal,45,41.4,5.92,21.28,15.13,3.98,30.23,45,20.92,24.32,0,0,0,1,0,0,0,0,1,0,,,,10.55,,,,,15.37,,0,2,3,1,2,3,2,0,1,2,33.33,0,33.33,Same,Harder,Same,1,1,0,1,1,0,1,2,0,1,91.6,11.45,61.06667
labtrialkamis1a8,In-person,Perempuan,20,SMA,Jawa,Mahasiswa,-,0,N/A (Bukan Pekerja),Jarang (3-4 kali dalam sebulan),0,0,0,0,0,0,2,5.00,4.7,3.78,4.00,4.26,4.23,1.60,3.83,5.29,4.2,4.17,4.4,90,2,11,15.5,1.55,90,13.42,45,1,1,0,155.2,15.52,10,33.33,3,3,0,66.67,2,0,2,33.33,2,2,0,20.11,0,6,4,0,1,1,1,1,1,1,1,0,1,1,1,2,3,1,2,3,1,2,3,1,0,0,0,0,0,0,0,0,0,0,Easy,Easy,Easy,Easy,Easy,Easy,Normal,Normal,Normal,Normal,13.07,15.35,29.82,7.73,10.97,3.35,12.12,45,9.9,7.9,0,0,1,0,0,0,0,1,1,0,,,25.18,,,,,29.93,5.2,,3,2,1,3,3,3,3,0,1,3,0,0,33.33,Same,Harder,Same,0,1,0,0,0,0,0,1,0,0,30.91,15.455,20.60667
labtrialkamis1a9,In-person,Perempuan,20,SMA,Luar Jawa,Mahasiswa,-,0,N/A (Bukan Pekerja),Jarang (3-4 kali dalam sebulan),0,0,0,0,0,0,1,5.00,4.4,4.06,3.79,4.16,4.38,2.80,4.67,4.43,4,4.67,3.8,70,4,11,9.5,0.95,90,25.36,40.61,3,3,1,198.57,19.86,0,66.67,2,2,0,66.67,4,1,1,33.33,2,2,1,29.03,3,7,0,0,1,0,1,1,0,1,1,0,1,1,1,2,3,1,2,3,1,2,3,1,0,0,0,0,0,0,0,1,0,0,Easy,Easy,Easy,Easy,Easy,Easy,Very Easy,Very Easy,Very Easy,Easy,27.52,45,10.07,12.07,45,9.42,7.45,31.83,4.6,5.62,0,0,0,0,1,0,0,1,0,0,,,,,32.75,,,25.32,,,2,0,3,3,0,3,3,0,3,3,33.33,33.33,33.33,Same,Easier,Harder,1,1,0,0,1,0,0,1,0,0,45.29,11.3225,30.19333
labtrialkamis1b1,In-person,Perempuan,20,SMA,Jawa,Mahasiswa,-,0,N/A (Bukan Pekerja),Jarang (3-4 kali dalam sebulan),0,0,0,0,0,0,1,5.25,5.1,4.11,4.14,4.94,5.08,3.80,4.33,4.14,5.4,4.83,4.6,100,5,15,17.5,1.75,80,0,0,0,0,0,171.52,17.15,10,0,3,3,0,33.33,5,0,2,33.33,3,2,0,18.21,0,6,4,0,1,1,1,1,1,1,1,1,1,1,1,2,3,1,2,3,1,2,3,1,0,0,0,0,0,0,0,0,0,0,Easy,Easy,Easy,Easy,Easy,Easy,Normal,Normal,Normal,Normal,30.95,16.07,10.63,17.22,15.95,6.15,12.47,38.1,13.65,10.33,1,0,0,0,0,0,0,1,1,0,24.05,,,,,,,20.05,10.53,,1,2,3,2,2,3,3,1,1,3,0,0,0,Same,Harder,Same,1,1,0,1,1,0,0,1,0,0,60.71,12.142,40.47333
labtrialkamis1b10,In-person,Perempuan,20,SMA,Jawa,Mahasiswa,-,0,N/A (Bukan Pekerja),Jarang (3-4 kali dalam sebulan),0,0,0,0,0,0,1,4.75,4.4,3.67,4.43,3.69,3.92,2.20,3.50,4.86,3.8,3.67,3.6,70,8,15,16.5,1.65,40,35.56,45,4,3,0,238.63,23.86,0,33.33,9,8,1,66.67,8,0,1,66.67,3,2,1,11.87,0,6,3,1,0,0,1,1,1,1,1,0,1,1,1,2,3,1,2,3,1,2,3,1,0,0,0,0,0,0,0,0,0,0,Easy,Easy,Easy,Easy,Easy,Easy,Normal,Normal,Normal,Hard,45,45,9.77,13.23,16.47,14.43,13.52,45,5.72,30.5,0,1,1,1,0,1,1,1,1,1,,26.55,4.22,2.13,,5.28,4.33,36.32,1.72,14.43,0,0,1,1,2,1,1,0,1,1,66.67,0,33.33,Same,Harder,Harder,2,1,0,1,1,0,1,1,0,1,97.16,12.145,64.77333
labtrialkamis1b11,In-person,Laki-laki,20,SMA,Jawa,Mahasiswa,-,0,N/A (Bukan Pekerja),Sering (3-4 kali dalam seminggu),0,0,0,0,0,0,3,5.00,5.1,4.61,3.57,4.84,4.92,3.00,5.33,5.14,4.6,5.33,4.6,80,5,13,23,2.3,70,6.37,33.91,1,1,1,153.75,15.38,0,0,5,4,1,33.33,5,0,0,100,4,1,1,18.2,0,3,3,4,1,1,1,1,0,1,1,1,0,1,1,2,3,1,2,3,1,2,3,1,0,0,0,0,0,0,0,0,1,0,Easy,Easy,Easy,Normal,Normal,Normal,Hard,Hard,Hard,Hard,8.08,17.08,4.02,7.62,45,3.28,21.7,18,22.82,6.15,0,0,0,0,1,0,1,1,1,0,,,,,32.05,,15.93,12.47,12.37,,3,2,3,3,0,3,1,1,0,3,0,33.33,33.33,Harder,Harder,Harder,0,1,0,0,1,0,1,2,0,0,35.35,7.07,23.56667
labtrialkamis1b2,In-person,Perempuan,19,SMA,Jawa,Mahasiswa,-,0,N/A (Bukan Pekerja),Tidak Pernah,0,0,0,0,0,0,4,4.50,4.8,3.78,4.64,4.36,4.38,3.40,4.67,3.29,3.8,4.67,4.6,80,4,12,10,1,80,19.31,25.83,6,3,2,127.4,12.74,0,33.33,4,0,4,33.33,7,1,1,33.33,0,0,0,0,6,4,0,0,1,1,1,1,0,1,1,0,1,1,1,2,3,1,2,3,1,2,3,1,0,0,0,0,1,0,0,1,0,0,Easy,Easy,Easy,Very Easy,Very Easy,Very Easy,Very Easy,Very Easy,Very Easy,Easy,9.45,16.47,18.12,6.62,31.47,5.82,7.45,20.2,4.53,7.28,0,0,0,0,0,0,0,0,0,0,,,,,,,,,,,3,2,2,3,0,3,3,0,3,3,0,33.33,33.33,Easier,Same,Harder,0,1,0,0,4,0,0,2,0,0,124.12,17.73143,82.74667
labtrialkamis1b3,In-person,Perempuan,18,SMA,Jawa,Mahasiswa,-,0,N/A (Bukan Pekerja),Jarang (3-4 kali dalam sebulan),0,0,0,0,0,0,2,5.50,4.7,3.61,3.93,4.52,4.38,2.80,5.17,2.86,4.4,4.17,5,100,5,15,21.5,2.15,90,0,0,0,0,0,197.28,19.73,20,0,3,3,0,66.67,5,0,1,66.67,3,2,1,25.08,0,6,3,1,1,1,1,1,1,1,1,1,1,1,1,2,3,1,2,3,1,2,3,1,0,0,0,0,0,0,0,0,0,0,Easy,Easy,Easy,Easy,Easy,Easy,Normal,Normal,Normal,Hard,38.4,33.45,6.32,6.65,14.28,4.6,16.05,16.65,22.88,38,1,0,0,0,0,0,0,0,1,1,27.35,,,,,,,,16.8,31.08,1,2,3,3,3,3,2,2,1,1,0,0,0,Same,Harder,Harder,1,1,0,0,0,0,1,1,0,1,46.3,9.26,30.86667
labtrialkamis1b4,In-person,Perempuan,20,SMA,Jawa,Mahasiswa,-,0,N/A (Bukan Pekerja),Jarang (3-4 kali dalam sebulan),0,0,0,0,0,0,2,5.00,4,3,3.86,3.83,3.62,1.80,3.17,3.71,3.2,3.5,4.8,100,6,16,16.5,1.65,90,0,0,0,0,0,196.12,19.61,20,0,3,3,0,33.33,6,1,1,33.33,3,2,1,22.77,0,7,3,0,1,1,1,1,1,1,1,1,1,1,1,2,3,1,2,3,1,2,3,1,0,0,0,0,0,0,0,0,0,0,Easy,Easy,Easy,Easy,Easy,Easy,Normal,Normal,Normal,Easy,30.73,24.63,4.63,30.5,15.02,3.48,39.43,25.2,16.82,5.67,0,0,0,1,0,0,1,0,1,0,,,,22.77,,,33.57,,11.98,,2,2,3,1,2,3,1,2,1,3,0,0,0,Same,Harder,Easier,1,1,0,1,1,0,1,1,0,0,50.97,8.495,33.98
labtrialkamis1b6,In-person,Perempuan,20,SMA,Luar Jawa,Mahasiswa,-,0,N/A (Bukan Pekerja),Sering (3-4 kali dalam seminggu),0,0,0,0,0,0,2,2.50,1,2.67,3.14,2.48,2.62,2.00,2.67,3.14,2,2.83,2.6,80,1,9,21,2.1,50,0,45,0,0,0,245.43,24.54,10,33.33,8,7,1,100,1,0,1,66.67,3,3,1,14.91,0,3,3,4,1,1,1,1,1,1,1,1,0,0,1,2,3,1,2,3,1,2,3,1,0,0,0,0,0,0,0,0,0,0,Easy,Easy,Easy,Normal,Normal,Normal,Hard,Hard,Hard,Hard,11.62,22.73,11.02,33.7,17.4,5.75,42.38,10.83,45,45,0,0,1,1,1,1,1,1,1,0,,,4.95,26.45,3.7,2.37,20.02,2.8,44.1,,3,2,1,1,1,1,1,1,0,0,0,0,33.33,Harder,Harder,Same,0,0,0,0,0,0,0,1,0,0,18.55,18.55,12.36667
labtrialkamis1b7,In-person,Perempuan,20,SMA,Luar Jawa,Mahasiswa,-,0,N/A (Bukan Pekerja),Jarang (3-4 kali dalam sebulan),0,0,0,0,0,0,2,4.00,3,3.17,2.07,3.52,3.46,1.60,3.67,3.86,2.8,4.17,3.6,100,1,11,11,1.1,100,0,0,0,0,0,113.78,11.38,0,0,0,0,0,0,1,3,0,0,0,0,0,0,7,3,0,0,1,1,1,1,1,1,1,1,1,1,1,2,3,1,2,3,1,2,3,1,0,0,0,0,0,0,0,0,0,0,Easy,Easy,Easy,Very Easy,Very Easy,Very Easy,Very Easy,Very Easy,Very Easy,Very Easy,9.78,39,9.92,7.15,13.9,4.8,6.07,13.8,3.62,5.75,0,0,0,0,0,0,0,0,0,0,,,,,,,,,,,3,2,3,3,3,3,3,3,3,3,0,0,0,Easier,Easier,Easier,0,1,0,0,0,0,0,0,0,0,11.6,11.6,7.733333
labtrialkamis1b8,In-person,Perempuan,22,S1/D4,Jawa,Pekerja,0,0,Freelance,Selalu (Setiap Hari),0,0,0,0,0,0,2,5.00,5.6,4.72,3.36,4.98,5.00,2.80,5.17,5.71,4.6,5.33,5,100,7,17,17.5,1.75,60,0,0,0,0,0,216.5,21.65,20,0,6,6,0,33.33,7,0,2,33.33,3,2,0,14.83,0,6,4,0,1,1,1,1,1,1,1,1,1,1,1,2,3,1,2,3,1,2,3,1,0,0,0,0,0,0,0,0,0,0,Easy,Easy,Easy,Easy,Easy,Easy,Normal,Normal,Normal,Normal,12.1,27.63,19.53,27.03,20.73,3.88,30.73,42.35,16.82,15.68,1,0,1,1,0,0,1,1,1,0,3.82,,15.17,9.65,,,25.27,25.52,9.57,,1,2,1,1,2,3,1,1,1,2,0,0,0,Same,Harder,Same,1,1,0,1,1,0,1,1,0,1,57.59,8.227143,38.39333
labtrialsenin1a1,In-person,Perempuan,18,SMA,Jawa,Mahasiswa,-,0,N/A (Bukan Pekerja),Jarang (3-4 kali dalam sebulan),0,0,0,0,0,0,1,4.75,4.9,4.67,5.07,4.43,4.46,3.80,4.67,5.29,4.8,4.5,4,90,5,14,14.5,1.45,90,10.51,41.57,2,1,1,186.97,18.7,10,33.33,2,1,1,66.67,5,1,1,33.33,1,1,0,29.03,0,7,3,0,1,1,1,1,1,1,1,0,1,1,1,2,3,1,2,3,1,2,3,1,0,0,0,0,0,0,0,1,0,0,Easy,Easy,Easy,Easy,Easy,Easy,Normal,Normal,Normal,Easy,22.67,22.03,8.77,7.83,9.92,14.43,14.92,41.57,37.5,7.33,0,0,0,0,0,0,0,0,1,0,,,,,,,,,29.03,,2,2,3,3,3,3,3,0,1,3,0,0,33.33,Same,Harder,Easier,1,1,0,0,0,0,0,2,0,1,50.63,10.126,33.75333
labtrialsenin1a11,In-person,Perempuan,23,S1/D4,Jawa,Mahasiswa,-,0,N/A (Bukan Pekerja),Jarang (3-4 kali dalam sebulan),0,0,0,0,0,0,1,4.75,5.2,4.72,4.79,4.39,4.46,4.60,4.00,5.43,4.8,4.17,4.2,100,4,14,21.5,2.15,60,0,0,0,0,0,171.42,17.14,10,0,5,5,0,66.67,4,0,1,66.67,4,1,0,15.9,0,6,3,1,1,1,1,1,1,1,1,1,1,1,1,2,3,1,2,3,1,2,3,1,0,0,0,0,0,0,0,0,0,0,Easy,Easy,Easy,Easy,Easy,Easy,Normal,Normal,Normal,Hard,25.88,13.68,6.03,9.13,13.22,3.67,17.38,34.72,16.18,31.52,1,0,0,0,0,0,1,1,1,1,17.83,,,,,,8.92,18.42,10.75,23.57,1,3,3,3,3,3,1,1,1,1,0,0,0,Same,Harder,Harder,1,0,0,0,0,0,1,1,0,1,31.13,7.7825,20.75333
labtrialsenin1a12,In-person,Laki-laki,23,SMA,Jawa,Mahasiswa,-,0,N/A (Bukan Pekerja),Sering (3-4 kali dalam seminggu),0,0,0,0,0,0,1,5.25,5.6,5.11,4.71,4.91,5.00,5.80,4.33,5.29,4.4,5.33,5,80,7,15,16,1.6,40,18.56,39.89,3,2,2,214.88,21.49,0,33.33,6,5,1,100,8,0,1,66.67,3,1,1,13.32,0,6,3,1,0,1,1,1,1,1,1,1,1,0,1,2,3,1,2,3,1,2,3,1,1,0,0,0,0,0,0,0,0,1,Easy,Easy,Easy,Easy,Easy,Easy,Normal,Normal,Normal,Hard,39.95,20.37,15.17,14.57,14.58,7.42,16.05,25.25,21.7,39.83,0,0,0,1,0,0,1,1,1,1,,,,5.37,,,2.97,12.57,12.82,32.88,0,2,2,1,3,3,1,1,1,0,33.33,0,0,Same,Harder,Harder,2,1,0,1,0,0,2,1,0,1,95.03,11.87875,63.35333
labtrialsenin1a13,In-person,Laki-laki,19,SMA,Jawa,Mahasiswa,-,0,N/A (Bukan Pekerja),Jarang (3-4 kali dalam sebulan),0,0,0,0,0,0,3,4.00,4.3,4.56,5.29,4.28,4.15,3.20,4.83,5.29,4.2,3.83,4.8,100,3,13,17.5,1.75,100,0,0,0,0,0,160,16,10,0,1,1,0,33.33,3,0,2,33.33,1,1,0,25,0,6,4,0,1,1,1,1,1,1,1,1,1,1,1,2,3,1,2,3,1,2,3,1,0,0,0,0,0,0,0,0,0,0,Easy,Easy,Easy,Easy,Easy,Easy,Normal,Normal,Normal,Normal,13.02,13.88,14.08,6.55,12.8,3.25,16.2,15.53,31.87,32.82,0,0,0,0,0,0,0,0,1,0,,,,,,,,,25,,3,3,3,3,3,3,2,2,1,2,0,0,0,Same,Harder,Same,0,0,0,0,0,0,1,1,0,1,32.98,10.99333,21.98667
labtrialsenin1a16,In-person,Perempuan,25,S1/D4,Jawa,Pekerja,Konselor,3,Staf,Sering (3-4 kali dalam seminggu),0,0,0,0,0,0,3,5.00,4.7,4.5,4.64,4.71,4.92,3.80,4.50,5.00,4.6,5.33,4.2,100,3,13,17.5,1.75,80,0,0,0,0,0,172.07,17.21,10,0,3,3,0,33.33,4,0,2,33.33,3,2,0,18.33,0,6,4,0,1,1,1,1,1,1,1,1,1,1,1,2,3,1,2,3,1,2,3,1,0,0,0,0,0,0,0,0,0,0,Easy,Easy,Easy,Easy,Easy,Easy,Normal,Normal,Normal,Normal,9.2,13.98,12.47,32.98,14.55,3.27,15.63,14.13,26.5,29.35,0,0,0,1,0,0,1,0,1,0,,,,23,,,10.87,,21.13,,3,3,3,1,3,3,1,3,1,2,0,0,0,Same,Harder,Same,0,0,0,1,1,0,1,0,0,1,20.97,5.2425,13.98
labtrialsenin1a19,In-person,Laki-laki,18,SMA,Jawa,Pekerja,Operator Produksi & Kasir,1,Staf,Sering (3-4 kali dalam seminggu),0,0,0,0,0,0,3,4.75,5.4,4.11,4.64,4.46,4.38,3.00,4.33,4.71,4.4,4.17,4.8,100,3,13,16,1.6,70,0,0,0,0,0,143.77,14.38,0,0,3,3,0,33.33,3,0,2,33.33,3,0,0,12.07,0,9,1,0,1,1,1,1,1,1,1,1,1,1,1,2,3,1,2,3,1,2,3,1,0,0,0,0,0,0,0,0,0,0,Easy,Easy,Easy,Easy,Easy,Easy,Easy,Easy,Easy,Normal,14.63,16.62,20.22,10.72,13.42,12.7,20.22,8.25,3.22,23.78,0,0,1,0,0,0,1,0,0,1,,,11.82,,,,13.18,,,11.22,3,2,1,3,3,3,1,3,3,1,0,0,0,Same,Same,Harder,0,1,0,0,0,0,1,0,0,1,21.03,7.01,14.02
labtrialsenin1a2,In-person,Perempuan,20,SMA,Jawa,Mahasiswa,-,0,N/A (Bukan Pekerja),Sering (3-4 kali dalam seminggu),0,0,0,0,0,0,2,4.50,4.6,4.39,4.43,4.38,4.38,4.60,2.67,5.71,5.2,3.33,4.6,100,2,12,14,1.4,100,0,0,0,0,0,91.52,9.15,0,0,0,0,0,0,2,1,2,0,0,0,0,0,1,9,0,0,1,1,1,1,1,1,1,1,1,1,1,2,3,1,2,3,1,2,3,1,0,0,0,0,0,0,0,0,0,0,Easy,Easy,Easy,Easy,Easy,Easy,Easy,Easy,Easy,Very Easy,7.38,17.88,5.1,9.3,17.35,5.27,5.97,13.35,4.82,5.1,0,0,0,0,0,0,0,0,0,0,,,,,,,,,,,3,2,3,3,2,3,3,3,3,3,0,0,0,Same,Same,Easier,0,1,0,0,1,0,0,0,0,0,24.35,12.175,16.23333
labtrialsenin1a20,In-person,Laki-laki,20,SMA,Jawa,Pekerja,crew,2,Staf,Selalu (Setiap Hari),0,0,0,0,0,0,2,4.75,5.5,4.83,4.57,3.82,4.15,4.60,3.83,5.86,4.6,3.67,3.2,100,3,13,15,1.5,80,0,0,0,0,0,126.87,12.69,0,0,2,2,0,0,3,0,3,0,0,0,0,7.56,0,10,0,0,1,1,1,1,1,1,1,1,1,1,1,2,3,1,2,3,1,2,3,1,0,0,0,0,0,0,0,0,0,0,Easy,Easy,Easy,Easy,Easy,Easy,Easy,Easy,Easy,Easy,25.1,25.75,13.13,8.98,10.65,4.72,18.28,10.4,2.87,6.98,1,0,0,0,0,0,1,0,0,0,5.68,,,,,,9.43,,,,1,2,3,3,3,3,1,3,3,3,0,0,0,Same,Same,Same,1,1,0,0,0,0,1,0,0,0,21.67,7.223333,14.44667
labtrialsenin1a21,In-person,Laki-laki,18,SMA,Jawa,Mahasiswa,-,0,N/A (Bukan Pekerja),Jarang (3-4 kali dalam sebulan),0,0,0,0,0,0,1,4.25,4.5,4.5,4.93,4.46,4.85,2.00,6.00,5.00,4.4,5.17,3.8,90,3,12,16,1.6,80,6.27,40.78,1,1,1,164.27,16.43,0,33.33,1,1,0,66.67,3,0,2,33.33,1,1,0,21.35,0,6,4,0,0,1,1,1,1,1,1,1,1,1,1,2,3,1,2,3,1,2,3,1,1,0,0,0,0,0,0,0,0,0,Easy,Easy,Easy,Easy,Easy,Easy,Normal,Normal,Normal,Normal,40.78,26.48,5.2,6.9,13.62,3.5,11.93,16.58,25.32,13.95,0,0,0,0,0,0,0,0,1,0,,,,,,,,,21.35,,0,2,3,3,3,3,3,2,1,3,33.33,0,0,Same,Harder,Same,1,1,0,0,0,0,0,1,0,0,44.41,14.80333,29.60667
labtrialsenin1a23,In-person,Laki-laki,20,SMA,Jawa,Pekerja,Staf Magang,1,Freelance,Jarang (3-4 kali dalam sebulan),0,0,0,0,0,0,3,4.75,4.3,4.22,4.50,3.99,4.08,2.80,5.00,4.57,4,4.17,3.8,80,6,14,13,1.3,90,21.02,45,3,2,0,201.55,20.16,0,66.67,4,3,1,100,6,1,1,33.33,3,2,0,22.19,0,7,3,0,1,0,1,1,1,1,1,0,1,1,1,2,3,1,2,3,1,2,3,1,0,0,0,0,0,0,0,0,0,0,Easy,Easy,Easy,Easy,Easy,Easy,Normal,Normal,Normal,Easy,9.62,45,7.02,17.48,32.5,3.37,20.67,45,15.32,5.58,0,1,0,0,0,0,0,1,1,0,,27.97,,,,,,27.93,10.68,,3,0,3,2,2,3,2,0,1,3,33.33,0,33.33,Same,Harder,Easier,0,1,0,1,1,0,1,2,0,0,73.66,12.27667,49.10667
labtrialsenin1a3,In-person,Perempuan,22,S1/D4,Jawa,Pekerja,Pengolah Data,2,Staf,Sering (3-4 kali dalam seminggu),0,0,0,0,0,0,2,4.25,5.2,5.22,4.50,4.86,4.85,4.20,6.00,5.29,5,5.17,4.4,90,3,12,12,1.2,100,9.72,45,1,1,0,156.4,15.64,10,33.33,1,1,0,66.67,3,1,1,33.33,1,1,0,24.2,3,7,0,0,1,0,1,1,1,1,1,1,1,1,1,2,3,1,2,3,1,2,3,1,0,0,0,0,0,0,0,0,0,0,Easy,Easy,Easy,Easy,Easy,Easy,Very Easy,Very Easy,Very Easy,Easy,11.25,45,29.73,14.13,17.12,3.28,5.4,20.35,4.88,5.25,0,0,1,0,0,0,0,0,0,0,,,24.2,,,,,,,,3,0,1,3,2,3,3,2,3,3,33.33,0,0,Same,Easier,Harder,0,1,0,0,1,0,0,1,0,0,32.95,10.98333,21.96667
labtrialsenin1a4,In-person,Perempuan,24,S1/D4,Jawa,Pekerja,Learning Program Analyst,2,Staf,Jarang (3-4 kali dalam sebulan),0,0,0,0,0,0,1,4.00,5.1,5,5.43,4.51,4.69,4.00,6.00,4.86,4,5.33,4.2,80,5,13,13,1.3,70,28.42,39.36,3,2,1,193.77,19.38,0,66.67,4,3,1,100,5,1,1,33.33,1,1,0,15.09,0,7,3,0,0,1,1,1,1,1,1,0,1,1,1,2,3,1,2,3,1,2,3,1,1,0,0,0,0,0,0,0,0,0,Easy,Easy,Easy,Easy,Easy,Easy,Normal,Normal,Normal,Easy,33.72,34.42,13.9,7.52,11.15,3.68,16.75,45,20.67,6.97,1,0,0,0,0,0,1,0,1,0,28.4,,,,,,8.38,,8.48,,0,2,3,3,3,3,1,0,1,3,33.33,0,33.33,Same,Harder,Easier,1,1,0,0,0,0,1,2,0,0,82.64,16.528,55.09333
labtrialsenin1a5,In-person,Perempuan,18,S1/D4,Jawa,Mahasiswa,-,0,N/A (Bukan Pekerja),Jarang (3-4 kali dalam sebulan),0,0,0,0,0,0,2,4.50,3.7,3.72,5.36,3.57,3.62,2.80,3.00,5.00,3.6,3.5,3.6,100,5,15,12,1.2,50,0,0,0,0,0,141.72,14.17,0,0,5,5,0,33.33,5,1,1,33.33,2,0,0,8.02,6,4,0,0,1,1,1,1,1,1,1,1,1,1,1,2,3,1,2,3,1,2,3,1,0,0,0,0,0,0,0,0,0,0,Easy,Easy,Easy,Very Easy,Very Easy,Very Easy,Very Easy,Very Easy,Very Easy,Easy,31.58,22.8,10.05,18.45,17.18,6.7,7.37,9.2,5.42,12.97,1,1,1,0,1,0,0,0,0,1,19.75,10.62,3.97,,3.45,,,,,2.3,1,1,1,2,1,3,3,3,3,1,0,0,0,Easier,Same,Harder,1,1,0,1,1,0,0,0,0,1,51.22,10.244,34.14667
labtrialsenin1a8,In-person,Laki-laki,21,SMA,Jawa,Mahasiswa,-,0,N/A (Bukan Pekerja),Sering (3-4 kali dalam seminggu),0,0,0,0,0,0,1,4.50,4.8,4.11,3.64,3.81,3.54,3.60,4.00,4.57,4.2,2.83,4.4,100,3,13,21.5,2.15,70,0,0,0,0,0,178.17,17.82,10,0,4,4,0,66.67,3,0,1,66.67,2,1,1,16.25,0,6,3,1,1,1,1,1,1,1,1,1,1,1,1,2,3,1,2,3,1,2,3,1,0,0,0,0,0,0,0,0,0,0,Easy,Easy,Easy,Easy,Easy,Easy,Normal,Normal,Normal,Hard,7.25,14.35,11.03,7.55,12.12,3.57,23.63,39.98,15.87,42.82,0,0,1,0,0,0,0,1,1,1,,,4.83,,,,,18.07,6.38,35.73,3,3,1,3,3,3,2,1,1,1,0,0,0,Same,Harder,Harder,0,0,0,0,0,0,1,1,0,1,28.86,9.62,19.24
labtrialsenin1a9,In-person,Laki-laki,19,SMA,Jawa,Mahasiswa,-,0,N/A (Bukan Pekerja),Jarang (3-4 kali dalam sebulan),0,0,0,0,0,0,2,4.25,4.6,3.44,4.00,4.00,3.92,2.00,4.50,3.57,4.4,4,3.6,90,2,11,15.5,1.55,80,13.04,42.42,1,1,1,128.9,12.89,0,33.33,1,1,0,66.67,2,0,2,33.33,1,0,0,15.23,0,6,4,0,1,1,1,1,1,1,1,0,1,1,1,2,3,1,2,3,1,2,3,1,0,0,0,0,0,0,0,1,0,0,Easy,Easy,Easy,Easy,Easy,Easy,Normal,Normal,Normal,Normal,9.47,20.2,4.38,6.83,9.92,3.63,5.93,42.42,18.5,7.62,0,0,0,0,0,0,0,0,1,0,,,,,,,,,15.23,,3,2,3,3,3,3,3,0,1,3,0,0,33.33,Same,Harder,Same,0,1,0,0,0,0,0,1,0,0,34.29,17.145,22.86
labtrialsenin1b1,In-person,Perempuan,21,SMA,Jawa,Mahasiswa,-,0,Freelance,Jarang (3-4 kali dalam sebulan),0,0,0,0,0,0,2,5.00,4.9,4.11,3.21,4.57,4.54,3.40,4.17,4.57,4.4,4.5,4.8,100,3,13,16,1.6,100,0,0,0,0,0,122.8,12.28,0,0,0,0,0,33.33,3,0,2,33.33,0,0,0,0,0,9,1,0,1,1,1,1,1,1,1,1,1,1,1,2,3,1,2,3,1,2,3,1,0,0,0,0,0,0,0,0,0,0,Easy,Easy,Easy,Easy,Easy,Easy,Easy,Easy,Easy,Normal,12.1,19.07,7.2,7.37,11.17,6.2,8.7,27.03,4.33,19.63,0,0,0,0,0,0,0,0,0,0,,,,,,,,,,,3,2,3,3,3,3,3,2,3,2,0,0,0,Same,Same,Harder,0,1,0,0,0,0,0,1,0,1,29.4,9.8,19.6
labtrialsenin1b2,In-person,Laki-laki,21,SMA,Jawa,Mahasiswa,-,0,N/A (Bukan Pekerja),Jarang (3-4 kali dalam sebulan),0,0,0,0,0,0,2,5.00,4.1,4.11,4.00,4.14,3.92,3.20,3.83,5.00,3.6,3.83,5,100,4,14,17.5,1.75,100,0,0,0,0,0,148,14.8,10,0,1,1,0,33.33,4,0,2,33.33,1,1,0,24.58,0,6,4,0,1,1,1,1,1,1,1,1,1,1,1,2,3,1,2,3,1,2,3,1,0,0,0,0,0,0,0,0,0,0,Easy,Easy,Easy,Easy,Easy,Easy,Normal,Normal,Normal,Normal,21.08,24.45,4.48,7.62,9.73,3.95,18.92,19.45,30.23,8.08,0,0,0,0,0,0,0,0,1,0,,,,,,,,,24.58,,2,2,3,3,3,3,2,2,1,3,0,0,0,Same,Harder,Same,1,1,0,0,0,0,1,1,0,0,32.37,8.0925,21.58
labtrialsenin1b3,In-person,Laki-laki,19,SMA,Jawa,Mahasiswa,-,0,N/A (Bukan Pekerja),Selalu (Setiap Hari),0,0,0,0,0,0,2,4.75,4.7,4.78,4.14,4.93,4.92,4.40,4.67,5.14,5,5,4.8,80,6,14,15.5,1.55,100,50.27,45,4,2,0,228.45,22.84,10,0,3,1,2,33.33,7,0,1,66.67,1,1,0,25.98,0,6,3,1,1,1,1,1,1,1,1,0,1,0,1,2,3,1,2,3,1,2,3,1,0,0,0,0,0,0,0,0,0,0,Easy,Easy,Easy,Easy,Easy,Easy,Normal,Normal,Normal,Hard,15.47,25.1,14.1,7.35,12.68,2.92,26.95,45,33.88,45,0,0,0,0,0,0,0,0,1,0,,,,,,,,,25.98,,2,2,3,3,3,3,2,0,1,0,0,0,33.33,Same,Harder,Harder,1,1,0,0,0,0,1,2,0,2,116.27,16.61,77.51333
labtrialsenin1b4,In-person,Perempuan,23,S1/D4,Jawa,Pekerja,Journal Administrator,1,Staf,Jarang (3-4 kali dalam sebulan),0,0,0,0,0,0,1,5.00,4.7,4,4.79,4.39,4.54,1.40,5.67,4.43,3.6,5.17,4.4,90,6,15,9.5,0.95,60,9.14,45,1,1,0,150.7,15.07,0,33.33,7,5,2,33.33,6,1,2,0,2,1,1,12.02,7,3,0,0,1,0,1,1,1,1,1,1,1,1,1,2,3,1,2,3,1,2,3,1,0,0,0,0,0,0,0,0,0,0,Easy,Easy,Easy,Very Easy,Very Easy,Very Easy,Very Easy,Very Easy,Very Easy,Very Easy,23.4,45,15.62,7.65,18.87,5.22,6.43,17.27,5.33,5.92,1,1,1,0,1,0,0,1,0,0,13.33,33.32,6.28,,2.9,,,4.28,,,1,0,1,3,1,3,3,1,3,3,33.33,0,0,Easier,Same,Same,1,1,0,0,2,0,0,2,0,0,78.14,13.02333,52.09333
rakamin1bdoui1a0,Remote,Laki-laki,19,SMA,Jawa,Mahasiswa,-,0,N/A (Bukan Pekerja),Jarang (3-4 kali dalam sebulan),0,0,0,0,0,0,1,6.00,4.5,4.33,3.93,5.00,4.85,1.00,6.00,5.29,3,6,6,100,1,11,29,2.9,80,0,0,0,0,0,89.53,8.95,0,0,2,2,0,100,1,0,0,100,0,0,0,4.12,0,3,3,4,1,1,1,1,1,1,1,1,1,1,1,2,3,1,2,3,1,2,3,1,0,0,0,0,0,0,0,0,0,0,Easy,Easy,Easy,Normal,Normal,Normal,Hard,Hard,Hard,Hard,5.93,8.78,3.88,12.05,12.53,6.6,12.15,11.47,11.83,4.3,0,0,0,1,0,0,0,0,1,0,,,,4.7,,,,,3.55,,3,3,3,1,3,3,3,3,1,3,0,0,0,Harder,Harder,Harder,0,0,0,1,0,0,0,0,0,0,7.35,7.35,4.9
rakamin1bdoui1a1,Remote,Laki-laki,20,SMA,Jawa,Mahasiswa,-,0,N/A (Bukan Pekerja),Jarang (3-4 kali dalam sebulan),0,0,0,0,0,0,2,5.25,5.2,4.61,4.57,4.61,4.85,3.40,5.33,4.86,4.8,4.83,4.2,100,3,13,16.5,1.65,70,0,0,0,0,0,154.42,15.44,0,0,3,3,0,33.33,3,1,1,33.33,2,1,0,14.16,0,7,3,0,1,1,1,1,1,1,1,1,1,1,1,2,3,1,2,3,1,2,3,1,0,0,0,0,0,0,0,0,0,0,Easy,Easy,Easy,Easy,Easy,Easy,Normal,Normal,Normal,Easy,29.65,14.4,25.73,10.57,10.18,4.43,16.32,22.42,12.43,8.28,1,0,1,0,0,0,0,0,1,0,13.67,,20.53,,,,,,8.27,,1,3,1,3,3,3,2,2,1,3,0,0,0,Same,Harder,Easier,1,0,0,0,0,0,1,1,0,0,30.33,10.11,20.22
rakamin1bdoui1a4,Remote,Perempuan,19,SMA,Jawa,Mahasiswa,-,0,N/A (Bukan Pekerja),Jarang (3-4 kali dalam sebulan),0,0,0,0,0,0,4,4.75,4.1,3.56,4.79,4.30,4.46,3.40,3.50,3.71,4.2,4.5,4.2,100,2,12,11,1.1,100,0,0,0,0,0,134.55,13.45,10,0,1,1,0,0,2,1,2,0,1,1,0,25.77,7,3,0,0,1,1,1,1,1,1,1,1,1,1,1,2,3,1,2,3,1,2,3,1,0,0,0,0,0,0,0,0,0,0,Easy,Easy,Easy,Very Easy,Very Easy,Very Easy,Very Easy,Very Easy,Very Easy,Very Easy,11.88,16.63,31.8,10.17,13.47,5.65,9.35,21.07,5.32,9.22,0,0,1,0,0,0,0,0,0,0,,,25.77,,,,,,,,3,2,1,3,3,3,3,2,3,3,0,0,0,Easier,Same,Same,0,1,0,0,0,0,0,1,0,0,21.1,10.55,14.06667
rakamin1bdoui1b13,Remote,Laki-laki,21,SMA,Jawa,Mahasiswa,-,0,N/A (Bukan Pekerja),Sering (3-4 kali dalam seminggu),0,0,0,0,0,0,2,3.25,5.1,5.11,3.43,4.52,4.46,4.60,5.00,5.57,4.8,4.17,4.6,70,4,11,12,1.2,70,21.69,25.95,3,2,3,169.52,16.95,0,33.33,1,0,1,100,4,1,0,66.67,0,0,0,0,0,6,4,0,1,1,1,0,0,0,1,1,1,1,1,2,3,1,2,3,1,2,3,1,0,0,0,1,1,1,0,0,0,0,Easy,Easy,Easy,Normal,Normal,Normal,Easy,Easy,Easy,Normal,19.15,26.48,9.13,30.35,24.18,23.32,6.27,11.3,4.42,14.92,0,0,0,0,0,0,0,0,0,0,,,,,,,,,,,2,2,3,0,0,0,3,3,3,3,0,100,0,Harder,Easier,Harder,0,1,0,1,2,0,0,0,0,0,54.92,13.73,36.61333
rakamin1bdoui1b6,Remote,Perempuan,22,D1/D2/D3,Jawa,Pekerja,Rekam Medis dan Informasi Kesehatan,2,Staf,Jarang (3-4 kali dalam sebulan),0,0,0,0,0,0,1,4.75,4.5,4.33,5.21,4.73,4.77,3.00,3.50,6.00,4.4,5,4.8,100,4,14,16.5,1.65,50,0,0,0,0,0,167.67,16.77,0,0,5,5,0,33.33,4,1,1,33.33,4,0,0,15.43,0,7,3,0,1,1,1,1,1,1,1,1,1,1,1,2,3,1,2,3,1,2,3,1,0,0,0,0,0,0,0,0,0,0,Easy,Easy,Easy,Easy,Easy,Easy,Normal,Normal,Normal,Easy,24.67,18.58,19.33,7.25,10.97,3.37,27.87,36.88,12.52,6.23,1,0,1,0,0,0,1,1,1,0,13.63,,15.55,,,,19.42,19.4,9.13,,1,2,1,3,3,3,1,1,1,3,0,0,0,Same,Harder,Easier,1,1,0,0,0,0,1,1,0,0,45.26,11.315,30.17333
rakamin1bdoui1b8,Remote,Laki-laki,21,SMA,Jawa,Mahasiswa,-,0,N/A (Bukan Pekerja),Sering (3-4 kali dalam seminggu),0,0,0,0,0,0,2,4.00,3.5,2.78,4.43,3.54,3.31,1.20,3.83,3.00,3.2,3.83,3.6,80,1,9,19,1.9,90,22.9,41.4,1,1,1,274.57,27.46,30,33.33,5,4,1,100,1,1,0,66.67,4,4,2,29.12,0,3,4,3,1,1,1,1,1,1,0,1,0,1,1,2,3,1,2,3,1,2,3,1,0,0,0,0,0,0,0,0,1,0,Easy,Easy,Easy,Normal,Normal,Normal,Hard,Hard,Hard,Normal,13.93,14.35,35.48,27.78,25.78,27.68,45,39.42,37.8,7.33,0,0,1,0,0,1,0,1,1,0,,,25.55,,,22.78,,33.7,34.43,,3,3,1,2,2,1,0,1,0,3,0,0,66.67,Harder,Harder,Easier,0,0,0,0,0,0,1,0,0,0,34.35,34.35,22.9
rakamin1bdoui1b9,Remote,Laki-laki,22,S1/D4,Jawa,Pekerja,Sedang Mencari,0,N/A (Bukan Pekerja),Sering (3-4 kali dalam seminggu),0,0,0,0,0,0,3,6.00,5.5,4.11,3.14,4.80,4.69,2.00,4.67,5.14,4,5,5.4,100,6,16,17.5,1.75,80,0,0,0,0,0,162.32,16.23,10,0,3,3,0,33.33,6,0,2,33.33,2,1,0,14.34,0,6,4,0,1,1,1,1,1,1,1,1,1,1,1,2,3,1,2,3,1,2,3,1,0,0,0,0,0,0,0,0,0,0,Easy,Easy,Easy,Easy,Easy,Easy,Normal,Normal,Normal,Normal,32.8,15.15,8.22,10.98,21.42,8.32,23.23,18.42,16.1,7.68,1,0,0,1,0,0,0,0,1,0,26.63,,,3.18,,,,,13.22,,1,2,3,1,2,3,2,2,1,3,0,0,0,Same,Harder,Same,1,1,0,1,1,0,1,1,0,0,53.03,8.838333,35.35333
rakamin1bdoui2a1,Remote,Perempuan,20,SMA,Luar Jawa,Mahasiswa,_,0,N/A (Bukan Pekerja),Jarang (3-4 kali dalam sebulan),0,0,0,0,0,0,1,5.00,4.9,4.33,4.36,4.07,4.31,3.80,3.83,5.14,4.4,4,3.8,60,4,10,9,0.9,70,38.87,45,2,2,0,324.88,32.49,20,100,7,7,0,100,5,0,3,0,4,4,0,15.74,0,10,0,0,0,0,1,1,0,1,1,0,1,1,1,2,3,1,2,3,1,2,3,1,0,0,0,0,0,0,0,0,0,0,Easy,Easy,Easy,Easy,Easy,Easy,Easy,Easy,Easy,Easy,45,45,31.15,43.92,45,7.77,13.22,45,7.82,41.02,0,0,1,1,1,1,1,1,0,1,,,25.1,1.88,25.28,2.08,2.43,28.27,,25.12,0,0,1,1,0,1,1,0,3,1,66.67,33.33,33.33,Same,Same,Same,1,0,0,1,0,0,1,1,0,1,94.12,18.824,62.74667
rakamin1bdoui2b14,Remote,Laki-laki,24,S1/D4,Jawa,Pekerja,Tutor bahasa,1,Freelance,Sering (3-4 kali dalam seminggu),0,0,0,0,0,0,3,5.00,4.9,4.06,4.36,4.70,4.69,2.40,4.33,5.00,5,4.5,4.6,100,4,14,11,1.1,50,0,0,0,0,0,129.05,12.91,0,0,5,5,0,0,4,3,0,0,2,0,0,8.83,7,3,0,0,1,1,1,1,1,1,1,1,1,1,1,2,3,1,2,3,1,2,3,1,0,0,0,0,0,0,0,0,0,0,Easy,Easy,Easy,Very Easy,Very Easy,Very Easy,Very Easy,Very Easy,Very Easy,Very Easy,22.77,15,15.2,5.72,20.47,12.18,5.08,21.28,3.6,7.75,1,1,1,0,1,1,0,0,0,0,16.25,2.12,7.88,,10.07,7.83,,,,,1,1,1,3,1,1,3,2,3,3,0,0,0,Easier,Easier,Easier,1,1,0,0,1,0,0,1,0,0,31.09,7.7725,20.72667
rakamin1gba1a1,Remote,Perempuan,24,S1/D4,Jawa,Pekerja,Staf Administrasi,1,Staf,Jarang (3-4 kali dalam sebulan),0,0,0,0,0,0,1,4.00,3.6,3.61,4.14,4.14,4.23,2.60,4.67,3.43,3.4,4.83,4.2,90,4,13,14.5,1.45,80,6.62,31.4,1,1,1,174.23,17.42,0,33.33,1,1,0,66.67,4,0,2,33.33,0,0,0,2.27,0,9,1,0,0,1,1,1,1,1,1,1,1,1,1,2,3,1,2,3,1,2,3,1,1,0,0,0,0,0,0,0,0,0,Easy,Easy,Easy,Easy,Easy,Easy,Easy,Easy,Easy,Normal,31.4,33.03,9.6,18.05,14.08,4.93,12.13,13.52,4.9,32.58,0,0,0,1,0,0,0,0,0,0,,,,2.27,,,,,,,0,2,3,1,3,3,3,3,3,2,33.33,0,0,Same,Same,Harder,1,1,0,1,0,0,0,0,0,1,46.01,11.5025,30.67333
rakamin1gba1b0,Remote,Perempuan,29,S2,Jawa,Pekerja,Teknisi Laboratorium,6,Staf,Jarang (3-4 kali dalam sebulan),0,0,0,0,0,0,1,5.25,5.1,5,3.79,4.90,4.77,5.00,4.67,5.29,5,4.5,5.2,70,7,14,8.5,0.85,50,22.68,37.26,6,3,2,240.27,24.03,10,66.67,9,7,2,66.67,8,1,1,33.33,4,3,1,17.3,6,4,0,0,0,1,1,0,1,1,1,0,1,1,1,2,3,1,2,3,1,2,3,1,1,0,0,1,0,0,0,0,0,0,Easy,Easy,Easy,Very Easy,Very Easy,Very Easy,Very Easy,Very Easy,Very Easy,Easy,37.22,23.35,36.68,29.55,18.13,13.55,11.58,45,18.05,7.15,1,0,1,1,1,1,0,1,1,0,24.72,,27.07,11.05,7.82,9.7,,31.45,9.27,,0,2,1,0,1,1,3,0,1,3,33.33,33.33,33.33,Easier,Same,Harder,2,1,0,1,1,0,0,3,0,0,94.19,11.77375,62.79333
rakamin1gba1b11,Remote,Laki-laki,23,S1/D4,Jawa,Pekerja,Data Analyst,1,Supervisor,Selalu (Setiap Hari),0,0,0,0,0,0,1,5.00,5.4,4.44,5.00,5.37,5.46,3.80,5.67,3.86,5.4,5.5,5.2,90,5,14,15,1.5,60,0,28.07,0,0,1,198.07,19.81,10,33.33,4,4,0,66.67,5,1,1,33.33,3,1,0,17.37,0,7,3,0,1,1,0,1,1,1,1,1,1,1,1,2,3,1,2,3,1,2,3,1,0,0,1,0,0,0,0,0,0,0,Easy,Easy,Easy,Easy,Easy,Easy,Normal,Normal,Normal,Easy,23.25,18.13,28.07,6.7,11.43,13.47,32.73,19.48,22.88,21.92,0,0,0,0,0,1,1,0,1,1,,,,,,9.95,25.97,,19.5,14.07,2,2,0,3,3,1,1,2,1,1,33.33,0,0,Same,Harder,Easier,1,1,0,0,0,0,1,1,0,1,42.98,8.596,28.65333
rakamin1gba1b2,Remote,Laki-laki,22,S2,Jawa,Pekerja,Management Trainee,1,Staf,Jarang (3-4 kali dalam sebulan),0,0,0,0,0,0,3,5.75,5.2,4.72,4.43,4.54,4.92,4.20,4.67,5.14,5,4.83,3.8,100,4,14,21.5,2.15,80,0,0,0,0,0,162.95,16.29,20,0,4,4,0,66.67,4,0,1,66.67,3,2,0,18.67,0,6,3,1,1,1,1,1,1,1,1,1,1,1,1,2,3,1,2,3,1,2,3,1,0,0,0,0,0,0,0,0,0,0,Easy,Easy,Easy,Easy,Easy,Easy,Normal,Normal,Normal,Hard,26.7,37.35,5.03,9.67,8.6,3.13,8.55,15.6,30.67,17.65,1,1,0,0,0,0,0,0,1,1,9.78,25.95,,,,,,,26.87,12.08,1,1,3,3,3,3,3,2,1,1,0,0,0,Same,Harder,Harder,1,1,0,0,0,0,0,1,0,1,31.8,7.95,21.2
rakamin1gba1b6,Remote,Laki-laki,24,S1/D4,Luar Jawa,Pekerja,Programmer,2,Staf,Jarang (3-4 kali dalam sebulan),0,0,0,0,0,0,5,4.25,5,4.56,4.71,4.46,4.77,3.60,5.50,4.43,4.6,5.17,3.6,100,5,15,17.5,1.75,80,0,0,0,0,0,218.67,21.87,10,0,3,3,0,33.33,5,0,2,33.33,3,1,0,18.6,0,6,4,0,1,1,1,1,1,1,1,1,1,1,1,2,3,1,2,3,1,2,3,1,0,0,0,0,0,0,0,0,0,0,Easy,Easy,Easy,Easy,Easy,Easy,Normal,Normal,Normal,Normal,29.62,27.15,28.42,8.43,13.17,7.8,17.13,36.68,31.58,18.68,1,0,0,0,0,0,1,0,1,0,19.53,,,,,,10.52,,25.75,,1,2,2,3,3,3,1,2,1,2,0,0,0,Same,Harder,Same,1,1,0,0,0,0,1,1,0,1,42.46,8.492,28.30667
rakamin1gba1b9,Remote,Perempuan,24,S1/D4,Jawa,Pekerja,Sedang mencari pekerjaan,0,N/A (Bukan Pekerja),Tidak Pernah,0,0,0,0,0,0,1,4.50,4.2,3.56,4.64,3.66,3.77,2.80,4.00,3.71,3.4,4.17,3.4,80,4,12,14,1.4,70,24.33,45,2,2,0,221.17,22.12,0,66.67,3,3,0,100,4,0,2,33.33,2,0,0,12.71,0,6,4,0,0,1,1,1,1,1,1,0,1,1,1,2,3,1,2,3,1,2,3,1,0,0,0,0,0,0,0,0,0,0,Easy,Easy,Easy,Easy,Easy,Easy,Normal,Normal,Normal,Normal,45,27.15,11.23,13.08,12.82,8.75,16.3,45,28.53,13.3,1,0,0,0,0,0,1,0,1,0,19.73,,,,,,7.92,,10.47,,0,2,3,3,3,3,1,0,1,3,33.33,0,33.33,Same,Harder,Same,1,1,0,0,0,0,1,1,0,0,59.02,14.755,39.34667
rakamin1trial1a0,Remote,Perempuan,21,SMA,Jawa,Mahasiswa,-,0,N/A (Bukan Pekerja),Selalu (Setiap Hari),0,0,0,0,0,0,1,4.25,3.5,4.22,3.57,3.58,3.38,2.60,4.00,5.57,3,3.33,4.4,100,4,14,16.5,1.65,90,0,0,0,0,0,192.47,19.25,30,0,4,4,0,33.33,4,1,1,33.33,4,3,1,23.79,0,7,3,0,1,1,1,1,1,1,1,1,1,1,1,2,3,1,2,3,1,2,3,1,0,0,0,0,0,0,0,0,0,0,Easy,Easy,Easy,Easy,Easy,Easy,Normal,Normal,Normal,Easy,40.1,22.43,12.07,9,12.47,3.4,16.95,39.03,31.52,5.5,1,0,0,0,0,0,1,1,1,0,31.97,,,,,,10.68,25.68,26.82,,1,2,3,3,3,3,1,1,1,3,0,0,0,Same,Harder,Easier,1,1,0,0,0,0,1,1,0,0,32.5,8.125,21.66667
rakamin1trial1a1,Remote,Laki-laki,22,S1/D4,Jawa,Pekerja,Product Executive,1,Staf,Selalu (Setiap Hari),0,0,0,0,0,0,2,5.75,4.5,4.72,4.29,4.59,4.77,3.20,5.50,5.14,4.2,5.17,4.4,70,1,8,16.5,1.65,60,11.09,34.21,1,1,2,195.57,19.56,0,33.33,3,2,1,33.33,1,0,1,66.67,2,0,0,16.09,0,6,3,1,1,0,1,1,0,1,1,0,1,1,1,2,3,1,2,3,1,2,3,1,0,0,0,0,1,0,0,1,0,0,Easy,Easy,Easy,Easy,Easy,Easy,Normal,Normal,Normal,Hard,13.3,45,13.55,9.08,44.63,3.68,8.73,13,18.75,25.83,0,0,0,0,0,0,0,0,1,1,,,,,,,,,14.4,17.78,3,0,3,3,0,3,3,0,1,1,33.33,33.33,33.33,Same,Harder,Harder,0,1,0,0,0,0,0,0,0,0,16.63,16.63,11.08667
rakamin1trial1b0,Remote,Laki-laki,28,SMA,Jawa,Pekerja,Administrasi,9,Staf,Sering (3-4 kali dalam seminggu),0,0,0,0,0,0,1,4.50,5,4.44,4.79,4.60,4.46,4.20,4.00,5.00,5.2,4,4.6,80,5,13,14,1.4,80,45.76,45,3,2,0,228.92,22.89,10,33.33,5,4,1,66.67,5,1,0,66.67,4,3,1,25.55,0,6,4,0,1,1,1,1,0,1,1,0,1,1,1,2,3,1,2,3,1,2,3,1,0,0,0,0,0,0,0,0,0,0,Easy,Easy,Easy,Normal,Normal,Normal,Easy,Easy,Easy,Normal,30.62,20.77,7.33,36.82,45,21.37,5.78,45,4.58,11.65,1,0,0,1,0,1,0,1,0,0,20.5,,,28.52,,15.53,,37.65,,,1,2,3,1,0,1,3,0,3,3,0,33.33,33.33,Harder,Easier,Harder,1,0,0,1,2,0,0,1,0,0,96.25,19.25,64.16667
rakamin1trial1b2,Remote,Laki-laki,26,S1/D4,Jawa,Pekerja,Freelancer,6,Freelance,Jarang (3-4 kali dalam sebulan),0,0,0,0,0,0,2,4.75,4.6,4.06,4.36,4.32,4.15,3.80,4.33,4.00,4,4.17,4.8,100,2,12,12,1.2,100,0,0,0,0,0,139.22,13.92,10,0,1,1,0,33.33,2,1,1,33.33,1,1,1,35.5,6,4,0,0,1,1,1,1,1,1,1,1,1,1,1,2,3,1,2,3,1,2,3,1,0,0,0,0,0,0,0,0,0,0,Easy,Easy,Easy,Very Easy,Very Easy,Very Easy,Very Easy,Very Easy,Very Easy,Easy,41.85,28.02,4.7,6.2,31.63,3,5.07,9.97,3.12,5.67,1,0,0,0,0,0,0,0,0,0,35.5,,,,,,,,,,1,2,3,3,2,3,3,3,3,3,0,0,0,Easier,Same,Harder,1,1,0,0,0,0,0,0,0,0,17.34,8.67,11.56
rakamin1trial1b3,Remote,Laki-laki,22,SMA,Jawa,Mahasiswa,-,0,N/A (Bukan Pekerja),Sering (3-4 kali dalam seminggu),0,0,0,0,0,0,2,4.50,4.4,5,4.00,4.22,4.00,5.00,5.00,5.00,4.2,3.67,4.8,100,3,13,21.5,2.15,60,0,0,0,0,0,121.97,12.2,0,0,4,4,0,66.67,3,0,1,66.67,1,0,0,7.59,0,6,3,1,1,1,1,1,1,1,1,1,1,1,1,2,3,1,2,3,1,2,3,1,0,0,0,0,0,0,0,0,0,0,Easy,Easy,Easy,Easy,Easy,Easy,Normal,Normal,Normal,Hard,6.8,9.07,3.38,5.53,11.63,12.48,16.98,21.35,23.68,11.05,0,0,0,0,0,0,1,1,1,1,,,,,,,8.88,2.08,14.05,5.33,3,3,3,3,3,3,1,1,1,1,0,0,0,Same,Harder,Harder,0,0,0,0,0,0,1,1,0,1,28.53,9.51,19.02
rakamin1trial1b5,Remote,Perempuan,20,SMA,Jawa,Mahasiswa,-,0,N/A (Bukan Pekerja),Jarang (3-4 kali dalam sebulan),0,0,0,0,0,0,1,3.50,4.4,4.28,5.00,4.69,5.00,2.00,6.00,4.43,4.2,5.67,4.2,80,4,12,9.5,0.95,20,17.39,45,2,2,0,189.52,18.95,0,66.67,12,9,3,100,4,1,1,33.33,2,1,0,6.57,6,4,0,0,1,0,1,1,0,1,1,1,1,1,1,2,3,1,2,3,1,2,3,1,0,0,0,0,0,0,0,0,0,0,Easy,Easy,Easy,Very Easy,Very Easy,Very Easy,Very Easy,Very Easy,Very Easy,Easy,12.18,45,14.6,21.35,45,8.12,6.2,17.2,6.5,13.37,1,1,1,1,1,1,0,1,1,1,3.8,10.55,6.53,1.75,25.18,5.22,,1.68,1.78,2.62,1,0,1,1,0,1,3,1,1,1,33.33,33.33,0,Easier,Same,Harder,1,1,0,0,1,0,0,0,0,1,42.07,10.5175,28.04667
rakamin1trial2a6,Remote,Laki-laki,24,SMA,Jawa,Mahasiswa,-,0,N/A (Bukan Pekerja),Sering (3-4 kali dalam seminggu),0,0,0,0,0,0,3,4.00,3.9,4.67,3.79,4.04,4.15,4.80,4.50,4.71,4.2,4.33,3.6,100,0,10,29,2.9,100,0,0,0,0,0,76.18,7.62,0,0,0,0,0,100,0,0,0,100,0,0,0,0,0,3,3,4,1,1,1,1,1,1,1,1,1,1,1,2,3,1,2,3,1,2,3,1,0,0,0,0,0,0,0,0,0,0,Easy,Easy,Easy,Normal,Normal,Normal,Hard,Hard,Hard,Hard,6.88,8.92,6.52,11.05,12.55,6.45,4.87,6.45,7.6,4.9,0,0,0,0,0,0,0,0,0,0,,,,,,,,,,,3,3,3,3,3,3,3,3,3,3,0,0,0,Harder,Harder,Harder,0,0,0,0,0,0,0,0,0,0,0,0,0
rakamin1uibdo1a4,Remote,Laki-laki,23,SMA,Jawa,Pekerja,Frontend Developer,4,Staf,Sering (3-4 kali dalam seminggu),0,0,0,0,0,0,2,4.75,4.7,4.17,4.71,3.60,3.85,3.20,4.00,5.00,4.4,3,3.4,100,2,12,16,1.6,90,0,0,0,0,0,94.88,9.49,0,0,1,1,0,33.33,2,0,2,33.33,0,0,0,9.02,0,9,1,0,1,1,1,1,1,1,1,1,1,1,1,2,3,1,2,3,1,2,3,1,0,0,0,0,0,0,0,0,0,0,Easy,Easy,Easy,Easy,Easy,Easy,Easy,Easy,Easy,Normal,18.17,15.57,9.58,5.47,10.27,3.12,5.12,8.97,5.53,13.1,1,0,0,0,0,0,0,0,0,0,9.02,,,,,,,,,,1,2,3,3,3,3,3,3,3,3,0,0,0,Same,Same,Harder,1,1,0,0,0,0,0,0,0,0,14.8,7.4,9.866667
rakamin1uixbdo1a1,Remote,Laki-laki,22,S1/D4,Luar Jawa,Pekerja,SAP Consultant Trainee,1,Staf,Sering (3-4 kali dalam seminggu),0,0,0,0,0,0,1,4.50,4.9,4.67,4.00,4.48,4.69,4.60,5.17,4.29,4.6,4.83,4,90,5,14,19,1.9,80,23.8,40.08,2,1,1,223.17,22.32,10,0,3,2,1,66.67,5,0,1,66.67,2,1,0,23.53,0,3,6,1,1,1,1,1,1,1,1,1,1,0,1,2,3,1,2,3,1,2,3,1,0,0,0,0,0,0,0,0,0,1,Easy,Easy,Easy,Normal,Normal,Normal,Normal,Normal,Normal,Hard,32.58,22.38,12.97,9.58,37.05,34.4,10.53,12.47,11.12,40.08,1,0,0,0,0,1,0,0,0,0,19.32,,,,,27.75,,,,,1,2,3,3,2,1,3,3,3,0,0,0,0,Harder,Same,Harder,1,1,0,0,1,0,0,0,0,2,75.24,15.048,50.16
rakamin1uixbdo1b1,Remote,Perempuan,22,S1/D4,Luar Jawa,Pekerja,Freelancer,1,Freelance,Jarang (3-4 kali dalam sebulan),0,0,0,0,0,0,3,5.00,6,4.67,4.64,5.18,5.46,4.00,4.83,5.00,5.8,5.33,4.4,80,7,15,14,1.4,40,14.47,23.52,3,2,1,190.3,19.03,0,33.33,7,6,1,66.67,7,0,2,33.33,5,1,0,14.21,0,6,4,0,0,1,1,1,1,1,1,1,1,0,1,2,3,1,2,3,1,2,3,1,0,0,0,0,0,0,0,0,0,1,Easy,Easy,Easy,Easy,Easy,Easy,Normal,Normal,Normal,Normal,45,26.7,9.02,8.48,18.9,4.25,19.15,37.92,18.83,2.05,1,1,1,0,0,0,1,1,1,0,29.48,11.63,1.65,,,,11.12,17.88,13.5,,0,1,1,3,2,3,1,1,1,0,33.33,0,0,Same,Harder,Same,1,1,0,0,1,0,1,1,0,2,78.63,11.23286,52.42
rakamin1uixbdo1b4,Remote,Laki-laki,22,SMA,Jawa,Mahasiswa,-,0,N/A (Bukan Pekerja),Sering (3-4 kali dalam seminggu),0,0,0,0,0,0,1,4.25,4.6,4.33,4.57,4.09,4.15,4.80,4.00,4.29,4.4,3.67,4.2,100,9,19,12,1.2,20,0,0,0,0,0,136.57,13.66,10,0,11,9,2,33.33,9,1,1,33.33,1,1,0,5.15,6,4,0,0,1,1,1,1,1,1,1,1,1,1,1,2,3,1,2,3,1,2,3,1,0,0,0,0,0,0,0,0,0,0,Easy,Easy,Easy,Very Easy,Very Easy,Very Easy,Very Easy,Very Easy,Very Easy,Easy,39.7,22.83,10.33,10.77,13.75,6.33,9.92,9.18,4.22,9.53,1,1,1,1,1,1,1,1,0,1,27.98,2.58,1.05,1.92,3.5,1.37,3.27,2.5,,2.2,1,1,1,1,1,1,1,1,3,1,0,0,0,Easier,Same,Harder,1,1,0,1,2,0,1,2,0,1,87.13,9.681111,58.08667
rakamin1uixbdo1b5,Remote,Laki-laki,22,S1/D4,Jawa,Mahasiswa,-,0,N/A (Bukan Pekerja),Selalu (Setiap Hari),0,0,0,0,0,0,3,4.25,4.9,4.72,4.50,4.82,4.77,4.00,5.33,4.71,5,4.67,4.8,90,3,12,15.5,1.55,90,0,17.83,0,0,1,146.8,14.68,0,33.33,0,0,0,66.67,3,0,2,33.33,0,0,0,0,0,6,4,0,1,1,1,1,1,1,1,1,0,1,1,2,3,1,2,3,1,2,3,1,0,0,0,0,0,0,0,0,1,0,Easy,Easy,Easy,Easy,Easy,Easy,Normal,Normal,Normal,Normal,31.77,18.95,13.27,9.02,12.3,3.82,13.15,15.07,17.83,11.63,0,0,0,0,0,0,0,0,0,0,,,,,,,,,,,2,2,3,3,3,3,3,2,0,3,0,0,33.33,Same,Harder,Same,1,1,0,0,0,0,0,1,0,0,35.47,11.82333,23.64667
rakamin2bdoui1a0,Remote,Perempuan,22,SMA,Jawa,Mahasiswa,-,0,N/A (Bukan Pekerja),Jarang (3-4 kali dalam sebulan),0,0,0,0,0,0,1,4.25,4.8,4,4.64,4.44,4.23,3.40,4.17,4.29,4,4.33,5,90,2,11,9.5,0.95,100,3.64,45,1,1,0,142.7,14.27,0,33.33,1,1,0,33.33,2,2,1,0,1,1,0,29.88,7,3,0,0,0,1,1,1,1,1,1,1,1,1,1,2,3,1,2,3,1,2,3,1,0,0,0,0,0,0,0,0,0,0,Easy,Easy,Easy,Very Easy,Very Easy,Very Easy,Very Easy,Very Easy,Very Easy,Very Easy,45,42.5,4.47,5.47,11.4,3.93,9.22,11.17,4.08,5.47,1,0,0,0,0,0,0,0,0,0,29.88,,,,,,,,,,0,2,3,3,3,3,3,3,3,3,33.33,0,0,Easier,Easier,Same,1,1,0,0,0,0,0,0,0,0,18.9,9.45,12.6
rakamin2gba1a4,Remote,Perempuan,22,S1/D4,Jawa,Pekerja,Asisten Konsultan,1,Staf,Sering (3-4 kali dalam seminggu),0,0,0,0,0,0,1,6.00,5.9,5.22,3.79,5.01,5.31,4.60,4.83,6.00,5.6,4.83,4.6,70,10,17,21.5,2.15,60,28.28,45,5,3,0,323.63,32.36,20,0,16,9,7,0,10,0,0,100,8,6,2,24.36,0,3,3,4,1,0,1,1,0,1,0,1,1,1,1,2,3,1,2,3,1,2,3,1,0,0,0,0,0,0,0,0,0,0,Easy,Easy,Easy,Normal,Normal,Normal,Hard,Hard,Hard,Hard,43.82,45,24.58,37.22,45,12.55,45,24.58,24.55,21.33,1,1,1,1,1,1,1,0,1,1,29.15,25.87,21.33,26.32,33.92,8.67,42.33,,14.93,16.68,1,0,1,1,0,1,0,2,1,1,33.33,33.33,33.33,Harder,Harder,Harder,1,2,0,0,1,0,2,2,0,2,99.73,9.973,66.48667
rakamin2gba1b2,Remote,Laki-laki,28,S2,Jawa,Pekerja,Data Analyst,6,Staf,Sering (3-4 kali dalam seminggu),0,0,0,0,0,0,4,5.50,4.9,4.94,5.14,4.63,4.77,4.80,4.83,5.14,5,4.5,4.4,100,4,14,23,2.3,100,0,0,0,0,0,196.68,19.67,30,0,3,3,0,66.67,4,0,1,66.67,3,3,0,25.98,0,3,6,1,1,1,1,1,1,1,1,1,1,1,1,2,3,1,2,3,1,2,3,1,0,0,0,0,0,0,0,0,0,0,Easy,Easy,Easy,Normal,Normal,Normal,Normal,Normal,Normal,Hard,8.38,25.87,5.15,7.6,22.88,32,7.17,15.63,33.57,38.43,0,0,0,0,0,1,0,0,1,1,,,,,,25.32,,,27.43,25.18,3,2,3,3,2,1,3,2,1,1,0,0,0,Harder,Same,Harder,0,1,0,0,1,0,0,1,0,1,42.99,10.7475,28.66
rakamin2gba1b4,Remote,Laki-laki,21,D1/D2/D3,Jawa,Mahasiswa,-,0,N/A (Bukan Pekerja),Selalu (Setiap Hari),0,0,0,0,0,0,2,5.00,5.1,4.5,5.00,4.59,4.69,4.80,4.83,4.00,5.2,4.17,4.4,100,2,12,16,1.6,70,0,0,0,0,0,148.67,14.87,0,0,3,3,0,33.33,2,0,2,33.33,1,1,0,12.46,0,9,1,0,1,1,1,1,1,1,1,1,1,1,1,2,3,1,2,3,1,2,3,1,0,0,0,0,0,0,0,0,0,0,Easy,Easy,Easy,Easy,Easy,Easy,Easy,Easy,Easy,Normal,31.7,32.17,15.27,7.23,11.02,15.87,6.57,11.1,3.87,13.88,1,0,1,0,0,1,0,0,0,0,20.18,,7.8,,,9.38,,,,,1,2,1,3,3,1,3,3,3,3,0,0,0,Same,Same,Harder,1,1,0,0,0,0,0,0,0,0,18.53,9.265,12.35333
rakamin2gba1b6,Remote,Perempuan,20,SMA,Jawa,Mahasiswa,-,0,N/A (Bukan Pekerja),Jarang (3-4 kali dalam sebulan),0,0,0,0,0,0,3,4.75,5.1,4.61,4.36,4.47,4.85,4.60,5.17,4.14,5,5,3.4,90,2,11,25,2.5,80,0,45,0,0,0,274.77,27.48,40,0,7,7,0,66.67,2,0,0,100,7,6,1,24.25,0,3,3,4,1,1,1,1,1,1,1,1,0,1,1,2,3,1,2,3,1,2,3,1,0,0,0,0,0,0,0,0,0,0,Easy,Easy,Easy,Normal,Normal,Normal,Hard,Hard,Hard,Hard,43.92,18.23,15.95,14.95,42.03,28.02,29.97,30.83,45,5.87,1,0,1,0,1,1,1,1,1,0,32.2,,12.02,,28.4,21.5,22.23,24.28,29.13,,1,2,1,3,1,1,1,1,0,3,0,0,33.33,Harder,Harder,Harder,1,1,0,0,0,0,0,0,0,0,25.73,12.865,17.15333
rakamin2gba1b7,Remote,Perempuan,18,SMA,Luar Jawa,Mahasiswa,-,0,N/A (Bukan Pekerja),Tidak Pernah,0,0,0,0,0,0,1,3.75,3.5,3.72,4.64,4.30,4.15,2.60,4.83,3.57,4,4.5,4.4,80,3,11,8.5,0.85,90,24.18,41.27,2,2,1,218.63,21.86,0,66.67,0,0,0,66.67,3,3,0,0,0,0,0,0,7,3,0,0,1,0,1,1,0,1,1,1,1,1,1,2,3,1,2,3,1,2,3,1,0,0,0,0,1,0,0,0,0,0,Easy,Easy,Easy,Very Easy,Very Easy,Very Easy,Very Easy,Very Easy,Very Easy,Very Easy,31.22,45,19.05,10.85,37.53,13.62,23.88,17.98,10.53,8.97,0,0,0,0,0,0,0,0,0,0,,,,,,,,,,,2,0,2,3,0,3,2,2,3,3,33.33,33.33,0,Easier,Easier,Easier,1,1,0,0,1,0,0,0,0,0,45.95,15.31667,30.63333
rakamin2trial1b1,Remote,Laki-laki,23,S1/D4,Luar Jawa,Mahasiswa,-,0,N/A (Bukan Pekerja),Tidak Pernah,0,0,0,0,0,0,1,5.00,3.3,2.83,3.79,3.62,3.69,2.40,3.50,2.57,3.6,3.67,3.6,100,3,13,12,1.2,80,0,0,0,0,0,120.7,12.07,0,0,2,2,0,33.33,3,1,1,33.33,1,0,0,8.74,6,4,0,0,1,1,1,1,1,1,1,1,1,1,1,2,3,1,2,3,1,2,3,1,0,0,0,0,0,0,0,0,0,0,Easy,Easy,Easy,Very Easy,Very Easy,Very Easy,Very Easy,Very Easy,Very Easy,Easy,13.67,26.57,13.83,6.62,21.92,6.12,7.02,13.45,3.92,7.6,0,0,0,0,1,0,0,1,0,0,,,,,13.37,,,4.12,,,3,2,3,3,1,3,3,1,3,3,0,0,0,Easier,Same,Harder,0,1,0,0,1,0,0,1,0,0,29.08,9.693333,19.38667
rakamin2trial1b10,Remote,Perempuan,21,SMA,Luar Jawa,Mahasiswa,-,0,N/A (Bukan Pekerja),Selalu (Setiap Hari),0,0,0,0,0,0,4,4.75,4.3,5.11,2.79,4.49,4.38,4.60,6.00,4.71,3.4,4.67,5.4,100,4,14,12,1.2,80,0,0,0,0,0,122.95,12.29,10,0,3,3,0,33.33,4,1,1,33.33,2,1,0,15.06,6,4,0,0,1,1,1,1,1,1,1,1,1,1,1,2,3,1,2,3,1,2,3,1,0,0,0,0,0,0,0,0,0,0,Easy,Easy,Easy,Very Easy,Very Easy,Very Easy,Very Easy,Very Easy,Very Easy,Easy,28.98,19.32,7.32,5.97,27.4,4.43,5.73,13.38,4.03,6.38,1,0,0,0,1,0,0,1,0,0,25.73,,,,14.62,,,4.82,,,1,2,3,3,1,3,3,1,3,3,0,0,0,Easier,Same,Harder,1,1,0,0,1,0,0,1,0,0,33.22,8.305,22.14667
rakamin2trial1b13,Remote,Perempuan,27,D1/D2/D3,Jawa,Pekerja,Staff,1,Staf,Jarang (3-4 kali dalam sebulan),0,0,0,0,0,0,1,4.25,4.5,4.22,5.57,4.26,4.23,3.40,4.00,5.00,4,4.17,4.6,90,4,13,25,2.5,70,6.53,45,1,1,0,200.1,20.01,0,0,4,4,0,66.67,4,0,0,100,2,1,1,15.44,0,3,3,4,1,1,1,1,1,1,1,0,1,1,1,2,3,1,2,3,1,2,3,1,0,0,0,0,0,0,0,0,0,0,Easy,Easy,Easy,Normal,Normal,Normal,Hard,Hard,Hard,Hard,41.63,16.03,5.75,11.88,16.12,14.22,6.92,45,36.92,5.63,1,0,0,0,0,1,0,1,1,0,11.75,,,,,9.88,,36.78,3.35,,1,2,3,3,2,1,3,0,1,3,0,0,33.33,Harder,Harder,Harder,1,1,0,0,1,0,0,1,0,0,47.41,11.8525,31.60667
rakamin2trial1b2,Remote,Perempuan,25,S1/D4,Jawa,Pekerja,Guru Privat,3,Freelance,Sering (3-4 kali dalam seminggu),0,0,0,0,0,0,1,4.50,4.4,3.78,4.29,4.42,4.38,2.20,4.33,4.43,3.8,4.67,4.8,100,2,12,11,1.1,100,0,0,0,0,0,131.2,13.12,20,0,2,2,0,0,2,1,2,0,2,2,0,26.65,7,3,0,0,1,1,1,1,1,1,1,1,1,1,1,2,3,1,2,3,1,2,3,1,0,0,0,0,0,0,0,0,0,0,Easy,Easy,Easy,Very Easy,Very Easy,Very Easy,Very Easy,Very Easy,Very Easy,Very Easy,9.33,13.77,6.57,6.28,33.85,6,6.62,39.53,3.68,5.57,0,0,0,0,1,0,0,1,0,0,,,,,25.12,,,28.18,,,3,3,3,3,1,3,3,1,3,3,0,0,0,Easier,Same,Same,0,0,0,0,1,0,0,1,0,0,19.4,9.7,12.93333
rakamin2trial1b4,Remote,Laki-laki,19,SMA,Jawa,Mahasiswa,-,0,N/A (Bukan Pekerja),Jarang (3-4 kali dalam sebulan),0,0,0,0,0,0,1,5.00,4.7,4.61,4.00,4.60,5.00,1.00,6.00,6.00,5,5,3.8,90,1,10,27,2.7,100,4.7,45,1,1,0,99.28,9.93,0,0,1,1,0,66.67,1,0,0,100,1,1,0,24.48,0,3,3,4,1,1,1,0,1,1,1,1,1,1,1,2,3,1,2,3,1,2,3,1,0,0,0,0,0,0,0,0,0,0,Easy,Easy,Easy,Normal,Normal,Normal,Hard,Hard,Hard,Hard,7.4,9.12,3.22,45,11.93,2.6,4.35,4.63,6.58,4.45,0,0,0,1,0,0,0,0,0,0,,,,24.48,,,,,,,3,3,3,0,3,3,3,3,3,3,0,33.33,0,Harder,Harder,Harder,0,0,0,1,0,0,0,0,0,0,7.05,7.05,4.7
rakamin2trial1b8,Remote,Laki-laki,29,D1/D2/D3,Luar Jawa,Pekerja,Penyuluh Pertanian,4,Staf,Selalu (Setiap Hari),0,0,0,0,0,0,2,4.00,4.8,4.94,4.57,3.59,3.69,4.00,4.83,5.71,4.4,3.17,3.2,100,4,14,17.5,1.75,70,0,0,0,0,0,199.38,19.94,10,0,4,4,0,33.33,4,0,2,33.33,3,1,0,15.11,0,6,4,0,1,1,1,1,1,1,1,1,1,1,1,2,3,1,2,3,1,2,3,1,0,0,0,0,0,0,0,0,0,0,Easy,Easy,Easy,Easy,Easy,Easy,Normal,Normal,Normal,Normal,34.57,30.82,18.73,14.18,13.92,5.53,14.93,38.42,12.35,15.93,1,0,1,0,0,0,0,1,1,0,23.83,,13.1,,,,,17.83,5.68,,1,2,1,3,3,3,3,1,1,2,0,0,0,Same,Harder,Same,1,1,0,0,0,0,0,1,0,1,44.16,11.04,29.44
rakamin2trial1b9,Remote,Laki-laki,23,S1/D4,Jawa,Pekerja,Pencari Kerja,0,N/A (Bukan Pekerja),Sering (3-4 kali dalam seminggu),0,0,0,0,0,0,4,4.50,5.3,4.78,5.00,4.86,5.00,4.20,5.00,5.00,4.8,5.17,4.6,100,3,13,16.5,1.65,70,0,0,0,0,0,168.65,16.86,10,0,4,4,0,33.33,3,1,1,33.33,2,1,0,14.08,0,7,3,0,1,1,1,1,1,1,1,1,1,1,1,2,3,1,2,3,1,2,3,1,0,0,0,0,0,0,0,0,0,0,Easy,Easy,Easy,Easy,Easy,Easy,Normal,Normal,Normal,Easy,29.58,41.1,12.82,5.32,13.52,4.2,11.45,32.47,11.98,6.22,1,0,1,0,0,0,0,1,1,0,22.67,,7.97,,,,,17.23,8.45,,1,2,1,3,3,3,3,1,1,3,0,0,0,Same,Harder,Easier,1,1,0,0,0,0,0,1,0,0,27.36,9.12,18.24
rakamin2uibdo1a3,Remote,Laki-laki,25,S1/D4,Jawa,Pekerja,Developer Program,6,Staf,Selalu (Setiap Hari),0,0,0,0,0,0,2,4.75,3.8,4.17,4.86,3.94,3.92,3.40,4.00,4.86,4,3.83,4,100,5,15,29,2.9,70,0,0,0,0,0,214.37,21.44,20,0,5,5,0,66.67,5,0,1,66.67,4,3,0,19.05,0,3,3,4,1,1,1,1,1,1,1,1,1,1,1,2,3,1,2,3,1,2,3,1,0,0,0,0,0,0,0,0,0,0,Easy,Easy,Easy,Normal,Normal,Normal,Hard,Hard,Hard,Hard,10.48,17.25,17.93,6.48,42.72,13.65,35.57,30.53,30.17,9.58,0,0,1,0,1,1,1,0,1,0,,,14.55,,20.67,8.83,27.77,,23.43,,3,2,1,3,1,1,1,2,1,3,0,0,0,Harder,Harder,Same,0,1,0,0,1,0,1,1,0,1,37.56,7.512,25.04
rakamin2uibdo1a4,Remote,Laki-laki,24,S1/D4,Jawa,Pekerja,-,0,N/A (Bukan Pekerja),Sering (3-4 kali dalam seminggu),0,0,0,0,0,0,1,4.00,4,3.61,4.07,3.58,3.62,2.60,4.00,4.00,3.8,3.33,3.6,100,2,12,16,1.6,100,0,0,0,0,0,113.75,11.37,0,0,0,0,0,33.33,2,0,2,33.33,0,0,0,0,0,9,1,0,1,1,1,1,1,1,1,1,1,1,1,2,3,1,2,3,1,2,3,1,0,0,0,0,0,0,0,0,0,0,Easy,Easy,Easy,Easy,Easy,Easy,Easy,Easy,Easy,Normal,13.22,18.28,11.32,23.07,9.82,2.62,11.9,10.97,3.22,9.35,0,0,0,0,0,0,0,0,0,0,,,,,,,,,,,3,2,3,2,3,3,3,3,3,3,0,0,0,Same,Same,Harder,0,1,0,1,0,0,0,0,0,0,17.45,8.725,11.63333
rakamin2uibdo1b3,Remote,Perempuan,30,D1/D2/D3,Luar Jawa,Pekerja,ibu rumah tangga,3,N/A (Bukan Pekerja),Tidak Pernah,0,0,0,0,0,0,1,4.25,4.5,4.28,3.57,4.19,4.46,2.80,5.67,4.14,3.8,5.17,3.6,60,10,16,13,1.3,80,41.69,30.76,9,3,2,206.53,20.65,10,33.33,5,2,3,100,10,0,1,66.67,2,2,1,31.58,0,3,3,4,1,1,1,1,1,1,0,0,0,0,1,2,3,1,2,3,1,2,3,1,0,0,0,0,0,0,0,0,1,1,Easy,Easy,Easy,Normal,Normal,Normal,Hard,Hard,Hard,Hard,8.3,14.47,5.88,11.85,38.65,4.33,45,45,20.88,12.17,0,0,0,0,1,0,1,0,0,0,,,,,28.53,,34.62,,,,3,3,3,3,1,3,0,0,0,0,0,0,100,Harder,Harder,Same,0,0,0,0,1,0,2,2,0,5,106.92,10.692,71.28
rakamin2uibdo1b5,Remote,Laki-laki,23,S1/D4,Luar Jawa,Pekerja,Penagajar,2,Freelance,Sering (3-4 kali dalam seminggu),0,0,0,0,0,0,1,5.00,5,3.83,4.14,5.24,5.15,4.60,4.17,3.00,4.8,5.33,5.6,100,2,12,16,1.6,70,0,0,0,0,0,123.85,12.38,0,0,3,3,0,33.33,2,0,2,33.33,2,0,0,11.02,0,9,1,0,1,1,1,1,1,1,1,1,1,1,1,2,3,1,2,3,1,2,3,1,0,0,0,0,0,0,0,0,0,0,Easy,Easy,Easy,Easy,Easy,Easy,Easy,Easy,Easy,Normal,27.95,16.32,14.6,4.88,10,15.08,6.27,12.95,4.8,11,1,0,1,0,0,1,0,0,0,0,14.13,,10.07,,,8.85,,,,,1,2,1,3,3,1,3,3,3,3,0,0,0,Same,Same,Harder,1,1,0,0,0,0,0,0,0,0,15.75,7.875,10.5
rakamin2uibdo2a4,Remote,Laki-laki,22,S1/D4,Luar Jawa,Mahasiswa,-,0,N/A (Bukan Pekerja),Sering (3-4 kali dalam seminggu),0,0,0,0,0,0,1,5.50,6,5.28,3.50,5.07,5.08,5.00,5.00,5.71,5.2,5,5,90,5,14,17,1.7,80,7.72,44.5,1,1,1,172.87,17.29,10,33.33,3,3,0,66.67,5,0,2,33.33,3,2,1,24.91,0,3,7,0,1,1,1,1,0,1,1,1,1,1,1,2,3,1,2,3,1,2,3,1,0,0,0,0,1,0,0,0,0,0,Easy,Easy,Easy,Normal,Normal,Normal,Normal,Normal,Normal,Normal,9.93,18.98,3.27,5.7,44.5,11.43,18.3,33.53,4.27,22.95,0,0,0,0,1,0,1,1,0,0,,,,,39.4,,13.02,22.3,,,3,2,3,3,0,3,1,1,3,2,0,33.33,0,Harder,Same,Same,0,1,0,0,1,0,1,1,0,1,50.32,10.064,33.54667
rakamin3gba1a2,Remote,Laki-laki,21,SMA,Jawa,Mahasiswa,-,0,N/A (Bukan Pekerja),Sering (3-4 kali dalam seminggu),0,0,0,0,0,0,2,5.00,5.6,5.44,5.29,3.99,4.31,4.00,6.00,6.00,4.8,4.17,3,90,7,16,15.5,1.55,50,8.71,45,1,1,0,234.98,23.5,10,33.33,9,7,2,66.67,12,0,2,33.33,7,2,0,19.23,0,6,4,0,1,1,1,1,1,1,1,0,1,1,1,2,3,1,2,3,1,2,3,1,0,0,0,0,0,0,0,0,0,0,Easy,Easy,Easy,Easy,Easy,Easy,Normal,Normal,Normal,Normal,29.97,44.62,24.92,6.25,11.68,6.22,21.02,45,25.88,19.43,1,1,1,0,0,0,1,1,1,1,18.5,26.5,16.4,,,,14.92,28.38,18.17,11.72,1,1,1,3,3,3,1,0,1,1,0,0,33.33,Same,Harder,Same,1,1,0,0,0,0,3,1,0,6,94.22,7.851667,62.81333
rakamin3gba1b3,Remote,Perempuan,23,S1/D4,Jawa,Mahasiswa,-,0,N/A (Bukan Pekerja),Tidak Pernah,0,0,0,0,0,0,2,3.75,4.8,4,5.29,4.39,4.15,3.80,3.33,4.71,4.6,4.17,4.4,100,7,17,12,1.2,90,0,0,0,0,0,149.42,14.94,0,0,1,1,0,33.33,7,1,1,33.33,1,1,0,21.68,6,4,0,0,1,1,1,1,1,1,1,1,1,1,1,2,3,1,2,3,1,2,3,1,0,0,0,0,0,0,0,0,0,0,Easy,Easy,Easy,Very Easy,Very Easy,Very Easy,Very Easy,Very Easy,Very Easy,Easy,36,22.38,6.08,13.08,24.7,3.85,7.37,16.62,4.92,14.42,1,0,0,0,0,0,0,0,0,0,21.68,,,,,,,,,,1,2,3,3,2,3,3,2,3,3,0,0,0,Easier,Same,Harder,2,3,0,0,1,0,0,1,0,0,88.42,12.63143,58.94667
rakamin3gba1b4,Remote,Perempuan,22,S1/D4,Jawa,Pekerja,Researcher,0,Staf,Tidak Pernah,0,0,0,0,0,0,1,5.00,5.2,5.17,4.07,5.18,5.15,4.20,5.50,5.57,5,5.33,5.2,60,5,11,11,1.1,60,17.84,24.04,3,2,4,180.35,18.03,0,33.33,2,0,2,66.67,6,1,0,66.67,0,0,0,0,0,3,4,3,1,1,1,1,1,0,0,0,0,1,1,2,3,1,2,3,1,2,3,1,0,0,0,0,0,1,1,1,1,0,Easy,Easy,Easy,Normal,Normal,Normal,Hard,Hard,Hard,Normal,16.32,20.85,8.42,9.35,21.13,20.55,34.28,23.57,17.75,8.13,0,0,0,0,0,0,0,0,0,0,,,,,,,,,,,2,2,3,3,2,0,0,0,0,3,0,33.33,100,Harder,Harder,Easier,1,1,0,0,1,0,1,2,0,0,72.67,12.11167,48.44667
rakamin3gba1b6,Remote,Perempuan,23,S1/D4,Jawa,Pekerja,-,0,Staf,Jarang (3-4 kali dalam sebulan),0,0,0,0,0,0,2,5.75,5.5,4.44,5.36,4.51,4.62,4.00,4.00,5.14,5,4.33,4.2,90,4,13,9.5,0.95,70,9,45,1,1,0,219.7,21.97,0,33.33,4,4,0,33.33,4,2,1,0,3,2,0,16.08,7,3,0,0,1,0,1,1,1,1,1,1,1,1,1,2,3,1,2,3,1,2,3,1,0,0,0,0,0,0,0,0,0,0,Easy,Easy,Easy,Very Easy,Very Easy,Very Easy,Very Easy,Very Easy,Very Easy,Very Easy,19.6,45,21.48,10.72,42.78,29.38,24.18,11.4,5.33,9.82,1,1,1,0,0,1,0,0,0,0,5.8,26.95,11.27,,,20.3,,,,,1,0,1,3,2,1,2,3,3,3,33.33,0,0,Easier,Easier,Same,1,1,0,0,1,0,1,0,0,0,43.22,10.805,28.81333
rakamin3gba1b9,Remote,Laki-laki,23,D1/D2/D3,Jawa,Mahasiswa,-,0,N/A (Bukan Pekerja),Selalu (Setiap Hari),0,0,0,0,0,0,4,5.00,5,4.28,4.21,4.63,4.69,3.00,4.50,5.00,4.8,4.5,4.6,100,6,16,19,1.9,30,0,0,0,0,0,172.85,17.29,0,0,7,7,0,33.33,6,0,2,33.33,3,1,0,9.72,0,3,7,0,1,1,1,1,1,1,1,1,1,1,1,2,3,1,2,3,1,2,3,1,0,0,0,0,0,0,0,0,0,0,Easy,Easy,Easy,Normal,Normal,Normal,Normal,Normal,Normal,Normal,21.12,20.57,6.97,19.23,40.38,14.33,12.17,12.45,10.95,14.68,1,0,0,1,1,1,1,0,1,1,10.77,,,11.15,21.2,6.77,3.67,,6.6,7.92,1,2,3,1,1,1,1,3,1,1,0,0,0,Harder,Same,Same,1,1,0,1,1,0,1,0,0,1,52.85,8.808333,35.23333
rakamin3gba2a6,Remote,Perempuan,21,SMA,Jawa,Mahasiswa,-,0,N/A (Bukan Pekerja),Jarang (3-4 kali dalam sebulan),0,0,0,0,0,0,2,5.00,4.6,4.28,4.07,4.46,4.38,3.80,4.50,4.43,4.4,4.17,4.8,90,7,16,15,1.5,50,11.73,45,1,1,0,222.43,22.24,10,33.33,6,6,0,66.67,8,1,1,33.33,4,1,0,13.54,0,7,3,0,1,0,1,1,1,1,1,1,1,1,1,2,3,1,2,3,1,2,3,1,0,0,0,0,0,0,0,0,0,0,Easy,Easy,Easy,Easy,Easy,Easy,Normal,Normal,Normal,Easy,29.35,45,20.68,14.32,17.18,5.57,17.68,34.97,15.68,22,1,0,1,1,0,0,0,1,1,1,15,,15.35,10.97,,,,26.1,7.13,6.68,1,0,1,1,2,3,2,1,1,1,33.33,0,0,Same,Harder,Easier,2,1,0,1,1,0,1,1,0,1,97.51,12.18875,65.00667
rakamin3trial1b1,Remote,Perempuan,18,SMA,Jawa,Mahasiswa,-,0,N/A (Bukan Pekerja),Jarang (3-4 kali dalam sebulan),0,0,0,0,0,0,2,4.00,4.4,3.61,4.36,4.80,4.77,2.40,3.00,5.00,4.6,5,4.8,100,7,17,21.5,2.15,20,0,0,0,0,0,175,17.5,0,0,8,8,0,66.67,7,0,1,66.67,2,0,0,6.42,0,6,3,1,1,1,1,1,1,1,1,1,1,1,1,2,3,1,2,3,1,2,3,1,0,0,0,0,0,0,0,0,0,0,Easy,Easy,Easy,Easy,Easy,Easy,Normal,Normal,Normal,Hard,17.7,28.17,11.92,15.72,18.82,20.62,13.62,17.98,9.47,21,1,0,1,1,0,1,1,1,1,1,5.65,,6.32,5.62,,11.78,3.85,3.62,4.4,10.13,1,2,1,1,2,1,1,1,1,1,0,0,0,Same,Harder,Harder,1,1,0,1,1,0,1,1,0,1,78.65,11.23571,52.43333
rakamin3trial1b3,Remote,Perempuan,25,S1/D4,Jawa,Pekerja,-,0,N/A (Bukan Pekerja),Jarang (3-4 kali dalam sebulan),0,0,0,0,0,0,2,3.75,4.3,4.22,3.64,4.37,4.46,3.20,4.67,4.57,4.6,4.5,4,100,4,14,14.5,1.45,90,0,0,0,0,0,169.92,16.99,20,0,3,3,0,66.67,4,1,0,66.67,3,2,0,19.79,3,6,1,0,1,1,1,1,1,1,1,1,1,1,1,2,3,1,2,3,1,2,3,1,0,0,0,0,0,0,0,0,0,0,Easy,Easy,Easy,Very Easy,Very Easy,Very Easy,Easy,Easy,Easy,Normal,35.1,27.18,27.18,8.58,26.92,5.15,7.68,15.4,5.02,11.7,1,0,1,0,1,0,0,0,0,0,25.62,,22.43,,11.32,,,,,,1,2,1,3,1,3,3,2,3,3,0,0,0,Easier,Harder,Harder,1,1,0,0,1,0,0,1,0,0,42.3,10.575,28.2
rakamin3trial1b4,Remote,Perempuan,18,SMA,Jawa,Pekerja,freelance,1,Freelance,Jarang (3-4 kali dalam sebulan),0,0,0,0,0,0,1,3.75,4.2,4.11,4.29,3.41,3.31,3.40,3.33,5.29,3.8,2.83,3.6,80,2,10,11,1.1,100,92.52,45,2,2,0,264.53,26.45,10,33.33,2,1,1,33.33,2,1,1,33.33,1,1,1,35.9,3,7,0,0,1,1,1,0,1,1,1,0,1,1,1,2,3,1,2,3,1,2,3,1,0,0,0,0,0,0,0,0,0,0,Easy,Easy,Easy,Easy,Easy,Easy,Very Easy,Very Easy,Very Easy,Easy,31.63,27.28,14.58,45,17.8,7.23,17.17,45,14.8,44.03,0,0,0,0,0,0,0,0,0,1,,,,,,,,,,35.9,2,2,3,0,2,3,2,0,3,1,0,33.33,33.33,Same,Easier,Harder,0,0,0,1,0,0,0,1,0,0,138.78,69.39,92.52
rakamin3trial1b5,Remote,Laki-laki,22,S1/D4,Jawa,Pekerja,pencari kerja,0,N/A (Bukan Pekerja),Jarang (3-4 kali dalam sebulan),0,0,0,0,0,0,2,3.50,4.1,3.67,4.14,3.94,4.00,3.60,4.33,3.14,4,3.83,4,90,2,11,17,1.7,90,0,19.57,0,0,1,146.38,14.64,10,33.33,1,1,0,66.67,2,0,2,33.33,1,1,0,22.3,0,3,7,0,1,1,1,1,1,0,1,1,1,1,1,2,3,1,2,3,1,2,3,1,0,0,0,0,0,1,0,0,0,0,Easy,Easy,Easy,Normal,Normal,Normal,Normal,Normal,Normal,Normal,8.1,17.62,13.17,11.3,19.67,19.57,6.42,10.4,26.03,14.12,0,0,0,0,0,0,0,0,1,0,,,,,,,,,22.3,,3,2,3,3,2,0,3,3,1,3,0,33.33,0,Harder,Same,Same,0,1,0,0,1,0,0,0,0,0,19.3,9.65,12.86667
rakamin3uibdo1a1,Remote,Perempuan,18,SMA,Jawa,Mahasiswa,-,0,N/A (Bukan Pekerja),Sering (3-4 kali dalam seminggu),0,0,0,0,0,0,1,4.25,4.9,4.78,3.93,4.54,4.77,2.80,5.67,5.43,4.8,4.83,4,100,7,17,12,1.2,70,0,0,0,0,0,187.72,18.77,20,0,7,5,2,33.33,7,1,1,33.33,2,2,0,13.09,6,4,0,0,1,1,1,1,1,1,1,1,1,1,1,2,3,1,2,3,1,2,3,1,0,0,0,0,0,0,0,0,0,0,Easy,Easy,Easy,Very Easy,Very Easy,Very Easy,Very Easy,Very Easy,Very Easy,Easy,31.5,19.83,31.38,12.23,40.75,8.82,7.78,11.82,5.6,18,0,0,1,0,1,1,0,1,0,1,,,26.45,,25.77,2.43,,2.9,,7.92,2,2,1,3,1,1,3,1,3,1,0,0,0,Easier,Same,Harder,1,1,0,0,2,0,0,2,0,1,75.43,10.77571,50.28667
rakamin3uibdo1a2,Remote,Laki-laki,22,S1/D4,Luar Jawa,Mahasiswa,-,0,N/A (Bukan Pekerja),Sering (3-4 kali dalam seminggu),0,0,0,0,0,0,1,5.00,5.9,5.33,5.00,5.31,5.38,4.60,5.50,5.71,5.4,5.33,5.2,100,3,13,16,1.6,100,0,0,0,0,0,156.4,15.64,10,0,1,1,0,33.33,3,0,2,33.33,1,1,0,25.43,0,9,1,0,1,1,1,1,1,1,1,1,1,1,1,2,3,1,2,3,1,2,3,1,0,0,0,0,0,0,0,0,0,0,Easy,Easy,Easy,Easy,Easy,Easy,Easy,Easy,Easy,Normal,32.93,37.03,10.67,14.37,11.77,4.2,6.12,10.35,3.88,25.08,1,0,0,0,0,0,0,0,0,0,25.43,,,,,,,,,,1,2,3,3,3,3,3,3,3,2,0,0,0,Same,Same,Harder,1,1,0,0,0,0,0,0,0,1,22.01,7.336667,14.67333
rakamin3uibdo1a4,Remote,Laki-laki,24,S1/D4,Jawa,Mahasiswa,-,0,N/A (Bukan Pekerja),Sering (3-4 kali dalam seminggu),0,0,0,0,0,0,2,4.25,5,3.56,5.43,4.04,4.31,3.20,4.00,3.43,4.6,4.33,3.2,80,6,14,23,2.3,90,31.76,44.71,3,2,1,268.53,26.85,10,33.33,4,3,1,66.67,7,0,1,66.67,3,3,2,33.97,0,3,3,4,1,1,1,1,0,1,1,1,0,1,1,2,3,1,2,3,1,2,3,1,0,0,0,0,0,0,0,0,1,0,Easy,Easy,Easy,Normal,Normal,Normal,Hard,Hard,Hard,Hard,25.48,31.57,10.23,16.97,45,21.82,29.42,37.02,44.42,6.62,0,0,0,0,1,0,1,0,1,0,,,,,37.93,,22.45,,41.53,,2,2,3,2,0,2,1,2,0,3,0,33.33,33.33,Harder,Harder,Same,1,0,0,1,3,0,1,1,0,0,82.07,11.72429,54.71333
rakamin3uibdo1b2,Remote,Perempuan,25,S1/D4,Luar Jawa,Mahasiswa,-,0,N/A (Bukan Pekerja),Jarang (3-4 kali dalam sebulan),0,0,0,0,0,0,1,4.50,4.2,4.11,3.14,4.33,4.31,3.00,4.83,4.29,3.6,5,4.4,100,4,14,12,1.2,100,0,0,0,0,0,167.07,16.71,20,0,2,2,0,33.33,4,1,1,33.33,2,2,0,27.35,6,4,0,0,1,1,1,1,1,1,1,1,1,1,1,2,3,1,2,3,1,2,3,1,0,0,0,0,0,0,0,0,0,0,Easy,Easy,Easy,Very Easy,Very Easy,Very Easy,Very Easy,Very Easy,Very Easy,Easy,38.98,24.45,34.23,9.03,16.9,5.37,9.43,18.78,3.78,6.1,1,0,1,0,0,0,0,0,0,0,26.82,,27.88,,,,,,,,1,2,1,3,2,3,3,2,3,3,0,0,0,Easier,Same,Harder,1,1,0,0,1,0,0,1,0,0,52.59,13.1475,35.06
rakamin3uibdo1b3,Remote,Perempuan,20,SMA,Luar Jawa,Mahasiswa,-,0,N/A (Bukan Pekerja),Jarang (3-4 kali dalam sebulan),0,0,0,0,0,0,1,5.00,4.4,4.06,4.36,4.87,5.00,2.00,5.50,4.29,4.4,6,4.2,60,6,12,9,0.9,60,35.89,13.49,6,4,4,124.23,12.42,0,100,2,0,2,100,6,0,3,0,0,0,0,0,0,10,0,0,0,1,1,0,1,1,0,1,1,0,1,2,3,1,2,3,1,2,3,1,1,0,0,1,0,0,1,0,0,1,Easy,Easy,Easy,Easy,Easy,Easy,Easy,Easy,Easy,Easy,13.77,23.77,8.55,18.53,16.87,7.1,16.75,11.03,2.97,4.9,0,0,0,0,0,0,0,0,0,0,,,,,,,,,,,0,3,3,0,3,3,0,3,3,0,33.33,33.33,33.33,Same,Same,Same,2,0,0,2,0,0,1,0,0,1,64.71,10.785,43.14
rakamin3uibdo1b4,Remote,Perempuan,19,SMA,Jawa,Mahasiswa,-,0,N/A (Bukan Pekerja),Sering (3-4 kali dalam seminggu),0,0,0,0,0,0,1,4.50,4.8,4.33,4.43,4.51,4.38,3.00,4.50,5.14,4.4,4.33,4.8,80,5,13,12,1.2,70,16.5,45,2,2,0,184.67,18.47,0,33.33,5,5,0,33.33,5,0,3,0,2,2,1,14.24,0,10,0,0,0,0,1,1,1,1,1,1,1,1,1,2,3,1,2,3,1,2,3,1,0,0,0,0,0,0,0,0,0,0,Easy,Easy,Easy,Easy,Easy,Easy,Easy,Easy,Easy,Easy,45,45,10.17,13.98,20.85,7.37,10.43,17.27,5.22,9.38,1,1,1,1,0,1,0,0,0,0,32.8,23.08,7.1,3.63,,4.57,,,,,0,0,1,1,2,1,3,2,3,3,66.67,0,0,Same,Same,Same,1,1,0,1,1,0,0,1,0,0,59.28,11.856,39.52
rakamin3uibdo1b5,Remote,Perempuan,23,SMA,Jawa,Mahasiswa,-,0,N/A (Bukan Pekerja),Jarang (3-4 kali dalam sebulan),0,0,0,0,0,0,2,4.75,4.2,3.94,4.07,4.12,4.15,2.60,4.17,4.71,4.2,4.17,4,80,3,11,14,1.4,80,8.72,18.18,2,2,2,108.05,10.81,0,66.67,0,0,0,100,3,0,2,33.33,0,0,0,0,0,6,4,0,0,1,1,1,1,1,1,0,1,1,1,2,3,1,2,3,1,2,3,1,1,0,0,0,0,0,0,1,0,0,Easy,Easy,Easy,Easy,Easy,Easy,Normal,Normal,Normal,Normal,9.03,22.95,2.88,2.95,8.72,6.82,15.33,27.33,6.63,5.4,0,0,0,0,0,0,0,0,0,0,,,,,,,,,,,0,3,3,3,3,3,2,0,3,3,33.33,0,33.33,Same,Harder,Same,1,0,0,0,0,0,1,1,0,0,16.28,5.426667,10.85333
rakamin3uibdo2b3,Remote,Perempuan,19,SMA,Jawa,Mahasiswa,-,0,N/A (Bukan Pekerja),Sering (3-4 kali dalam seminggu),0,0,0,0,0,0,1,4.75,4.7,3.72,3.86,4.31,4.23,2.80,3.50,4.57,4.2,4.33,4.4,100,3,13,29,2.9,70,0,0,0,0,0,164.65,16.46,10,0,4,4,0,66.67,3,0,1,66.67,3,2,0,16.03,0,3,3,4,1,1,1,1,1,1,1,1,1,1,1,2,3,1,2,3,1,2,3,1,0,0,0,0,0,0,0,0,0,0,Easy,Easy,Easy,Normal,Normal,Normal,Hard,Hard,Hard,Hard,8.52,12.05,6.25,25.35,13.55,5.23,32.35,34.42,15.35,11.58,0,0,0,1,0,0,1,1,1,0,,,,13.03,,,20.4,25.5,5.18,,3,3,3,1,3,3,1,1,1,3,0,0,0,Harder,Harder,Same,0,0,0,1,0,0,1,1,0,0,25.14,8.38,16.76
rakamin4gba1a2,Remote,Perempuan,18,SMA,Luar Jawa,Mahasiswa,-,0,N/A (Bukan Pekerja),Tidak Pernah,0,0,0,0,0,0,3,4.75,5.7,5.83,3.43,5.00,5.23,5.80,6.00,5.71,5.6,5,4.4,60,5,11,13,1.3,100,59.96,45,6,3,0,314.88,31.49,0,33.33,3,0,3,100,6,0,1,66.67,0,0,0,0,0,3,3,4,1,1,1,1,1,1,0,0,0,0,1,2,3,1,2,3,1,2,3,1,0,0,0,0,0,0,0,0,0,0,Easy,Easy,Easy,Normal,Normal,Normal,Hard,Hard,Hard,Hard,11.95,21.45,4.75,37.43,33.15,26.15,45,45,45,45,0,0,0,0,0,0,0,0,0,0,,,,,,,,,,,3,2,3,2,2,2,0,0,0,0,0,0,100,Harder,Harder,Same,0,0,0,0,0,0,2,1,0,3,102.23,17.03833,68.15333
rakamin4gba1b11,Remote,Perempuan,18,SMA,Jawa,Mahasiswa,-,0,N/A (Bukan Pekerja),Jarang (3-4 kali dalam sebulan),0,0,0,0,0,0,3,4.75,5,4.39,5.93,3.96,4.31,4.80,3.50,4.86,5,3.67,3.2,80,4,12,14,1.4,90,17.23,44.69,2,2,1,215.7,21.57,0,33.33,2,2,0,66.67,4,1,0,66.67,2,2,1,31.92,0,6,4,0,0,1,1,1,0,1,1,1,1,1,1,2,3,1,2,3,1,2,3,1,0,0,0,0,1,0,0,0,0,0,Easy,Easy,Easy,Normal,Normal,Normal,Easy,Easy,Easy,Normal,45,19.7,15.75,25.67,44.38,26.9,8.87,14.4,3.72,11.32,1,0,0,0,1,0,0,0,0,0,25.72,,,,38.12,,,,,,0,2,2,2,0,2,3,3,3,3,33.33,33.33,0,Harder,Easier,Harder,1,1,0,1,1,0,0,0,0,0,49.46,12.365,32.97333
rakamin4gba1b5,Remote,Perempuan,29,S1/D4,Luar Jawa,Pekerja,-,2,N/A (Bukan Pekerja),Jarang (3-4 kali dalam sebulan),0,0,0,0,0,0,2,4.00,4.8,3.94,4.50,4.33,4.15,3.40,4.00,4.29,4.6,4,4.4,90,5,14,9.5,0.95,90,7.1,45,1,1,0,192.55,19.25,30,33.33,6,5,1,33.33,5,2,1,0,4,4,1,23.95,7,3,0,0,1,0,1,1,1,1,1,1,1,1,1,2,3,1,2,3,1,2,3,1,0,0,0,0,0,0,0,0,0,0,Easy,Easy,Easy,Very Easy,Very Easy,Very Easy,Very Easy,Very Easy,Very Easy,Very Easy,31.7,45,7.62,12.35,33.32,3.75,13.37,33.13,4.28,8.03,1,1,1,0,1,0,0,1,0,0,28.15,40.28,3.73,,24.12,,,23.45,,,1,0,1,3,1,3,3,1,3,3,33.33,0,0,Easier,Easier,Same,1,1,0,0,2,0,0,1,0,0,85.54,17.108,57.02667
rakamin4gba1b6,Remote,Laki-laki,21,S1/D4,Jawa,Pekerja,Engineer,1,Staf,Sering (3-4 kali dalam seminggu),0,0,0,0,0,0,2,6.00,5.1,5.06,4.21,4.43,4.69,5.20,5.00,5.00,4.8,4.5,4,50,2,7,11,1.1,60,14.71,31.93,1,1,4,261.53,26.15,0,0,3,1,2,33.33,2,0,0,100,1,1,0,29.88,0,3,3,4,1,1,1,1,0,1,0,0,0,0,1,2,3,1,2,3,1,2,3,1,0,0,0,0,0,0,1,1,1,1,Easy,Easy,Easy,Normal,Normal,Normal,Hard,Hard,Hard,Hard,24.12,23.08,13.2,24.77,45,16.73,28.87,37.67,45.07,3.03,0,0,0,0,0,0,0,0,1,0,,,,,,,,,29.88,,2,2,3,2,0,2,0,0,0,0,0,33.33,100,Harder,Harder,Harder,0,1,0,0,1,0,0,0,0,0,39.95,19.975,26.63333
rakamin4gba2b11,Remote,Laki-laki,20,D1/D2/D3,Jawa,Mahasiswa,-,0,N/A (Bukan Pekerja),Selalu (Setiap Hari),0,0,0,0,0,0,1,2.00,4.8,3.17,5.00,4.78,4.62,3.40,2.67,3.43,3.2,5.33,5.8,100,1,11,29,2.9,80,0,0,0,0,0,85.5,8.55,0,0,2,2,0,100,1,0,0,100,1,0,0,11.21,0,3,3,4,1,1,1,1,1,1,1,1,1,1,1,2,3,1,2,3,1,2,3,1,0,0,0,0,0,0,0,0,0,0,Easy,Easy,Easy,Normal,Normal,Normal,Hard,Hard,Hard,Hard,3.65,14.03,2.85,13.77,9.43,11.18,16.55,6.15,4.93,2.95,0,0,0,0,0,1,1,0,0,0,,,,,,9.27,13.15,,,,3,3,3,3,3,1,1,3,3,3,0,0,0,Harder,Harder,Harder,0,0,0,0,0,0,1,0,0,0,3.02,3.02,2.013333
rakamin4gba2b3,Remote,Perempuan,21,S1/D4,Jawa,Pekerja,Sedang mencari fulltime,1,Staf,Sering (3-4 kali dalam seminggu),0,0,0,0,0,0,1,4.75,5,4.28,3.29,4.46,4.54,2.20,5.17,5.00,3.8,5.17,4.4,100,2,12,11,1.1,100,0,0,0,0,0,105.17,10.52,0,0,0,0,0,0,2,3,0,0,0,0,0,0,7,3,0,0,1,1,1,1,1,1,1,1,1,1,1,2,3,1,2,3,1,2,3,1,0,0,0,0,0,0,0,0,0,0,Easy,Easy,Easy,Very Easy,Very Easy,Very Easy,Very Easy,Very Easy,Very Easy,Very Easy,7.28,17.48,4.85,10.22,21.95,5.65,13.57,13.23,4.43,6.5,0,0,0,0,0,0,0,0,0,0,,,,,,,,,,,3,2,3,3,2,3,3,3,3,3,0,0,0,Easier,Easier,Easier,0,1,0,0,1,0,0,0,0,0,29.65,14.825,19.76667
rakamin4gba2b9,Remote,Perempuan,25,S1/D4,Luar Jawa,Mahasiswa,-,0,N/A (Bukan Pekerja),Jarang (3-4 kali dalam sebulan),0,0,0,0,0,0,1,4.50,4.5,4.39,4.29,4.04,4.08,3.40,5.00,4.57,4,4.33,3.8,100,1,11,29,2.9,70,0,0,0,0,0,111.6,11.16,0,0,3,3,0,100,1,0,0,100,1,0,0,6.66,0,3,3,4,1,1,1,1,1,1,1,1,1,1,1,2,3,1,2,3,1,2,3,1,0,0,0,0,0,0,0,0,0,0,Easy,Easy,Easy,Normal,Normal,Normal,Hard,Hard,Hard,Hard,11,12.15,3.53,20.93,11.77,11.2,8.92,13.97,11.3,6.83,0,0,0,1,0,1,0,0,1,0,,,,11.23,,5.55,,,3.18,,3,3,3,1,3,1,3,3,1,3,0,0,0,Harder,Harder,Harder,0,0,0,1,0,0,0,0,0,0,8.62,8.62,5.746667
rakamin4trial1a1,Remote,Perempuan,19,SMA,Jawa,Mahasiswa,-,0,N/A (Bukan Pekerja),Tidak Pernah,0,0,0,0,0,0,2,4.25,4.1,3.78,4.64,3.94,4.08,2.60,4.00,4.43,4,3.83,4,90,1,10,14.5,1.45,80,9,13.67,1,1,1,66.17,6.62,0,33.33,2,1,1,66.67,1,1,1,33.33,0,0,0,7.23,0,7,3,0,1,1,1,1,0,1,1,1,1,1,1,2,3,1,2,3,1,2,3,1,0,0,0,0,1,0,0,0,0,0,Easy,Easy,Easy,Normal,Normal,Normal,Easy,Easy,Easy,Easy,4.33,9.85,1.82,7.75,13.67,11.23,3.97,7.77,1.38,4.4,0,0,0,0,0,1,0,0,0,0,,,,,,7.23,,,,,3,3,3,3,0,1,3,3,3,3,0,33.33,0,Harder,Easier,Same,0,0,0,0,1,0,0,0,0,0,13.5,13.5,9
rakamin4uibdo1b6,Remote,Perempuan,22,S1/D4,Jawa,Mahasiswa,-,0,N/A (Bukan Pekerja),Jarang (3-4 kali dalam sebulan),0,0,0,0,0,0,1,4.75,4.8,4.67,4.29,4.38,4.38,4.20,4.50,5.14,4.4,4.33,4.4,90,3,12,10.5,1.05,80,9.37,45,1,1,0,138.13,13.81,0,33.33,2,2,0,66.67,3,1,1,33.33,2,0,0,14.82,6,4,0,0,1,0,1,1,1,1,1,1,1,1,1,2,3,1,2,3,1,2,3,1,0,0,0,0,0,0,0,0,0,0,Easy,Easy,Easy,Very Easy,Very Easy,Very Easy,Very Easy,Very Easy,Very Easy,Easy,23.8,45,8.67,6.88,16.88,6.13,7.9,11.37,4.43,7.07,1,1,0,0,0,0,0,0,0,0,13.4,16.25,,,,,,,,,1,0,3,3,2,3,3,3,3,3,33.33,0,0,Easier,Same,Harder,1,1,0,0,1,0,0,0,0,0,31.62,10.54,21.08
rakamin4uibdo1b7,Remote,Perempuan,23,S1/D4,Jawa,Mahasiswa,mahasiswa,0,N/A (Bukan Pekerja),Jarang (3-4 kali dalam sebulan),0,0,0,0,0,0,1,4.75,5.1,3.61,4.57,4.79,4.69,3.40,3.50,3.86,5,4.17,5.2,90,6,15,21,2.1,70,10.77,45,1,1,0,219.77,21.98,0,33.33,4,4,0,100,6,0,1,66.67,2,2,0,15.8,0,3,6,1,1,1,1,1,0,1,1,1,1,1,1,2,3,1,2,3,1,2,3,1,0,0,0,0,0,0,0,0,0,0,Easy,Easy,Easy,Normal,Normal,Normal,Normal,Normal,Normal,Hard,24.67,27.5,8.85,30.93,45,13.83,12.23,23,5.98,27.77,0,0,0,0,1,1,0,1,0,1,,,,,28.25,9.52,,5.33,,20.08,2,2,3,2,0,1,3,1,3,1,0,33.33,0,Harder,Same,Harder,1,1,0,1,1,0,0,1,0,1,65.02,10.83667,43.34667
rakamin5gba1a1,Remote,Laki-laki,20,SMA,Jawa,Mahasiswa,-,0,N/A (Bukan Pekerja),Jarang (3-4 kali dalam sebulan),0,0,0,0,0,0,1,5.00,3.7,3.61,3.36,3.10,3.31,2.20,3.50,4.71,3,3.5,2.8,100,0,10,21.5,2.15,60,0,0,0,0,0,92.58,9.26,0,0,4,4,0,66.67,0,0,1,66.67,0,0,0,5.12,0,6,3,1,1,1,1,1,1,1,1,1,1,1,1,2,3,1,2,3,1,2,3,1,0,0,0,0,0,0,0,0,0,0,Easy,Easy,Easy,Easy,Easy,Easy,Normal,Normal,Normal,Hard,6.23,12.57,3.67,9.6,10.78,2.98,14.2,15.48,10.15,6.92,0,0,0,0,0,0,1,1,1,1,,,,,,,7.17,4.4,5.77,3.15,3,3,3,3,3,3,1,1,1,1,0,0,0,Same,Harder,Harder,0,0,0,0,0,0,0,0,0,0,0,0,0
rakamin5gba1a2,Remote,Laki-laki,23,D1/D2/D3,Jawa,Pekerja,Job Seeker,1,Freelance,Jarang (3-4 kali dalam sebulan),0,0,0,0,0,0,2,5.75,5.2,5.11,3.79,5.24,5.31,4.20,5.33,5.57,5.2,5.33,5.2,90,5,14,27,2.7,100,8.34,45,1,1,0,268.17,26.82,30,0,4,4,0,66.67,5,0,0,100,4,4,2,31.5,0,3,3,4,1,1,1,1,0,1,1,1,1,1,1,2,3,1,2,3,1,2,3,1,0,0,0,0,0,0,0,0,0,0,Easy,Easy,Easy,Normal,Normal,Normal,Hard,Hard,Hard,Hard,40.7,44.42,12.65,12.58,45,14.67,23.1,31.93,35.65,7.47,1,0,0,0,1,0,0,1,1,0,33.48,,,,39.15,,,25.58,27.8,,1,2,3,3,0,3,2,1,1,3,0,33.33,0,Harder,Harder,Harder,1,1,0,0,1,0,1,1,0,0,43.79,8.758,29.19333
rakamin5gba1a4,Remote,Laki-laki,19,SMA,Jawa,Mahasiswa,-,0,N/A (Bukan Pekerja),Selalu (Setiap Hari),0,0,0,0,0,0,2,4.25,4.7,3.89,5.21,4.41,4.46,2.60,4.17,4.57,5.2,3.83,4.2,100,4,14,12,1.2,100,0,0,0,0,0,143.48,14.35,0,0,0,0,0,33.33,4,1,1,33.33,0,0,0,0,6,4,0,0,1,1,1,1,1,1,1,1,1,1,1,2,3,1,2,3,1,2,3,1,0,0,0,0,0,0,0,0,0,0,Easy,Easy,Easy,Very Easy,Very Easy,Very Easy,Very Easy,Very Easy,Very Easy,Easy,37.3,20.05,15,10.03,15.12,6.83,7.33,18.02,6.37,7.43,0,0,0,0,0,0,0,0,0,0,,,,,,,,,,,2,2,3,3,2,3,3,2,3,3,0,0,0,Easier,Same,Harder,1,1,0,0,1,0,0,1,0,0,38.5,9.625,25.66667
rakamin5gba1b10,Remote,Laki-laki,18,SMA,Luar Jawa,Mahasiswa,Sains dan Teknologi,0,N/A (Bukan Pekerja),Selalu (Setiap Hari),0,0,0,0,0,0,2,5.00,4.9,4.61,3.93,4.36,4.69,5.20,4.50,4.29,4.8,4.67,3.6,60,2,8,10,1,90,86.22,45,3,3,0,259.13,25.91,0,66.67,3,2,1,100,3,0,2,33.33,2,2,0,25.48,0,6,4,0,0,1,1,1,1,1,1,0,0,0,1,2,3,1,2,3,1,2,3,1,0,0,0,0,0,0,0,0,0,0,Easy,Easy,Easy,Easy,Easy,Easy,Normal,Normal,Normal,Normal,45,25.82,7.78,7.93,11.68,5.52,20.4,45,45,45,1,0,0,0,0,0,0,1,0,0,21.33,,,,,,,29.63,,,0,2,3,3,3,3,2,0,0,0,33.33,0,66.67,Same,Harder,Same,1,0,0,0,0,0,0,1,0,1,129.33,43.11,86.22
rakamin5gba1b11,Remote,Laki-laki,20,SMA,Jawa,Mahasiswa,-,0,N/A (Bukan Pekerja),Selalu (Setiap Hari),0,0,0,0,0,0,1,3.00,4.5,4.44,4.50,4.84,4.77,5.00,2.83,5.43,3.6,5.33,5.6,100,2,12,17.5,1.75,90,0,0,0,0,0,153.37,15.34,10,0,2,2,0,33.33,2,0,2,33.33,2,1,1,26.02,0,6,4,0,1,1,1,1,1,1,1,1,1,1,1,2,3,1,2,3,1,2,3,1,0,0,0,0,0,0,0,0,0,0,Easy,Easy,Easy,Easy,Easy,Easy,Normal,Normal,Normal,Normal,43.03,19.9,11.33,14.38,9.93,3.13,8.65,14.02,22.8,6.18,1,0,0,0,0,0,0,0,1,0,34.38,,,,,,,,17.67,,1,2,3,3,3,3,3,3,1,3,0,0,0,Same,Harder,Same,1,1,0,0,0,0,0,0,0,0,16.24,8.12,10.82667
rakamin5gba1b12,Remote,Laki-laki,23,SMA,Jawa,Mahasiswa,-,0,N/A (Bukan Pekerja),Sering (3-4 kali dalam seminggu),0,0,0,0,0,0,3,5.00,4.9,4.06,4.36,4.01,4.08,3.60,3.33,5.00,4,3.83,4.2,80,1,9,13,1.3,80,5.81,22.83,1,1,2,132.35,13.23,0,33.33,0,0,0,66.67,1,0,2,33.33,0,0,0,0,0,9,1,0,0,1,0,1,1,1,1,1,1,1,1,2,3,1,2,3,1,2,3,1,1,0,1,0,0,0,0,0,0,0,Easy,Easy,Easy,Easy,Easy,Easy,Easy,Easy,Easy,Normal,27.2,20.77,18.47,11.15,12.17,4.87,5.58,10.98,8.6,12.57,0,0,0,0,0,0,0,0,0,0,,,,,,,,,,,0,3,0,3,3,3,3,3,3,3,66.67,0,0,Same,Same,Harder,1,0,0,0,0,0,0,0,0,0,8.72,8.72,5.813333
rakamin5gba1b4,Remote,Perempuan,22,S1/D4,Jawa,Pekerja,fresh graduate,0,N/A (Bukan Pekerja),Jarang (3-4 kali dalam sebulan),0,0,0,0,0,0,1,5.00,4.9,4.22,3.93,4.01,4.38,3.80,4.17,4.57,5,3.83,3.2,90,5,14,14.5,1.45,60,5.19,39.07,2,1,1,192.6,19.26,0,33.33,4,3,1,66.67,5,0,2,33.33,3,1,0,16.07,0,9,1,0,0,1,1,1,1,1,1,1,1,1,1,2,3,1,2,3,1,2,3,1,1,0,0,0,0,0,0,0,0,0,Easy,Easy,Easy,Easy,Easy,Easy,Easy,Easy,Easy,Normal,39.07,18.92,8.3,28.08,12.83,32.68,18.6,9.1,7.58,17.43,0,0,0,1,0,1,1,0,0,0,,,,14.38,,20.57,13.27,,,,0,3,3,1,3,1,1,3,3,2,33.33,0,0,Same,Same,Harder,2,0,0,1,0,0,1,0,0,1,28.77,5.754,19.18
rakamin5gba1b5,Remote,Perempuan,22,S1/D4,Jawa,Mahasiswa,-,0,N/A (Bukan Pekerja),Sering (3-4 kali dalam seminggu),0,0,0,0,0,0,1,4.50,4.8,4.56,4.21,4.47,4.77,2.60,5.67,5.00,4.4,5,4,100,4,14,11,1.1,90,0,0,0,0,0,168.18,16.82,0,0,1,1,0,0,4,1,2,0,1,0,0,14.98,7,3,0,0,1,1,1,1,1,1,1,1,1,1,1,2,3,1,2,3,1,2,3,1,0,0,0,0,0,0,0,0,0,0,Easy,Easy,Easy,Very Easy,Very Easy,Very Easy,Very Easy,Very Easy,Very Easy,Very Easy,15.18,26.8,29.45,17.18,30.58,4.73,11.3,12.57,10.37,10.02,0,0,1,0,0,0,0,0,0,0,,,14.98,,,,,,,,2,2,1,2,2,3,3,3,3,3,0,0,0,Easier,Same,Same,1,1,0,1,1,0,0,0,0,0,37.36,9.34,24.90667
rakamin5gba1b7,Remote,Laki-laki,21,SMA,Jawa,Mahasiswa,-,0,N/A (Bukan Pekerja),Sering (3-4 kali dalam seminggu),0,0,0,0,0,0,3,4.75,5.2,4.89,4.36,4.53,4.54,4.80,4.83,5.00,5,4,4.6,100,4,14,16.5,1.65,90,0,0,0,0,0,195.42,19.54,20,0,3,3,0,33.33,4,1,1,33.33,3,2,0,21.78,0,7,3,0,1,1,1,1,1,1,1,1,1,1,1,2,3,1,2,3,1,2,3,1,0,0,0,0,0,0,0,0,0,0,Easy,Easy,Easy,Normal,Normal,Normal,Easy,Easy,Easy,Easy,14.83,18.97,7.63,38.62,43.73,24.08,17.73,13.83,8.25,7.73,0,0,0,1,1,1,0,0,0,0,,,,28.92,22.2,14.23,,,,,3,2,3,1,1,1,2,3,3,3,0,0,0,Harder,Easier,Same,0,1,0,1,1,0,1,0,0,0,43.23,10.8075,28.82
rakamin5gba1b8,Remote,Perempuan,23,S1/D4,Luar Jawa,Pekerja,-,0,N/A (Bukan Pekerja),Jarang (3-4 kali dalam sebulan),0,0,0,0,0,0,1,5.00,5.2,4,4.93,4.17,3.92,4.20,2.67,5.00,5.2,2.5,4.8,100,7,17,29,2.9,10,0,0,0,0,0,166.13,16.61,10,0,10,10,0,100,7,0,0,100,3,1,0,7.41,0,3,3,4,1,1,1,1,1,1,1,1,1,1,1,2,3,1,2,3,1,2,3,1,0,0,0,0,0,0,0,0,0,0,Easy,Easy,Easy,Normal,Normal,Normal,Hard,Hard,Hard,Hard,20.25,23.52,7.53,10.3,24.13,13.22,9.17,25.58,25.28,7.15,1,1,1,1,1,1,1,1,1,1,10.07,2.32,3.67,3.72,3.28,4.82,3.82,18.28,22.03,2.13,1,1,1,1,1,1,1,1,1,1,0,0,0,Harder,Harder,Harder,1,1,0,1,1,0,1,1,0,1,58.5,8.357143,39
rakamin5gba1b9,Remote,Perempuan,21,S1/D4,Jawa,Pekerja,Sedang mencari pekerjaan fulltime,1,Freelance,Sering (3-4 kali dalam seminggu),0,0,0,0,0,0,1,4.75,5.1,4.28,4.21,4.52,4.54,1.60,5.50,5.14,3.4,5.17,5,100,3,13,16,1.6,90,0,0,0,0,0,110.28,11.03,0,0,1,1,0,33.33,3,0,2,33.33,1,0,0,12.85,0,9,1,0,1,1,1,1,1,1,1,1,1,1,1,2,3,1,2,3,1,2,3,1,0,0,0,0,0,0,0,0,0,0,Easy,Easy,Easy,Easy,Easy,Easy,Easy,Easy,Easy,Normal,9.88,17.02,13.03,22.03,16.07,3.57,7.72,9.98,3.83,7.15,0,0,0,1,0,0,0,0,0,0,,,,12.85,,,,,,,3,2,3,1,2,3,3,3,3,3,0,0,0,Same,Same,Harder,0,1,0,1,1,0,0,0,0,0,28.38,9.46,18.92
rakamin5gba2a13,Remote,Perempuan,19,SMA,Jawa,Mahasiswa,-,0,N/A (Bukan Pekerja),Jarang (3-4 kali dalam sebulan),0,0,0,0,0,0,4,4.25,3.8,3.67,4.14,4.30,4.46,3.80,3.33,3.86,4.2,4.5,4.2,100,1,11,17.5,1.75,100,0,0,0,0,0,110.35,11.04,0,0,0,0,0,33.33,1,0,2,33.33,0,0,0,0,0,6,4,0,1,1,1,1,1,1,1,1,1,1,1,2,3,1,2,3,1,2,3,1,0,0,0,0,0,0,0,0,0,0,Easy,Easy,Easy,Easy,Easy,Easy,Normal,Normal,Normal,Normal,7.83,8.97,3.93,8.15,11.02,5.18,24.18,12.83,15.15,13.1,0,0,0,0,0,0,0,0,0,0,,,,,,,,,,,3,3,3,3,3,3,2,3,2,3,0,0,0,Same,Harder,Same,0,0,0,0,0,0,1,0,0,0,8.32,8.32,5.546667
rakamin5gba2b12,Remote,Laki-laki,24,SMA,Jawa,Mahasiswa,-,0,N/A (Bukan Pekerja),Sering (3-4 kali dalam seminggu),0,0,0,0,0,0,2,4.25,4.6,4,3.43,4.39,4.46,4.00,4.17,3.86,5,4.17,4,100,2,12,15,1.5,100,0,0,0,0,0,112.8,11.28,0,0,0,0,0,0,2,0,3,0,0,0,0,0,0,10,0,0,1,1,1,1,1,1,1,1,1,1,1,2,3,1,2,3,1,2,3,1,0,0,0,0,0,0,0,0,0,0,Easy,Easy,Easy,Easy,Easy,Easy,Easy,Easy,Easy,Easy,8.73,29.17,10.92,19.12,12.28,4.75,7.02,10.48,3.57,6.77,0,0,0,0,0,0,0,0,0,0,,,,,,,,,,,3,2,3,2,3,3,3,3,3,3,0,0,0,Same,Same,Same,0,1,0,1,0,0,0,0,0,0,16.23,8.115,10.82
rakamin5uibdo1a2,Remote,Perempuan,22,S1/D4,Jawa,Pekerja,UI/UX Designer,1,Freelance,Jarang (3-4 kali dalam sebulan),0,0,0,0,0,0,1,5.75,4.9,4.94,4.00,4.88,5.08,3.40,5.17,5.86,5.2,4.83,4.6,80,5,13,19.5,1.95,70,13.34,22.03,2,2,2,237.53,23.75,30,33.33,6,5,1,66.67,5,1,0,66.67,5,4,1,27.8,0,3,4,3,0,1,1,1,1,1,0,1,1,1,1,2,3,1,2,3,1,2,3,1,1,0,0,0,0,0,1,0,0,0,Easy,Easy,Easy,Normal,Normal,Normal,Hard,Hard,Hard,Normal,6.6,17.32,34.33,10.83,18.37,25.1,37.45,41.93,35.22,10.38,0,0,1,0,0,1,1,1,1,0,,,25.1,,,19.83,29.22,35.77,29.08,,0,3,1,3,2,1,0,1,1,3,33.33,0,33.33,Harder,Harder,Easier,1,0,0,0,1,0,1,2,0,0,58.62,11.724,39.08
rakamin5uibdo1a4,Remote,Perempuan,21,SMA,Luar Jawa,Mahasiswa,-,0,N/A (Bukan Pekerja),Sering (3-4 kali dalam seminggu),0,0,0,0,0,0,2,4.75,4.5,4.22,5.36,4.68,4.85,4.00,3.67,4.86,5,4.83,4.2,90,5,14,15.5,1.55,90,10.4,45,1,1,0,246.08,24.61,10,33.33,3,3,0,100,5,1,0,66.67,3,2,1,25.59,0,6,4,0,1,1,1,1,0,1,1,1,1,1,1,2,3,1,2,3,1,2,3,1,0,0,0,0,0,0,0,0,0,0,Easy,Easy,Easy,Normal,Normal,Normal,Easy,Easy,Easy,Normal,35.68,31.93,10.35,14.82,45,31.82,26.52,28.03,9.37,12.57,0,0,0,0,1,1,1,0,0,0,,,,,33.13,26.68,16.95,,,,2,2,3,3,0,1,1,2,3,3,0,33.33,0,Harder,Easier,Harder,1,1,0,0,1,0,1,1,0,0,61.73,12.346,41.15333
rakamin6gba1b10,Remote,Perempuan,23,S1/D4,Jawa,Pekerja,-,0,N/A (Bukan Pekerja),Jarang (3-4 kali dalam sebulan),0,0,0,0,0,0,2,4.75,5.5,5.33,4.36,5.12,5.38,5.20,5.00,5.71,5.6,5.17,4.6,100,5,15,16,1.6,70,0,0,0,0,0,158.82,15.88,10,0,4,4,0,33.33,5,0,2,33.33,3,1,0,12.96,0,9,1,0,1,1,1,1,1,1,1,1,1,1,1,2,3,1,2,3,1,2,3,1,0,0,0,0,0,0,0,0,0,0,Easy,Easy,Easy,Easy,Easy,Easy,Easy,Easy,Easy,Normal,39.43,24.15,16.52,10.57,19.42,3.42,7.72,11.77,5.2,20.63,1,0,1,1,0,0,0,0,0,1,25.32,,11.38,2.58,,,,,,12.57,1,2,1,1,2,3,3,3,3,1,0,0,0,Same,Same,Harder,1,1,0,1,1,0,0,0,0,1,42.78,8.556,28.52
rakamin6gba1b3,Remote,Perempuan,24,S2,Luar Jawa,Pekerja,Supervisor,1,Supervisor,Jarang (3-4 kali dalam sebulan),0,0,0,0,0,0,2,5.75,4.8,5.22,5.36,4.93,5.15,4.80,4.83,5.86,5.2,5,4.6,100,1,11,29,2.9,80,0,0,0,0,0,69.23,6.92,0,0,2,2,0,100,1,0,0,100,0,0,0,4.51,0,3,3,4,1,1,1,1,1,1,1,1,1,1,1,2,3,1,2,3,1,2,3,1,0,0,0,0,0,0,0,0,0,0,Easy,Easy,Easy,Normal,Normal,Normal,Hard,Hard,Hard,Hard,5.23,9.45,2.75,8.78,11.05,8.9,4.72,6.15,8.58,3.62,0,0,0,1,0,1,0,0,0,0,,,,5.02,,4,,,,,3,3,3,1,3,1,3,3,3,3,0,0,0,Harder,Harder,Harder,0,0,0,1,0,0,0,0,0,0,8.18,8.18,5.453333
rakamin6gba1b5,Remote,Perempuan,19,SMA,Jawa,Mahasiswa,-,0,N/A (Bukan Pekerja),Jarang (3-4 kali dalam sebulan),0,0,0,0,0,0,3,4.00,4.7,3.89,5.14,3.48,3.62,4.20,3.00,4.43,4.4,2.83,3.2,90,0,9,10.5,1.05,70,0,45,0,0,0,241.92,24.19,10,33.33,4,4,0,66.67,0,1,1,33.33,2,1,0,15.39,6,4,0,0,1,0,1,1,1,1,1,1,1,1,1,2,3,1,2,3,1,2,3,1,0,0,0,0,0,0,0,0,0,0,Easy,Easy,Easy,Very Easy,Very Easy,Very Easy,Very Easy,Very Easy,Very Easy,Easy,44.07,45,25.25,14.25,24.05,16.17,9.35,20.55,6.53,36.7,0,0,1,0,1,1,0,0,0,1,,,19.77,,9.48,9.55,,,,22.75,2,0,1,3,1,1,3,2,3,1,33.33,0,0,Easier,Same,Harder,0,0,0,0,0,0,0,0,0,0,0,0,0
rakamin6gba1b6,Remote,Perempuan,24,S1/D4,Luar Jawa,Pekerja,customer service,1,Staf,Selalu (Setiap Hari),0,0,0,0,0,0,4,5.00,4.4,4.44,3.86,4.62,4.85,2.80,5.33,4.86,4.6,4.67,4.6,90,5,14,10.5,1.05,70,6.86,45,1,1,0,182.45,18.24,10,33.33,4,4,0,66.67,5,1,1,33.33,2,1,0,13.62,6,4,0,0,1,0,1,1,1,1,1,1,1,1,1,2,3,1,2,3,1,2,3,1,0,0,0,0,0,0,0,0,0,0,Easy,Easy,Easy,Very Easy,Very Easy,Very Easy,Very Easy,Very Easy,Very Easy,Easy,31.57,45,35.67,6.2,15.47,4.15,6.32,25.73,3.65,8.7,0,0,1,0,1,0,0,1,0,1,,,28.53,,4.87,,,17.73,,3.37,2,0,1,3,1,3,3,1,3,1,33.33,0,0,Easier,Same,Harder,1,1,0,0,1,0,0,1,0,1,43.33,8.666,28.88667
rakamin6uibdo1a2,Remote,Perempuan,24,S1/D4,Jawa,Pekerja,PV Solar Engineer,1,Staf,Selalu (Setiap Hari),0,0,0,0,0,0,1,4.00,3.8,4.56,4.36,4.51,4.54,3.60,4.50,5.29,4.8,4.33,4.4,100,4,14,17.5,1.75,80,0,0,0,0,0,142.53,14.25,0,0,2,2,0,33.33,4,0,2,33.33,1,1,0,15.19,0,6,4,0,1,1,1,1,1,1,1,1,1,1,1,2,3,1,2,3,1,2,3,1,0,0,0,0,0,0,0,0,0,0,Easy,Easy,Easy,Easy,Easy,Easy,Normal,Normal,Normal,Normal,17.03,16.07,9.28,5.33,11.83,4.92,18.43,22.47,28.45,8.72,1,0,0,0,0,0,0,0,1,0,8.67,,,,,,,,21.72,,1,2,3,3,3,3,2,2,1,3,0,0,0,Same,Harder,Same,1,1,0,0,0,0,1,1,0,0,34.05,8.5125,22.7
rakamin6uibdo1a4,Remote,Perempuan,25,S1/D4,Jawa,Pekerja,Head of Finance and Operations,4,Manajer,Tidak Pernah,0,0,0,0,0,0,1,3.75,5,4.17,4.79,4.63,4.69,3.60,4.50,4.29,5,4.5,4.4,100,5,15,17.5,1.75,50,0,0,0,0,0,219.97,22,0,0,5,5,0,66.67,5,1,0,66.67,5,0,0,13.46,0,6,4,0,1,1,1,1,1,1,1,1,1,1,1,2,3,1,2,3,1,2,3,1,0,0,0,0,0,0,0,0,0,0,Easy,Easy,Easy,Normal,Normal,Normal,Easy,Easy,Easy,Normal,40.55,32.02,8.98,22.03,43.68,16.23,7.85,11.4,3.88,33.33,1,1,0,1,1,1,0,0,0,0,13.9,12.15,,11.53,19.32,10.4,,,,,1,1,3,1,1,1,3,3,3,2,0,0,0,Harder,Easier,Harder,1,1,0,1,1,0,0,0,0,1,55.33,11.066,36.88667
rakamin6uibdo1b0,Remote,Laki-laki,20,SMA,Jawa,Mahasiswa,-,0,N/A (Bukan Pekerja),Jarang (3-4 kali dalam sebulan),0,0,0,0,0,0,3,6.00,6,5.78,4.14,5.48,5.46,6.00,5.33,6.00,6,4.83,5.6,100,0,10,17.5,1.75,100,0,0,0,0,0,36.18,3.62,0,0,0,0,0,33.33,0,0,2,33.33,0,0,0,0,0,6,4,0,1,1,1,1,1,1,1,1,1,1,1,2,3,1,2,3,1,2,3,1,0,0,0,0,0,0,0,0,0,0,Easy,Easy,Easy,Easy,Easy,Easy,Normal,Normal,Normal,Normal,3.17,6.98,1.2,1.8,6.57,1.18,3.23,6.85,2.98,2.22,0,0,0,0,0,0,0,0,0,0,,,,,,,,,,,3,3,3,3,3,3,3,3,3,3,0,0,0,Same,Harder,Same,0,0,0,0,0,0,0,0,0,0,0,0,0
rakamin6uibdo1b2,Remote,Laki-laki,20,SMA,Jawa,Mahasiswa,-,0,N/A (Bukan Pekerja),Jarang (3-4 kali dalam sebulan),0,0,0,0,0,0,2,4.50,5,4.06,5.71,3.70,3.92,1.40,4.17,5.86,3,4.5,3.6,70,2,9,19,1.9,100,18.8,45,2,2,0,348.98,34.9,40,33.33,8,7,1,66.67,2,0,1,66.67,7,7,2,29.97,0,3,3,4,1,1,1,1,0,1,0,1,0,1,1,2,3,1,2,3,1,2,3,1,0,0,0,0,0,0,0,0,0,0,Easy,Easy,Easy,Normal,Normal,Normal,Hard,Hard,Hard,Hard,40.4,35.8,18.17,14.27,45,34.68,45,38.17,45,32.5,1,0,0,0,1,1,1,1,1,1,26.23,,,,25.03,27.07,38.2,27.52,39,26.75,1,2,2,3,0,1,0,1,0,1,0,33.33,66.67,Harder,Harder,Same,0,0,0,0,1,0,1,0,0,0,28.2,14.1,18.8
rakamin6uibdo1b5,Remote,Perempuan,20,SMA,Jawa,Mahasiswa,-,0,N/A (Bukan Pekerja),Selalu (Setiap Hari),0,0,0,0,0,0,1,4.50,5.3,5,3.93,4.73,4.92,4.80,4.17,5.86,4.6,5,4.6,100,1,11,16,1.6,100,0,0,0,0,0,84.35,8.43,0,0,0,0,0,33.33,1,0,2,33.33,0,0,0,0,0,9,1,0,1,1,1,1,1,1,1,1,1,1,1,2,3,1,2,3,1,2,3,1,0,0,0,0,0,0,0,0,0,0,Easy,Easy,Easy,Easy,Easy,Easy,Easy,Easy,Easy,Normal,7.73,23.75,3.57,6.57,10.13,5.05,5.92,9.6,3.15,8.88,0,0,0,0,0,0,0,0,0,0,,,,,,,,,,,3,2,3,3,3,3,3,3,3,3,0,0,0,Same,Same,Harder,0,1,0,0,0,0,0,0,0,0,11.03,11.03,7.353333
rakamin6uibdo2b5,Remote,Laki-laki,20,SMA,Jawa,Mahasiswa,-,0,N/A (Bukan Pekerja),Jarang (3-4 kali dalam sebulan),0,0,0,0,0,0,3,5.75,6,5.56,4.86,5.43,5.31,6.00,4.67,6.00,6,4.5,5.8,100,1,11,16.5,1.65,70,0,0,0,0,0,62.27,6.23,0,0,3,3,0,33.33,1,1,1,33.33,0,0,0,4.98,0,7,3,0,1,1,1,1,1,1,1,1,1,1,1,2,3,1,2,3,1,2,3,1,0,0,0,0,0,0,0,0,0,0,Easy,Easy,Easy,Easy,Easy,Easy,Normal,Normal,Normal,Easy,3.43,11.57,6.58,1.95,6.97,1.25,3.3,20.67,4.37,2.18,0,0,1,0,0,0,0,1,1,0,,,3.77,,,,,8.17,3.02,,3,3,1,3,3,3,3,1,1,3,0,0,0,Same,Harder,Easier,0,0,0,0,0,0,0,1,0,0,7.48,7.48,4.986667
rakamin7uibdo1a0,Remote,Laki-laki,22,SMA,Jawa,Mahasiswa,-,0,N/A (Bukan Pekerja),Sering (3-4 kali dalam seminggu),0,0,0,0,0,0,4,4.75,4.5,3.5,5.43,3.94,4.15,2.60,5.00,2.86,3.4,4.83,3.6,100,0,10,15,1.5,100,0,0,0,0,0,69.53,6.95,0,0,0,0,0,0,0,0,3,0,0,0,0,0,0,10,0,0,1,1,1,1,1,1,1,1,1,1,1,2,3,1,2,3,1,2,3,1,0,0,0,0,0,0,0,0,0,0,Easy,Easy,Easy,Easy,Easy,Easy,Easy,Easy,Easy,Easy,6.48,9.37,3.47,6.15,11.05,3.38,6.9,12.95,3.03,6.75,0,0,0,0,0,0,0,0,0,0,,,,,,,,,,,3,3,3,3,3,3,3,3,3,3,0,0,0,Same,Same,Same,0,0,0,0,0,0,0,0,0,0,0,0,0
rakamin7uibdo1a2,Remote,Laki-laki,21,SMA,Jawa,Mahasiswa,-,0,N/A (Bukan Pekerja),Jarang (3-4 kali dalam sebulan),0,0,0,0,0,0,2,4.00,4.3,4.33,3.71,3.96,4.08,4.20,4.00,4.71,4.4,3.67,3.8,100,2,12,17.5,1.75,90,0,0,0,0,0,113.15,11.32,10,0,2,2,0,33.33,2,0,2,33.33,1,1,0,14.81,0,6,4,0,1,1,1,1,1,1,1,1,1,1,1,2,3,1,2,3,1,2,3,1,0,0,0,0,0,0,0,0,0,0,Easy,Easy,Easy,Easy,Easy,Easy,Normal,Normal,Normal,Normal,6.23,12.8,7.75,4.57,11.63,2.62,16.02,36.22,10.27,5.05,0,0,0,0,0,0,0,1,1,0,,,,,,,,22.37,7.25,,3,3,3,3,3,3,2,1,1,3,0,0,0,Same,Harder,Same,0,0,0,0,0,0,1,1,0,0,15.52,7.76,10.34667
rakamin7uibdo1a3,Remote,Perempuan,24,SMA,Jawa,Mahasiswa,-,0,N/A (Bukan Pekerja),Jarang (3-4 kali dalam sebulan),0,0,0,0,0,0,4,4.00,4.5,4.61,4.36,4.79,4.77,3.20,5.67,4.71,4.6,5.17,4.6,90,4,13,10.5,1.05,50,6.58,45,1,1,0,142.43,14.24,0,33.33,5,5,0,66.67,4,2,0,33.33,1,0,0,4.37,6,4,0,0,1,0,1,1,1,1,1,1,1,1,1,2,3,1,2,3,1,2,3,1,0,0,0,0,0,0,0,0,0,0,Easy,Easy,Easy,Very Easy,Very Easy,Very Easy,Very Easy,Very Easy,Very Easy,Easy,18.28,45,6.07,6.8,31.8,6.42,5.58,12.77,3.32,6.4,1,0,1,0,1,1,0,1,0,0,12.83,,2.27,,2.4,2.43,,1.92,,,1,0,1,3,1,1,3,1,3,3,33.33,0,0,Easier,Easier,Harder,1,1,0,0,1,0,0,1,0,0,31.23,7.8075,20.82
rakamin7uibdo1b0,Remote,Perempuan,21,D1/D2/D3,Jawa,Pekerja,belum bekerja,0,N/A (Bukan Pekerja),Jarang (3-4 kali dalam sebulan),0,0,0,0,0,0,2,5.50,4.9,4.83,4.71,3.64,3.85,4.00,5.33,5.00,4.4,3.33,3.2,100,4,14,12,1.2,80,0,0,0,0,0,156.78,15.68,10,0,3,3,0,33.33,4,1,1,33.33,2,1,0,14.04,6,4,0,0,1,1,1,1,1,1,1,1,1,1,1,2,3,1,2,3,1,2,3,1,0,0,0,0,0,0,0,0,0,0,Easy,Easy,Easy,Very Easy,Very Easy,Very Easy,Very Easy,Very Easy,Very Easy,Easy,35.98,36.67,17.77,8.68,13.9,5.12,8.98,17.9,4.8,6.98,1,0,1,0,1,0,0,0,0,0,25.58,,12.48,,4.05,,,,,,1,2,1,3,1,3,3,2,3,3,0,0,0,Easier,Same,Harder,1,1,0,0,1,0,0,1,0,0,41.33,10.3325,27.55333
rakamin7uibdo1b1,Remote,Laki-laki,25,S1/D4,Luar Jawa,Pekerja,Sedang mencari pekerjaan,0,N/A (Bukan Pekerja),Selalu (Setiap Hari),0,0,0,0,0,0,1,3.75,4.7,4,4.79,4.13,4.23,3.60,3.83,4.43,4.4,4,4,90,8,17,15.5,1.55,80,24.38,45,2,1,0,236.53,23.65,10,33.33,6,4,2,66.67,8,0,2,33.33,3,2,1,17.89,0,6,4,0,1,1,1,1,1,1,1,0,1,1,1,2,3,1,2,3,1,2,3,1,0,0,0,0,0,0,0,0,0,0,Easy,Easy,Easy,Easy,Easy,Easy,Normal,Normal,Normal,Normal,41.65,31.15,10.42,9.1,13.87,10.65,23,45,18.03,33.67,1,0,0,0,0,0,0,1,1,1,22.82,,,,,,,30.23,6.07,12.43,1,2,3,3,3,3,2,0,1,1,0,0,33.33,Same,Harder,Same,1,1,0,0,0,0,3,2,0,1,104.37,13.04625,69.58
rakamin7uibdo1b3,Remote,Laki-laki,28,S1/D4,Jawa,Pekerja,Product Support Asst Manager,5,Supervisor,Sering (3-4 kali dalam seminggu),0,0,0,0,0,0,3,3.75,4.2,4.06,4.00,3.99,4.08,2.80,4.33,4.71,3.6,4.17,4.2,90,8,17,20,2,80,9.21,45,2,1,0,230.1,23.01,30,33.33,6,5,1,100,9,0,1,66.67,4,3,0,20.02,0,6,3,1,1,0,1,1,1,1,1,1,1,1,1,2,3,1,2,3,1,2,3,1,0,0,0,0,0,0,0,0,0,0,Easy,Easy,Easy,Easy,Easy,Easy,Normal,Normal,Normal,Hard,37.4,45,32.28,16.38,12.65,4.88,9.32,35.12,14.65,22.42,1,0,1,0,0,0,0,1,1,1,23.72,,23.57,,,,,26.82,8.78,17.22,1,0,1,2,3,3,3,1,1,1,33.33,0,0,Same,Harder,Harder,1,2,0,1,1,0,2,0,0,2,76.74,8.526667,51.16
rakamin7uibdo1b4,Remote,Laki-laki,29,S1/D4,Jawa,Pekerja,guru,4,Staf,Sering (3-4 kali dalam seminggu),0,0,0,0,0,0,3,4.25,5.2,4.56,4.07,4.91,4.85,3.40,5.33,4.71,5.4,4.33,5,100,5,15,11,1.1,60,0,0,0,0,0,135.83,13.58,0,0,5,4,1,0,5,1,2,0,1,0,0,8.03,7,3,0,0,1,1,1,1,1,1,1,1,1,1,1,2,3,1,2,3,1,2,3,1,0,0,0,0,0,0,0,0,0,0,Easy,Easy,Easy,Very Easy,Very Easy,Very Easy,Very Easy,Very Easy,Very Easy,Very Easy,17.78,32.48,19.4,8.42,16.47,6.1,8.02,14.87,4.9,7.4,1,0,1,0,1,0,0,1,0,0,7.22,,14.15,,5.62,,,5.12,,,1,2,1,3,1,3,3,1,3,3,0,0,0,Easier,Same,Same,1,1,0,0,1,0,0,2,0,0,56.28,11.256,37.52
rakamin7uibdo1b5,Remote,Laki-laki,19,SMA,Luar Jawa,Mahasiswa,-,0,N/A (Bukan Pekerja),Tidak Pernah,0,0,0,0,0,0,1,5.00,5.3,3.22,4.64,3.60,3.69,2.40,3.33,3.71,4.2,3,3.6,90,4,13,14,1.4,70,3.94,8.17,1,1,1,117.37,11.74,10,0,4,4,0,33.33,4,0,2,33.33,1,1,0,9.96,0,9,1,0,1,1,1,1,1,1,1,1,1,0,1,2,3,1,2,3,1,2,3,1,0,0,0,0,0,0,0,0,0,1,Easy,Easy,Easy,Easy,Easy,Easy,Easy,Easy,Easy,Normal,30.87,16.78,6.45,12.22,13,9.1,4.1,13.93,2.75,8.17,1,0,1,1,0,0,0,0,0,1,24.3,,3.73,6.95,,,,,,4.87,1,2,1,1,3,3,3,3,3,0,0,0,0,Same,Same,Harder,1,1,0,1,0,0,0,0,0,1,27.83,6.9575,18.55333
rakamin8uibdo1b11,Remote,Perempuan,24,S1/D4,Luar Jawa,Pekerja,Freelance UI/UX Design,1,Freelance,Sering (3-4 kali dalam seminggu),0,0,0,0,0,0,2,5.00,5.1,5.28,3.36,4.80,5.00,4.60,5.50,5.57,4.8,5,4.6,80,4,12,9,0.9,100,14.01,45,2,2,0,202.7,20.27,0,33.33,0,0,0,66.67,4,1,1,33.33,0,0,0,0,6,4,0,0,0,0,1,1,1,1,1,1,1,1,1,2,3,1,2,3,1,2,3,1,0,0,0,0,0,0,0,0,0,0,Easy,Easy,Easy,Very Easy,Very Easy,Very Easy,Very Easy,Very Easy,Very Easy,Easy,45,45,22.27,11.82,25.98,6.97,10.73,21.13,4.92,8.88,0,0,0,0,0,0,0,0,0,0,,,,,,,,,,,0,0,2,3,2,3,3,2,3,3,66.67,0,0,Easier,Same,Harder,1,1,0,0,1,0,0,1,0,0,38.9,9.725,25.93333
rakamin8uibdo1b12,Remote,Perempuan,23,S1/D4,Jawa,Pekerja,Junior Geologist,1,Staf,Jarang (3-4 kali dalam sebulan),0,0,0,0,0,0,2,4.25,4.6,4.33,5.43,4.38,4.46,4.00,4.33,4.57,4.6,4.33,4.2,100,2,12,17.5,1.75,100,0,0,0,0,0,120.5,12.05,0,0,0,0,0,33.33,2,0,2,33.33,0,0,0,0,0,6,4,0,1,1,1,1,1,1,1,1,1,1,1,2,3,1,2,3,1,2,3,1,0,0,0,0,0,0,0,0,0,0,Easy,Easy,Easy,Easy,Easy,Easy,Normal,Normal,Normal,Normal,14.2,17.2,6.68,8.3,12.18,4.65,11.73,19.32,17.98,8.25,0,0,0,0,0,0,0,0,0,0,,,,,,,,,,,3,2,3,3,3,3,3,2,2,3,0,0,0,Same,Harder,Same,0,1,0,0,0,0,0,1,0,0,24.7,12.35,16.46667
rakamin8uibdo1b7,Remote,Perempuan,20,SMA,Luar Jawa,Mahasiswa,-,0,N/A (Bukan Pekerja),Jarang (3-4 kali dalam sebulan),0,0,0,0,0,0,1,4.75,4.2,4,4.36,3.88,3.92,2.80,3.50,5.29,4,3.83,3.8,80,0,8,11.5,1.15,30,0,45,0,0,0,170.27,17.03,0,33.33,8,8,0,100,0,1,0,66.67,1,1,0,4.37,3,6,1,0,0,0,1,1,1,1,1,1,1,1,1,2,3,1,2,3,1,2,3,1,0,0,0,0,0,0,0,0,0,0,Easy,Easy,Easy,Very Easy,Very Easy,Very Easy,Easy,Easy,Easy,Normal,45,45,6.98,11.48,22.78,6.57,7.48,14.83,2.63,7.5,1,0,1,1,1,1,1,1,0,1,22.53,,3.07,1.25,2.28,1.52,0.9,2.38,,1.02,0,0,1,1,1,1,1,1,3,1,66.67,0,0,Easier,Harder,Harder,0,0,0,0,0,0,0,0,0,0,0,0,0
rakamin8uibdo2a10,Remote,Perempuan,29,S1/D4,Jawa,Pekerja,Learning Operation,5,Staf,Selalu (Setiap Hari),0,0,0,0,0,0,3,4.25,4.4,4.72,3.86,4.59,4.69,4.80,5.00,4.43,4.2,5.17,4.4,100,5,15,17.5,1.75,60,0,0,0,0,0,217.82,21.78,10,0,5,5,0,33.33,5,0,2,33.33,5,1,1,20.9,0,6,4,0,1,1,1,1,1,1,1,1,1,1,1,2,3,1,2,3,1,2,3,1,0,0,0,0,0,0,0,0,0,0,Easy,Easy,Easy,Easy,Easy,Easy,Normal,Normal,Normal,Normal,26.72,40.52,18.43,8.32,13.5,3.83,28.97,31.18,18.95,27.4,1,1,1,0,0,0,1,0,1,0,19.88,36.42,14.08,,,,19.97,,14.17,,1,1,1,3,3,3,1,2,1,2,0,0,0,Same,Harder,Same,1,1,0,0,0,0,1,1,0,1,41.51,8.302,27.67333
rakamin9uibdo1a2,Remote,Perempuan,18,SMA,Jawa,Mahasiswa,-,0,N/A (Bukan Pekerja),Selalu (Setiap Hari),0,0,0,0,0,0,4,4.75,4.9,5.28,4.79,5.18,5.38,5.00,5.50,5.29,5.4,5.33,4.8,100,3,13,17.5,1.75,90,0,0,0,0,0,159.42,15.94,10,0,2,2,0,33.33,3,0,2,33.33,2,1,1,23.53,0,6,4,0,1,1,1,1,1,1,1,1,1,1,1,2,3,1,2,3,1,2,3,1,0,0,0,0,0,0,0,0,0,0,Easy,Easy,Easy,Easy,Easy,Easy,Normal,Normal,Normal,Normal,11.33,16.65,40.07,21.17,10.42,5.38,13.1,16.12,17.28,7.9,0,0,1,0,0,0,0,0,1,0,,,34.5,,,,,,12.57,,3,2,1,2,3,3,3,2,1,3,0,0,0,Same,Harder,Same,0,1,0,1,0,0,0,1,0,0,38.09,12.69667,25.39333
rakamin9uibdo1a3,Remote,Laki-laki,22,S1/D4,Luar Jawa,Mahasiswa,-,0,N/A (Bukan Pekerja),Jarang (3-4 kali dalam sebulan),0,0,0,0,0,0,1,5.25,5.2,4.78,5.07,5.03,4.85,5.00,4.00,5.29,5.4,4.5,5.2,100,2,12,23,2.3,100,0,0,0,0,0,168.93,16.89,20,0,2,2,0,66.67,2,0,1,66.67,2,2,0,28.54,0,3,6,1,1,1,1,1,1,1,1,1,1,1,1,2,3,1,2,3,1,2,3,1,0,0,0,0,0,0,0,0,0,0,Easy,Easy,Easy,Normal,Normal,Normal,Normal,Normal,Normal,Hard,12.08,12.67,12.05,10.1,40.25,16.57,10.05,11.18,7.77,36.22,0,0,0,0,1,0,0,0,0,1,,,,,27.77,,,,,29.32,3,3,3,3,1,2,3,3,3,1,0,0,0,Harder,Same,Harder,0,0,0,0,1,0,0,0,0,1,14.94,7.47,9.96
rakamin9uibdo1b0,Remote,Laki-laki,22,SMA,Luar Jawa,Mahasiswa,-,0,N/A (Bukan Pekerja),Jarang (3-4 kali dalam sebulan),0,0,0,0,0,0,1,5.00,4.7,4.5,4.57,4.40,4.77,3.20,5.00,5.00,4.4,5,3.8,90,7,16,25,2.5,10,0,41.47,0,0,1,248.33,24.83,10,0,13,10,3,66.67,7,0,0,100,4,3,2,12.2,0,3,3,4,1,1,1,1,1,1,1,1,0,1,1,2,3,1,2,3,1,2,3,1,0,0,0,0,0,0,0,0,1,0,Easy,Easy,Easy,Normal,Normal,Normal,Hard,Hard,Hard,Hard,12.82,41.78,5.72,10.9,28.95,11.37,39.02,27.33,41.47,28.98,1,1,1,1,1,1,1,1,1,1,3.63,1.75,1.32,2.13,4.92,4.87,30.37,18.85,33.45,20.7,1,1,1,1,1,1,1,1,0,1,0,0,33.33,Harder,Harder,Harder,2,2,0,3,0,0,0,0,0,0,104.28,14.89714,69.52
rakamin9uibdo1b1,Remote,Laki-laki,20,SMA,Jawa,Mahasiswa,desain grafis,1,Freelance,Jarang (3-4 kali dalam sebulan),0,0,0,0,0,0,1,4.50,4.6,3.33,4.57,4.29,4.31,3.00,3.00,3.86,3.8,4.67,4.4,100,1,11,11,1.1,90,0,0,0,0,0,114.05,11.4,0,0,1,1,0,0,1,3,0,0,1,0,0,11,7,3,0,0,1,1,1,1,1,1,1,1,1,1,1,2,3,1,2,3,1,2,3,1,0,0,0,0,0,0,0,0,0,0,Easy,Easy,Easy,Very Easy,Very Easy,Very Easy,Very Easy,Very Easy,Very Easy,Very Easy,28.93,15.32,6.28,6.42,24.77,5.87,5.35,12.32,3.43,5.37,0,0,0,0,1,0,0,0,0,0,,,,,11,,,,,,2,2,3,3,1,3,3,3,3,3,0,0,0,Easier,Easier,Easier,0,0,0,0,1,0,0,0,0,0,8.2,8.2,5.466667
rakamin9uibdo1b2,Remote,Laki-laki,21,SMA,Jawa,Mahasiswa,-,0,Staf,Selalu (Setiap Hari),0,0,0,0,0,0,3,4.50,5.3,3.39,3.36,4.09,4.15,3.40,2.67,4.00,4.8,3.67,3.8,100,4,14,17.5,1.75,70,0,0,0,0,0,161.05,16.11,0,0,3,3,0,33.33,4,0,2,33.33,3,0,0,14.26,0,6,4,0,1,1,1,1,1,1,1,1,1,1,1,2,3,1,2,3,1,2,3,1,0,0,0,0,0,0,0,0,0,0,Easy,Easy,Easy,Easy,Easy,Easy,Normal,Normal,Normal,Normal,29.88,17.35,6.12,12.8,11.82,5.05,8.95,26.05,21.05,21.98,1,0,0,0,0,0,0,1,1,0,18.38,,,,,,,10.65,13.75,,1,2,3,3,3,3,3,1,1,2,0,0,0,Same,Harder,Same,1,1,0,0,0,0,0,1,0,1,39.79,9.9475,26.52667
rakamin9uibdo1b4,Remote,Perempuan,23,S1/D4,Jawa,Mahasiswa,-,0,N/A (Bukan Pekerja),Jarang (3-4 kali dalam sebulan),0,0,0,0,0,0,1,3.75,3.8,3.72,3.29,3.87,3.92,3.40,4.17,3.57,4,4,3.6,70,4,11,8,0.8,100,38,45,4,3,0,202.58,20.26,0,66.67,1,0,1,100,5,1,1,33.33,0,0,0,0,6,4,0,0,0,0,1,1,1,0,1,1,1,1,1,2,3,1,2,3,1,2,3,1,0,0,0,0,0,0,0,0,0,0,Easy,Easy,Easy,Very Easy,Very Easy,Very Easy,Very Easy,Very Easy,Very Easy,Easy,45,45,5.55,5.87,22.13,45,7.87,14.12,5.4,6.65,0,0,0,0,0,0,0,0,0,0,,,,,,,,,,,0,0,3,3,2,0,3,3,3,3,66.67,33.33,0,Easier,Same,Harder,1,3,0,0,1,0,0,0,0,0,76.76,15.352,51.17333
rakamin9uibdo1b5,Remote,Perempuan,24,S1/D4,Jawa,Pekerja,Project Coordinator,2,Supervisor,Tidak Pernah,0,0,0,0,0,0,1,4.50,4.8,3.94,3.93,4.41,4.38,3.20,3.83,4.57,4.8,3.83,4.6,90,4,13,17,1.7,90,13.77,35.12,1,1,1,175.65,17.57,10,33.33,1,1,0,66.67,4,0,2,33.33,1,1,0,25.63,0,3,7,0,1,1,1,1,0,1,1,1,1,1,1,2,3,1,2,3,1,2,3,1,0,0,0,0,1,0,0,0,0,0,Easy,Easy,Easy,Normal,Normal,Normal,Normal,Normal,Normal,Normal,10.87,26.9,6.37,7.87,35.12,19.4,11.05,44.23,3.4,10.45,0,0,0,0,0,0,0,1,0,0,,,,,,,,25.63,,,3,2,3,3,0,3,3,1,3,3,0,33.33,0,Harder,Same,Same,1,1,0,0,1,0,0,1,0,0,53.87,13.4675,35.91333
rakaminuibdo1a3,Remote,Laki-laki,19,SMA,Jawa,Mahasiswa,-,0,N/A (Bukan Pekerja),Jarang (3-4 kali dalam sebulan),0,0,0,0,0,0,2,5.00,5,5,4.29,4.67,4.54,5.00,5.00,5.00,5,4,5,90,6,15,17,1.7,80,10.84,45,1,1,0,248.33,24.83,10,33.33,3,3,0,66.67,6,0,2,33.33,3,1,1,21.64,0,3,7,0,1,1,1,1,0,1,1,1,1,1,1,2,3,1,2,3,1,2,3,1,0,0,0,0,0,0,0,0,0,0,Easy,Easy,Easy,Normal,Normal,Normal,Normal,Normal,Normal,Normal,12,22.87,13.12,22.32,45,38.52,35.97,37.33,5.3,15.92,0,0,0,1,0,1,0,1,0,0,,,,14.45,,33.98,,16.48,,,3,2,3,1,0,1,2,1,3,2,0,33.33,0,Harder,Same,Same,0,1,0,1,1,0,1,1,0,1,71.32,11.88667,47.54667
rakaminuibdo1a4,Remote,Laki-laki,18,SMA,Jawa,Mahasiswa,-,0,N/A (Bukan Pekerja),Jarang (3-4 kali dalam sebulan),0,0,0,0,0,0,2,5.25,5.5,5.17,5.00,4.82,5.00,4.60,5.17,5.57,5.4,4.67,4.4,80,7,15,23,2.3,70,12.5,31.81,3,2,1,240.8,24.08,0,0,4,3,1,33.33,7,0,0,100,2,1,1,17.47,0,3,3,4,1,1,1,0,1,1,0,1,1,1,1,2,3,1,2,3,1,2,3,1,0,0,0,1,0,0,0,0,0,0,Easy,Easy,Easy,Normal,Normal,Normal,Hard,Hard,Hard,Hard,20.78,41.83,5.33,18.62,38,18.15,45,19.2,25.95,7.93,0,0,0,0,0,0,1,0,1,1,,,,,,,36.78,,13.25,2.37,2,2,3,0,3,2,0,2,1,1,0,33.33,33.33,Harder,Harder,Harder,1,1,0,2,0,0,1,1,0,1,74.96,10.70857,49.97333
rakaminuibdo1b0,Remote,Laki-laki,18,SMA,Luar Jawa,Pekerja,-,1,Freelance,Sering (3-4 kali dalam seminggu),0,0,0,0,0,0,1,3.75,4.7,3.89,5.21,3.06,2.92,1.80,4.33,5.00,3.8,2.17,3.2,100,4,14,11,1.1,60,0,0,0,0,0,161.4,16.14,10,0,5,5,0,0,4,1,2,0,2,1,0,11.24,7,3,0,0,1,1,1,1,1,1,1,1,1,1,1,2,3,1,2,3,1,2,3,1,0,0,0,0,0,0,0,0,0,0,Easy,Easy,Easy,Very Easy,Very Easy,Very Easy,Very Easy,Very Easy,Very Easy,Very Easy,40.22,22.07,16.2,7.42,27.12,7.25,12.43,14.72,5.55,8.43,1,1,1,0,1,0,0,1,0,0,25.97,2.28,8.73,,16.63,,,2.6,,,1,1,1,3,1,3,3,1,3,3,0,0,0,Easier,Same,Same,1,1,0,0,1,0,0,1,0,0,59.93,14.9825,39.95333
rakaminuibdo1b1,Remote,Laki-laki,19,SMA,Jawa,Mahasiswa,-,0,N/A (Bukan Pekerja),Jarang (3-4 kali dalam sebulan),0,0,0,0,0,0,3,3.75,4.3,3.33,4.00,3.99,4.08,2.40,4.17,3.29,4,4.17,3.8,100,2,12,21.5,2.15,70,0,0,0,0,0,115.55,11.56,0,0,3,3,0,66.67,2,0,1,66.67,0,0,0,8.7,0,6,3,1,1,1,1,1,1,1,1,1,1,1,1,2,3,1,2,3,1,2,3,1,0,0,0,0,0,0,0,0,0,0,Easy,Easy,Easy,Easy,Easy,Easy,Normal,Normal,Normal,Hard,13.95,22.93,11.98,5.63,11.42,3.12,6.48,14.45,11.18,14.4,0,0,1,0,0,0,0,0,1,1,,,9.5,,,,,,7.92,8.68,3,2,1,3,3,3,3,3,1,1,0,0,0,Same,Harder,Harder,0,1,0,0,0,0,0,0,0,1,13.17,6.585,8.78
rakaminuibdo1b4,Remote,Laki-laki,21,SMA,Jawa,Mahasiswa,-,0,N/A (Bukan Pekerja),Tidak Pernah,0,0,0,0,0,0,1,5.50,5.5,4.39,3.21,4.62,4.85,4.80,3.50,4.86,5.4,4.67,3.8,100,5,15,17.5,1.75,80,0,0,0,0,0,212.47,21.25,0,0,2,2,0,33.33,5,0,2,33.33,2,0,0,16.11,0,6,4,0,1,1,1,1,1,1,1,1,1,1,1,2,3,1,2,3,1,2,3,1,0,0,0,0,0,0,0,0,0,0,Easy,Easy,Easy,Easy,Easy,Easy,Normal,Normal,Normal,Normal,30.05,24.57,10.82,8.9,17.33,9.85,40.6,37.5,17.87,14.98,1,0,0,0,0,0,0,0,1,0,19.93,,,,,,,,12.28,,1,2,3,3,2,3,2,2,1,3,0,0,0,Same,Harder,Same,1,1,0,0,1,0,1,1,0,0,53.53,10.706,35.68667
rakaminuibdo1b6,Remote,Laki-laki,18,SMA,Jawa,Mahasiswa,-,0,N/A (Bukan Pekerja),Sering (3-4 kali dalam seminggu),0,0,0,0,0,0,4,4.00,5.5,4.78,4.07,4.96,5.46,4.20,5.33,4.71,5.8,5.67,3.4,100,3,13,16.5,1.65,80,0,0,0,0,0,137.65,13.76,10,0,3,3,0,33.33,3,1,1,33.33,2,1,0,15.28,0,7,3,0,1,1,1,1,1,1,1,1,1,1,1,2,3,1,2,3,1,2,3,1,0,0,0,0,0,0,0,0,0,0,Easy,Easy,Easy,Normal,Normal,Normal,Easy,Easy,Easy,Easy,14.75,17.15,6.47,18.73,36.43,21.72,5.55,8.83,3.23,4.78,0,0,1,0,1,1,0,0,0,0,,,2.62,,25.7,17.52,,,,,3,2,1,2,1,1,3,3,3,3,0,0,0,Harder,Easier,Same,0,1,0,1,1,0,0,0,0,0,24.14,8.046667,16.09333
testingasrama1a2,In-person,Laki-laki,19,SMA,Jawa,Mahasiswa,0,0,N/A (Bukan Pekerja),Jarang (3-4 kali dalam sebulan),0,0,0,0,0,0,1,4.50,4.3,4.17,4.93,3.77,3.69,3.60,3.67,5.00,3.6,3.5,4.2,100,0,10,12,1.2,60,0,0,0,0,0,159.03,15.9,0,0,4,4,0,33.33,0,1,1,33.33,1,0,0,7.98,6,4,0,0,1,1,1,1,1,1,1,1,1,1,1,2,3,1,2,3,1,2,3,1,0,0,0,0,0,0,0,0,0,0,Easy,Easy,Easy,Very Easy,Very Easy,Very Easy,Very Easy,Very Easy,Very Easy,Easy,38.52,35.32,12.83,9.82,14.8,9.53,9.25,9.18,4.82,14.97,1,0,0,0,1,1,0,0,0,1,19.57,,,,5.1,4.42,,,,2.83,1,2,3,3,1,1,3,3,3,1,0,0,0,Easier,Same,Harder,0,0,0,0,0,0,0,0,0,0,0,0,0
testingasrama1b1,In-person,Laki-laki,20,SMA,Jawa,Mahasiswa,0,0,N/A (Bukan Pekerja),Sering (3-4 kali dalam seminggu),0,0,0,0,0,0,1,4.00,4,4.22,4.00,3.91,3.85,3.40,4.50,4.57,4.2,3.33,4.2,100,3,13,21.5,2.15,90,0,0,0,0,0,167.32,16.73,20,0,3,3,0,66.67,3,0,1,66.67,2,2,0,20.42,0,6,3,1,1,1,1,1,1,1,1,1,1,1,1,2,3,1,2,3,1,2,3,1,0,0,0,0,0,0,0,0,0,0,Easy,Easy,Easy,Easy,Easy,Easy,Normal,Normal,Normal,Hard,10.92,14.92,7,5.17,10.88,4.1,28.53,39.13,11.98,34.68,0,0,0,0,0,0,0,1,1,1,,,,,,,,27.78,5.63,27.85,3,3,3,3,3,3,2,1,1,1,0,0,0,Same,Harder,Harder,0,0,0,0,0,0,1,1,0,1,21.13,7.043333,14.08667
testingasrama1b2,In-person,Perempuan,20,SMA,Jawa,Mahasiswa,0,0,N/A (Bukan Pekerja),Jarang (3-4 kali dalam sebulan),0,0,0,0,0,0,1,5.50,5.4,4.11,4.07,4.83,5.15,3.40,4.50,4.29,4.8,5.5,4.2,80,7,15,9.5,0.95,60,11.76,30.91,2,2,1,191.13,19.11,0,66.67,4,3,1,100,7,1,1,33.33,2,1,0,12.97,6,4,0,0,0,1,1,0,1,1,1,1,1,1,1,2,3,1,2,3,1,2,3,1,0,0,0,1,0,0,0,0,0,0,Easy,Easy,Easy,Very Easy,Very Easy,Very Easy,Very Easy,Very Easy,Very Easy,Easy,45,28.72,18.48,16.82,29.25,5.53,21.1,14.18,4.63,7.42,1,0,0,0,1,0,0,1,0,0,21.77,,,,13.95,,,3.18,,,0,2,2,0,1,3,2,1,3,3,33.33,33.33,0,Easier,Same,Harder,1,1,0,1,2,0,1,1,0,0,73.31,10.47286,48.87333
testingasrama1b3,In-person,Laki-laki,21,SMA,Luar Jawa,Mahasiswa,0,0,N/A (Bukan Pekerja),Selalu (Setiap Hari),0,0,0,0,0,0,1,5.25,5,4.56,4.00,4.30,4.69,4.20,4.50,4.86,5.2,4.5,3.2,70,3,10,12.5,1.25,80,46.28,45,2,2,0,268.3,26.83,10,66.67,5,3,2,66.67,4,1,1,33.33,3,1,0,19.42,0,4,6,0,1,0,1,1,0,1,1,0,1,1,1,2,3,1,2,3,1,2,3,1,0,0,0,0,0,0,0,0,0,0,Easy,Easy,Easy,Normal,Normal,Normal,Normal,Normal,Normal,Easy,35.22,45,6.65,23.38,45,24.55,8.55,45,27.17,7.78,0,0,0,0,1,1,0,0,1,0,,,,,17.3,18.05,,,22.92,,2,0,3,2,0,1,3,0,1,3,33.33,33.33,33.33,Harder,Same,Easier,1,1,0,1,1,0,0,0,0,0,85.15,21.2875,56.76667
trialasrama1a4,In-person,Laki-laki,19,SMA,Luar Jawa,Mahasiswa,82181848997,0,N/A (Bukan Pekerja),Sering (3-4 kali dalam seminggu),0,0,0,0,0,0,1,4.25,4.6,4.33,4.57,4.54,4.62,2.80,5.00,4.86,4.6,4.83,4.2,90,5,14,19.5,1.95,90,11.18,45,1,1,0,242.92,24.29,20,0,4,4,0,33.33,5,0,1,66.67,4,3,1,26.55,0,6,3,1,1,1,1,1,1,1,1,0,1,1,1,2,3,1,2,3,1,2,3,1,0,0,0,0,0,0,0,0,0,0,Easy,Easy,Easy,Easy,Easy,Easy,Normal,Normal,Normal,Hard,32.67,32.28,13.85,7.88,13.83,3.88,36.67,45,21,35.85,1,0,0,0,0,0,0,1,1,1,25.33,,,,,,,35.28,16.05,29.55,1,2,3,3,3,3,2,0,1,1,0,0,33.33,Same,Harder,Harder,1,1,0,0,0,0,1,1,0,1,50.58,10.116,33.72
trialasrama1a7,In-person,Laki-laki,22,SMA,Luar Jawa,Mahasiswa,0,0,N/A (Bukan Pekerja),Tidak Pernah,0,0,0,0,0,0,3,5.25,4.9,4.06,4.43,4.58,4.62,3.40,4.00,4.57,4.8,4.33,4.6,100,4,14,16.5,1.65,100,0,0,0,0,0,216.92,21.69,10,0,1,1,0,33.33,4,1,1,33.33,1,1,0,29.88,0,7,3,0,1,1,1,1,1,1,1,1,1,1,1,2,3,1,2,3,1,2,3,1,0,0,0,0,0,0,0,0,0,0,Easy,Easy,Easy,Easy,Easy,Easy,Normal,Normal,Normal,Easy,32.43,34.78,11.05,9.1,11.32,4.05,41.9,28.62,36.75,6.92,0,0,0,0,0,0,0,0,1,0,,,,,,,,,29.88,,2,2,3,3,3,3,2,2,1,3,0,0,0,Same,Harder,Easier,1,1,0,0,0,0,1,1,0,0,38.48,9.62,25.65333
trialasrama1b4,In-person,Laki-laki,19,SMA,Jawa,Mahasiswa,0,0,N/A (Bukan Pekerja),Selalu (Setiap Hari),0,0,0,0,0,0,1,5.00,5,4.61,4.14,4.93,4.85,4.00,4.33,5.29,4.6,5,5.2,60,7,13,12.5,1.25,50,29.33,45,4,3,0,294.2,29.42,0,33.33,10,9,1,33.33,7,0,1,66.67,4,4,2,15.99,0,6,3,1,0,1,1,0,1,1,1,0,1,0,1,2,3,1,2,3,1,2,3,1,0,0,0,0,0,0,0,0,0,0,Easy,Easy,Easy,Easy,Easy,Easy,Normal,Normal,Normal,Hard,45,44.77,6.82,45,18.27,10.53,26.15,45,7.67,45,1,1,1,1,0,1,1,1,1,1,26.07,5.93,2.73,26.25,,3.72,8.08,30.03,3.58,37.47,0,1,1,0,2,1,1,0,1,0,33.33,33.33,33.33,Same,Harder,Harder,1,1,0,2,1,0,1,1,0,0,92.37,13.19571,61.58
trialasrama1b5,In-person,Perempuan,20,SMA,Jawa,Mahasiswa,0,0,N/A (Bukan Pekerja),Jarang (3-4 kali dalam sebulan),0,0,0,0,0,0,1,4.00,4.4,4.5,4.57,4.69,4.62,4.00,5.00,4.43,4.4,4.67,5,80,5,13,16,1.6,90,14.01,45,2,2,0,249.08,24.91,10,33.33,3,3,0,100,5,0,1,66.67,3,2,1,25.08,0,6,3,1,0,1,1,1,1,1,1,1,1,0,1,2,3,1,2,3,1,2,3,1,0,0,0,0,0,0,0,0,0,0,Easy,Easy,Easy,Easy,Easy,Easy,Normal,Normal,Normal,Hard,45,39.82,32.1,19.13,12.07,3.42,8.77,18.72,25.07,45,0,0,1,1,0,0,0,0,0,1,,,28.05,11.6,,,,,,35.6,0,2,1,1,3,3,3,2,2,0,33.33,0,0,Same,Harder,Harder,1,1,0,1,0,0,0,1,0,1,53.54,10.708,35.69333
trialasrama1b6,In-person,Perempuan,20,SMA,Luar Jawa,Mahasiswa,0,0,N/A (Bukan Pekerja),Jarang (3-4 kali dalam sebulan),0,0,0,0,0,0,1,4.25,5.1,4.17,4.43,4.78,5.00,3.40,4.17,4.71,4.8,5.33,4.2,80,4,12,9,0.9,70,15.2,45,2,2,0,196.12,19.61,0,33.33,4,4,0,66.67,4,1,1,33.33,2,1,0,14.6,6,4,0,0,0,0,1,1,1,1,1,1,1,1,1,2,3,1,2,3,1,2,3,1,0,0,0,0,0,0,0,0,0,0,Easy,Easy,Easy,Very Easy,Very Easy,Very Easy,Very Easy,Very Easy,Very Easy,Easy,45,45,21.67,8.15,19.05,6,8.55,25.45,4.58,12.67,1,0,1,0,1,0,0,1,0,0,25.65,,14.45,,8.57,,,9.73,,,0,0,1,3,1,3,3,1,3,3,66.67,0,0,Easier,Same,Harder,1,1,0,0,1,0,0,1,0,0,63,15.75,42
uibdo1rakamin1a0,Remote,Perempuan,22,SMA,Jawa,Mahasiswa,-,0,N/A (Bukan Pekerja),Sering (3-4 kali dalam seminggu),0,0,0,0,0,0,2,4.75,4.7,4.39,4.36,4.70,4.69,3.80,4.17,5.00,4.8,4.5,4.8,90,5,14,15.5,1.55,90,12.79,45,1,1,0,224.05,22.4,10,33.33,3,3,0,66.67,5,0,2,33.33,3,3,2,29.62,0,6,4,0,1,1,1,1,1,1,1,0,1,1,1,2,3,1,2,3,1,2,3,1,0,0,0,0,0,0,0,0,0,0,Easy,Easy,Easy,Easy,Easy,Easy,Normal,Normal,Normal,Normal,36.22,25.3,5.95,10.22,14.98,4.42,33.3,45,26.27,22.4,1,0,0,0,0,0,0,1,1,0,32.75,,,,,,,35.18,20.93,,1,2,3,3,3,3,2,0,1,2,0,0,33.33,Same,Harder,Same,1,1,0,0,0,0,1,1,0,1,58.37,11.674,38.91333
uibdo1rakamin1a1,Remote,Perempuan,22,D1/D2/D3,Luar Jawa,Mahasiswa,-,0,N/A (Bukan Pekerja),Sering (3-4 kali dalam seminggu),0,0,0,0,0,0,2,4.25,4.6,3.94,4.21,4.13,4.31,4.00,4.00,3.86,4.8,4,3.6,80,8,16,9,0.9,80,21.54,45,3,2,1,231.2,23.12,0,33.33,5,3,2,66.67,8,1,1,33.33,3,2,1,27.65,6,4,0,0,0,0,1,1,1,1,1,1,1,1,1,2,3,1,2,3,1,2,3,1,1,0,0,0,0,0,0,0,0,0,Easy,Easy,Easy,Very Easy,Very Easy,Very Easy,Very Easy,Very Easy,Very Easy,Easy,43.07,46.93,8.02,30.52,17.75,7.93,14.25,27.7,4.68,30.35,1,1,0,0,0,0,0,0,0,1,27.62,37.08,,,,,,,,18.25,0,0,3,2,2,3,3,2,3,1,66.67,0,0,Easier,Same,Harder,2,1,0,1,1,0,0,1,0,2,108.4,13.55,72.26667
uibdo1rakamin1a2,Remote,Laki-laki,22,SMA,Jawa,Mahasiswa,-,0,N/A (Bukan Pekerja),Sering (3-4 kali dalam seminggu),0,0,0,0,0,0,1,4.75,5,5.17,4.14,4.58,4.69,5.00,5.17,5.29,5,4.33,4.4,70,6,13,17.5,1.75,70,28.12,45,4,3,0,324.12,32.41,30,33.33,8,7,1,33.33,6,1,0,66.67,6,5,2,24.35,0,3,4,3,1,0,1,1,0,1,1,0,1,1,1,2,3,1,2,3,1,2,3,1,0,0,0,0,0,0,0,0,0,0,Easy,Easy,Easy,Normal,Normal,Normal,Hard,Hard,Hard,Normal,28.8,45,23.8,14.27,45,32.6,34.53,45,44.93,10.18,1,1,1,0,1,1,1,0,1,0,8.95,20.28,18.55,,33.13,25.48,27.12,,36.92,,1,0,1,3,0,1,1,0,1,3,33.33,33.33,33.33,Harder,Harder,Easier,1,1,0,0,1,0,1,2,0,0,66.21,11.035,44.14
uibdo1rakamin1b2,Remote,Perempuan,29,S1/D4,Jawa,Pekerja,Learning Operations,5,Staf,Selalu (Setiap Hari),0,0,0,0,0,0,4,4.50,5,4.83,5.64,4.67,4.77,5.00,5.17,4.43,4.6,5,4.4,100,1,11,29,2.9,80,0,0,0,0,0,125.75,12.57,0,0,2,2,0,66.67,1,0,1,66.67,2,0,0,16.97,0,3,3,4,1,1,1,1,1,1,1,1,1,1,1,2,3,1,2,3,1,2,3,1,0,0,0,0,0,0,0,0,0,0,Easy,Easy,Easy,Normal,Normal,Normal,Hard,Hard,Hard,Hard,7.88,11.32,16.03,7.98,11.08,4.6,6.43,26.73,28.15,5.53,0,0,0,0,0,0,0,1,1,0,,,,,,,,18.47,15.47,,3,3,2,3,3,3,3,1,1,3,0,0,0,Harder,Harder,Same,0,0,0,0,0,0,0,1,0,0,11.35,11.35,7.566667
uibdo1rakamin1b5,Remote,Perempuan,23,S1/D4,Jawa,Pekerja,belum bekerja,1,N/A (Bukan Pekerja),Selalu (Setiap Hari),0,0,0,0,0,0,3,4.00,4.4,4.61,4.79,4.19,4.31,3.20,5.00,5.29,4.2,4.17,4.2,100,1,11,16,1.6,100,0,0,0,0,0,103.48,10.35,0,0,0,0,0,33.33,1,0,2,33.33,0,0,0,0,0,9,1,0,1,1,1,1,1,1,1,1,1,1,1,2,3,1,2,3,1,2,3,1,0,0,0,0,0,0,0,0,0,0,Easy,Easy,Easy,Easy,Easy,Easy,Easy,Easy,Easy,Normal,8.4,20.95,6.08,6.57,11.05,16.32,6.57,10.82,4.05,12.68,0,0,0,0,0,0,0,0,0,0,,,,,,,,,,,3,2,3,3,3,2,3,3,3,3,0,0,0,Same,Same,Harder,0,1,0,0,0,0,0,0,0,0,11.43,11.43,7.62
uibdo1rakamin1b7,Remote,Laki-laki,20,SMA,Luar Jawa,Mahasiswa,-,0,N/A (Bukan Pekerja),Sering (3-4 kali dalam seminggu),0,0,0,0,0,0,1,4.25,5,4.61,4.79,4.37,4.77,2.00,6.00,5.29,5,4.5,3.6,90,2,11,25,2.5,70,0,45,0,0,0,146.15,14.62,0,0,4,4,0,66.67,2,0,0,100,2,1,1,14.45,0,3,3,4,1,1,1,1,1,1,1,1,0,1,1,2,3,1,2,3,1,2,3,1,0,0,0,0,0,0,0,0,0,0,Easy,Easy,Easy,Normal,Normal,Normal,Hard,Hard,Hard,Hard,7.53,12.2,4.35,18.08,15.27,17.07,6.75,13.18,45,6.72,0,0,0,1,1,1,0,0,1,0,,,,8.88,3.18,10.88,,,34.85,,3,3,3,1,1,1,3,3,0,3,0,0,33.33,Harder,Harder,Harder,0,0,0,1,1,0,0,0,0,0,25.25,12.625,16.83333
uibdo1rakamin1b8,Remote,Perempuan,21,SMA,Jawa,Mahasiswa,-,0,N/A (Bukan Pekerja),Jarang (3-4 kali dalam sebulan),0,0,0,0,0,0,1,4.25,4.5,3.72,4.93,3.84,4.08,2.00,5.00,3.86,4,4.33,3.2,30,2,5,3,0.3,100,85.16,45,2,2,0,350.03,35,0,100,0,0,0,100,3,3,0,0,0,0,0,0,7,3,0,0,0,0,0,1,0,0,1,0,0,1,1,2,3,1,2,3,1,2,3,1,0,0,0,0,0,0,0,0,0,0,Easy,Easy,Easy,Very Easy,Very Easy,Very Easy,Very Easy,Very Easy,Very Easy,Very Easy,45,45,45,19.73,45,45,8,45,45,7.3,0,0,0,0,0,0,0,0,0,0,,,,,,,,,,,0,0,0,2,0,0,3,0,0,3,100,66.67,66.67,Easier,Easier,Easier,1,1,0,1,0,0,0,0,0,0,135.69,45.23,90.46
